experiment_prefix	base_result_prefix	workload_numa	noise_count	timestamp_utc	host	arch	backend	mode	execution_model	event_name	perf_scope	assignment_label	instance_count	selected_cpu_count	cores	numas	numa_binding_applied	working_set_mb_per_instance	total_working_set_mb	recordcount_per_instance	total_recordcount	operationcount_per_instance	total_operationcount	threads_per_instance	java_active_processor_count_per_instance	load_threads	fieldcount	fieldlength	approx_value_bytes_per_record	primary_operation	benchmark_name	benchmark_class	benchmark_time_s	benchmark_rate	benchmark_rate_unit	benchmark_verification	latency_operations	latency_average_us	latency_min_us	latency_max_us	latency_p50_us	latency_p95_us	latency_p99_us	latency_p99_9_us	latency_p99_99_us	summed_stall_cycles	summed_cycles	summed_instructions	summed_task_clock_ms	summed_instance_throughput_ops_per_sec	group_wall_clock_ms	aggregate_wall_throughput_ops_per_sec	ServerPerfUserTimeMs	ServerPerfKernelTimeMs	ServerPerfCacheRefs	ServerPerfCacheMisses	ServerPerfLLCHitRatio	df_duration_s	df_total_read_mib_s	df_total_write_mib_s	df_total_mib_s	df_cs0_read_mib_s	df_cs0_write_mib_s	df_cs0_total_mib_s	df_cs1_read_mib_s	df_cs1_write_mib_s	df_cs1_total_mib_s	df_cs2_read_mib_s	df_cs2_write_mib_s	df_cs2_total_mib_s	df_cs3_read_mib_s	df_cs3_write_mib_s	df_cs3_total_mib_s	df_cs4_read_mib_s	df_cs4_write_mib_s	df_cs4_total_mib_s	df_cs5_read_mib_s	df_cs5_write_mib_s	df_cs5_total_mib_s	df_cs6_read_mib_s	df_cs6_write_mib_s	df_cs6_total_mib_s	df_cs7_read_mib_s	df_cs7_write_mib_s	df_cs7_total_mib_s	df_cs8_read_mib_s	df_cs8_write_mib_s	df_cs8_total_mib_s	df_cs9_read_mib_s	df_cs9_write_mib_s	df_cs9_total_mib_s	df_cs10_read_mib_s	df_cs10_write_mib_s	df_cs10_total_mib_s	df_cs11_read_mib_s	df_cs11_write_mib_s	df_cs11_total_mib_s	status	perf_event	workload_file	result_dir	df_ccm0_read_mib_s	df_ccm0_write_mib_s	df_ccm0_total_mib_s	df_ccm1_read_mib_s	df_ccm1_write_mib_s	df_ccm1_total_mib_s	df_ccm2_read_mib_s	df_ccm2_write_mib_s	df_ccm2_total_mib_s	df_ccm3_read_mib_s	df_ccm3_write_mib_s	df_ccm3_total_mib_s	df_ccm4_read_mib_s	df_ccm4_write_mib_s	df_ccm4_total_mib_s	df_ccm5_read_mib_s	df_ccm5_write_mib_s	df_ccm5_total_mib_s	df_ccm6_read_mib_s	df_ccm6_write_mib_s	df_ccm6_total_mib_s	df_ccm7_read_mib_s	df_ccm7_write_mib_s	df_ccm7_total_mib_s	df_iom0_read_mib_s	df_iom0_write_mib_s	df_iom0_total_mib_s	df_iom1_read_mib_s	df_iom1_write_mib_s	df_iom1_total_mib_s	df_iom2_read_mib_s	df_iom2_write_mib_s	df_iom2_total_mib_s	df_iom3_read_mib_s	df_iom3_write_mib_s	df_iom3_total_mib_s
bw-ineq-cc-io	chiplet_duckdb_tpch_sf1_single_thread_q21	0	0	2026-03-17T16:52:49Z	madracks-mnode5	amd	duckdb_tpch	analytic	per_instance_external	NO_RETIRED_INST_CYCLES	user	bw-ineq-cc-io_x0	1	14	0,1,2,3,4,5,6,84,85,86,87,88,89,90	0,0,0,0,0,0,0,0,0,0,0,0,0,0	True							1						Q21	DUCKDB_TPCH	SF1		2.263407655687161	queries/s	SUCCESSFUL	1	441756.68800016865	441756.68800016865	441756.68800016865	441756.68800016865	441756.68800016865	441756.68800016865	441756.68800016865	441756.68800016865	2635354837	3445340548	4832363595	1807.44	2.263407655687161	707.1832240035292	2.263407655687161	1150.0	690.0	107913365	18173724		0.6986010859982343	1137.3989588475258	341.1642144777369	1478.5631733252626	96.20344161022619	25.160043781525705	121.3634853917519	75.09936297141351	28.648975030650895	103.7483380020644	88.89433005446885	24.20787158217127	113.10220163664012	71.62478270185056	24.058028363422594	95.68281106527316	93.99196336920211	23.06278663580575	117.05475000500786	111.54871637110662	26.173899359161368	137.722615730268	83.66860543872882	29.380818972261004	113.04942441098981	119.37695227766918	32.053526606722144	151.43047888439133	98.26319624950065	36.681431105767054	134.9446273552677	113.29471436943784	32.331338393720976	145.6260527631588	102.8877372319038	32.94563981808425	135.83337704998806	82.54515620201752	26.4598548284439	109.00501103046142	ok	cpu/event=0xc0,cmask=1,inv=1/		/home/seunghyun/ycsb/results/bw-ineq-cc-io_chiplet_duckdb_tpch_sf1_single_thread_q21_numa0_x0_madracks-mnode5_20260317T165248Z_683716/runs/duckdb_tpch/bw-ineq-cc-io_x0																																				
bw-ineq-cc-io	chiplet_duckdb_tpch_sf1_single_thread_q21	0	1	2026-03-17T16:53:18Z	madracks-mnode5	amd	duckdb_tpch	analytic	per_instance_external	NO_RETIRED_INST_CYCLES	user	bw-ineq-cc-io_x1	1	14	0,1,2,3,4,5,6,84,85,86,87,88,89,90	0,0,0,0,0,0,0,0,0,0,0,0,0,0	True							1						Q21	DUCKDB_TPCH	SF1		2.240521698145518	queries/s	SUCCESSFUL	1	446265.622987994	446265.622987994	446265.622987994	446265.622987994	446265.622987994	446265.622987994	446265.622987994	446265.622987994	2363566696	3159110857	4788523579	1630.41	2.240521698145518	727.3297219944652	2.240521698145518	1420.0	250.0	106382992	18149858		0.7195707890059566	5980.849755733884	343.46287681223	6324.312632546114	492.7889550139931	25.129651571379522	517.9186065853726	484.51696944694226	28.604401592040034	513.1213710389823	476.0268639395065	28.54009960487451	504.566963544381	501.7395211302568	18.777281672988202	520.516802803245	488.56125573889256	21.823940974976466	510.38519671386905	517.7606490240267	28.77954397009822	546.5401929941249	494.13355495289824	29.667988745504655	523.8015436984028	505.5031058592421	30.50534352111077	536.0084493803529	488.400807243203	37.32370276835727	525.7245100115603	480.2794134121545	30.47424051309296	510.7536539252475	549.7013873704869	30.836337543421905	580.5377249139088	501.43727260228155	33.00034433438546	534.437616936667	ok	cpu/event=0xc0,cmask=1,inv=1/		/home/seunghyun/ycsb/results/bw-ineq-cc-io_chiplet_duckdb_tpch_sf1_single_thread_q21_numa0_x1_madracks-mnode5_20260317T165317Z_684371/runs/duckdb_tpch/bw-ineq-cc-io_x1																																				
bw-ineq-cc-io	chiplet_duckdb_tpch_sf1_single_thread_q21	0	4	2026-03-17T16:53:51Z	madracks-mnode5	amd	duckdb_tpch	analytic	per_instance_external	NO_RETIRED_INST_CYCLES	user	bw-ineq-cc-io_x4	1	14	0,1,2,3,4,5,6,84,85,86,87,88,89,90	0,0,0,0,0,0,0,0,0,0,0,0,0,0	True							1						Q21	DUCKDB_TPCH	SF1		2.002654301969903	queries/s	SUCCESSFUL	1	499282.56499697454	499282.56499697454	499282.56499697454	499282.56499697454	499282.56499697454	499282.56499697454	499282.56499697454	499282.56499697454	2556449378	3348890947	4801341353	1707.2	2.002654301969903	827.9195750073995	2.002654301969903	1270.0	470.0	109419054	18413763		0.808777097001439	21131.399349770894	365.7680115090542	21497.16736127995	1856.4078794017066	43.86413927115002	1900.2720186728566	1821.1715889432107	43.59712789438724	1864.768716837598	1741.0163746327817	28.34285222682951	1769.3592268596112	1702.0726577207713	24.17175921078097	1726.2444169315522	1679.1357461924226	18.422121862526126	1697.5578680549488	1811.0789524455627	26.271343226931172	1837.3502956724938	1849.902838846305	36.181980852075206	1886.0848196983802	1802.7926737571895	31.67743936315491	1834.4701131203444	1812.8585097162575	33.26939746173521	1846.1279071779927	1683.4778207837862	35.30750222576259	1718.7853230095488	1631.5180127588353	28.450759347909074	1659.9687721067444	1739.966294572065	16.211588565812104	1756.177883137877	ok	cpu/event=0xc0,cmask=1,inv=1/		/home/seunghyun/ycsb/results/bw-ineq-cc-io_chiplet_duckdb_tpch_sf1_single_thread_q21_numa0_x4_madracks-mnode5_20260317T165350Z_685048/runs/duckdb_tpch/bw-ineq-cc-io_x4																																				
bw-ineq-cc-io	chiplet_duckdb_tpch_sf1_single_thread_q21	0	7	2026-03-17T16:54:41Z	madracks-mnode5	amd	duckdb_tpch	analytic	per_instance_external	NO_RETIRED_INST_CYCLES	user	bw-ineq-cc-io_x7	1	14	0,1,2,3,4,5,6,84,85,86,87,88,89,90	0,0,0,0,0,0,0,0,0,0,0,0,0,0	True							1						Q21	DUCKDB_TPCH	SF1		0.8724702017618323	queries/s	SUCCESSFUL	1	1146003.9009980392	1146003.9009980392	1146003.9009980392	1146003.9009980392	1146003.9009980392	1146003.9009980392	1146003.9009980392	1146003.9009980392	4705297298	5506717511	4825734767	2544.3	0.8724702017618323	1756.089347996749	0.8724702017618323	1840.0	770.0	130909583	26488929		1.738288933003787	34457.857670184705	230.0194028877508	34687.87707307246	2914.1937792680133	26.828338789666148	2941.0221180576796	2882.7934599259756	22.684903176186054	2905.478363102162	2894.8993282701513	24.074241110985117	2918.9735693811363	2897.107873931693	23.52297977781842	2920.6308537095115	2893.1198044574085	32.150299154875974	2925.2701036122844	2873.7936092929276	21.334228405093626	2895.1278376980213	2672.40796981268	12.719276155585877	2685.127245968266	2793.0049171202404	11.37927200358485	2804.3841891238253	2913.8708724003986	10.88990941349994	2924.7607818138986	2901.2083434023834	11.771062024752217	2912.9794054271356	2901.580103621695	15.911035901476724	2917.4911395231716	2919.877608681138	16.753856974225883	2936.631465655364	ok	cpu/event=0xc0,cmask=1,inv=1/		/home/seunghyun/ycsb/results/bw-ineq-cc-io_chiplet_duckdb_tpch_sf1_single_thread_q21_numa0_x7_madracks-mnode5_20260317T165439Z_685756/runs/duckdb_tpch/bw-ineq-cc-io_x7																																				
bw-ineq-cc-io	chiplet_duckdb_tpch_sf1_single_thread_q21	0	10	2026-03-17T16:56:22Z	madracks-mnode5	amd	duckdb_tpch	analytic	per_instance_external	NO_RETIRED_INST_CYCLES	user	bw-ineq-cc-io_x10	1	14	0,1,2,3,4,5,6,84,85,86,87,88,89,90	0,0,0,0,0,0,0,0,0,0,0,0,0,0	True							1						Q21	DUCKDB_TPCH	SF1		0.5633228684583873	queries/s	SUCCESSFUL	1	1775090.106006246	1775090.106006246	1775090.106006246	1775090.106006246	1775090.106006246	1775090.106006246	1775090.106006246	1775090.106006246	5735636545	6520040227	4775447642	2990.76	0.5633228684583873	2564.2716379952617	0.5633228684583873	2570.0	530.0	138193015	31870069		2.556999093008926	34814.81505927215	175.4722986680978	34990.28735794025	2844.066738635279	11.309301166371126	2855.3760398016498	2912.702911057555	14.579439704577341	2927.2823507621324	2920.0911052422043	13.884003069274367	2933.975108311479	2926.6063535316885	15.297768853533722	2941.9041223852223	2918.905306094478	25.422412438120016	2944.327718532598	2914.275881984441	27.16755718270886	2941.4434391671502	2925.7567776462956	14.633554830292123	2940.390332476588	2930.3982609459363	10.58494679101195	2940.9832077369483	2936.466681579153	11.282110558353411	2947.7487921375064	2914.4817983914368	11.795610910559459	2926.277409301996	2887.6297573467464	9.765375920589582	2897.395133267336	2783.433486816939	9.750217242705848	2793.1837040596447	ok	cpu/event=0xc0,cmask=1,inv=1/		/home/seunghyun/ycsb/results/bw-ineq-cc-io_chiplet_duckdb_tpch_sf1_single_thread_q21_numa0_x10_madracks-mnode5_20260317T165619Z_686664/runs/duckdb_tpch/bw-ineq-cc-io_x10																																				
bw-ineq-cc-io	chiplet_duckdb_tpch_sf1_single_thread_q21	0	13	2026-03-17T16:58:42Z	madracks-mnode5	amd	duckdb_tpch	analytic	per_instance_external	NO_RETIRED_INST_CYCLES	user	bw-ineq-cc-io_x13	1	14	0,1,2,3,4,5,6,84,85,86,87,88,89,90	0,0,0,0,0,0,0,0,0,0,0,0,0,0	True							1						Q21	DUCKDB_TPCH	SF1		0.3486813089418593	queries/s	SUCCESSFUL	1	2867754.293998587	2867754.293998587	2867754.293998587	2867754.293998587	2867754.293998587	2867754.293998587	2867754.293998587	2867754.293998587	9000659596	9789184687	4791344502	4455.91	0.3486813089418593	4121.335250005359	0.3486813089418593	3550.0	1040.0	149103947	40417218		4.113216079000267	35043.20955315498	114.93506500977536	35158.144618164755	2927.8739066140506	13.321284381308017	2941.1951909953586	2919.243576699956	13.374951623293484	2932.6185283232494	2935.2164993481238	11.033702289731542	2946.2502016378553	2931.8666667410084	9.28209559511134	2941.14876233612	2858.792757489442	10.313693404758679	2869.106450894201	2861.622957136887	9.705667666366471	2871.3286248032537	2907.417712102244	6.885635909874614	2914.3033480121185	2935.2327569577246	6.035551389315513	2941.26830834704	2942.4486105327364	8.17298631641976	2950.621596849156	2940.3587266440077	9.005482287431523	2949.3642089314394	2939.02682542664	8.427500160387	2947.4543255870267	2944.108557462155	9.376513985777436	2953.4850714479326	ok	cpu/event=0xc0,cmask=1,inv=1/		/home/seunghyun/ycsb/results/bw-ineq-cc-io_chiplet_duckdb_tpch_sf1_single_thread_q21_numa0_x13_madracks-mnode5_20260317T165838Z_687508/runs/duckdb_tpch/bw-ineq-cc-io_x13																																				
bw-ineq-cc-io	chiplet_ycsb_256mib_fixed_workload_noise	0	0	2026-03-17T17:02:40Z	madracks-mnode5	amd	elasticsearch	embedded	per_instance	NO_RETIRED_INST_CYCLES	user	bw-ineq-cc-io_x0	1	14	0,1,2,3,4,5,6,84,85,86,87,88,89,90	0,0,0,0,0,0,0,0,0,0,0,0,0,0	True	256	256	4096	4096	100	100	1	1	1	1	65526	65536	READ							100	1295.76	715.0	24047.0	891.0	1995.0	2907.0	24047.0	24047.0	6370946877	9155728910	14424138365	4516.78	49.82561036372696	2320.0247130007483	43.1029891361195	4120.0	450.0	604852992	126793544		2.3061145230021793	1098.5977657313315	203.7827459550451	1302.3805116863766	94.63226398185412	15.371695171234084	110.0039591530882	97.13903390538422	18.092996432158888	115.23203033754311	88.7490038921743	16.94279028294751	105.69179417512181	87.37735552171908	16.849272439180922	104.2266279609	101.56604996530086	17.12140547671486	118.68745544201572	88.04339948363359	15.77062057878375	103.81402006241734	81.17357560051735	16.478344187185225	97.65191978770258	88.75075380654005	17.532283014318498	106.28303682085854	93.56652691768916	17.8777924333731	111.44431935106226	91.34962940463849	18.584025892197335	109.93365529683582	95.35893958079681	17.193712714046452	112.55265229484327	90.8912336710835	15.967807332904487	106.85904100398798	ok	cpu/event=0xc0,cmask=1,inv=1/	/home/seunghyun/ycsb/workloads/working_set_256mb_large_value.properties	/home/seunghyun/ycsb/results/bw-ineq-cc-io_chiplet_ycsb_256mib_fixed_workload_noise_numa0_x0_madracks-mnode5_20260317T170129Z_688217/runs/elasticsearch/bw-ineq-cc-io_x0																																				
bw-ineq-cc-io	chiplet_ycsb_256mib_fixed_workload_noise	0	0	2026-03-17T17:01:44Z	madracks-mnode5	amd	orientdb	embedded	per_instance	NO_RETIRED_INST_CYCLES	user	bw-ineq-cc-io_x0	1	14	0,1,2,3,4,5,6,84,85,86,87,88,89,90	0,0,0,0,0,0,0,0,0,0,0,0,0,0	True	256	256	4096	4096	100	100	1	1	1	1	65526	65536	READ							100	590.96	375.0	4615.0	526.0	752.0	2757.0	4615.0	4615.0	6052303227	8783978857	14097400399	4133.98	51.679586563307495	2502.204098011134	39.96476549594198	3340.0	970.0	580153901	108464897		2.4947303179942537	2022.6032058724372	707.2244742047752	2729.8276800772123	147.65785628455873	53.071193543339675	200.7290498278984	151.9062864311536	48.17415485466514	200.08044128581875	172.3720510349834	45.437659438483635	217.80971047346702	170.8063422154518	46.36110662157723	217.167448837029	198.65144127053705	51.0487056639852	249.70014693452225	160.01100492596333	59.555646460682574	219.5666513866459	178.13546225450722	66.64888084682234	244.78434310132957	173.90429923261496	72.00939653490153	245.9136957675165	175.59312384554374	73.824450581516	249.41757442705975	182.5432171812564	74.233135196944	256.7763523782004	148.68891480498215	59.15222160763763	207.8411364126198	162.3332063908847	57.70792285422026	220.04112924510497	ok	cpu/event=0xc0,cmask=1,inv=1/	/home/seunghyun/ycsb/workloads/working_set_256mb_large_value.properties	/home/seunghyun/ycsb/results/bw-ineq-cc-io_chiplet_ycsb_256mib_fixed_workload_noise_numa0_x0_madracks-mnode5_20260317T170129Z_688217/runs/orientdb/bw-ineq-cc-io_x0																																				
bw-ineq-cc-io	chiplet_ycsb_256mib_fixed_workload_noise	0	0	2026-03-17T17:01:36Z	madracks-mnode5	amd	rocksdb	embedded	per_instance	NO_RETIRED_INST_CYCLES	user	bw-ineq-cc-io_x0	1	14	0,1,2,3,4,5,6,84,85,86,87,88,89,90	0,0,0,0,0,0,0,0,0,0,0,0,0,0	True	256	256	4096	4096	10000	10000	1	1	1	1	65526	65536	READ							10000	181.2636	12.0	10287.0	135.0	403.0	494.0	606.0	1029.0	6719257048	11108998556	13283477497	5131.79	2999.4001199760046	3733.0474859918468	2678.7765324509564	4059.9999999999995	1200.0	577592912	120786877		3.729260931999306	1449.8710095703314	529.2971533617994	1979.1681629321306	116.5291861688334	41.298523496788114	157.8277096656215	110.93986059606664	42.658483159536615	153.59834375560325	114.05379061447309	43.63006864724923	157.68385926172232	122.71591290161349	45.43402072897862	168.1499336305921	120.00041708789432	43.369016427534326	163.36943351542865	123.69949197913787	49.86521826442776	173.56471024356563	119.13284911859859	46.82757618470534	165.96042530330394	119.83746011739919	46.63342429426889	166.47088441166807	123.2368908566567	43.251585860231174	166.48847671688787	129.8169923429508	43.34711135857158	173.16410370152238	125.28554682825055	41.66616695721426	166.9517137854648	124.62261095845675	41.315957982293575	165.93856894075032	ok	cpu/event=0xc0,cmask=1,inv=1/	/home/seunghyun/ycsb/workloads/working_set_256mb_large_value.properties	/home/seunghyun/ycsb/results/bw-ineq-cc-io_chiplet_ycsb_256mib_fixed_workload_noise_numa0_x0_madracks-mnode5_20260317T170129Z_688217/runs/rocksdb/bw-ineq-cc-io_x0																																				
bw-ineq-cc-io	chiplet_ycsb_256mib_fixed_workload_noise	0	1	2026-03-17T17:03:57Z	madracks-mnode5	amd	elasticsearch	embedded	per_instance	NO_RETIRED_INST_CYCLES	user	bw-ineq-cc-io_x1	1	14	0,1,2,3,4,5,6,84,85,86,87,88,89,90	0,0,0,0,0,0,0,0,0,0,0,0,0,0	True	256	256	4096	4096	100	100	1	1	1	1	65526	65536	READ							100	1092.03	533.0	20719.0	715.0	1520.0	5007.0	20719.0	20719.0	6570267688	9297847934	14116267132	4569.65	48.4027105517909	2381.085652988986	41.997649212857844	4120.0	510.0	602935575	125788339		2.372366019000765	5730.622683693793	244.54187706406017	5975.164560757853	480.95085660232803	22.958134358489055	503.9089909608171	475.4982667357529	19.08604513274409	494.584311868497	484.3126424460202	20.677230697565136	504.9898731435853	477.09409408286234	21.052424157602783	498.1465182404651	475.74696705000065	19.16896819807555	494.9159352480762	478.0704457746765	20.141764882062446	498.21221065673893	472.0876678544203	17.799534258867652	489.88720211328797	473.0216916097975	19.016093776063453	492.0377853858609	481.51573284504394	21.484139073257573	502.9998719183015	474.0378100156871	19.814023705270067	493.8518337209572	478.98615956328865	20.517252438725944	499.5034120020146	479.30034911391596	22.826266385336435	502.1266154992524	ok	cpu/event=0xc0,cmask=1,inv=1/	/home/seunghyun/ycsb/workloads/working_set_256mb_large_value.properties	/home/seunghyun/ycsb/results/bw-ineq-cc-io_chiplet_ycsb_256mib_fixed_workload_noise_numa0_x1_madracks-mnode5_20260317T170243Z_688864/runs/elasticsearch/bw-ineq-cc-io_x1																																				
bw-ineq-cc-io	chiplet_ycsb_256mib_fixed_workload_noise	0	1	2026-03-17T17:02:59Z	madracks-mnode5	amd	orientdb	embedded	per_instance	NO_RETIRED_INST_CYCLES	user	bw-ineq-cc-io_x1	1	14	0,1,2,3,4,5,6,84,85,86,87,88,89,90	0,0,0,0,0,0,0,0,0,0,0,0,0,0	True	256	256	4096	4096	100	100	1	1	1	1	65526	65536	READ							100	581.57	371.0	4987.0	474.0	717.0	2889.0	4987.0	4987.0	6142881205	8886245820	14153917543	4185.84	50.65856129685917	2563.0098630063003	39.016627069356765	3360.0	1020.0	574231814	107916824		2.545431055012159	6228.3705812805465	701.0897611439822	6929.460342424529	507.15924543502217	55.18301742853661	562.3422628635587	512.131563912767	56.4492498918311	568.580813804598	515.4082783868133	55.25307253253966	570.661350919353	491.3980924766045	46.25695890112291	537.6550513777274	481.9993026969515	40.4082671948254	522.4075698917769	494.24392602293915	40.02900449806249	534.2729305210016	517.8216008435759	48.845313316969495	566.6669141605454	540.182730710483	61.303553924917814	601.4862846354008	554.0884774784502	69.41518060097334	623.5036580794235	539.4837536338831	74.60333457645947	614.0870882103426	533.3583509939137	76.1817391327163	609.54009012663	541.0952586891439	77.16106914502758	618.2563278341714	ok	cpu/event=0xc0,cmask=1,inv=1/	/home/seunghyun/ycsb/workloads/working_set_256mb_large_value.properties	/home/seunghyun/ycsb/results/bw-ineq-cc-io_chiplet_ycsb_256mib_fixed_workload_noise_numa0_x1_madracks-mnode5_20260317T170243Z_688864/runs/orientdb/bw-ineq-cc-io_x1																																				
bw-ineq-cc-io	chiplet_ycsb_256mib_fixed_workload_noise	0	1	2026-03-17T17:02:50Z	madracks-mnode5	amd	rocksdb	embedded	per_instance	NO_RETIRED_INST_CYCLES	user	bw-ineq-cc-io_x1	1	14	0,1,2,3,4,5,6,84,85,86,87,88,89,90	0,0,0,0,0,0,0,0,0,0,0,0,0,0	True	256	256	4096	4096	10000	10000	1	1	1	1	65526	65536	READ							10000	183.9328	14.0	10375.0	138.0	415.0	503.0	537.0	1311.0	6676992515	10957380555	12785061247	5103.64	2956.830277942046	3793.303915997967	2636.2243103764426	3890.0	1350.0	554948905	118669395		3.7849177489988506	6563.899128131938	645.1019163680809	7209.001044500019	544.893350968359	49.24675895321855	594.1401099215775	547.2278410850838	52.564092080914044	599.7919331659979	555.4618500326782	54.19200140282947	609.6538514355076	537.0617613705713	54.53869934317428	591.6004607137455	543.4565166683484	56.171813505065366	599.6283301734138	547.2586870491062	54.52495912662857	601.7836461757348	546.5453305501039	54.660773020840665	601.2061035709446	544.9203814492981	56.47598400116369	601.3963654504619	552.576653399079	56.742283820430096	609.318937219509	552.4581007421641	54.98605890043999	607.4441596426041	548.0049581703954	53.07373419545902	601.0786923658544	544.0336966467503	47.924758017917114	591.9584546646674	ok	cpu/event=0xc0,cmask=1,inv=1/	/home/seunghyun/ycsb/workloads/working_set_256mb_large_value.properties	/home/seunghyun/ycsb/results/bw-ineq-cc-io_chiplet_ycsb_256mib_fixed_workload_noise_numa0_x1_madracks-mnode5_20260317T170243Z_688864/runs/rocksdb/bw-ineq-cc-io_x1																																				
bw-ineq-cc-io	chiplet_ycsb_256mib_fixed_workload_noise	0	4	2026-03-17T17:05:25Z	madracks-mnode5	amd	elasticsearch	embedded	per_instance	NO_RETIRED_INST_CYCLES	user	bw-ineq-cc-io_x4	1	14	0,1,2,3,4,5,6,84,85,86,87,88,89,90	0,0,0,0,0,0,0,0,0,0,0,0,0,0	True	256	256	4096	4096	100	100	1	1	1	1	65526	65536	READ							100	1449.98	725.0	23647.0	938.0	2475.0	5455.0	23647.0	23647.0	8200507004	10935997612	14249520094	5166.96	43.066322136089575	2663.612402000581	37.542999846709	4750.0	480.0	618696426	132580640		2.6569205230043735	21265.078066081587	368.8569446294553	21633.935010711044	1773.4174796278035	34.789002298710216	1808.2064819265138	1773.7994111742428	29.830337072849737	1803.6297482470925	1751.4716074816483	35.00251944218864	1786.474126923837	1767.8642296752737	33.91006670793906	1801.7742963832127	1732.1727179162933	29.855630834809247	1762.0283487511026	1754.7390209218456	28.729273260257127	1783.4682941821027	1765.6814862784336	24.13431882105174	1789.8158050994853	1792.197530034959	32.717275649257886	1824.9148056842168	1803.2388708761	29.879799102734815	1833.1186699788348	1769.2728216129367	27.075112013587354	1796.347933626524	1809.9367843720588	33.02379743900321	1842.960581811062	1771.2861061099952	29.909811987066295	1801.1959180970616	ok	cpu/event=0xc0,cmask=1,inv=1/	/home/seunghyun/ycsb/workloads/working_set_256mb_large_value.properties	/home/seunghyun/ycsb/results/bw-ineq-cc-io_chiplet_ycsb_256mib_fixed_workload_noise_numa0_x4_madracks-mnode5_20260317T170401Z_689525/runs/elasticsearch/bw-ineq-cc-io_x4																																				
bw-ineq-cc-io	chiplet_ycsb_256mib_fixed_workload_noise	0	4	2026-03-17T17:04:18Z	madracks-mnode5	amd	orientdb	embedded	per_instance	NO_RETIRED_INST_CYCLES	user	bw-ineq-cc-io_x4	1	14	0,1,2,3,4,5,6,84,85,86,87,88,89,90	0,0,0,0,0,0,0,0,0,0,0,0,0,0	True	256	256	4096	4096	100	100	1	1	1	1	65526	65536	READ							100	854.39	460.0	6559.0	730.0	1155.0	5035.0	6559.0	6559.0	7127035918	9610619027	12838626170	4393.95	49.35834155972359	2663.7262549920706	37.5413951837546	3560.0	1030.0	606476362	110735703		2.6572124149970477	22079.31830444806	764.150174233324	22843.468478681385	1844.54355733677	69.19305337098102	1913.736610707751	1853.2419155320663	79.25523228815604	1932.4971478202224	1848.3331424785827	75.75060087459299	1924.0837433531756	1855.732895095533	70.48207251630934	1926.2149676118422	1862.300629136386	77.24071215729796	1939.5413412936841	1846.36286165262	77.7782730636049	1924.141134716225	1831.705643197349	64.15018523043162	1895.8558284277806	1837.5818976660225	56.38545263067149	1893.9673502966941	1827.8882598762902	45.282128821824806	1873.170388698115	1805.081647692168	44.407150706246085	1849.488798398414	1836.3995731338143	50.82766601550222	1887.2272391493166	1830.1462816504556	53.39764655770554	1883.543928208161	ok	cpu/event=0xc0,cmask=1,inv=1/	/home/seunghyun/ycsb/workloads/working_set_256mb_large_value.properties	/home/seunghyun/ycsb/results/bw-ineq-cc-io_chiplet_ycsb_256mib_fixed_workload_noise_numa0_x4_madracks-mnode5_20260317T170401Z_689525/runs/orientdb/bw-ineq-cc-io_x4																																				
bw-ineq-cc-io	chiplet_ycsb_256mib_fixed_workload_noise	0	4	2026-03-17T17:04:08Z	madracks-mnode5	amd	rocksdb	embedded	per_instance	NO_RETIRED_INST_CYCLES	user	bw-ineq-cc-io_x4	1	14	0,1,2,3,4,5,6,84,85,86,87,88,89,90	0,0,0,0,0,0,0,0,0,0,0,0,0,0	True	256	256	4096	4096	10000	10000	1	1	1	1	65526	65536	READ							10000	189.3595	12.0	9247.0	143.0	432.0	529.0	596.0	1239.0	7474995494	11683934167	12923114306	5283.72	2889.338341519792	3892.976983988774	2568.7282614637816	3960.0	1450.0	575954356	120391005		3.8758884819981176	22134.424963306272	736.0872187997479	22870.51218210602	1840.472884518429	57.41708589911831	1897.8899704175474	1835.2986483405907	59.37471192912851	1894.6733602697193	1821.6304890425452	60.06546794931194	1881.6959569918572	1830.8178346082582	58.08165377406723	1888.8994883823254	1835.496031622392	59.82905447520309	1895.325086097595	1825.7293263240035	59.706106260568774	1885.4354325845723	1844.1327748120214	60.3593614012488	1904.4921362132702	1855.2227753079742	62.427905748259874	1917.6506810562341	1862.0124799966966	63.33411905856436	1925.3465990552609	1847.0763825093918	66.22309176622265	1913.2994742756146	1860.2831222208613	67.59781055770672	1927.880932778568	1876.2522140031083	61.67084998034771	1937.923063983456	ok	cpu/event=0xc0,cmask=1,inv=1/	/home/seunghyun/ycsb/workloads/working_set_256mb_large_value.properties	/home/seunghyun/ycsb/results/bw-ineq-cc-io_chiplet_ycsb_256mib_fixed_workload_noise_numa0_x4_madracks-mnode5_20260317T170401Z_689525/runs/rocksdb/bw-ineq-cc-io_x4																																				
bw-ineq-cc-io	chiplet_ycsb_256mib_fixed_workload_noise	0	7	2026-03-17T17:07:53Z	madracks-mnode5	amd	elasticsearch	embedded	per_instance	NO_RETIRED_INST_CYCLES	user	bw-ineq-cc-io_x7	1	14	0,1,2,3,4,5,6,84,85,86,87,88,89,90	0,0,0,0,0,0,0,0,0,0,0,0,0,0	True	256	256	4096	4096	100	100	1	1	1	1	65526	65536	READ							100	1607.34	818.0	35199.0	1095.0	2189.0	3979.0	35199.0	35199.0	11720543687	14228106276	14099146406	6355.37	33.99048266485384	3450.144945993088	28.984289519817853	5830.0	640.0	597370437	165811434		3.4343633899989072	32705.676543033696	283.2047829034168	32988.881325937116	2708.7488420197474	20.982119606562293	2729.7309616263096	2726.386996546472	23.488388228971782	2749.8753847754438	2703.5505787156867	22.9063176354367	2726.4568963511233	2688.0360091134203	22.89981016847689	2710.9358192818972	2727.1303936979107	28.085226121071315	2755.215619818982	2688.135414408265	25.462940844437565	2713.5983552527027	2716.5466302651066	22.694792677162276	2739.241422942269	2738.489227004346	22.680519086621246	2761.1697460909672	2762.825812192021	23.468798548912766	2786.294610740934	2734.542846579633	25.810252944876193	2760.353099524509	2755.934770008035	22.070126415275972	2778.0048964233106	2755.34902248305	22.655490625611836	2778.0045131086617	ok	cpu/event=0xc0,cmask=1,inv=1/	/home/seunghyun/ycsb/workloads/working_set_256mb_large_value.properties	/home/seunghyun/ycsb/results/bw-ineq-cc-io_chiplet_ycsb_256mib_fixed_workload_noise_numa0_x7_madracks-mnode5_20260317T170531Z_690188/runs/elasticsearch/bw-ineq-cc-io_x7																																				
bw-ineq-cc-io	chiplet_ycsb_256mib_fixed_workload_noise	0	7	2026-03-17T17:05:56Z	madracks-mnode5	amd	orientdb	embedded	per_instance	NO_RETIRED_INST_CYCLES	user	bw-ineq-cc-io_x7	1	14	0,1,2,3,4,5,6,84,85,86,87,88,89,90	0,0,0,0,0,0,0,0,0,0,0,0,0,0	True	256	256	4096	4096	100	100	1	1	1	1	65526	65536	READ							100	839.77	595.0	6199.0	686.0	1153.0	4955.0	6199.0	6199.0	11242061823	13471377744	12455729521	6012.24	33.178500331785	3994.426261007902	25.034884477944345	4650.0	1720.0	585897010	127918461		3.9831449189950945	33652.31281014908	551.4677471759537	34203.78055732504	2785.400073518378	47.69532348714285	2833.095397005521	2786.1736014936823	43.299168528254796	2829.4727700219373	2801.506345763103	43.34977136967617	2844.856117132779	2788.144551303881	40.50945411213247	2828.6540054160137	2757.671285904715	38.31112945682767	2795.9824153615427	2766.5911069839244	41.263350850978675	2807.8544578349033	2772.5705584647	48.99480017584906	2821.5653586405488	2804.081593364613	52.5879783103088	2856.669571674922	2849.066800947431	49.29154348441939	2898.3583444318506	2857.667554876552	48.08696446780128	2905.7545193443534	2836.6299155447014	49.75592964242775	2886.3858451871292	2846.8094219833974	48.322333290134765	2895.1317552735322	ok	cpu/event=0xc0,cmask=1,inv=1/	/home/seunghyun/ycsb/workloads/working_set_256mb_large_value.properties	/home/seunghyun/ycsb/results/bw-ineq-cc-io_chiplet_ycsb_256mib_fixed_workload_noise_numa0_x7_madracks-mnode5_20260317T170531Z_690188/runs/orientdb/bw-ineq-cc-io_x7																																				
bw-ineq-cc-io	chiplet_ycsb_256mib_fixed_workload_noise	0	7	2026-03-17T17:05:42Z	madracks-mnode5	amd	rocksdb	embedded	per_instance	NO_RETIRED_INST_CYCLES	user	bw-ineq-cc-io_x7	1	14	0,1,2,3,4,5,6,84,85,86,87,88,89,90	0,0,0,0,0,0,0,0,0,0,0,0,0,0	True	256	256	4096	4096	10000	10000	1	1	1	1	65526	65536	READ							10000	268.6594	22.0	24207.0	248.0	540.0	666.0	858.0	1743.0	14473967033	17480585527	12525412756	7789.24	1894.2981625307823	5931.312653992791	1685.9674381299533	5150.0	2880.0	653778729	155101235		5.915186772996094	34516.05757647144	525.8354589802126	35041.89303545165	2872.1790797997137	38.83707107222614	2911.0161508719398	2861.5369699203543	41.42952917977764	2902.966499100132	2845.8821759127895	43.07737866284374	2888.9595545756333	2850.673726399706	45.8876388586086	2896.5613652583147	2839.990436120559	48.58234109554614	2888.5727772161054	2843.5761725641573	43.62344412880322	2887.1996166929607	2891.1239745250396	46.81945340866888	2937.9434279337083	2898.590077566454	43.55820149311865	2942.148279059573	2903.9677530042036	44.042377276693486	2948.010130280897	2902.043819638395	42.82983091924804	2944.873650557643	2896.557420546488	42.80674559483137	2939.3641661413194	2909.9359704735784	44.34144728984673	2954.277417763425	ok	cpu/event=0xc0,cmask=1,inv=1/	/home/seunghyun/ycsb/workloads/working_set_256mb_large_value.properties	/home/seunghyun/ycsb/results/bw-ineq-cc-io_chiplet_ycsb_256mib_fixed_workload_noise_numa0_x7_madracks-mnode5_20260317T170531Z_690188/runs/rocksdb/bw-ineq-cc-io_x7																																				
bw-ineq-cc-io	chiplet_ycsb_256mib_fixed_workload_noise	0	10	2026-03-17T17:10:31Z	madracks-mnode5	amd	elasticsearch	embedded	per_instance	NO_RETIRED_INST_CYCLES	user	bw-ineq-cc-io_x10	1	14	0,1,2,3,4,5,6,84,85,86,87,88,89,90	0,0,0,0,0,0,0,0,0,0,0,0,0,0	True	256	256	4096	4096	100	100	1	1	1	1	65526	65536	READ							100	1785.87	745.0	48607.0	1028.0	2587.0	8487.0	48607.0	48607.0	13640989740	16134903064	14025454354	7206.43	26.75943270002676	4337.992620989098	23.05213695296678	6440.0	910.0	599966789	171744691		4.328913132994785	33522.06990127685	250.09804639306836	33772.16794766992	2783.2497170428633	22.539425483840695	2805.789142526704	2794.609405789522	20.705216225996114	2815.314622015518	2795.499421472773	18.527724583319202	2814.027146056092	2781.901493203883	18.329517414769647	2800.231010618653	2793.128503799199	19.90315694465553	2813.0316607438544	2787.6220681732498	17.885788199485205	2805.5078563727348	2811.1662443830423	20.64429543333196	2831.8105398163743	2818.457252830467	21.22912981669295	2839.68638264716	2820.7434040543944	22.0305114268078	2842.773915481202	2795.268384654783	21.17930428705685	2816.4476889418397	2777.9141266782167	23.049136212635624	2800.963262890852	2762.509879194455	24.074840364476753	2786.5847195589317	ok	cpu/event=0xc0,cmask=1,inv=1/	/home/seunghyun/ycsb/workloads/working_set_256mb_large_value.properties	/home/seunghyun/ycsb/results/bw-ineq-cc-io_chiplet_ycsb_256mib_fixed_workload_noise_numa0_x10_madracks-mnode5_20260317T170801Z_691010/runs/elasticsearch/bw-ineq-cc-io_x10																																				
bw-ineq-cc-io	chiplet_ycsb_256mib_fixed_workload_noise	0	10	2026-03-17T17:08:29Z	madracks-mnode5	amd	orientdb	embedded	per_instance	NO_RETIRED_INST_CYCLES	user	bw-ineq-cc-io_x10	1	14	0,1,2,3,4,5,6,84,85,86,87,88,89,90	0,0,0,0,0,0,0,0,0,0,0,0,0,0	True	256	256	4096	4096	100	100	1	1	1	1	65526	65536	READ							100	840.43	513.0	7455.0	724.0	1159.0	4835.0	7455.0	7455.0	13132212985	15560768610	13667362339	6942.46	27.419797093501508	4821.997035003733	20.738295621934697	5110.0	2270.0	613474718	132314697		4.815461041987874	34057.46870600074	471.1792887093394	34528.64799471008	2818.828622477419	39.221331189061154	2858.0499536664797	2809.5215974253606	38.387883497672284	2847.909480923033	2813.8278995538108	39.812801344836195	2853.640700898647	2826.928737705664	39.09780003315779	2866.026537738822	2832.7468631438946	39.81876728640012	2872.5656304302947	2838.1438549041522	40.235326354128155	2878.3791812582804	2873.8653230310847	37.93511074771076	2911.8004337787957	2850.3284497119453	40.02577201940131	2890.3542217313466	2858.3975912925353	37.986622785664615	2896.3842140782	2852.314094233806	40.310768534000346	2892.6248627678065	2836.233301114311	39.50852507494993	2875.741826189261	2846.3323714067565	38.838579842356694	2885.1709512491134	ok	cpu/event=0xc0,cmask=1,inv=1/	/home/seunghyun/ycsb/workloads/working_set_256mb_large_value.properties	/home/seunghyun/ycsb/results/bw-ineq-cc-io_chiplet_ycsb_256mib_fixed_workload_noise_numa0_x10_madracks-mnode5_20260317T170801Z_691010/runs/orientdb/bw-ineq-cc-io_x10																																				
bw-ineq-cc-io	chiplet_ycsb_256mib_fixed_workload_noise	0	10	2026-03-17T17:08:13Z	madracks-mnode5	amd	rocksdb	embedded	per_instance	NO_RETIRED_INST_CYCLES	user	bw-ineq-cc-io_x10	1	14	0,1,2,3,4,5,6,84,85,86,87,88,89,90	0,0,0,0,0,0,0,0,0,0,0,0,0,0	True	256	256	4096	4096	10000	10000	1	1	1	1	65526	65536	READ							10000	308.954	38.0	32495.0	301.0	582.0	771.0	1491.0	1882.0	16537872192	19485852673	12194622576	8683.21	1601.7940092904053	7023.638533006306	1423.7634743027886	5140.0	3860.0	635922317	157143031		7.012181830010377	34813.67052814978	476.44414106439547	35290.11466921417	2886.6400784668613	44.95284443533584	2931.592922902197	2893.5792338974315	44.19192782274151	2937.771161720173	2901.6991058625686	37.64522412484607	2939.3443299874148	2903.1877726878306	35.828506214257054	2939.016278902088	2903.9361946584645	36.39508680758266	2940.331281466047	2892.2380764572663	38.12961761766043	2930.367694074927	2911.689591506531	39.74420931901866	2951.43380082555	2889.831462902193	40.151260996211555	2929.9827238984044	2902.0599560306823	40.03056151794716	2942.0905175486296	2908.95012399504	38.55025326913154	2947.5003772641717	2909.16544297444	39.422840992821094	2948.588283967261	2910.6934887104658	41.401807946841984	2952.0952966573077	ok	cpu/event=0xc0,cmask=1,inv=1/	/home/seunghyun/ycsb/workloads/working_set_256mb_large_value.properties	/home/seunghyun/ycsb/results/bw-ineq-cc-io_chiplet_ycsb_256mib_fixed_workload_noise_numa0_x10_madracks-mnode5_20260317T170801Z_691010/runs/rocksdb/bw-ineq-cc-io_x10																																				
bw-ineq-cc-io	chiplet_ycsb_256mib_fixed_workload_noise	0	13	2026-03-17T17:15:13Z	madracks-mnode5	amd	elasticsearch	embedded	per_instance	NO_RETIRED_INST_CYCLES	user	bw-ineq-cc-io_x13	1	14	0,1,2,3,4,5,6,84,85,86,87,88,89,90	0,0,0,0,0,0,0,0,0,0,0,0,0,0	True	256	256	4096	4096	100	100	1	1	1	1	65526	65536	READ							100	4520.4	1018.0	124927.0	1519.0	12063.0	18735.0	124927.0	124927.0	30574622456	33340879914	15007659248	14877.54	9.413536665725314	12417.498573995545	8.053151720058807	13530.0	1660.0	727626118	216909109		12.40474935399834	34880.470863346076	187.3391185946862	35067.809981940765	2904.9625015332067	15.399429418668138	2920.361930951875	2915.1307524577405	15.951272095075474	2931.082024552816	2907.826004646166	15.318392756697817	2923.144397402864	2905.873929924183	15.812187145050462	2921.686117069233	2904.421757566318	16.604333839602663	2921.0260914059204	2901.1493307265027	17.550743043341303	2918.700073769844	2910.5276014352316	16.67229173561905	2927.199893170851	2906.9989845253763	15.300931035772146	2922.2999155611483	2911.053016383163	14.636996488572859	2925.690012871736	2904.280327952551	14.947850221742659	2919.2281781742936	2901.8566974494393	14.711086119469782	2916.567783568909	2906.3899587461947	14.433604695073857	2920.8235634412686	ok	cpu/event=0xc0,cmask=1,inv=1/	/home/seunghyun/ycsb/workloads/working_set_256mb_large_value.properties	/home/seunghyun/ycsb/results/bw-ineq-cc-io_chiplet_ycsb_256mib_fixed_workload_noise_numa0_x13_madracks-mnode5_20260317T171041Z_691882/runs/elasticsearch/bw-ineq-cc-io_x13																																				
bw-ineq-cc-io	chiplet_ycsb_256mib_fixed_workload_noise	0	13	2026-03-17T17:11:31Z	madracks-mnode5	amd	orientdb	embedded	per_instance	NO_RETIRED_INST_CYCLES	user	bw-ineq-cc-io_x13	1	14	0,1,2,3,4,5,6,84,85,86,87,88,89,90	0,0,0,0,0,0,0,0,0,0,0,0,0,0	True	256	256	4096	4096	100	100	1	1	1	1	65526	65536	READ							100	1936.84	556.0	15751.0	1195.0	5351.0	9759.0	15751.0	15751.0	20704149819	23197135804	13621603133	10347.16	14.838996883810655	9025.244888995076	11.08003175868778	7780.0	3400.0	685293881	147990562		9.015744122996693	34833.490002135324	292.2324195324978	35125.72242166782	2896.652336071949	22.089608923834582	2918.7419449957833	2905.9573159811293	23.87821121185439	2929.8355271929836	2893.464148257579	25.716651512584292	2919.180799770163	2896.9467561919887	25.66256117377944	2922.609317365768	2906.5442549401814	26.759933695657615	2933.304188635839	2897.6726648696135	26.695593283442477	2924.368258153056	2910.152357143876	24.304859457058434	2934.4572166009343	2902.2741149091503	25.796903204819206	2928.0710181139693	2900.073058708043	23.677704314798525	2923.7507630228415	2903.632576611205	22.89100133361905	2926.523577944824	2908.0464956646883	22.790892854932064	2930.8373885196206	2912.0739227859217	21.968498566117695	2934.0424213520396	ok	cpu/event=0xc0,cmask=1,inv=1/	/home/seunghyun/ycsb/workloads/working_set_256mb_large_value.properties	/home/seunghyun/ycsb/results/bw-ineq-cc-io_chiplet_ycsb_256mib_fixed_workload_noise_numa0_x13_madracks-mnode5_20260317T171041Z_691882/runs/orientdb/bw-ineq-cc-io_x13																																				
bw-ineq-cc-io	chiplet_ycsb_256mib_fixed_workload_noise	0	13	2026-03-17T17:11:01Z	madracks-mnode5	amd	rocksdb	embedded	per_instance	NO_RETIRED_INST_CYCLES	user	bw-ineq-cc-io_x13	1	14	0,1,2,3,4,5,6,84,85,86,87,88,89,90	0,0,0,0,0,0,0,0,0,0,0,0,0,0	True	256	256	4096	4096	10000	10000	1	1	1	1	65526	65536	READ							10000	430.3123	33.0	43775.0	395.0	725.0	4359.0	5471.0	8751.0	23425665391	26514880929	12726228750	11814.84	1185.9582542694498	10377.908681999543	963.5852758412661	7860.0	4520.0	681091934	176018607		10.371022131002974	35076.987491853804	342.24423026237616	35419.23172211618	2913.6358739855523	29.574067178659117	2943.2099411642116	2925.3104928726466	29.26213090427087	2954.5726237769177	2921.8253877084185	27.857888194120896	2949.683275902539	2919.9440834423567	28.091444616070024	2948.0355280584267	2924.351970589679	27.242330505319877	2951.5943010949986	2924.674816748439	27.082309188751815	2951.7571259371907	2935.179693963167	25.453112469468877	2960.6328064326362	2923.9845161724174	26.308279255197487	2950.292795427615	2918.5687704625634	28.968157121898802	2947.5369275844623	2925.092356269953	28.797144583730418	2953.889500853684	2918.002611453674	31.677969450029213	2949.6805809037032	2926.4169181849325	31.929396794858775	2958.3463149797913	ok	cpu/event=0xc0,cmask=1,inv=1/	/home/seunghyun/ycsb/workloads/working_set_256mb_large_value.properties	/home/seunghyun/ycsb/results/bw-ineq-cc-io_chiplet_ycsb_256mib_fixed_workload_noise_numa0_x13_madracks-mnode5_20260317T171041Z_691882/runs/rocksdb/bw-ineq-cc-io_x13																																				
bw-ineq-cc-io	llamacpp_smoke	0	0	2026-03-17T16:52:47Z	madracks-mnode5	amd	llamacpp	analytic	per_instance_external	NO_RETIRED_INST_CYCLES	user	bw-ineq-cc-io_x0	1	14	0,1,2,3,4,5,6,84,85,86,87,88,89,90	0,0,0,0,0,0,0,0,0,0,0,0,0,0	True							1						QUERY_MIX	LLAMA_BENCH	Meta-Llama-3.1-8B-Instruct-Q4_K_M		1.6310337078815729	tokens/s	SUCCESSFUL	2	613108.1136875	337252.0175	888964.209875	613108.1136874999	861378.6002562499	883447.0879512499	888412.497682625	888909.0386557623	33139413681	47566002995	85154741355	21142.33	1.6310337078815729	21204.418312001508	1.6310337078815729	17980.0	3180.0	3248994124	374697502		21.185707379991072	2896.732518271423	195.065183207865	3091.797701479288	246.00638378749161	16.016587143847794	262.0229709313394	231.67117381735977	16.591874789854803	248.26304860721459	231.17220950684532	17.69265862837005	248.86486813521537	247.5242776707005	16.733448365142465	264.257726035843	249.76678111008002	17.250221242207846	267.0170023522879	234.90340621694702	16.927163986833374	251.83057020378038	234.14331286572755	16.051938921857232	250.1952517875848	244.5267075432087	15.49075052218361	260.0174580653923	252.7698774672469	15.39491514859023	268.16479261583714	238.76709966466	15.43794530909294	254.20504497375296	235.51524991653804	15.819709209603765	251.3349591261418	249.9660387046178	15.657969940280884	265.6240086448987	ok	cpu/event=0xc0,cmask=1,inv=1/		/home/seunghyun/ycsb/results/bw-ineq-cc-io_llamacpp_smoke_numa0_x0_madracks-mnode5_20260317T165226Z_683635/runs/llamacpp/bw-ineq-cc-io_x0																																				
bw-ineq-cc-io	llamacpp_smoke	0	1	2026-03-17T16:53:14Z	madracks-mnode5	amd	llamacpp	analytic	per_instance_external	NO_RETIRED_INST_CYCLES	user	bw-ineq-cc-io_x1	1	14	0,1,2,3,4,5,6,84,85,86,87,88,89,90	0,0,0,0,0,0,0,0,0,0,0,0,0,0	True							1						QUERY_MIX	LLAMA_BENCH	Meta-Llama-3.1-8B-Instruct-Q4_K_M		1.6202725174200665	tokens/s	SUCCESSFUL	2	617180.1281874999	343421.30425	890938.952125	617180.1281874999	863563.0697312499	885463.77564625	890391.4344771251	890884.2003602125	33476051076	47913356292	85095521332	21298.1	1.6202725174200665	21342.738680003094	1.6202725174200665	18250.0	3070.0	3249270376	374171331		21.341092317990842	8080.983656600479	194.4358037657817	8275.41946036626	659.466096167755	16.431207368393874	675.8973035361489	664.4983158530089	16.70119923332457	681.1995150863335	679.91060579182	16.091700537053043	696.002306328873	670.1401900422603	16.16332754618703	686.3035175884473	666.6110692559431	15.856997875164227	682.4680671311073	667.0608222022558	16.175297799340036	683.2361200015959	673.9902700026684	16.816285736045426	690.8065557387138	686.8044598468309	15.933283757791626	702.7377436046226	677.7710909866986	15.836613310021699	693.6077042967203	660.7228659840198	16.818426932218408	677.5412929162381	685.6456134407078	15.603351829563929	701.2489652702718	688.362257026509	16.008111840677817	704.3703688671868	ok	cpu/event=0xc0,cmask=1,inv=1/		/home/seunghyun/ycsb/results/bw-ineq-cc-io_llamacpp_smoke_numa0_x1_madracks-mnode5_20260317T165252Z_684294/runs/llamacpp/bw-ineq-cc-io_x1																																				
bw-ineq-cc-io	llamacpp_smoke	0	4	2026-03-17T16:53:45Z	madracks-mnode5	amd	llamacpp	analytic	per_instance_external	NO_RETIRED_INST_CYCLES	user	bw-ineq-cc-io_x4	1	14	0,1,2,3,4,5,6,84,85,86,87,88,89,90	0,0,0,0,0,0,0,0,0,0,0,0,0,0	True							1						QUERY_MIX	LLAMA_BENCH	Meta-Llama-3.1-8B-Instruct-Q4_K_M		1.533795375731218	tokens/s	SUCCESSFUL	2	651977.451375	364989.294375	938965.608375	651977.451375	910266.7926749999	933225.8452349999	938391.632061	938908.2107436	35937087951	50347381656	85104677105	22377.21	1.533795375731218	22435.793318989454	1.533795375731218	19130.0	3270.0	3249774447	370952795		22.41846719100431	23685.13495579378	208.23214496011698	23893.367100753898	1964.906778612478	17.251068372232844	1982.157846984711	1967.8065649176142	17.834976491355704	1985.64154140897	1961.5501443402043	17.510557227005766	1979.0607015672101	1974.6028464822805	17.645763014316035	1992.2486094965966	1966.959901245079	18.586145641535637	1985.5460468866147	1964.6761736300696	17.72352120169225	1982.3996948317617	1969.0791383022372	17.210055437460554	1986.2891937396978	1981.0507636785967	17.075831597768097	1998.1265952763647	1993.0242073009642	16.796033423360935	2009.8202407243252	1969.1790867530488	16.92249593798037	1986.101582691029	1981.0650176829456	16.833902281628962	1997.8989199645746	1991.2343328482661	16.841794333779855	2008.076127182046	ok	cpu/event=0xc0,cmask=1,inv=1/		/home/seunghyun/ycsb/results/bw-ineq-cc-io_llamacpp_smoke_numa0_x4_madracks-mnode5_20260317T165323Z_684956/runs/llamacpp/bw-ineq-cc-io_x4																																				
bw-ineq-cc-io	llamacpp_smoke	0	7	2026-03-17T16:54:33Z	madracks-mnode5	amd	llamacpp	analytic	per_instance_external	NO_RETIRED_INST_CYCLES	user	bw-ineq-cc-io_x7	1	14	0,1,2,3,4,5,6,84,85,86,87,88,89,90	0,0,0,0,0,0,0,0,0,0,0,0,0,0	True							1						QUERY_MIX	LLAMA_BENCH	Meta-Llama-3.1-8B-Instruct-Q4_K_M		1.0808018708152953	tokens/s	SUCCESSFUL	2	925238.961	400575.100875	1449902.821125	925238.961	1397436.4351125	1439409.5439225	1448853.4934047502	1449797.888352975	67394484042	82347559908	85141526770	36600.11	1.0808018708152953	36676.73186400498	1.0808018708152953	32130.000000000004	4510.0	3531654069	391997391		36.660108983996906	34598.75647983501	136.96008072107588	34735.71656055608	2872.780363640554	10.967519620485982	2883.74788326104	2863.998789195447	11.49355927187872	2875.492348467326	2850.676368419047	11.331264833094867	2862.0076332521417	2871.750151877027	11.619253076706627	2883.3694049537335	2865.199209629056	11.586407763559738	2876.7856173926157	2843.2660343402877	11.472146540559782	2854.7381808808473	2897.344790690547	11.010539727349629	2908.3553304178968	2903.0073684988574	12.171272537754035	2915.1786410366117	2919.033387550722	11.727138709740402	2930.7605262604625	2908.4484408264593	11.14746277624174	2919.595903602701	2897.3727883866195	11.106504892829966	2908.4792932794494	2905.878786780392	11.327010970874404	2917.2057977512663	ok	cpu/event=0xc0,cmask=1,inv=1/		/home/seunghyun/ycsb/results/bw-ineq-cc-io_llamacpp_smoke_numa0_x7_madracks-mnode5_20260317T165357Z_685646/runs/llamacpp/bw-ineq-cc-io_x7																																				
bw-ineq-cc-io	llamacpp_smoke	0	10	2026-03-17T16:56:11Z	madracks-mnode5	amd	llamacpp	analytic	per_instance_external	NO_RETIRED_INST_CYCLES	user	bw-ineq-cc-io_x10	1	14	0,1,2,3,4,5,6,84,85,86,87,88,89,90	0,0,0,0,0,0,0,0,0,0,0,0,0,0	True							1						QUERY_MIX	LLAMA_BENCH	Meta-Llama-3.1-8B-Instruct-Q4_K_M		0.32808379369244384	tokens/s	SUCCESSFUL	2	3048001.819125	1337239.805125	4758763.833125	3048001.819125	4587687.631725	4724548.592845	4755342.309097	4758421.680722199	169400910775	184003479836	85241301213	81801.25	0.32808379369244384	81950.51235599385	0.32808379369244384	74580.0	7280.0	3899118894	505803465		81.94509402199765	35102.22499887902	81.04439111516925	35183.26938999419	2919.69265024357	6.231335132196089	2925.923985375766	2915.384924968547	6.938763634034936	2922.3236886025816	2912.577750659697	6.388460860011455	2918.9662115197084	2920.8076625919384	6.633831432163425	2927.4414940241018	2915.2118747713307	7.127868940779993	2922.3397437121107	2913.922671061308	6.816118997952922	2920.7387900592607	2932.0188923340106	6.356928103604091	2938.3758204376145	2932.8605369998936	6.633899381475719	2939.4944363813693	2934.5756083563347	7.004283797633884	2941.5798921539686	2934.577249003117	6.912713271986192	2941.489962275103	2932.228608910067	6.961282544480536	2939.1898914545477	2938.366568979204	7.038905018850008	2945.4054739980543	ok	cpu/event=0xc0,cmask=1,inv=1/		/home/seunghyun/ycsb/results/bw-ineq-cc-io_llamacpp_smoke_numa0_x10_madracks-mnode5_20260317T165449Z_686435/runs/llamacpp/bw-ineq-cc-io_x10																																				
bw-ineq-cc-io	llamacpp_smoke	0	13	2026-03-17T16:58:27Z	madracks-mnode5	amd	llamacpp	analytic	per_instance_external	NO_RETIRED_INST_CYCLES	user	bw-ineq-cc-io_x13	1	14	0,1,2,3,4,5,6,84,85,86,87,88,89,90	0,0,0,0,0,0,0,0,0,0,0,0,0,0	True							1						QUERY_MIX	LLAMA_BENCH	Meta-Llama-3.1-8B-Instruct-Q4_K_M		0.22989133635526732	tokens/s	SUCCESSFUL	2	4349881.1910625	1846238.536375	6853523.84575	4349881.1910625	6603159.58028125	6803450.9926562505	6848516.560440626	6853023.1172190625	246912453168	261533641207	85261722442	116359.64	0.22989133635526732	116780.98688699538	0.22989133635526732	103680.0	12650.0	4063494942	552325623		116.77836624899646	35165.79786997021	58.59680079397956	35224.39467076419	2923.1124939282454	4.5343174588687285	2927.646811387114	2924.290659820964	4.668859183500529	2928.9595190044643	2915.6070484357847	4.663103859950924	2920.2701522957354	2923.068725505393	4.915750698742831	2927.9844762041357	2925.2302590340296	5.18116389391055	2930.4114229279403	2914.1034645904874	5.105075930515966	2919.208540521003	2934.8850043762154	4.642494979127836	2939.5274993553435	2941.3465544505407	4.858123845468529	2946.204678296009	2942.358704054156	4.706394301098608	2947.0650983552546	2936.453505025342	5.18730497512063	2941.640810000463	2941.7077947180355	5.116442432047942	2946.8242371500833	2943.6336560310124	5.0177692356264885	2948.651425266639	ok	cpu/event=0xc0,cmask=1,inv=1/		/home/seunghyun/ycsb/results/bw-ineq-cc-io_llamacpp_smoke_numa0_x13_madracks-mnode5_20260317T165631Z_687336/runs/llamacpp/bw-ineq-cc-io_x13																																				
bw-ineq-intra-io	chiplet_duckdb_tpch_sf1_single_thread_q21	0	0	2026-03-17T17:57:27Z	madracks-mnode5	amd	duckdb_tpch	analytic	per_instance_external	NO_RETIRED_INST_CYCLES	user	bw-ineq-intra-io_x0	1	1	0	0	True							1						Q21	DUCKDB_TPCH	SF1		2.222539111838233	queries/s	SUCCESSFUL	1	449884.82899498194	449884.82899498194	449884.82899498194	449884.82899498194	449884.82899498194	449884.82899498194	449884.82899498194	449884.82899498194	1779115567	2560625775	4809510356	1333.87	2.222539111838233	868.2762230018852	2.222539111838233	1020.0	360.0	105879150	17858329		0.8556432760087773	956.6364857410247	295.01157392901376	1251.6480596700385	92.90098939012898	20.030228744682894	112.93121813481187	61.79587322112994	21.686063450287016	83.48193667141695	62.04483552128324	20.601639870657735	82.64647539194098	73.77205475219597	20.998937715816865	94.77099246801284	69.01044430219324	19.451707495530826	88.46215179772406	140.00951887134252	23.85722258684277	163.8667414581853	72.97343901744188	29.34908613154943	102.3225251489913	92.88266264884848	34.375778078862936	127.25844072771142	66.86068644838828	35.78004911488203	102.64073556327031	64.86729679151571	28.852272913364864	93.71956970488057	79.64081038663947	20.268525510702453	99.90933589734192	79.87787438991704	19.760062315833963	99.637936705751	ok	cpu/event=0xc0,cmask=1,inv=1/		/home/seunghyun/ycsb/results/bw-ineq-intra-io_chiplet_duckdb_tpch_sf1_single_thread_q21_numa0_x0_madracks-mnode5_20260317T175726Z_706280/runs/duckdb_tpch/bw-ineq-intra-io_x0																																				
bw-ineq-intra-io	chiplet_duckdb_tpch_sf1_single_thread_q21	0	11	2026-03-17T17:58:03Z	madracks-mnode5	amd	duckdb_tpch	analytic	per_instance_external	NO_RETIRED_INST_CYCLES	user	bw-ineq-intra-io_x11	1	1	0	0	True							1						Q21	DUCKDB_TPCH	SF1		2.2456689019075267	queries/s	SUCCESSFUL	1	445251.49000401143	445251.49000401143	445251.49000401143	445251.49000401143	445251.49000401143	445251.49000401143	445251.49000401143	445251.49000401143	1931011466	2707071688	4775940144	1385.74	2.2456689019075267	868.246548998286	2.2456689019075267	970.0	470.0	106930812	18069363		0.8570645440049702	103171.45112248788	269.95434332037246	103441.40546580825	8394.74064923175	28.489281994707305	8423.229931226457	8621.818410787879	19.39692982078956	8641.215340608669	8657.662173872859	21.162974898075742	8678.825148770935	8603.165657202717	21.685922714716433	8624.851579917433	8599.214579697698	22.19047255460781	8621.405052252307	8301.215438539788	27.445587376623656	8328.661025916412	8622.70434920538	27.431255981310347	8650.13560518669	8708.5130022945	23.560316916722485	8732.073319211222	8691.222889274986	19.324635411766206	8710.547524686752	8631.991623598888	17.67511106220116	8649.666734661088	8692.50702798847	18.356601294082964	8710.863629282552	8646.695320792976	23.23525329476882	8669.930574087744	ok	cpu/event=0xc0,cmask=1,inv=1/		/home/seunghyun/ycsb/results/bw-ineq-intra-io_chiplet_duckdb_tpch_sf1_single_thread_q21_numa0_x11_madracks-mnode5_20260317T175802Z_707065/runs/duckdb_tpch/bw-ineq-intra-io_x11																																				
bw-ineq-intra-io	chiplet_duckdb_tpch_sf1_single_thread_q21	0	22	2026-03-17T17:58:47Z	madracks-mnode5	amd	duckdb_tpch	analytic	per_instance_external	NO_RETIRED_INST_CYCLES	user	bw-ineq-intra-io_x22	1	1	0	0	True							1						Q21	DUCKDB_TPCH	SF1		2.181409690293166	queries/s	SUCCESSFUL	1	458369.31200756226	458369.31200756226	458369.31200756226	458369.31200756226	458369.31200756226	458369.31200756226	458369.31200756226	458369.31200756226	1891344124	2681529312	4857957739	1351.37	2.181409690293166	907.7709589910228	2.181409690293166	1160.0	230.0	106736557	18345280		0.8990154919883935	216337.654525846	260.72548858200656	216598.38001442802	18143.807683192797	21.72368300084955	18165.531366193645	18089.226824043002	19.757567381836544	18108.984391424838	18074.04947939375	18.575808909944044	18092.625288303694	18113.67408307056	15.291622885271982	18128.965705955834	18092.686739676392	23.128134574137132	18115.81487425053	17854.002379182046	27.416886911873345	17881.41926609392	17616.393248956418	31.934724005464815	17648.32797296188	17998.008346363564	26.734651180715197	18024.74299754428	18067.808781370713	21.581925894184938	18089.390707264898	18106.49537679593	17.591309458729928	18124.08668625466	18089.991079893774	17.536801453528124	18107.5278813473	18091.51050390701	19.452372925470975	18110.962876832484	ok	cpu/event=0xc0,cmask=1,inv=1/		/home/seunghyun/ycsb/results/bw-ineq-intra-io_chiplet_duckdb_tpch_sf1_single_thread_q21_numa0_x22_madracks-mnode5_20260317T175846Z_708115/runs/duckdb_tpch/bw-ineq-intra-io_x22																																				
bw-ineq-intra-io	chiplet_duckdb_tpch_sf1_single_thread_q21	0	33	2026-03-17T17:59:46Z	madracks-mnode5	amd	duckdb_tpch	analytic	per_instance_external	NO_RETIRED_INST_CYCLES	user	bw-ineq-intra-io_x33	1	1	0	0	True							1						Q21	DUCKDB_TPCH	SF1		1.9922753388594878	queries/s	SUCCESSFUL	1	501888.38299072813	501888.38299072813	501888.38299072813	501888.38299072813	501888.38299072813	501888.38299072813	501888.38299072813	501888.38299072813	1858738402	2654689034	4901282508	1288.4	1.9922753388594878	1089.5042519987328	1.9922753388594878	1130.0	220.0	100476720	20946797		1.072459847011487	270112.8366355221	257.6744642327761	270370.51109975483	22584.10759721472	19.10319236003317	22603.210789574754	22585.145729750056	16.60886125654958	22601.754591006607	22540.272375995817	19.545533948346186	22559.817909944162	22170.98011091762	21.978792163677777	22192.958903081297	22489.370998363804	19.884965740445658	22509.25596410425	22469.480490243797	20.29020292126805	22489.770693165065	22465.967037171846	22.615087547989422	22488.582124719836	22546.01989680046	26.09169084485112	22572.11158764531	22549.862371506755	28.237905100591682	22578.100276607347	22585.14126171802	23.32754665593633	22608.468808373957	22547.65520502516	19.60778344384977	22567.26298846901	22578.83356081403	20.382902249237315	22599.21646306327	ok	cpu/event=0xc0,cmask=1,inv=1/		/home/seunghyun/ycsb/results/bw-ineq-intra-io_chiplet_duckdb_tpch_sf1_single_thread_q21_numa0_x33_madracks-mnode5_20260317T175945Z_709398/runs/duckdb_tpch/bw-ineq-intra-io_x33																																				
bw-ineq-intra-io	chiplet_duckdb_tpch_sf1_single_thread_q21	0	44	2026-03-17T18:00:54Z	madracks-mnode5	amd	duckdb_tpch	analytic	per_instance_external	NO_RETIRED_INST_CYCLES	user	bw-ineq-intra-io_x44	1	1	0	0	True							1						Q21	DUCKDB_TPCH	SF1		2.0200863447459962	queries/s	SUCCESSFUL	1	494975.55500420276	494975.55500420276	494975.55500420276	494975.55500420276	494975.55500420276	494975.55500420276	494975.55500420276	494975.55500420276	1783962047	2566139507	4825624967	1228.86	2.0200863447459962	1069.2282450036146	2.0200863447459962	870.0	400.0	99566990	21146754		1.056340380004258	293379.84416326287	271.57483620807324	293651.41899947094	24430.92226419068	21.61730898525145	24452.539573175934	24548.055428041407	19.131207711539698	24567.186635752947	24236.48576462773	23.387415918048163	24259.87318054578	24447.15032717557	16.919932329445853	24464.070259505013	24542.995072732057	19.985324142113104	24562.98039687417	24341.636250167925	29.34760862931427	24370.98385879724	24473.62982141714	22.961707447745326	24496.591528864887	24441.74551331666	32.564902118420584	24474.31041543508	24485.31598497944	22.079335115025046	24507.395320094463	24471.228903256986	17.6671569322617	24488.896060189247	24506.106584537592	21.72624506839577	24527.832829605988	24454.572248819695	24.186691810512322	24478.758940630207	ok	cpu/event=0xc0,cmask=1,inv=1/		/home/seunghyun/ycsb/results/bw-ineq-intra-io_chiplet_duckdb_tpch_sf1_single_thread_q21_numa0_x44_madracks-mnode5_20260317T180053Z_710884/runs/duckdb_tpch/bw-ineq-intra-io_x44																																				
bw-ineq-intra-io	chiplet_duckdb_tpch_sf1_single_thread_q21	0	55	2026-03-17T18:02:08Z	madracks-mnode5	amd	duckdb_tpch	analytic	per_instance_external	NO_RETIRED_INST_CYCLES	user	bw-ineq-intra-io_x55	1	1	0	0	True							1						Q21	DUCKDB_TPCH	SF1		2.006027820763717	queries/s	SUCCESSFUL	1	498447.60399719235	498447.60399719235	498447.60399719235	498447.60399719235	498447.60399719235	498447.60399719235	498447.60399719235	498447.60399719235	1797018488	2579135707	4828537817	1216.43	2.006027820763717	968.335230005323	2.006027820763717	980.0	280.0	98457000	21520274		0.961009214996011	315902.5815689941	310.0679276477924	316212.6494966419	26354.677192853895	23.617568483015926	26378.29476133691	26415.4611829191	20.31036529779914	26435.7715482169	26386.66374406341	20.423071446202446	26407.086815509614	26405.500953978244	21.348143825480566	26426.849097803726	26395.311562296083	24.420637713254575	26419.732200009337	26296.25708371628	32.56099737678848	26328.818081093068	26214.366168122764	30.64735340623973	26245.013521529003	26275.665895849957	29.828197455979712	26305.494093305937	26389.164580116005	24.625023522700562	26413.789603638706	26223.303374234667	30.159454998497537	26253.462829233165	26242.03993219057	27.239396860034443	26269.279329050605	26304.16989865315	24.887717261799246	26329.057615914946	ok	cpu/event=0xc0,cmask=1,inv=1/		/home/seunghyun/ycsb/results/bw-ineq-intra-io_chiplet_duckdb_tpch_sf1_single_thread_q21_numa0_x55_madracks-mnode5_20260317T180207Z_712436/runs/duckdb_tpch/bw-ineq-intra-io_x55																																				
bw-ineq-intra-io	chiplet_duckdb_tpch_sf1_single_thread_q21	0	66	2026-03-17T18:03:30Z	madracks-mnode5	amd	duckdb_tpch	analytic	per_instance_external	NO_RETIRED_INST_CYCLES	user	bw-ineq-intra-io_x66	1	1	0	0	True							1						Q21	DUCKDB_TPCH	SF1		1.9430057727920595	queries/s	SUCCESSFUL	1	514612.70000436343	514612.70000436343	514612.70000436343	514612.70000436343	514612.70000436343	514612.70000436343	514612.70000436343	514612.70000436343	1774789103	2561364901	4847082670	1187.96	1.9430057727920595	1109.5863709924743	1.9430057727920595	980.0	260.0	98834827	21941207		1.0954740809975192	332074.3973886103	316.1075307467265	332390.504919357	27696.262183307303	26.576758927957894	27722.83894223526	27699.24046254806	22.678092822338684	27721.918555370397	27723.999993985235	21.113224828381192	27745.113218813618	27749.970647025	24.06572949773376	27774.036376522734	27671.470134510993	24.951565532968004	27696.42170004396	27580.8420732839	32.56159412639658	27613.403667410297	27570.53642532012	29.62770565055685	27600.164130970676	27682.59585177419	29.772172722378233	27712.36802449657	27691.07973609016	24.220341662005406	27715.300077752167	27709.604711798995	23.20271359876815	27732.80742539776	27638.647085976874	29.47099213486904	27668.118078111744	27660.148082989486	27.866639242372763	27688.01472223186	ok	cpu/event=0xc0,cmask=1,inv=1/		/home/seunghyun/ycsb/results/bw-ineq-intra-io_chiplet_duckdb_tpch_sf1_single_thread_q21_numa0_x66_madracks-mnode5_20260317T180329Z_713764/runs/duckdb_tpch/bw-ineq-intra-io_x66																																				
bw-ineq-intra-io	chiplet_duckdb_tpch_sf1_single_thread_q21	0	77	2026-03-17T18:04:58Z	madracks-mnode5	amd	duckdb_tpch	analytic	per_instance_external	NO_RETIRED_INST_CYCLES	user	bw-ineq-intra-io_x77	1	1	0	0	True							1						Q21	DUCKDB_TPCH	SF1		1.9934738370892642	queries/s	SUCCESSFUL	1	501576.2219991302	501576.2219991302	501576.2219991302	501576.2219991302	501576.2219991302	501576.2219991302	501576.2219991302	501576.2219991302	1884320716	2681324385	4890043995	1232.54	1.9934738370892642	1351.336962005007	1.9934738370892642	1020.0	260.0	98631014	22302796		1.3462722759868484	336585.2216152823	243.1306989544132	336828.3523142367	28078.146024518814	21.444550451304842	28099.59057497012	28112.35100600323	17.82476016014981	28130.175766163382	28067.615624184324	17.354620992983737	28084.97024517731	28069.554840521905	17.069424340441834	28086.62426486235	28018.017220524856	21.304754581743275	28039.3219751066	27944.425690673128	25.939041737457472	27970.364732410584	27997.970342699864	23.47874894313029	28021.449091642993	28068.913238667476	21.7292803183349	28090.64251898581	28026.74849972074	19.413688567835248	28046.162188288574	28062.24764533873	19.82862932319841	28082.07627466193	28091.20901983472	19.434329655510926	28110.643349490234	28048.022462594578	18.308869882322426	28066.3313324769	ok	cpu/event=0xc0,cmask=1,inv=1/		/home/seunghyun/ycsb/results/bw-ineq-intra-io_chiplet_duckdb_tpch_sf1_single_thread_q21_numa0_x77_madracks-mnode5_20260317T180456Z_715198/runs/duckdb_tpch/bw-ineq-intra-io_x77																																				
bw-ineq-intra-io	chiplet_ycsb_256mib_fixed_workload_noise	0	0	2026-03-17T18:13:34Z	madracks-mnode5	amd	elasticsearch	embedded	per_instance	NO_RETIRED_INST_CYCLES	user	bw-ineq-intra-io_x0	1	1	0	0	True	256	256	4096	4096	100	100	1	1	1	1	65526	65536	READ							100	2535.9	560.0	33887.0	1180.0	6943.0	8959.0	33887.0	33887.0	6839250487	9596216683	14145498587	4275.68	25.419420437214033	4377.117921001627	22.846083154441665	3830.0	500.0	626758892	142919464		4.366756545001408	641.4148586956943	127.1042131598504	768.5190718555447	52.59298031536592	10.068267311460103	62.661247626826025	52.12649836847514	10.430357307068963	62.5568556755441	55.95112384808913	11.665319966182805	67.61644381427193	54.60455065790908	11.427616680092983	66.03216733800207	51.14009165142262	10.824953678938048	61.96504533036067	55.27803265248446	11.151804691516734	66.4298373440012	49.530546570332874	10.478192707186228	60.0087392775191	53.415683484091645	9.93128985876727	63.34697334285892	54.086708878268404	10.597515480998208	64.68422435926661	58.709312051834175	10.560997051364804	69.27030910319898	53.06182531616572	10.171603447440795	63.23342876360651	50.91750490125518	9.796294978833469	60.713799880088644	ok	cpu/event=0xc0,cmask=1,inv=1/	/home/seunghyun/ycsb/workloads/working_set_256mb_large_value.properties	/home/seunghyun/ycsb/results/bw-ineq-intra-io_chiplet_ycsb_256mib_fixed_workload_noise_numa0_x0_madracks-mnode5_20260317T181135Z_715934/runs/elasticsearch/bw-ineq-intra-io_x0																																				
bw-ineq-intra-io	chiplet_ycsb_256mib_fixed_workload_noise	0	0	2026-03-17T18:11:58Z	madracks-mnode5	amd	orientdb	embedded	per_instance	NO_RETIRED_INST_CYCLES	user	bw-ineq-intra-io_x0	1	1	0	0	True	256	256	4096	4096	100	100	1	1	1	1	65526	65536	READ							100	1644.74	383.0	9647.0	571.0	8335.0	8807.0	9647.0	9647.0	6221329263	8906904332	13796417728	3966.14	29.940119760479043	4175.597903988091	23.948666107071883	3110.0	1020.0	607899922	114176807		4.164042346004862	888.5528416462311	413.8356490821282	1302.3884907283593	74.95499076690975	32.000816695294546	106.95580746220429	69.82151114811214	31.1259689777037	100.94748012581584	68.83364854283857	32.1028459179269	100.93649446076547	76.92466994476207	34.48360814027819	111.40827808504027	82.65585161273917	35.23914429366587	117.89499590640504	89.23739981342013	38.231263809220664	127.46866362264079	73.06200914814457	35.58188534827803	108.6438944964226	73.02484845235146	36.48939801928085	109.5142464716323	69.80489835230311	35.86686646888549	105.6717648211886	73.94567082974437	37.02201126996536	110.96768209970973	65.73600487894831	33.81556357044226	99.55156844939057	70.55133815595745	31.876276571186438	102.42761472714389	ok	cpu/event=0xc0,cmask=1,inv=1/	/home/seunghyun/ycsb/workloads/working_set_256mb_large_value.properties	/home/seunghyun/ycsb/results/bw-ineq-intra-io_chiplet_ycsb_256mib_fixed_workload_noise_numa0_x0_madracks-mnode5_20260317T181135Z_715934/runs/orientdb/bw-ineq-intra-io_x0																																				
bw-ineq-intra-io	chiplet_ycsb_256mib_fixed_workload_noise	0	0	2026-03-17T18:11:44Z	madracks-mnode5	amd	rocksdb	embedded	per_instance	NO_RETIRED_INST_CYCLES	user	bw-ineq-intra-io_x0	1	1	0	0	True	256	256	4096	4096	10000	10000	1	1	1	1	65526	65536	READ							10000	279.2905	12.0	16319.0	134.0	415.0	4343.0	8359.0	14575.0	6524097844	10707176518	12263227986	4782.32	2149.151085321298	5204.6164860075805	1921.3711571034353	3780.0	1110.0	559017483	122562555		5.190889833000256	1062.0465720446605	395.5405730379035	1457.587145082564	88.44564353278585	31.451180469407017	119.89682400219287	85.86086710029893	34.20324196683972	120.06410906713865	88.23799809693593	32.67506425637537	120.91306235331129	85.41642425866799	33.48567625998808	118.90210051865607	83.7726844410143	33.790794772278346	117.56347921329265	86.8062099510022	32.8726885122281	119.6788984632303	94.71687214264905	34.3023056555982	129.01917779824726	93.78937530104152	33.683792428186614	127.47316772922812	96.77303421856949	32.80822403593145	129.58125825450094	89.84847850412612	32.94339226925934	122.79187077338545	84.5617678473219	32.237221567173904	116.79898941449581	83.81721665024708	31.086990844637377	114.90420749488445	ok	cpu/event=0xc0,cmask=1,inv=1/	/home/seunghyun/ycsb/workloads/working_set_256mb_large_value.properties	/home/seunghyun/ycsb/results/bw-ineq-intra-io_chiplet_ycsb_256mib_fixed_workload_noise_numa0_x0_madracks-mnode5_20260317T181135Z_715934/runs/rocksdb/bw-ineq-intra-io_x0																																				
bw-ineq-intra-io	chiplet_ycsb_256mib_fixed_workload_noise	0	11	2026-03-17T18:15:37Z	madracks-mnode5	amd	elasticsearch	embedded	per_instance	NO_RETIRED_INST_CYCLES	user	bw-ineq-intra-io_x11	1	1	0	0	True	256	256	4096	4096	100	100	1	1	1	1	65526	65536	READ							100	2346.67	583.0	25135.0	1168.0	7443.0	9751.0	25135.0	25135.0	6578534126	9321931367	14095718786	4153.57	26.246719160104988	4250.271404001978	23.52790927794442	3770.0	430.0	621837149	140328536		4.248736063003889	102756.09523181563	105.26167880008944	102861.35691061572	8569.838954182029	9.430238738124467	8579.269192920154	8524.692272838725	8.36565108808672	8533.057923926812	8523.354455255487	12.399253971453113	8535.75370922694	8574.91351863257	10.10106606818705	8585.014584700757	8522.162096599948	8.508995417914152	8530.671092017863	8520.807371189265	8.439632746431132	8529.247003935696	8605.112858264347	7.9602060672127495	8613.07306433156	8573.86253085492	7.627157705115574	8581.489688560036	8587.344441897101	8.17125129130355	8595.515693188405	8601.763786608388	7.886557437854624	8609.650344046242	8571.844440658504	7.509588611703457	8579.354029270207	8580.398504834358	8.862079656702857	8589.260584491061	ok	cpu/event=0xc0,cmask=1,inv=1/	/home/seunghyun/ycsb/workloads/working_set_256mb_large_value.properties	/home/seunghyun/ycsb/results/bw-ineq-intra-io_chiplet_ycsb_256mib_fixed_workload_noise_numa0_x11_madracks-mnode5_20260317T181339Z_716627/runs/elasticsearch/bw-ineq-intra-io_x11																																				
bw-ineq-intra-io	chiplet_ycsb_256mib_fixed_workload_noise	0	11	2026-03-17T18:14:03Z	madracks-mnode5	amd	orientdb	embedded	per_instance	NO_RETIRED_INST_CYCLES	user	bw-ineq-intra-io_x11	1	1	0	0	True	256	256	4096	4096	100	100	1	1	1	1	65526	65536	READ							100	1570.87	382.0	12663.0	562.0	8383.0	11759.0	12663.0	12663.0	6173750151	8884198788	13887869720	3955.96	29.779630732578916	4170.210323994979	23.979605878535637	3220.0	890.0	590573509	115598922		4.158962852001423	103009.1085343548	399.61255989609504	103408.7210942509	8585.847884882705	28.35069895823032	8614.198583840936	8551.382817367212	30.603028887887834	8581.9858462551	8539.134228541816	31.600560998204998	8570.734789540022	8596.76125421421	36.77339445677288	8633.534648670984	8564.422767174428	43.47986141236724	8607.902628586795	8543.429034339044	36.597151762228314	8580.026186101271	8630.621513602702	35.35439021203831	8665.97590381474	8594.86853762887	33.75724241043708	8628.625780039307	8598.97393497021	33.77109905332753	8632.745034023537	8615.115258861802	32.38462291104159	8647.499881772845	8596.95008835873	29.561354947590218	8626.51144330632	8591.601214413085	27.37915388596879	8618.980368299055	ok	cpu/event=0xc0,cmask=1,inv=1/	/home/seunghyun/ycsb/workloads/working_set_256mb_large_value.properties	/home/seunghyun/ycsb/results/bw-ineq-intra-io_chiplet_ycsb_256mib_fixed_workload_noise_numa0_x11_madracks-mnode5_20260317T181339Z_716627/runs/orientdb/bw-ineq-intra-io_x11																																				
bw-ineq-intra-io	chiplet_ycsb_256mib_fixed_workload_noise	0	11	2026-03-17T18:13:48Z	madracks-mnode5	amd	rocksdb	embedded	per_instance	NO_RETIRED_INST_CYCLES	user	bw-ineq-intra-io_x11	1	1	0	0	True	256	256	4096	4096	10000	10000	1	1	1	1	65526	65536	READ							10000	282.1532	12.0	16495.0	136.0	415.0	4339.0	8159.0	14743.0	6593407674	10812643475	12468375908	4821.07	2155.1724137931033	5197.739528986858	1923.913259645236	3690.0	1240.0	566689801	122438509		5.180120425997302	103137.71585714346	353.81790966612607	103491.53376680959	8596.716830546547	28.960455729772498	8625.67728627632	8540.8878099219	28.90576519967375	8569.793575121574	8539.989425179614	29.829882856736692	8569.81930803635	8601.404966290984	29.825395709756982	8631.23036200074	8564.743940178203	33.064218969108005	8597.808159147311	8556.923495270044	30.130239756441245	8587.053735026486	8647.74264957067	29.7952123682226	8677.537861938892	8618.1301566146	29.43677560577648	8647.566932220376	8621.316056179849	29.177457266886933	8650.493513446736	8636.593120360667	28.58284298464043	8665.175963345308	8606.727255848371	27.73034191225999	8634.457597760631	8606.540151182016	28.37932130685051	8634.919472488868	ok	cpu/event=0xc0,cmask=1,inv=1/	/home/seunghyun/ycsb/workloads/working_set_256mb_large_value.properties	/home/seunghyun/ycsb/results/bw-ineq-intra-io_chiplet_ycsb_256mib_fixed_workload_noise_numa0_x11_madracks-mnode5_20260317T181339Z_716627/runs/rocksdb/bw-ineq-intra-io_x11																																				
bw-ineq-intra-io	chiplet_ycsb_256mib_fixed_workload_noise	0	22	2026-03-17T18:17:49Z	madracks-mnode5	amd	elasticsearch	embedded	per_instance	NO_RETIRED_INST_CYCLES	user	bw-ineq-intra-io_x22	1	1	0	0	True	256	256	4096	4096	100	100	1	1	1	1	65526	65536	READ							100	2488.36	550.0	45343.0	1087.0	6695.0	8255.0	45343.0	45343.0	6918787524	9739558517	14510991265	4338.92	25.03755633450175	4452.408455006662	22.459754312871183	3940.0	450.0	633085258	142696911		4.4460452729981625	216843.8577515265	116.54293089945666	216960.40068242594	18052.201736513485	10.436122408185781	18062.63785892167	18068.12769982645	9.287062214202923	18077.414762040655	18088.640773808766	11.231047044148685	18099.871820852914	18044.534997138693	9.478966525794135	18054.01396366449	18071.062818154136	9.28569579041869	18080.348513944555	18085.609487155067	8.873712322084833	18094.483199477152	18047.844897893137	8.389117805092186	18056.234015698228	18067.778846738343	10.047841036758935	18077.8266877751	18096.97417786183	9.65061086916904	18106.624788731	18050.74234153712	9.614463311428718	18060.356804848547	18075.321842264766	9.790692195442773	18085.112534460208	18095.018132634723	10.457599376729947	18105.47573201145	ok	cpu/event=0xc0,cmask=1,inv=1/	/home/seunghyun/ycsb/workloads/working_set_256mb_large_value.properties	/home/seunghyun/ycsb/results/bw-ineq-intra-io_chiplet_ycsb_256mib_fixed_workload_noise_numa0_x22_madracks-mnode5_20260317T181546Z_717565/runs/elasticsearch/bw-ineq-intra-io_x22																																				
bw-ineq-intra-io	chiplet_ycsb_256mib_fixed_workload_noise	0	22	2026-03-17T18:16:10Z	madracks-mnode5	amd	orientdb	embedded	per_instance	NO_RETIRED_INST_CYCLES	user	bw-ineq-intra-io_x22	1	1	0	0	True	256	256	4096	4096	100	100	1	1	1	1	65526	65536	READ							100	1662.91	462.0	11951.0	576.0	7375.0	9959.0	11951.0	11951.0	6424351019	9062247618	13586676700	4035.19	30.432136335970785	4271.127971005626	23.413018921195015	3190.0	1010.0	608115311	117181448		4.25148838700261	217083.67020989564	398.67030921827677	217482.34051911393	18068.284243413476	33.69772418905504	18101.981967602533	18089.69847303774	27.30811094808662	18117.00658398583	18112.07588040787	30.120258793235685	18142.196139201104	18070.671032047067	29.15548007873802	18099.826512125805	18087.9753613008	27.86247459530922	18115.83783589611	18090.302162220494	34.70244095394922	18125.004603174442	18085.880015971896	37.361621833576386	18123.241637805473	18103.988134793533	40.078871661907506	18144.06700645544	18124.061508652972	35.76365463685772	18159.825163289832	18043.47551262776	35.15445525699724	18078.629967884757	18094.710585321787	33.52090894314382	18128.231494264932	18112.547300100247	33.944307327420205	18146.491607427666	ok	cpu/event=0xc0,cmask=1,inv=1/	/home/seunghyun/ycsb/workloads/working_set_256mb_large_value.properties	/home/seunghyun/ycsb/results/bw-ineq-intra-io_chiplet_ycsb_256mib_fixed_workload_noise_numa0_x22_madracks-mnode5_20260317T181546Z_717565/runs/orientdb/bw-ineq-intra-io_x22																																				
bw-ineq-intra-io	chiplet_ycsb_256mib_fixed_workload_noise	0	22	2026-03-17T18:15:55Z	madracks-mnode5	amd	rocksdb	embedded	per_instance	NO_RETIRED_INST_CYCLES	user	bw-ineq-intra-io_x22	1	1	0	0	True	256	256	4096	4096	10000	10000	1	1	1	1	65526	65536	READ							10000	286.2452	12.0	15679.0	138.0	424.0	4359.0	8415.0	12551.0	6704115275	10883901800	12297294596	4850.85	2131.287297527707	5258.676512006787	1901.6191578180678	3750.0	1230.0	559975147	120358051		5.246425414006808	217235.12414335317	374.58102749266016	217609.70517084582	18087.56907309161	30.40008936478836	18117.9691624564	18088.540507233443	29.890878503581792	18118.431385737025	18122.716718365664	32.073814648094604	18154.79053301376	18081.63225151213	31.19840832067836	18112.830659832805	18109.807499975155	31.472186147522027	18141.279686122678	18101.65117328963	31.288034057226657	18132.939207346855	18084.464322147316	31.822683357750584	18116.287005505066	18108.985861868154	33.287994215197656	18142.273856083353	18136.060209162373	32.07551588138895	18168.13572504376	18070.29598024818	31.496385625126713	18101.792365873305	18111.00366148019	29.458587778352168	18140.462249258544	18132.39688497933	30.11644959295224	18162.513334572282	ok	cpu/event=0xc0,cmask=1,inv=1/	/home/seunghyun/ycsb/workloads/working_set_256mb_large_value.properties	/home/seunghyun/ycsb/results/bw-ineq-intra-io_chiplet_ycsb_256mib_fixed_workload_noise_numa0_x22_madracks-mnode5_20260317T181546Z_717565/runs/rocksdb/bw-ineq-intra-io_x22																																				
bw-ineq-intra-io	chiplet_ycsb_256mib_fixed_workload_noise	0	33	2026-03-17T18:20:13Z	madracks-mnode5	amd	elasticsearch	embedded	per_instance	NO_RETIRED_INST_CYCLES	user	bw-ineq-intra-io_x33	1	1	0	0	True	256	256	4096	4096	100	100	1	1	1	1	65526	65536	READ							100	2512.67	503.0	31263.0	1173.0	7227.0	14415.0	31263.0	31263.0	7009620810	9718970352	13906705274	4329.74	25.100401606425702	4432.922715001041	22.558480359154313	3880.0	510.0	596049107	147775172		4.43147857200529	271597.93630837114	127.78442342578097	271725.72073179693	22652.55063304592	10.78853763020985	22663.339170676132	22619.142838024214	10.039134308524828	22629.18197233274	22624.31043301849	11.451798012832416	22635.762231031324	22644.36253111751	10.908877796965347	22655.271408914476	22634.176336486646	10.797863605434127	22644.97420009208	22625.93863156463	10.174190080454496	22636.112821645085	22645.12276515176	10.010764554857662	22655.133529706614	22628.795870924736	9.946446419219834	22638.742317343957	22622.2335962474	10.511011942528869	22632.74460818993	22650.178347138863	9.80184071637971	22659.980187855243	22632.165776799724	11.921260901699686	22644.087037701425	22618.958548851228	11.432697456674147	22630.391246307903	ok	cpu/event=0xc0,cmask=1,inv=1/	/home/seunghyun/ycsb/workloads/working_set_256mb_large_value.properties	/home/seunghyun/ycsb/results/bw-ineq-intra-io_chiplet_ycsb_256mib_fixed_workload_noise_numa0_x33_madracks-mnode5_20260317T181801Z_718804/runs/elasticsearch/bw-ineq-intra-io_x33																																				
bw-ineq-intra-io	chiplet_ycsb_256mib_fixed_workload_noise	0	33	2026-03-17T18:18:26Z	madracks-mnode5	amd	orientdb	embedded	per_instance	NO_RETIRED_INST_CYCLES	user	bw-ineq-intra-io_x33	1	1	0	0	True	256	256	4096	4096	100	100	1	1	1	1	65526	65536	READ							100	1876.72	493.0	18239.0	621.0	8831.0	12503.0	18239.0	18239.0	6540022470	9088608158	13124742202	4047.1	29.38583602703497	4252.330645991606	23.516515606391867	3120.0	1100.0	541608730	125524094		4.244943099009106	271138.7469293569	415.78874423794343	271554.53567359486	22604.589895917285	39.86511786375613	22644.45501378104	22593.608260061297	33.692659059705704	22627.300919121004	22557.391881561998	33.6365205915955	22591.028402153595	22613.077628324867	33.44000214301659	22646.517630467883	22593.6572064603	31.165843252034353	22624.823049712333	22598.85612716942	28.524615560392412	22627.380742729812	22589.779333621278	26.890331360635276	22616.669664981913	22605.058275953666	33.49011348410279	22638.54838943777	22594.56607502393	36.78444830343624	22631.350523327364	22607.257949442104	37.92607559851364	22645.184025040617	22592.644793445135	41.25448215279874	22633.899275597934	22588.259502375662	39.11853486795601	22627.37803724362	ok	cpu/event=0xc0,cmask=1,inv=1/	/home/seunghyun/ycsb/workloads/working_set_256mb_large_value.properties	/home/seunghyun/ycsb/results/bw-ineq-intra-io_chiplet_ycsb_256mib_fixed_workload_noise_numa0_x33_madracks-mnode5_20260317T181801Z_718804/runs/orientdb/bw-ineq-intra-io_x33																																				
bw-ineq-intra-io	chiplet_ycsb_256mib_fixed_workload_noise	0	33	2026-03-17T18:18:10Z	madracks-mnode5	amd	rocksdb	embedded	per_instance	NO_RETIRED_INST_CYCLES	user	bw-ineq-intra-io_x33	1	1	0	0	True	256	256	4096	4096	10000	10000	1	1	1	1	65526	65536	READ							10000	300.4969	14.0	14087.0	142.0	439.0	4355.0	8415.0	9655.0	7263219068	11548567086	12940172848	5157.08	2016.1290322580646	5582.975526005612	1791.1595623910225	3910.0	1370.0	550473063	132159593		5.566240382002434	271178.1967997532	386.6189854875428	271564.81578524073	22611.93224824506	32.3841746532431	22644.3164228983	22592.46455444049	33.76762817304661	22626.232182613534	22583.856899583734	34.04628157427374	22617.903181158006	22610.905311192022	32.35867479565392	22643.263985987676	22601.714015239613	31.631335762265813	22633.34535100188	22587.292500433232	33.202582433384464	22620.495082866615	22617.920388360722	30.824933717036366	22648.745322077757	22597.09894889685	32.12041237897499	22629.219361275827	22588.809386245757	31.051801307987276	22619.861187553746	22600.854189549656	32.19224454250975	22633.046434092164	22600.648941960506	31.70165820151772	22632.350600162023	22584.699415605497	31.337257947649057	22616.036673553146	ok	cpu/event=0xc0,cmask=1,inv=1/	/home/seunghyun/ycsb/workloads/working_set_256mb_large_value.properties	/home/seunghyun/ycsb/results/bw-ineq-intra-io_chiplet_ycsb_256mib_fixed_workload_noise_numa0_x33_madracks-mnode5_20260317T181801Z_718804/runs/rocksdb/bw-ineq-intra-io_x33																																				
bw-ineq-intra-io	chiplet_ycsb_256mib_fixed_workload_noise	0	44	2026-03-17T18:22:40Z	madracks-mnode5	amd	elasticsearch	embedded	per_instance	NO_RETIRED_INST_CYCLES	user	bw-ineq-intra-io_x44	1	1	0	0	True	256	256	4096	4096	100	100	1	1	1	1	65526	65536	READ							100	2476.34	641.0	32831.0	1083.0	7667.0	10111.0	32831.0	32831.0	7034125359	9726819616	13816409924	4333.42	25.207965717166626	4453.3021910028765	22.455246850760012	3860.0	530.0	583357337	147073110		4.433381802009535	294750.72792063624	134.84613055307506	294885.5740511893	24552.754103264666	11.769431376959092	24564.523534641627	24570.572925005235	11.697342614557284	24582.27026761979	24543.449111627968	11.70497007118339	24555.15408169915	24574.127675418014	10.722118568402035	24584.849793986417	24579.453567079596	10.775507817436058	24590.229074897034	24549.356158524362	10.759699707876983	24560.11585823224	24563.95051811144	10.804514468153446	24574.755032579593	24563.525448661385	10.73538195208886	24574.260830613475	24554.741416830035	12.28441247150256	24567.025829301536	24563.255512769654	11.445930976560698	24574.701443746213	24574.502259906287	11.31650322531031	24585.818763131596	24561.039223437616	10.830317303044339	24571.86954074066	ok	cpu/event=0xc0,cmask=1,inv=1/	/home/seunghyun/ycsb/workloads/working_set_256mb_large_value.properties	/home/seunghyun/ycsb/results/bw-ineq-intra-io_chiplet_ycsb_256mib_fixed_workload_noise_numa0_x44_madracks-mnode5_20260317T182028Z_720184/runs/elasticsearch/bw-ineq-intra-io_x44																																				
bw-ineq-intra-io	chiplet_ycsb_256mib_fixed_workload_noise	0	44	2026-03-17T18:20:54Z	madracks-mnode5	amd	orientdb	embedded	per_instance	NO_RETIRED_INST_CYCLES	user	bw-ineq-intra-io_x44	1	1	0	0	True	256	256	4096	4096	100	100	1	1	1	1	65526	65536	READ							100	1804.15	483.0	18239.0	621.0	8847.0	11191.0	18239.0	18239.0	6604921665	9109456800	12862687775	4056.52	29.342723004694836	4294.8740830033785	23.28356968502104	3210.0	1020.0	534783319	125403118		4.2777078689978225	293381.8711029348	420.67381637023794	293802.5449193051	24433.113391372048	41.26915136635286	24474.3825427384	24432.54267667775	39.68409162173444	24472.226768299483	24443.802093944345	35.32357622987888	24479.125670174224	24450.821303069115	33.61650136715416	24484.437804436267	24457.956210047698	32.12631079742503	24490.082520845124	24449.546101574706	33.78898253252206	24483.335084107228	24448.46064005977	32.699972089713604	24481.160612149484	24477.8737338437	30.65540057743236	24508.52913442113	24465.92941997948	31.58911838781604	24497.518538367294	24458.451889911725	32.89238131801777	24491.344271229744	24444.078305900355	37.1594223918503	24481.237728292206	24419.295336554173	39.86890769034046	24459.16424424451	ok	cpu/event=0xc0,cmask=1,inv=1/	/home/seunghyun/ycsb/workloads/working_set_256mb_large_value.properties	/home/seunghyun/ycsb/results/bw-ineq-intra-io_chiplet_ycsb_256mib_fixed_workload_noise_numa0_x44_madracks-mnode5_20260317T182028Z_720184/runs/orientdb/bw-ineq-intra-io_x44																																				
bw-ineq-intra-io	chiplet_ycsb_256mib_fixed_workload_noise	0	44	2026-03-17T18:20:38Z	madracks-mnode5	amd	rocksdb	embedded	per_instance	NO_RETIRED_INST_CYCLES	user	bw-ineq-intra-io_x44	1	1	0	0	True	256	256	4096	4096	10000	10000	1	1	1	1	65526	65536	READ							10000	300.4589	11.0	17455.0	142.0	441.0	4363.0	8163.0	16079.0	7189613421	11453703313	12715675414	5102.75	2025.5215718047398	5524.507219000952	1810.1161974422023	3900.0	1340.0	529855441	132079567		5.517347539003822	293374.51308406494	402.65166393715185	293777.1647480021	24440.26807672562	34.442183147155006	24474.710259872776	24441.056393514722	33.925228650500955	24474.98162216522	24443.07266064258	34.17530484300322	24477.247965485585	24464.34335563109	32.41216916175309	24496.755524792843	24457.339993605754	33.278297275786464	24490.61829088154	24448.022650552735	34.11913151824081	24482.141782070976	24447.22061225446	32.56046000251969	24479.781072256977	24456.016930577087	32.31417056605907	24488.331101143147	24438.285872185934	33.59190578129721	24471.87777796723	24464.577358633866	32.84693086149318	24497.42428949536	24455.000603478795	33.47480086303871	24488.475404341832	24419.308576262312	35.51108126630449	24454.819657528617	ok	cpu/event=0xc0,cmask=1,inv=1/	/home/seunghyun/ycsb/workloads/working_set_256mb_large_value.properties	/home/seunghyun/ycsb/results/bw-ineq-intra-io_chiplet_ycsb_256mib_fixed_workload_noise_numa0_x44_madracks-mnode5_20260317T182028Z_720184/runs/rocksdb/bw-ineq-intra-io_x44																																				
bw-ineq-intra-io	chiplet_ycsb_256mib_fixed_workload_noise	0	55	2026-03-17T18:25:11Z	madracks-mnode5	amd	elasticsearch	embedded	per_instance	NO_RETIRED_INST_CYCLES	user	bw-ineq-intra-io_x55	1	1	0	0	True	256	256	4096	4096	100	100	1	1	1	1	65526	65536	READ							100	2892.91	613.0	37311.0	1507.0	6871.0	11743.0	37311.0	37311.0	7306010551	10127938025	14581073561	4511.52	24.108003857280618	4634.221957006957	21.57859526965464	4040.0	520.0	587652017	150115713		4.615033043010044	318844.8832430141	158.46333146734088	319003.34657448146	26562.93581834581	13.43147099018703	26576.367289335998	26583.52704883162	12.682167458787834	26596.20921629041	26557.311958763345	14.769753371880318	26572.081712135227	26562.36843018902	12.885132658761902	26575.25356284778	26581.050576510544	13.380089218482656	26594.430665729025	26569.673949369317	12.681877047354458	26582.35582641667	26569.16880145782	12.292211892678834	26581.4610133505	26587.125861302076	12.91301750810579	26600.03887881018	26569.4669450063	13.926358968061736	26583.393303974364	26563.359076105964	13.708834016508506	26577.067910122474	26581.553348668393	12.73599205932162	26594.289340727715	26557.341428463886	13.056426277210157	26570.397854741095	ok	cpu/event=0xc0,cmask=1,inv=1/	/home/seunghyun/ycsb/workloads/working_set_256mb_large_value.properties	/home/seunghyun/ycsb/results/bw-ineq-intra-io_chiplet_ycsb_256mib_fixed_workload_noise_numa0_x55_madracks-mnode5_20260317T182259Z_721418/runs/elasticsearch/bw-ineq-intra-io_x55																																				
bw-ineq-intra-io	chiplet_ycsb_256mib_fixed_workload_noise	0	55	2026-03-17T18:23:25Z	madracks-mnode5	amd	orientdb	embedded	per_instance	NO_RETIRED_INST_CYCLES	user	bw-ineq-intra-io_x55	1	1	0	0	True	256	256	4096	4096	100	100	1	1	1	1	65526	65536	READ							100	1830.89	424.0	12799.0	613.0	8743.0	12767.0	12799.0	12799.0	6790058238	9466772875	14039094709	4214.8	27.816411682892905	4453.14508699812	22.456039056973626	3320.0	1070.0	520933295	126652417		4.439556502999039	317728.04772136465	426.4412459983049	318154.48896736297	26460.712035108503	38.68312392815312	26499.395159036656	26485.02610450988	37.08827640935489	26522.114380919236	26456.24283762572	38.227616150268645	26494.470453775986	26470.54440641376	32.816022829986686	26503.360429243745	26491.724159164278	34.80122707416278	26526.52538623844	26484.9237120123	33.93682810675112	26518.86054011905	26496.252445060098	30.391286573759302	26526.643731633856	26509.492064570746	31.09465038435463	26540.5867149551	26470.957435973563	37.18861507814564	26508.14605105171	26462.46264676456	38.13327778342929	26500.59592454799	26480.044192166475	35.81224194183205	26515.856434108307	26459.66568199476	38.26807973810676	26497.933761732867	ok	cpu/event=0xc0,cmask=1,inv=1/	/home/seunghyun/ycsb/workloads/working_set_256mb_large_value.properties	/home/seunghyun/ycsb/results/bw-ineq-intra-io_chiplet_ycsb_256mib_fixed_workload_noise_numa0_x55_madracks-mnode5_20260317T182259Z_721418/runs/orientdb/bw-ineq-intra-io_x55																																				
bw-ineq-intra-io	chiplet_ycsb_256mib_fixed_workload_noise	0	55	2026-03-17T18:23:08Z	madracks-mnode5	amd	rocksdb	embedded	per_instance	NO_RETIRED_INST_CYCLES	user	bw-ineq-intra-io_x55	1	1	0	0	True	256	256	4096	4096	10000	10000	1	1	1	1	65526	65536	READ							10000	302.9461	16.0	16511.0	145.0	449.0	4363.0	8375.0	13927.0	7505621070	11788652629	12936351378	5272.34	1978.6307874950535	5702.613447007025	1753.5819485096658	4010.0	1400.0	492193079	139915696		5.683706850992166	317873.09962598863	408.91480946799584	318282.0144354566	26491.014121718512	33.73584012849694	26524.74996184701	26502.17271656003	33.818876548664626	26535.991593108694	26470.580516622776	35.10622218096517	26505.686738803743	26479.86783984287	34.322128281920826	26514.189968124792	26509.86315013688	34.22818520126806	26544.091335338147	26486.09161253895	33.44339705107255	26519.53500959002	26480.204733959403	34.21717594997282	26514.421909909375	26506.954699058217	33.984904363297645	26540.939603421513	26491.77770633682	34.858721882542206	26526.63642821936	26474.798230151922	34.114891648191	26508.913121800113	26496.613402677136	34.12507066720179	26530.73847334434	26483.160896385158	32.959395564402136	26516.12029194956	ok	cpu/event=0xc0,cmask=1,inv=1/	/home/seunghyun/ycsb/workloads/working_set_256mb_large_value.properties	/home/seunghyun/ycsb/results/bw-ineq-intra-io_chiplet_ycsb_256mib_fixed_workload_noise_numa0_x55_madracks-mnode5_20260317T182259Z_721418/runs/rocksdb/bw-ineq-intra-io_x55																																				
bw-ineq-intra-io	chiplet_ycsb_256mib_fixed_workload_noise	0	66	2026-03-17T18:27:49Z	madracks-mnode5	amd	elasticsearch	embedded	per_instance	NO_RETIRED_INST_CYCLES	user	bw-ineq-intra-io_x66	1	1	0	0	True	256	256	4096	4096	100	100	1	1	1	1	65526	65536	READ							100	2564.57	578.0	33311.0	1134.0	7323.0	11511.0	33311.0	33311.0	7495110996	10299196072	14465847699	4588.15	23.607176581680832	4715.623113996116	21.206105234151746	4150.0	490.0	589429663	150282307		4.704553333998774	333439.6840122053	173.72580126907434	333613.40981347434	27780.644466854847	15.068763083269003	27795.713229938116	27798.57967081042	14.734721983853913	27813.314392794277	27753.496189027555	15.364428619685658	27768.860617647242	27788.336644241805	14.523043338791958	27802.859687580596	27793.220785080473	14.953146243622598	27808.173931324098	27775.83142633307	14.502201639593604	27790.33362797266	27792.07173258237	14.193117322370025	27806.264849904743	27802.83618758688	14.284469130671903	27817.12065671755	27781.12268994841	14.492299539429093	27795.61498948784	27806.54901610826	14.100550450694401	27820.649566558954	27793.063761225407	13.915751893042273	27806.979513118447	27773.93144240575	13.593308024049861	27787.5247504298	ok	cpu/event=0xc0,cmask=1,inv=1/	/home/seunghyun/ycsb/workloads/working_set_256mb_large_value.properties	/home/seunghyun/ycsb/results/bw-ineq-intra-io_chiplet_ycsb_256mib_fixed_workload_noise_numa0_x66_madracks-mnode5_20260317T182532Z_722616/runs/elasticsearch/bw-ineq-intra-io_x66																																				
bw-ineq-intra-io	chiplet_ycsb_256mib_fixed_workload_noise	0	66	2026-03-17T18:25:59Z	madracks-mnode5	amd	orientdb	embedded	per_instance	NO_RETIRED_INST_CYCLES	user	bw-ineq-intra-io_x66	1	1	0	0	True	256	256	4096	4096	100	100	1	1	1	1	65526	65536	READ							100	1868.99	498.0	19919.0	628.0	8711.0	9295.0	19919.0	19919.0	6771132030	9219298252	12490756359	4104.95	28.686173264486516	4373.465644996031	22.865161891557683	3190.0	1100.0	509852900	123657517		4.355067305994453	331901.65977665305	448.84065947652306	332350.5004361296	27683.707501252753	34.87980417015498	27718.58730542291	27655.496493205843	36.89255952391893	27692.389052729763	27622.98976405728	38.87095844904723	27661.860722506328	27627.01824451876	40.86135573613961	27667.8796002549	27663.546049592802	40.53249888815065	27704.078548480953	27622.391204309104	38.82145168730205	27661.212655996405	27653.602078021577	41.090692095130485	27694.692770116708	27674.54644050069	36.32428508476247	27710.870725585453	27659.04507703043	36.53590795814717	27695.580984988577	27687.08240423049	34.469748413643664	27721.552152644133	27692.15811790543	33.19489209592068	27725.353010001352	27660.076402027902	36.366505374205055	27696.442907402106	ok	cpu/event=0xc0,cmask=1,inv=1/	/home/seunghyun/ycsb/workloads/working_set_256mb_large_value.properties	/home/seunghyun/ycsb/results/bw-ineq-intra-io_chiplet_ycsb_256mib_fixed_workload_noise_numa0_x66_madracks-mnode5_20260317T182532Z_722616/runs/orientdb/bw-ineq-intra-io_x66																																				
bw-ineq-intra-io	chiplet_ycsb_256mib_fixed_workload_noise	0	66	2026-03-17T18:25:42Z	madracks-mnode5	amd	rocksdb	embedded	per_instance	NO_RETIRED_INST_CYCLES	user	bw-ineq-intra-io_x66	1	1	0	0	True	256	256	4096	4096	10000	10000	1	1	1	1	65526	65536	READ							10000	304.1809	16.0	13231.0	146.0	457.0	4387.0	8439.0	12519.0	7447902510	11625972232	12268298681	5182.98	1989.2580067634772	5644.9769099999685	1771.4864311110275	3810.0	1510.0	467245151	136266916		5.630079952010419	332055.849587437	429.8234971155049	332485.6730845525	27694.27267865304	34.52978197297628	27728.802460626015	27685.89533848104	35.72714570131714	27721.622484182357	27644.83757391317	35.66272906098385	27680.500302974153	27669.011152811716	35.58131046965776	27704.592463281373	27665.599729981208	35.776971080716926	27701.376701061923	27666.355217007185	35.8411238753644	27702.19634088255	27677.575981417944	36.98905646531639	27714.56503788326	27689.867412510335	35.62127397843145	27725.488686488767	27660.233725452672	36.87527056800285	27697.108996020674	27668.971364999124	35.643982223547404	27704.615347222672	27663.259562772826	36.42164336800687	27699.681206140835	27669.969849436748	35.15320835118354	27705.123057787932	ok	cpu/event=0xc0,cmask=1,inv=1/	/home/seunghyun/ycsb/workloads/working_set_256mb_large_value.properties	/home/seunghyun/ycsb/results/bw-ineq-intra-io_chiplet_ycsb_256mib_fixed_workload_noise_numa0_x66_madracks-mnode5_20260317T182532Z_722616/runs/rocksdb/bw-ineq-intra-io_x66																																				
bw-ineq-intra-io	chiplet_ycsb_256mib_fixed_workload_noise	0	77	2026-03-17T18:30:32Z	madracks-mnode5	amd	elasticsearch	embedded	per_instance	NO_RETIRED_INST_CYCLES	user	bw-ineq-intra-io_x77	1	1	0	0	True	256	256	4096	4096	100	100	1	1	1	1	65526	65536	READ							100	2691.56	628.0	45247.0	1239.0	7527.0	11703.0	45247.0	45247.0	7414593104	10242634540	14619280440	4562.37	23.86634844868735	4695.478622001247	21.29708343925529	4210.0	410.0	593360101	150411645		4.675585978999152	337828.0044918942	152.0574692299581	337980.0619611242	28149.2915808311	12.712817255825454	28162.004398086927	28168.112282492293	12.554206040949987	28180.666488533243	28115.72842157604	14.128662063785214	28129.857083639825	28144.24907572287	12.919431991903792	28157.168507714774	28164.882212934917	13.119210877456343	28178.001423812373	28140.70730965118	12.496357037293697	28153.203666688474	28161.523128721466	11.771825035566147	28173.29495375703	28173.570860852014	11.969653149478024	28185.540514001492	28151.702007959677	12.326364051956833	28164.028372011635	28169.747396818228	11.951676729802617	28181.69907354803	28161.187841187453	12.835255796309577	28174.02309698376	28127.30237314691	13.272009199630425	28140.574382346542	ok	cpu/event=0xc0,cmask=1,inv=1/	/home/seunghyun/ycsb/workloads/working_set_256mb_large_value.properties	/home/seunghyun/ycsb/results/bw-ineq-intra-io_chiplet_ycsb_256mib_fixed_workload_noise_numa0_x77_madracks-mnode5_20260317T182813Z_724620/runs/elasticsearch/bw-ineq-intra-io_x77																																				
bw-ineq-intra-io	chiplet_ycsb_256mib_fixed_workload_noise	0	77	2026-03-17T18:28:40Z	madracks-mnode5	amd	orientdb	embedded	per_instance	NO_RETIRED_INST_CYCLES	user	bw-ineq-intra-io_x77	1	1	0	0	True	256	256	4096	4096	100	100	1	1	1	1	65526	65536	READ							100	1763.48	425.0	16479.0	593.0	8751.0	12887.0	16479.0	16479.0	7028587320	9726532686	14181423468	4330.55	27.19608376393799	4574.5287489990005	21.86017521955284	3320.0	1190.0	530925391	127763869		4.565839345988934	336059.1915621984	411.40119806169827	336470.5927602601	27998.183814988475	35.91883347478548	28034.10264846326	28002.368281149465	34.152652693153044	28036.520933842618	27977.601110835174	35.057008836972436	28012.658119672145	27988.770485364454	35.77048629503588	28024.540971659488	28010.302744534256	35.67980283528708	28045.982547369542	27972.927347155008	35.70610034785396	28008.633447502863	28006.156744456388	35.61797905025316	28041.77472350664	28045.040081971456	32.541501263464156	28077.58158323492	28021.514646023967	33.010983018477546	28054.525629042444	28031.52626576909	29.616207940572508	28061.142473709664	28029.179117205313	31.737736350748232	28060.91685355606	27975.6209227454	36.59190595509479	28012.212828700493	ok	cpu/event=0xc0,cmask=1,inv=1/	/home/seunghyun/ycsb/workloads/working_set_256mb_large_value.properties	/home/seunghyun/ycsb/results/bw-ineq-intra-io_chiplet_ycsb_256mib_fixed_workload_noise_numa0_x77_madracks-mnode5_20260317T182813Z_724620/runs/orientdb/bw-ineq-intra-io_x77																																				
bw-ineq-intra-io	chiplet_ycsb_256mib_fixed_workload_noise	0	77	2026-03-17T18:28:23Z	madracks-mnode5	amd	rocksdb	embedded	per_instance	NO_RETIRED_INST_CYCLES	user	bw-ineq-intra-io_x77	1	1	0	0	True	256	256	4096	4096	10000	10000	1	1	1	1	65526	65536	READ							10000	303.6687	17.0	17455.0	147.0	454.0	4379.0	8407.0	16623.0	7433487360	11588957113	12203980275	5164.43	2014.50443190975	5583.699417009484	1790.9273499818507	3810.0	1490.0	469126870	135428850		5.569021286995849	336132.6395423923	404.75510167752543	336537.39464406983	28026.047831788233	31.469784366864552	28057.5176161551	28039.266216945078	32.46574386556896	28071.731960810648	27989.999769799975	34.303189638338665	28024.302959438315	28005.820327367608	34.15121236389019	28039.971539731498	28004.03456324861	34.122320578805414	28038.156883827414	28006.918463400532	33.79891911562806	28040.71738251616	28016.870142386484	34.402298254260586	28051.272440640743	28025.633309164266	34.56578112690984	28060.199090291175	28003.34115889704	33.5147919266625	28036.855950823705	28004.622287549508	33.6913421112644	28038.313629660774	28012.856433093602	34.74085210266102	28047.597285196265	27997.2290387514	33.528866226671205	28030.757904978072	ok	cpu/event=0xc0,cmask=1,inv=1/	/home/seunghyun/ycsb/workloads/working_set_256mb_large_value.properties	/home/seunghyun/ycsb/results/bw-ineq-intra-io_chiplet_ycsb_256mib_fixed_workload_noise_numa0_x77_madracks-mnode5_20260317T182813Z_724620/runs/rocksdb/bw-ineq-intra-io_x77																																				
bw-ineq-intra-io	llamacpp_smoke	0	0	2026-03-17T17:57:26Z	madracks-mnode5	amd	llamacpp	analytic	per_instance_external	NO_RETIRED_INST_CYCLES	user	bw-ineq-intra-io_x0	1	1	0	0	True							1						QUERY_MIX	LLAMA_BENCH	Meta-Llama-3.1-8B-Instruct-Q4_K_M		1.6533327657607284	tokens/s	SUCCESSFUL	2	604838.9173125001	333900.103125	875777.7315	604838.9173125001	848683.85008125	870358.95521625	875235.853871625	875723.5437371625	32358763748	46816678525	85105758366	20809.3	1.6533327657607284	20871.046303000185	1.6533327657607284	17850.0	2970.0	3231854404	375367484		20.85224272600317	3032.380025539368	200.43018236928793	3232.810207908656	252.4503427197816	16.856299847463465	269.30664256724504	241.81986684913196	16.247457436901904	258.06732428603385	249.54849278032765	16.53806709050921	266.0865598708369	252.25432948555348	16.46138050345997	268.7157099890135	240.80002311409982	16.889100931944537	257.68912404604436	250.66189480949546	17.147457411657154	267.8093522211526	251.9915360167991	16.337875628200514	268.3294116449996	255.15131629345797	16.35882191683867	271.51013821029665	265.2007918862984	16.777776325592114	281.97856821189055	259.1558381317041	17.3151311709521	276.4709693026562	251.2047162667267	16.92081893518494	268.12553520191165	262.1408771859917	16.57999517058331	278.720872356575	ok	cpu/event=0xc0,cmask=1,inv=1/		/home/seunghyun/ycsb/results/bw-ineq-intra-io_llamacpp_smoke_numa0_x0_madracks-mnode5_20260317T175705Z_706233/runs/llamacpp/bw-ineq-intra-io_x0																																				
bw-ineq-intra-io	llamacpp_smoke	0	11	2026-03-17T17:57:55Z	madracks-mnode5	amd	llamacpp	analytic	per_instance_external	NO_RETIRED_INST_CYCLES	user	bw-ineq-intra-io_x11	1	1	0	0	True							1						QUERY_MIX	LLAMA_BENCH	Meta-Llama-3.1-8B-Instruct-Q4_K_M		1.3975739484131051	tokens/s	SUCCESSFUL	2	715525.644375	360315.498875	1070735.789875	715525.6443749999	1035214.7753249998	1063631.586965	1070025.369584	1070664.7478458998	37786262810	52211847169	85124599535	23206.65	1.3975739484131051	23252.131170011126	1.3975739484131051	20190.0	3030.0	3229359893	375883984		23.245092055003624	104603.50464859822	177.38237239048598	104780.8870209887	8705.463519447216	15.29222413355868	8720.755743580774	8707.189395041976	15.620874540143433	8722.81026958212	8695.110320403768	15.826278068123608	8710.936598471892	8709.6480358024	14.564544001209399	8724.212579803609	8720.870265515252	14.083599888850157	8734.953865404103	8677.734972152246	14.019567410861226	8691.754539563108	8710.80847362308	14.322436631870906	8725.13091025495	8755.376789611832	14.311383673764132	8769.688173285596	8723.128574994927	14.634689326627848	8737.763264321555	8715.989647479564	14.756034905800249	8730.745682385364	8740.68115913506	15.472953258655991	8756.154112393715	8741.503495390885	14.477786551020353	8755.981281941906	ok	cpu/event=0xc0,cmask=1,inv=1/		/home/seunghyun/ycsb/results/bw-ineq-intra-io_llamacpp_smoke_numa0_x11_madracks-mnode5_20260317T175732Z_706895/runs/llamacpp/bw-ineq-intra-io_x11																																				
bw-ineq-intra-io	llamacpp_smoke	0	22	2026-03-17T17:58:35Z	madracks-mnode5	amd	llamacpp	analytic	per_instance_external	NO_RETIRED_INST_CYCLES	user	bw-ineq-intra-io_x22	1	1	0	0	True							1						QUERY_MIX	LLAMA_BENCH	Meta-Llama-3.1-8B-Instruct-Q4_K_M		1.3262582147007056	tokens/s	SUCCESSFUL	2	754000.9848125	369799.315125	1138202.6545	754000.9848125	1099782.4875312499	1130518.62110625	1137434.2511606251	1138125.8141660625	39766115082	54154418385	85172185311	24069.33	1.3262582147007056	24118.801573000383	1.3262582147007056	21110.0	2980.0	3249864516	373421062		24.10596579700359	218822.50235942303	176.4506377741305	218998.95299719716	18268.40114420714	15.574546404748574	18283.975690611886	18212.506350214895	17.009940101663044	18229.51629031656	18224.26561991893	15.015289914904317	18239.280909833833	18270.78024329818	14.46643788085752	18285.24668117904	18216.89688224202	14.642734168567129	18231.539616410588	18229.890715360074	14.69305635187469	18244.58377171195	18249.119601699913	14.175090680036426	18263.29469237995	18219.25661427026	14.193193229369484	18233.44980749963	18239.80465568181	13.941829113729277	18253.74648479554	18247.760178689623	14.093392751553688	18261.853571441177	18204.887634574392	14.384080609726258	18219.271715184117	18238.932719265824	14.261046567100095	18253.193765832923	ok	cpu/event=0xc0,cmask=1,inv=1/		/home/seunghyun/ycsb/results/bw-ineq-intra-io_llamacpp_smoke_numa0_x22_madracks-mnode5_20260317T175811Z_707801/runs/llamacpp/bw-ineq-intra-io_x22																																				
bw-ineq-intra-io	llamacpp_smoke	0	33	2026-03-17T17:59:31Z	madracks-mnode5	amd	llamacpp	analytic	per_instance_external	NO_RETIRED_INST_CYCLES	user	bw-ineq-intra-io_x33	1	1	0	0	True							1						QUERY_MIX	LLAMA_BENCH	Meta-Llama-3.1-8B-Instruct-Q4_K_M		0.9156170182910511	tokens/s	SUCCESSFUL	2	1092159.69125	517532.934	1666786.4485	1092159.6912500001	1609323.772775	1655293.9133549999	1665637.1949855	1666671.5231485497	56834333602	71057352990	85170577484	31582.08	0.9156170182910511	31638.737212997512	0.9156170182910511	28340.0	3260.0	1871142596	979155606		31.624019605005742	272564.44219052594	147.8742667346175	272712.3164572606	22690.61673098972	12.463476530238959	22703.08020751996	22721.923900366863	12.927707299804869	22734.851607666667	22695.38882091602	12.851217811701016	22708.240038727723	22718.06685968788	12.867007989471718	22730.93386767735	22751.672592193376	12.753933855675447	22764.42652604905	22701.697124740516	12.40006366137906	22714.097188401895	22698.257814921086	11.872807587777746	22710.130622508863	22734.28674393971	12.151318655927742	22746.438062595636	22700.287699550965	11.899170871691023	22712.186870422654	22705.35108064409	12.122935932430543	22717.47401657652	22738.12115606159	11.871088662329756	22749.99224472392	22708.771666514116	11.693537876189612	22720.465204390304	ok	cpu/event=0xc0,cmask=1,inv=1/		/home/seunghyun/ycsb/results/bw-ineq-intra-io_llamacpp_smoke_numa0_x33_madracks-mnode5_20260317T175859Z_709029/runs/llamacpp/bw-ineq-intra-io_x33																																				
bw-ineq-intra-io	llamacpp_smoke	0	44	2026-03-17T18:00:35Z	madracks-mnode5	amd	llamacpp	analytic	per_instance_external	NO_RETIRED_INST_CYCLES	user	bw-ineq-intra-io_x44	1	1	0	0	True							1						QUERY_MIX	LLAMA_BENCH	Meta-Llama-3.1-8B-Instruct-Q4_K_M		0.8804667560567218	tokens/s	SUCCESSFUL	2	1135761.223375	524238.1385	1747284.30825	1135761.223375	1686131.9997624997	1735053.8465525	1746061.2620802498	1747162.0036330246	59007755659	73199711525	85160583803	32533.92	0.8804667560567218	32585.798123007407	0.8804667560567218	29100.0	3460.0	1728506720	1045272242		32.57284067799628	294995.94957849564	153.21552541800435	295149.16510391363	24576.382422021587	12.720564976186965	24589.102986997772	24580.949867576943	12.975753703540711	24593.925621280483	24580.87103403952	12.822474482179082	24593.693508521697	24579.9642470891	12.45805315484278	24592.422300243943	24585.052320503535	12.707679209177622	24597.759999712714	24574.94681177916	13.023808622760647	24587.97062040192	24587.671084546855	13.330828021494055	24601.00191256835	24593.032532102025	12.45512525398413	24605.48765735601	24587.789973510946	12.474722561554849	24600.2646960725	24581.016088418135	12.946429585010439	24593.962518003147	24584.297892401453	12.720641295889042	24597.01853369734	24583.97530450636	12.57944455138402	24596.554749057745	ok	cpu/event=0xc0,cmask=1,inv=1/		/home/seunghyun/ycsb/results/bw-ineq-intra-io_llamacpp_smoke_numa0_x44_madracks-mnode5_20260317T180002Z_710367/runs/llamacpp/bw-ineq-intra-io_x44																																				
bw-ineq-intra-io	llamacpp_smoke	0	55	2026-03-17T18:01:46Z	madracks-mnode5	amd	llamacpp	analytic	per_instance_external	NO_RETIRED_INST_CYCLES	user	bw-ineq-intra-io_x55	1	1	0	0	True							1						QUERY_MIX	LLAMA_BENCH	Meta-Llama-3.1-8B-Instruct-Q4_K_M		0.8330070416984099	tokens/s	SUCCESSFUL	2	1200470.044	545399.68	1855540.408	1200470.0440000002	1790033.3716000002	1842439.0007200004	1854230.2672720002	1855409.3939272002	62415805000	76606269537	85162371039	34047.91	0.8330070416984099	34093.521442991914	0.8330070416984099	30580.0	3500.0	1578454347	1062010602		34.08908071399492	319388.05416124215	164.12273132259898	319552.17689256475	26625.522260790025	13.563717955736985	26639.085978745763	26633.354012032654	14.474919354718528	26647.828931387372	26592.079185418985	13.859249562809675	26605.938434981796	26617.327734737177	13.43475268146273	26630.76248741864	26633.756739261273	13.429786981045966	26647.18652624232	26595.158436604823	13.45394349150486	26608.61238009633	26620.83113873119	12.852752746207756	26633.683891477398	26634.092801987732	14.07110187136915	26648.163903859102	26594.39841468237	13.512223089822385	26607.910637772195	26619.998385724382	13.738671138105897	26633.737056862486	26632.276019622186	14.319302120162126	26646.59532174235	26589.259031649373	13.412310329652946	26602.671341979025	ok	cpu/event=0xc0,cmask=1,inv=1/		/home/seunghyun/ycsb/results/bw-ineq-intra-io_llamacpp_smoke_numa0_x55_madracks-mnode5_20260317T180112Z_711954/runs/llamacpp/bw-ineq-intra-io_x55																																				
bw-ineq-intra-io	llamacpp_smoke	0	66	2026-03-17T18:03:05Z	madracks-mnode5	amd	llamacpp	analytic	per_instance_external	NO_RETIRED_INST_CYCLES	user	bw-ineq-intra-io_x66	1	1	0	0	True							1						QUERY_MIX	LLAMA_BENCH	Meta-Llama-3.1-8B-Instruct-Q4_K_M		0.777242559224585	tokens/s	SUCCESSFUL	2	1286599.6439999999	571062.990375	2002136.297625	1286599.6439999999	1930582.6322624998	1987825.5645525	2000705.22431775	2001993.1902942748	66736734715	80911872830	85132230855	35961.56	0.777242559224585	36010.94178701169	0.777242559224585	32430.0	3560.0	1568598770	1062788217		36.0062960209907	333692.5800605372	175.14194917175985	333867.722009709	27813.644572080942	13.633732095858228	27827.2783041768	27808.551056100543	14.03769577323187	27822.588751873776	27789.850520644537	14.820091889491792	27804.670612534028	27815.85127230134	14.562507983137184	27830.413780284478	27810.9237174107	14.860641243759051	27825.78435865446	27804.924211259564	15.33805757581686	27820.26226883538	27818.051827958283	14.01397645259653	27832.06580441088	27811.258111968484	14.855370389284998	27826.11348235777	27794.574953668904	14.94333429448034	27809.518287963383	27813.3624006702	15.089982563178536	27828.45238323338	27804.947305945643	14.921845026323265	27819.869150971965	27806.64011052811	14.064713884601199	27820.70482441271	ok	cpu/event=0xc0,cmask=1,inv=1/		/home/seunghyun/ycsb/results/bw-ineq-intra-io_llamacpp_smoke_numa0_x66_madracks-mnode5_20260317T180229Z_713257/runs/llamacpp/bw-ineq-intra-io_x66																																				
bw-ineq-intra-io	llamacpp_smoke	0	77	2026-03-17T18:04:30Z	madracks-mnode5	amd	llamacpp	analytic	per_instance_external	NO_RETIRED_INST_CYCLES	user	bw-ineq-intra-io_x77	1	1	0	0	True							1						QUERY_MIX	LLAMA_BENCH	Meta-Llama-3.1-8B-Instruct-Q4_K_M		0.7575829770330432	tokens/s	SUCCESSFUL	2	1319987.4209375	584775.669875	2055199.172	1319987.4209375	1981677.99689375	2040494.93697875	2053728.7484978754	2055052.1296497877	68475187229	82655418835	85142081561	36736.94	0.7575829770330432	36797.31246299343	0.7575829770330432	33060.0	3700.0	1579166664	1063385378		36.78215405900846	337830.11787062854	165.04621632584454	337995.1640869544	28160.00297825897	13.745447211467564	28173.748425470436	28154.863757422234	13.867831174003074	28168.731588596238	28146.90990986126	13.21897586959514	28160.128885730857	28151.27969356409	14.638563691642688	28165.918257255733	28151.991329345685	14.192411931825589	28166.18374127751	28139.82245964367	13.714718993860206	28153.53717863753	28165.693799726087	13.051747585662703	28178.745547311748	28148.11009092452	13.637408906462133	28161.747499830984	28152.851538731793	13.095393228719535	28165.946931960512	28155.445805602863	13.639953989647612	28169.08575959251	28162.203041928336	13.584451400448751	28175.787493328786	28140.943465618973	14.659312342509564	28155.60277796148	ok	cpu/event=0xc0,cmask=1,inv=1/		/home/seunghyun/ycsb/results/bw-ineq-intra-io_llamacpp_smoke_numa0_x77_madracks-mnode5_20260317T180354Z_714848/runs/llamacpp/bw-ineq-intra-io_x77																																				
bw-ineq-io-dimm	chiplet_duckdb_tpch_sf1_single_thread_q21	0	0	2026-03-17T19:32:59Z	madracks-mnode5	amd	duckdb_tpch	analytic	per_instance_external	NO_RETIRED_INST_CYCLES	user	bw-ineq-io-dimm_x0	1	1	0	0	True							1						Q21	DUCKDB_TPCH	SF1		1.589808323885026	queries/s	SUCCESSFUL	1	628967.9139999861	628967.9139999861	628967.9139999861	628967.9139999861	628967.9139999861	628967.9139999861	628967.9139999861	628967.9139999861	1888223825	2679144905	4840189403	1386.42	1.589808323885026	1049.2909440000062	1.589808323885026	1110.0	310.0	115113642	21531820		1.0483500370000058	783.6761478653897	359.480988048314	1143.1571359137038	0.0	0.0	0.0	0.0	0.0	0.0	0.0	0.0	0.0	783.6761478653897	359.480988048314	1143.1571359137038	0.0	0.0	0.0	0.0	0.0	0.0	0.0	0.0	0.0	0.0	0.0	0.0	0.0	0.0	0.0	0.0	0.0	0.0	0.0	0.0	0.0	0.0	0.0	0.0	ok	cpu/event=0xc0,cmask=1,inv=1/		/home/seunghyun/ycsb/results/bw-ineq-io-dimm_chiplet_duckdb_tpch_sf1_single_thread_q21_numa0_x0_madracks-mnode5_20260317T193258Z_4933/runs/duckdb_tpch/bw-ineq-io-dimm_x0																																				
bw-ineq-io-dimm	chiplet_duckdb_tpch_sf1_single_thread_q21	0	11	2026-03-17T19:33:44Z	madracks-mnode5	amd	duckdb_tpch	analytic	per_instance_external	NO_RETIRED_INST_CYCLES	user	bw-ineq-io-dimm_x11	1	1	0	0	True							1						Q21	DUCKDB_TPCH	SF1		2.002351000356485	queries/s	SUCCESSFUL	1	499364.81800000364	499364.81800000364	499364.81800000364	499364.81800000364	499364.81800000364	499364.81800000364	499364.81800000364	499364.81800000364	1624361052	2421672917	4911620403	1198.18	2.002351000356485	949.4449370000098	2.002351000356485	1000.0	230.0	101725860	20391535		0.9440527619999841	23542.774100428414	250.22922769435667	23793.00332812277	0.0	0.0	0.0	0.0	0.0	0.0	0.0	0.0	0.0	23542.774100428414	250.22922769435667	23793.00332812277	0.0	0.0	0.0	0.0	0.0	0.0	0.0	0.0	0.0	0.0	0.0	0.0	0.0	0.0	0.0	0.0	0.0	0.0	0.0	0.0	0.0	0.0	0.0	0.0	ok	cpu/event=0xc0,cmask=1,inv=1/		/home/seunghyun/ycsb/results/bw-ineq-io-dimm_chiplet_duckdb_tpch_sf1_single_thread_q21_numa0_x11_madracks-mnode5_20260317T193343Z_6545/runs/duckdb_tpch/bw-ineq-io-dimm_x11																																				
bw-ineq-io-dimm	chiplet_duckdb_tpch_sf1_single_thread_q21	0	22	2026-03-17T19:35:22Z	madracks-mnode5	amd	duckdb_tpch	analytic	per_instance_external	NO_RETIRED_INST_CYCLES	user	bw-ineq-io-dimm_x22	1	1	0	0	True							1						Q21	DUCKDB_TPCH	SF1		1.3308486460090887	queries/s	SUCCESSFUL	1	751271.5469999876	751271.5469999876	751271.5469999876	751271.5469999876	751271.5469999876	751271.5469999876	751271.5469999876	751271.5469999876	2613439220	3405946876	4885195323	1646.16	1.3308486460090887	1426.3764319999837	1.3308486460090887	1310.0	420.0	98383405	21904341		1.4174588829999948	34251.70515940381	166.44397888386996	34418.149138287685	0.0	0.0	0.0	0.0	0.0	0.0	0.0	0.0	0.0	34251.70515940381	166.44397888386996	34418.149138287685	0.0	0.0	0.0	0.0	0.0	0.0	0.0	0.0	0.0	0.0	0.0	0.0	0.0	0.0	0.0	0.0	0.0	0.0	0.0	0.0	0.0	0.0	0.0	0.0	ok	cpu/event=0xc0,cmask=1,inv=1/		/home/seunghyun/ycsb/results/bw-ineq-io-dimm_chiplet_duckdb_tpch_sf1_single_thread_q21_numa0_x22_madracks-mnode5_20260317T193520Z_11767/runs/duckdb_tpch/bw-ineq-io-dimm_x22																																				
bw-ineq-io-dimm	chiplet_duckdb_tpch_sf1_single_thread_q21	0	33	2026-03-17T19:37:36Z	madracks-mnode5	amd	duckdb_tpch	analytic	per_instance_external	NO_RETIRED_INST_CYCLES	user	bw-ineq-io-dimm_x33	1	1	0	0	True							1						Q21	DUCKDB_TPCH	SF1		1.054987346814086	queries/s	SUCCESSFUL	1	947686.2280000091	947686.2280000091	947686.2280000091	947686.2280000091	947686.2280000091	947686.2280000091	947686.2280000091	947686.2280000091	3657713249	4463593791	4974311732	2134.72	1.054987346814086	2027.0875090000118	1.054987346814086	1550.0	670.0	99748660	22791362		2.015250268999978	34017.54082865209	180.0791010930338	34197.619929745124	0.0	0.0	0.0	0.0	0.0	0.0	0.0	0.0	0.0	34017.54082865209	180.0791010930338	34197.619929745124	0.0	0.0	0.0	0.0	0.0	0.0	0.0	0.0	0.0	0.0	0.0	0.0	0.0	0.0	0.0	0.0	0.0	0.0	0.0	0.0	0.0	0.0	0.0	0.0	ok	cpu/event=0xc0,cmask=1,inv=1/		/home/seunghyun/ycsb/results/bw-ineq-io-dimm_chiplet_duckdb_tpch_sf1_single_thread_q21_numa0_x33_madracks-mnode5_20260317T193733Z_12551/runs/duckdb_tpch/bw-ineq-io-dimm_x33																																				
bw-ineq-io-dimm	chiplet_duckdb_tpch_sf1_single_thread_q21	0	44	2026-03-17T19:41:19Z	madracks-mnode5	amd	duckdb_tpch	analytic	per_instance_external	NO_RETIRED_INST_CYCLES	user	bw-ineq-io-dimm_x44	1	1	0	0	True							1						Q21	DUCKDB_TPCH	SF1		0.6845588437988878	queries/s	SUCCESSFUL	1	1460518.4790000294	1460518.4790000294	1460518.4790000294	1460518.4790000294	1460518.4790000294	1460518.4790000294	1460518.4790000294	1460518.4790000294	5996855605	6900259323	5505893470	3260.77	0.6845588437988878	2881.7733099999714	0.6845588437988878	2160.0	1220.0	99826604	23348126		2.870405245000029	33764.59628683844	163.69506507834433	33928.291351916785	0.0	0.0	0.0	0.0	0.0	0.0	0.0	0.0	0.0	33764.59628683844	163.69506507834433	33928.291351916785	0.0	0.0	0.0	0.0	0.0	0.0	0.0	0.0	0.0	0.0	0.0	0.0	0.0	0.0	0.0	0.0	0.0	0.0	0.0	0.0	0.0	0.0	0.0	0.0	ok	cpu/event=0xc0,cmask=1,inv=1/		/home/seunghyun/ycsb/results/bw-ineq-io-dimm_chiplet_duckdb_tpch_sf1_single_thread_q21_numa0_x44_madracks-mnode5_20260317T194116Z_13407/runs/duckdb_tpch/bw-ineq-io-dimm_x44																																				
bw-ineq-io-dimm	chiplet_duckdb_tpch_sf1_single_thread_q21	0	55	2026-03-17T19:45:44Z	madracks-mnode5	amd	duckdb_tpch	analytic	per_instance_external	NO_RETIRED_INST_CYCLES	user	bw-ineq-io-dimm_x55	1	1	0	0	True							1						Q21	DUCKDB_TPCH	SF1		0.6637549392444253	queries/s	SUCCESSFUL	1	1506192.8400000397	1506192.8400000397	1506192.8400000397	1506192.8400000397	1506192.8400000397	1506192.8400000397	1506192.8400000397	1506192.8400000397	6863565211	7838935430	5907520158	3698.7	0.6637549392444253	2990.225473999999	0.6637549392444253	2210.0	1660.0	100570589	23585859		2.970798547000072	33604.84630929373	130.29248023495737	33735.13878952869	0.0	0.0	0.0	0.0	0.0	0.0	0.0	0.0	0.0	33604.84630929373	130.29248023495737	33735.13878952869	0.0	0.0	0.0	0.0	0.0	0.0	0.0	0.0	0.0	0.0	0.0	0.0	0.0	0.0	0.0	0.0	0.0	0.0	0.0	0.0	0.0	0.0	0.0	0.0	ok	cpu/event=0xc0,cmask=1,inv=1/		/home/seunghyun/ycsb/results/bw-ineq-io-dimm_chiplet_duckdb_tpch_sf1_single_thread_q21_numa0_x55_madracks-mnode5_20260317T194540Z_14317/runs/duckdb_tpch/bw-ineq-io-dimm_x55																																				
bw-ineq-io-dimm	chiplet_duckdb_tpch_sf1_single_thread_q21	0	66	2026-03-17T19:50:52Z	madracks-mnode5	amd	duckdb_tpch	analytic	per_instance_external	NO_RETIRED_INST_CYCLES	user	bw-ineq-io-dimm_x66	1	1	0	0	True							1						Q21	DUCKDB_TPCH	SF1		0.6466634084832622	queries/s	SUCCESSFUL	1	1546014.1359999399	1546014.1359999399	1546014.1359999399	1546014.1359999399	1546014.1359999399	1546014.1359999399	1546014.1359999399	1546014.1359999399	8265492112	9471956034	7214990001	4430.5	0.6466634084832622	3459.1810320000604	0.6466634084832622	2640.0	1990.0	104415552	23744443		3.457270903000108	33469.596197199215	121.9099450818343	33591.50614228105	0.0	0.0	0.0	0.0	0.0	0.0	0.0	0.0	0.0	33469.596197199215	121.9099450818343	33591.50614228105	0.0	0.0	0.0	0.0	0.0	0.0	0.0	0.0	0.0	0.0	0.0	0.0	0.0	0.0	0.0	0.0	0.0	0.0	0.0	0.0	0.0	0.0	0.0	0.0	ok	cpu/event=0xc0,cmask=1,inv=1/		/home/seunghyun/ycsb/results/bw-ineq-io-dimm_chiplet_duckdb_tpch_sf1_single_thread_q21_numa0_x66_madracks-mnode5_20260317T195048Z_15347/runs/duckdb_tpch/bw-ineq-io-dimm_x66																																				
bw-ineq-io-dimm	chiplet_duckdb_tpch_sf1_single_thread_q21	0	77	2026-03-17T19:56:56Z	madracks-mnode5	amd	duckdb_tpch	analytic	per_instance_external	NO_RETIRED_INST_CYCLES	user	bw-ineq-io-dimm_x77	1	1	0	0	True							1						Q21	DUCKDB_TPCH	SF1		0.5982648660494214	queries/s	SUCCESSFUL	1	1671135.804999949	1671135.804999949	1671135.804999949	1671135.804999949	1671135.804999949	1671135.804999949	1671135.804999949	1671135.804999949	9800244575	10704462142	5474015476	4992.78	0.5982648660494214	3855.0830650001444	0.5982648660494214	2750.0	2500.0	99866249	23682295		3.8493773780000993	33240.48042040569	131.95050196211668	33372.43092236781	0.0	0.0	0.0	0.0	0.0	0.0	0.0	0.0	0.0	33240.48042040569	131.95050196211668	33372.43092236781	0.0	0.0	0.0	0.0	0.0	0.0	0.0	0.0	0.0	0.0	0.0	0.0	0.0	0.0	0.0	0.0	0.0	0.0	0.0	0.0	0.0	0.0	0.0	0.0	ok	cpu/event=0xc0,cmask=1,inv=1/		/home/seunghyun/ycsb/results/bw-ineq-io-dimm_chiplet_duckdb_tpch_sf1_single_thread_q21_numa0_x77_madracks-mnode5_20260317T195652Z_16488/runs/duckdb_tpch/bw-ineq-io-dimm_x77																																				
bw-ineq-io-dimm	llamacpp_smoke	0	0	2026-03-17T19:32:58Z	madracks-mnode5	amd	llamacpp	analytic	per_instance_external	NO_RETIRED_INST_CYCLES	user	bw-ineq-io-dimm_x0	1	1	0	0	True							1						QUERY_MIX	LLAMA_BENCH	Meta-Llama-3.1-8B-Instruct-Q4_K_M		1.5407741597328055	tokens/s	SUCCESSFUL	2	649024.3840625	340319.155375	957729.61275	649024.3840625	926859.0898812499	951555.5081762499	957112.2022926251	957667.8717042624	54351203078	74743877709	107915830050	39068.4	1.5407741597328055	60684.16417899999	1.5407741597328055	19550.0	20770.0	5777488928	474687036		60.682652546000014	1114.0922460034096	144.9831015318452	1259.0753475352549	0.0	0.0	0.0	0.0	0.0	0.0	0.0	0.0	0.0	1114.0922460034096	144.9831015318452	1259.0753475352549	0.0	0.0	0.0	0.0	0.0	0.0	0.0	0.0	0.0	0.0	0.0	0.0	0.0	0.0	0.0	0.0	0.0	0.0	0.0	0.0	0.0	0.0	0.0	0.0	ok	cpu/event=0xc0,cmask=1,inv=1/		/home/seunghyun/ycsb/results/bw-ineq-io-dimm_llamacpp_smoke_numa0_x0_madracks-mnode5_20260317T193157Z_4913/runs/llamacpp/bw-ineq-io-dimm_x0																																				
bw-ineq-io-dimm	llamacpp_smoke	0	11	2026-03-17T19:33:32Z	madracks-mnode5	amd	llamacpp	analytic	per_instance_external	NO_RETIRED_INST_CYCLES	user	bw-ineq-io-dimm_x11	1	1	0	0	True							1						QUERY_MIX	LLAMA_BENCH	Meta-Llama-3.1-8B-Instruct-Q4_K_M		1.2628208420717029	tokens/s	SUCCESSFUL	2	791877.966125	381505.06525	1202250.867	791877.966125	1161213.5769125	1194043.4089825	1201430.1211982502	1202168.792419825	41756223912	56188320144	85156156732	24973.25	1.2628208420717029	25039.17587500001	1.2628208420717029	21870.0	3120.0	2964370559	494325915		25.01983721800002	25415.5938986449	184.38721081849647	25599.981109463395	0.0	0.0	0.0	0.0	0.0	0.0	0.0	0.0	0.0	25415.5938986449	184.38721081849647	25599.981109463395	0.0	0.0	0.0	0.0	0.0	0.0	0.0	0.0	0.0	0.0	0.0	0.0	0.0	0.0	0.0	0.0	0.0	0.0	0.0	0.0	0.0	0.0	0.0	0.0	ok	cpu/event=0xc0,cmask=1,inv=1/		/home/seunghyun/ycsb/results/bw-ineq-io-dimm_llamacpp_smoke_numa0_x11_madracks-mnode5_20260317T193307Z_5519/runs/llamacpp/bw-ineq-io-dimm_x11																																				
bw-ineq-io-dimm	llamacpp_smoke	0	22	2026-03-17T19:35:00Z	madracks-mnode5	amd	llamacpp	analytic	per_instance_external	NO_RETIRED_INST_CYCLES	user	bw-ineq-io-dimm_x22	1	1	0	0	True							1						QUERY_MIX	LLAMA_BENCH	Meta-Llama-3.1-8B-Instruct-Q4_K_M		0.4831351396866795	tokens/s	SUCCESSFUL	2	2069814.256625	875389.91175	3264238.6015	2069814.256625	3144796.1670124996	3240350.1146024996	3261849.75281025	3263999.7166310246	115830029663	130054457582	85234424744	57803.63	0.4831351396866795	57911.354863000015	0.4831351396866795	51030.0	6840.0	1578532323	1063495043		57.90892678199998	33555.23747742253	366.86919305596507	33922.1066704785	0.0	0.0	0.0	0.0	0.0	0.0	0.0	0.0	0.0	33555.23747742253	366.86919305596507	33922.1066704785	0.0	0.0	0.0	0.0	0.0	0.0	0.0	0.0	0.0	0.0	0.0	0.0	0.0	0.0	0.0	0.0	0.0	0.0	0.0	0.0	0.0	0.0	0.0	0.0	ok	cpu/event=0xc0,cmask=1,inv=1/		/home/seunghyun/ycsb/results/bw-ineq-io-dimm_llamacpp_smoke_numa0_x22_madracks-mnode5_20260317T193402Z_8042/runs/llamacpp/bw-ineq-io-dimm_x22																																				
bw-ineq-io-dimm	llamacpp_smoke	0	33	2026-03-17T19:37:04Z	madracks-mnode5	amd	llamacpp	analytic	per_instance_external	NO_RETIRED_INST_CYCLES	user	bw-ineq-io-dimm_x33	1	1	0	0	True							1						QUERY_MIX	LLAMA_BENCH	Meta-Llama-3.1-8B-Instruct-Q4_K_M		0.3458772197983644	tokens/s	SUCCESSFUL	2	2891199.3700625002	1131224.385625	4651174.3545	2891199.3700625002	4475176.856056251	4615974.85481125	4647654.404531126	4650822.359503113	155653421777	169822330965	85205968109	75479.32	0.3458772197983644	75673.03439299997	0.3458772197983644	68110.0	7500.0	1568957224	1065750579		75.65965772999999	34595.3529526419	86.20847132271734	34681.56142396462	0.0	0.0	0.0	0.0	0.0	0.0	0.0	0.0	0.0	34595.3529526419	86.20847132271734	34681.56142396462	0.0	0.0	0.0	0.0	0.0	0.0	0.0	0.0	0.0	0.0	0.0	0.0	0.0	0.0	0.0	0.0	0.0	0.0	0.0	0.0	0.0	0.0	0.0	0.0	ok	cpu/event=0xc0,cmask=1,inv=1/		/home/seunghyun/ycsb/results/bw-ineq-io-dimm_llamacpp_smoke_numa0_x33_madracks-mnode5_20260317T193548Z_12424/runs/llamacpp/bw-ineq-io-dimm_x33																																				
bw-ineq-io-dimm	llamacpp_smoke	0	44	2026-03-17T19:40:34Z	madracks-mnode5	amd	llamacpp	analytic	per_instance_external	NO_RETIRED_INST_CYCLES	user	bw-ineq-io-dimm_x44	1	1	0	0	True							1						QUERY_MIX	LLAMA_BENCH	Meta-Llama-3.1-8B-Instruct-Q4_K_M		0.17532289378151708	tokens/s	SUCCESSFUL	2	5703761.661874999	2116452.2295	9291071.09425	5703761.661875	8932340.151012499	9219324.9056025	9283896.47538525	9290353.632363524	302743658259	316900368559	85327078299	140856.76	0.17532289378151708	141029.78530599995	0.17532289378151708	128639.99999999999	12270.0	1582192833	1078086645		141.01664895600004	34372.96649937723	62.83616641898713	34435.80266579622	0.0	0.0	0.0	0.0	0.0	0.0	0.0	0.0	0.0	34372.96649937723	62.83616641898713	34435.80266579622	0.0	0.0	0.0	0.0	0.0	0.0	0.0	0.0	0.0	0.0	0.0	0.0	0.0	0.0	0.0	0.0	0.0	0.0	0.0	0.0	0.0	0.0	0.0	0.0	ok	cpu/event=0xc0,cmask=1,inv=1/		/home/seunghyun/ycsb/results/bw-ineq-io-dimm_llamacpp_smoke_numa0_x44_madracks-mnode5_20260317T193812Z_13239/runs/llamacpp/bw-ineq-io-dimm_x44																																				
bw-ineq-io-dimm	llamacpp_smoke	0	55	2026-03-17T19:44:45Z	madracks-mnode5	amd	llamacpp	analytic	per_instance_external	NO_RETIRED_INST_CYCLES	user	bw-ineq-io-dimm_x55	1	1	0	0	True							1						QUERY_MIX	LLAMA_BENCH	Meta-Llama-3.1-8B-Instruct-Q4_K_M		0.15453976393106397	tokens/s	SUCCESSFUL	2	6470826.5016250005	2362837.24925	10578815.754	6470826.501625	10168016.8287625	10496655.9689525	10570599.775495252	10577994.156149525	339127530216	353284827296	85343762441	157027.42	0.15453976393106397	157235.69631299993	0.15453976393106397	144230.0	12880.0	1582833873	1081031889		157.229957335	34076.31352680929	63.3462897271897	34139.65981653648	0.0	0.0	0.0	0.0	0.0	0.0	0.0	0.0	0.0	34076.31352680929	63.3462897271897	34139.65981653648	0.0	0.0	0.0	0.0	0.0	0.0	0.0	0.0	0.0	0.0	0.0	0.0	0.0	0.0	0.0	0.0	0.0	0.0	0.0	0.0	0.0	0.0	0.0	0.0	ok	cpu/event=0xc0,cmask=1,inv=1/		/home/seunghyun/ycsb/results/bw-ineq-io-dimm_llamacpp_smoke_numa0_x55_madracks-mnode5_20260317T194208Z_14129/runs/llamacpp/bw-ineq-io-dimm_x55																																				
bw-ineq-io-dimm	llamacpp_smoke	0	66	2026-03-17T19:49:33Z	madracks-mnode5	amd	llamacpp	analytic	per_instance_external	NO_RETIRED_INST_CYCLES	user	bw-ineq-io-dimm_x66	1	1	0	0	True							1						QUERY_MIX	LLAMA_BENCH	Meta-Llama-3.1-8B-Instruct-Q4_K_M		0.14904824856844492	tokens/s	SUCCESSFUL	2	6709236.8384374995	2445284.7645	10973188.912375	6709236.8384374995	10546793.704981249	10887909.87089625	10964661.008227125	10972336.121960212	351496797752	365678086191	85392033804	162538.43	0.14904824856844492	162794.97196599992	0.14904824856844492	149320.0	13300.0	1589733677	1082005475		162.77488664399993	33817.495232884365	67.72850757228642	33885.22374045665	0.0	0.0	0.0	0.0	0.0	0.0	0.0	0.0	0.0	33817.495232884365	67.72850757228642	33885.22374045665	0.0	0.0	0.0	0.0	0.0	0.0	0.0	0.0	0.0	0.0	0.0	0.0	0.0	0.0	0.0	0.0	0.0	0.0	0.0	0.0	0.0	0.0	0.0	0.0	ok	cpu/event=0xc0,cmask=1,inv=1/		/home/seunghyun/ycsb/results/bw-ineq-io-dimm_llamacpp_smoke_numa0_x66_madracks-mnode5_20260317T194650Z_15083/runs/llamacpp/bw-ineq-io-dimm_x66																																				
bw-ineq-io-dimm	llamacpp_smoke	0	77	2026-03-17T19:55:14Z	madracks-mnode5	amd	llamacpp	analytic	per_instance_external	NO_RETIRED_INST_CYCLES	user	bw-ineq-io-dimm_x77	1	1	0	0	True							1						QUERY_MIX	LLAMA_BENCH	Meta-Llama-3.1-8B-Instruct-Q4_K_M		0.1409197821959136	tokens/s	SUCCESSFUL	2	7096235.776249999	2589195.70275	11603275.84975	7096235.77625	11152571.8424	11513135.04828	11594261.769603003	11602374.441735297	372002569213	386191811078	85413200695	171652.3	0.1409197821959136	171912.55817599996	0.1409197821959136	157880.0	13890.0	1592744606	1083882514		171.90631316400004	33644.76311680541	70.91617148343612	33715.67928828884	0.0	0.0	0.0	0.0	0.0	0.0	0.0	0.0	0.0	33644.76311680541	70.91617148343612	33715.67928828884	0.0	0.0	0.0	0.0	0.0	0.0	0.0	0.0	0.0	0.0	0.0	0.0	0.0	0.0	0.0	0.0	0.0	0.0	0.0	0.0	0.0	0.0	0.0	0.0	ok	cpu/event=0xc0,cmask=1,inv=1/		/home/seunghyun/ycsb/results/bw-ineq-io-dimm_llamacpp_smoke_numa0_x77_madracks-mnode5_20260317T195222Z_16137/runs/llamacpp/bw-ineq-io-dimm_x77																																				
bw-ineq-io-cxl	chiplet_duckdb_tpch_sf1_single_thread_q21	1	0	2026-03-17T17:47:39Z	madracks-mnode5	amd	duckdb_tpch	analytic	per_instance_external	NO_RETIRED_INST_CYCLES	user	bw-ineq-io-cxl_x0	1	1	0	1	True							1						Q21	DUCKDB_TPCH	SF1		1.9677788801892377	queries/s	SUCCESSFUL	1	508119.61900035385	508119.61900035385	508119.61900035385	508119.61900035385	508119.61900035385	508119.61900035385	508119.61900035385	508119.61900035385	1945769824	2735039834	4853727397	1417.57	1.9677788801892377	934.6527089946903	1.9677788801892377	1200.0	260.0	106704845	18063176		0.9340100620029261	0.03208558765896476	0.04064610086329141	0.07273168852225617																																					ok	cpu/event=0xc0,cmask=1,inv=1/		/home/seunghyun/ycsb/results/bw-ineq-io-cxl_chiplet_duckdb_tpch_sf1_single_thread_q21_numa1_x0_madracks-mnode5_20260317T174738Z_703201/runs/duckdb_tpch/bw-ineq-io-cxl_x0																									0.0	0.0	0.0	0.0	0.0	0.0	0.03208558765896476	0.04064610086329141	0.07273168852225617	0.0	0.0	0.0
bw-ineq-io-cxl	chiplet_duckdb_tpch_sf1_single_thread_q21	1	11	2026-03-17T15:49:01Z	madracks-mnode5	amd	duckdb_tpch	analytic	per_instance_external	NO_RETIRED_INST_CYCLES	user	bw-ineq-io-cxl_x11	1	1	0	1	True							1						Q21	DUCKDB_TPCH	SF1		1.8645031270761936	queries/s	SUCCESSFUL	1	536248.530013836	536248.530013836	536248.530013836	536248.530013836	536248.530013836	536248.530013836	536248.530013836	536248.530013836	2286249254	3072379698	4834483603	1590.5	1.8645031270761936	986.6909710108303	1.8645031270761936	1180.0	450.0	106479208	18300602		0.9859889049985213	14947.477679457566	23.810107137948936	14971.287786595516																																					ok	cpu/event=0xc0,cmask=1,inv=1/		/home/seunghyun/ycsb/results/bw-ineq-io-cxl_chiplet_duckdb_tpch_sf1_single_thread_q21_numa1_x11_madracks-mnode5_20260317T154900Z_659903/runs/duckdb_tpch/bw-ineq-io-cxl_x11	501.12166610310106	17.327184448509968	518.448850551611	3390.9004257597812	1.536295692713471	3392.4367214524946	2055.1604041105834	1.1611666775694773	2056.3215707881527	2056.752226325835	0.9449413228008354	2057.697167648636	2059.121234149195	0.8862577738971216	2060.0074919230924	770.8111076080635	0.40242800783021493	771.2135356158936	2059.3565873695875	0.7044501967555524	2060.061037566343	2054.2540280314183	0.8473830178722985	2055.1014110492906												
bw-ineq-io-cxl	chiplet_duckdb_tpch_sf1_single_thread_q21	1	22	2026-03-17T15:49:51Z	madracks-mnode5	amd	duckdb_tpch	analytic	per_instance_external	NO_RETIRED_INST_CYCLES	user	bw-ineq-io-cxl_x22	1	1	0	1	True							1						Q21	DUCKDB_TPCH	SF1		1.7253999629479388	queries/s	SUCCESSFUL	1	579501.3129973086	579501.3129973086	579501.3129973086	579501.3129973086	579501.3129973086	579501.3129973086	579501.3129973086	579501.3129973086	1844540036	2640010635	4875555313	1280.24	1.7253999629479388	1142.0940950047225	1.7253999629479388	1080.0	240.0	107831006	18872816		1.141412979006418	29795.928332331612	25.30598744783402	29821.234319779447																																					ok	cpu/event=0xc0,cmask=1,inv=1/		/home/seunghyun/ycsb/results/bw-ineq-io-cxl_chiplet_duckdb_tpch_sf1_single_thread_q21_numa1_x22_madracks-mnode5_20260317T154950Z_660799/runs/duckdb_tpch/bw-ineq-io-cxl_x22	496.360117068221	11.87263063963727	508.23274770785827	4185.18569213486	1.6136112948384862	4186.799303429699	4189.127398662633	1.737081220600087	4190.864479883233	4179.594734335843	1.549603715307678	4181.144338051151	4175.975926529036	1.497681109021617	4177.473607638058	4201.211596544053	4.407753361023382	4205.619349905076	4184.513746233119	1.1916532245982125	4185.705399457716	4183.959120823851	1.4359728828072875	4185.395093706658												
bw-ineq-io-cxl	chiplet_duckdb_tpch_sf1_single_thread_q21	1	33	2026-03-17T15:50:52Z	madracks-mnode5	amd	duckdb_tpch	analytic	per_instance_external	NO_RETIRED_INST_CYCLES	user	bw-ineq-io-cxl_x33	1	1	0	1	True							1						Q21	DUCKDB_TPCH	SF1		1.7102151110820514	queries/s	SUCCESSFUL	1	584637.7050038427	584637.7050038427	584637.7050038427	584637.7050038427	584637.7050038427	584637.7050038427	584637.7050038427	584637.7050038427	2369726960	3147778105	4791123287	1516.66	1.7102151110820514	1212.6729540032102	1.7102151110820514	1250.0	310.0	106450826	19105191		1.2119769480050309	44304.62342528915	22.906244929831175	44327.52967021898																																					ok	cpu/event=0xc0,cmask=1,inv=1/		/home/seunghyun/ycsb/results/bw-ineq-io-cxl_chiplet_duckdb_tpch_sf1_single_thread_q21_numa1_x33_madracks-mnode5_20260317T155050Z_662212/runs/duckdb_tpch/bw-ineq-io-cxl_x33	502.13711926039355	6.776743443393783	508.91386270378734	6264.99083798262	2.3157541318090726	6267.306592114429	6262.536946377264	1.8696149126524841	6264.406561289917	6250.810948265097	2.202343417107567	6253.013291682205	6262.268527589805	2.4987623632590155	6264.7672899530635	6255.925988046125	2.3923013282328243	6258.318289374358	6252.283650856293	2.5358776815250055	6254.819528537818	6253.669406911552	2.314847651851423	6255.984254563404												
bw-ineq-io-cxl	chiplet_duckdb_tpch_sf1_single_thread_q21	1	44	2026-03-17T15:52:08Z	madracks-mnode5	amd	duckdb_tpch	analytic	per_instance_external	NO_RETIRED_INST_CYCLES	user	bw-ineq-io-cxl_x44	1	1	0	1	True							1						Q21	DUCKDB_TPCH	SF1		1.340265835141884	queries/s	SUCCESSFUL	1	745993.9300024416	745993.9300024416	745993.9300024416	745993.9300024416	745993.9300024416	745993.9300024416	745993.9300024416	745993.9300024416	2691479887	3488950297	4901712844	1673.66	1.340265835141884	1405.9460220014444	1.340265835141884	1410.0	320.0	107720969	19663823		1.4051703970035305	54714.58493354939	32.094691745825465	54746.67962529522																																					ok	cpu/event=0xc0,cmask=1,inv=1/		/home/seunghyun/ycsb/results/bw-ineq-io-cxl_chiplet_duckdb_tpch_sf1_single_thread_q21_numa1_x44_madracks-mnode5_20260317T155207Z_663364/runs/duckdb_tpch/bw-ineq-io-cxl_x44	451.2201944459494	11.48829024972207	462.7084846956715	7413.182529082983	2.3307824384566587	7415.513311521439	8239.524934575184	3.034447654688449	8242.559382229872	7376.464778584577	2.885809236790598	7379.350587821368	8343.00029457805	2.101309392941069	8345.101603970992	7353.006513182948	2.631316983586767	7355.6378301665345	8219.685376138337	4.8923410061626695	8224.5777171445	7318.500312961359	2.730394783477182	7321.230707744836												
bw-ineq-io-cxl	chiplet_duckdb_tpch_sf1_single_thread_q21	1	55	2026-03-17T15:53:53Z	madracks-mnode5	amd	duckdb_tpch	analytic	per_instance_external	NO_RETIRED_INST_CYCLES	user	bw-ineq-io-cxl_x55	1	1	0	1	True							1						Q21	DUCKDB_TPCH	SF1		1.1919307972733528	queries/s	SUCCESSFUL	1	838837.7329974901	838837.7329974901	838837.7329974901	838837.7329974901	838837.7329974901	838837.7329974901	838837.7329974901	838837.7329974901	3562922117	4375520141	4933075450	2083.16	1.1919307972733528	1598.182978996192	1.1919307972733528	1390.0	760.0	98177356	22256790		1.5973963630094659	54655.177036702094	24.6123089443492	54679.789345646444																																					ok	cpu/event=0xc0,cmask=1,inv=1/		/home/seunghyun/ycsb/results/bw-ineq-io-cxl_chiplet_duckdb_tpch_sf1_single_thread_q21_numa1_x55_madracks-mnode5_20260317T155352Z_664488/runs/duckdb_tpch/bw-ineq-io-cxl_x55	408.5855842259956	0.555599241104564	409.1411834671002	7310.465574495783	3.6039251784762802	7314.069499674259	7394.561677041381	3.0052260168734044	7397.566903058254	7310.318813153022	3.3240049501335225	7313.642818103156	10255.28015603934	3.496977769367438	10258.777133808708	7289.062413798537	3.218700534447932	7292.2811143329845	7436.909870734831	4.502451535247817	7441.412322270079	7249.992947213208	2.9054237186982363	7252.898370931906												
bw-ineq-io-cxl	chiplet_duckdb_tpch_sf1_single_thread_q21	1	66	2026-03-17T15:55:54Z	madracks-mnode5	amd	duckdb_tpch	analytic	per_instance_external	NO_RETIRED_INST_CYCLES	user	bw-ineq-io-cxl_x66	1	1	0	1	True							1						Q21	DUCKDB_TPCH	SF1		1.0952570583082497	queries/s	SUCCESSFUL	1	912884.4010119792	912884.4010119792	912884.4010119792	912884.4010119792	912884.4010119792	912884.4010119792	912884.4010119792	912884.4010119792	4870028424	5717615433	5043512280	2634.03	1.0952570583082497	2062.0245519967284	1.0952570583082497	1980.0	740.0	99557387	23075961		2.061177347000921	53709.72607087773	25.14825909962472	53734.874329977356																																					ok	cpu/event=0xc0,cmask=1,inv=1/		/home/seunghyun/ycsb/results/bw-ineq-io-cxl_chiplet_duckdb_tpch_sf1_single_thread_q21_numa1_x66_madracks-mnode5_20260317T155552Z_666044/runs/duckdb_tpch/bw-ineq-io-cxl_x66	375.52650892688644	0.8080169865135849	376.3345259134	7484.588234559241	3.174473009316372	7487.762707568557	7039.5074593839345	2.9505486331659805	7042.458008017101	7415.373615572715	3.6676574161908455	7419.041272988906	9552.62416186775	4.289297779656221	9556.913459647407	7308.550435667765	4.032267419303748	7312.582703087069	7266.30937629267	3.2049435439710603	7269.514319836641	7267.246278606768	3.0210543115069064	7270.267332918275												
bw-ineq-io-cxl	chiplet_duckdb_tpch_sf1_single_thread_q21	1	77	2026-03-17T15:58:10Z	madracks-mnode5	amd	duckdb_tpch	analytic	per_instance_external	NO_RETIRED_INST_CYCLES	user	bw-ineq-io-cxl_x77	1	1	0	1	True							1						Q21	DUCKDB_TPCH	SF1		1.0788524332054363	queries/s	SUCCESSFUL	1	926748.6659955466	926748.6659955466	926748.6659955466	926748.6659955466	926748.6659955466	926748.6659955466	926748.6659955466	926748.6659955466	4853646766	5695732526	5027786384	2615.61	1.0788524332054363	2056.8362060002983	1.0788524332054363	1790.0	910.0	99135768	23098342		2.0559470919979503	52785.392887051836	32.22457154564866	52817.61745859749																																					ok	cpu/event=0xc0,cmask=1,inv=1/		/home/seunghyun/ycsb/results/bw-ineq-io-cxl_chiplet_duckdb_tpch_sf1_single_thread_q21_numa1_x77_madracks-mnode5_20260317T155807Z_667700/runs/duckdb_tpch/bw-ineq-io-cxl_x77	350.9125226881692	0.6125047422919069	351.5250274304611	7230.289178333032	4.80702817885481	7235.096206511887	7054.285783293695	4.244724363240667	7058.530507656936	6986.493825509728	4.934059382435029	6991.427884892163	9409.618679837302	5.705805857843153	9415.324485695144	7276.871363344141	3.80149560197573	7280.672858946117	7238.536721529629	3.6430554212074138	7242.179776950837	7238.38481251614	4.475897997799947	7242.86071051394												
bw-ineq-io-cxl	llamacpp_smoke	1	0	2026-03-17T17:47:38Z	madracks-mnode5	amd	llamacpp	analytic	per_instance_external	NO_RETIRED_INST_CYCLES	user	bw-ineq-io-cxl_x0	1	1	0	1	True							1						QUERY_MIX	LLAMA_BENCH	Meta-Llama-3.1-8B-Instruct-Q4_K_M		1.1844114102636703	tokens/s	SUCCESSFUL	2	844301.221125	402461.09525	1286141.347	844301.221125	1241957.3344125	1277304.5444825	1285257.6667482501	1286052.978974825	44311672113	58786925931	85214052435	26129.73	1.1844114102636703	26176.078618009342	1.1844114102636703	22880.0	3270.0	3230564418	371475614		26.17542753201269	0.04214679771207242	0.004085266367444032	0.04623206407951645																																					ok	cpu/event=0xc0,cmask=1,inv=1/		/home/seunghyun/ycsb/results/bw-ineq-io-cxl_llamacpp_smoke_numa1_x0_madracks-mnode5_20260317T174712Z_703118/runs/llamacpp/bw-ineq-io-cxl_x0																									0.0	0.0	0.0	0.0	0.0	0.0	0.04214679771207242	0.004085266367444032	0.04623206407951645	0.0	0.0	0.0
bw-ineq-io-cxl	llamacpp_smoke	1	11	2026-03-17T15:48:53Z	madracks-mnode5	amd	llamacpp	analytic	per_instance_external	NO_RETIRED_INST_CYCLES	user	bw-ineq-io-cxl_x11	1	1	0	1	True							1						QUERY_MIX	LLAMA_BENCH	Meta-Llama-3.1-8B-Instruct-Q4_K_M		1.12702043302161	tokens/s	SUCCESSFUL	2	887295.35925	416248.1785	1358342.54	887295.35925	1311237.821925	1348921.596385	1357400.4456385002	1358248.33056385	46575977471	61015931578	85174255688	27118.96	1.12702043302161	27161.060346013983	1.12702043302161	23670.0	3460.0	3246520658	369773962		27.160518499003956	2298.3670987113173	75.62625429569472	2373.993353007012																																					ok	cpu/event=0xc0,cmask=1,inv=1/		/home/seunghyun/ycsb/results/bw-ineq-io-cxl_llamacpp_smoke_numa1_x11_madracks-mnode5_20260317T154825Z_659677/runs/llamacpp/bw-ineq-io-cxl_x11	2298.3670987113173	75.62625429569472	2373.993353007012																																	
bw-ineq-io-cxl	llamacpp_smoke	1	22	2026-03-17T15:49:38Z	madracks-mnode5	amd	llamacpp	analytic	per_instance_external	NO_RETIRED_INST_CYCLES	user	bw-ineq-io-cxl_x22	1	1	0	1	True							1						QUERY_MIX	LLAMA_BENCH	Meta-Llama-3.1-8B-Instruct-Q4_K_M		1.0882015532442695	tokens/s	SUCCESSFUL	2	918947.411	425287.903125	1412606.918875	918947.4110000001	1363240.9680875	1402733.7287175	1411619.5998592502	1412508.1869734249	48384234536	62828600890	85164800262	27924.67	1.0882015532442695	27968.606779002585	1.0882015532442695	24350.0	3600.0	3247801275	367736346		27.96806868200656	2169.645682686468	24.95498333917162	2194.6006660256394																																					ok	cpu/event=0xc0,cmask=1,inv=1/		/home/seunghyun/ycsb/results/bw-ineq-io-cxl_llamacpp_smoke_numa1_x22_madracks-mnode5_20260317T154910Z_660642/runs/llamacpp/bw-ineq-io-cxl_x22	2169.645682686468	24.95498333917162	2194.6006660256394																																	
bw-ineq-io-cxl	llamacpp_smoke	1	33	2026-03-17T15:50:34Z	madracks-mnode5	amd	llamacpp	analytic	per_instance_external	NO_RETIRED_INST_CYCLES	user	bw-ineq-io-cxl_x33	1	1	0	1	True							1						QUERY_MIX	LLAMA_BENCH	Meta-Llama-3.1-8B-Instruct-Q4_K_M		1.0144012073782556	tokens/s	SUCCESSFUL	2	985803.2430624999	441948.68525	1529657.800875	985803.2430625	1475272.34509375	1518780.7097187499	1528570.0917593753	1529549.0299634375	51430016495	65831925206	85168420370	29259.69	1.0144012073782556	29308.339205992525	1.0144012073782556	25710.0	3570.0	3255767302	366769079		29.307811680002487	2086.9806137755427	19.91265191729104	2106.8932656928337																																					ok	cpu/event=0xc0,cmask=1,inv=1/		/home/seunghyun/ycsb/results/bw-ineq-io-cxl_llamacpp_smoke_numa1_x33_madracks-mnode5_20260317T155005Z_661718/runs/llamacpp/bw-ineq-io-cxl_x33	2086.9806137755427	19.91265191729104	2106.8932656928337																																	
bw-ineq-io-cxl	llamacpp_smoke	1	44	2026-03-17T15:51:46Z	madracks-mnode5	amd	llamacpp	analytic	per_instance_external	NO_RETIRED_INST_CYCLES	user	bw-ineq-io-cxl_x44	1	1	0	1	True							1						QUERY_MIX	LLAMA_BENCH	Meta-Llama-3.1-8B-Instruct-Q4_K_M		0.771238016057714	tokens/s	SUCCESSFUL	2	1296616.5816249999	580216.347125	2013016.816125	1296616.581625	1941376.7926750001	1998688.811435	2011584.015656	2012873.5360781	68062111181	82419102174	85182403086	36632.0	0.771238016057714	36679.50417799875	0.771238016057714	32750.0	3910.0	3239113172	383586890		36.67890941198857	1703.4947700042776	5.776220774066319	1709.270990778344																																					ok	cpu/event=0xc0,cmask=1,inv=1/		/home/seunghyun/ycsb/results/bw-ineq-io-cxl_llamacpp_smoke_numa1_x44_madracks-mnode5_20260317T155110Z_663098/runs/llamacpp/bw-ineq-io-cxl_x44	1703.4947700042776	5.776220774066319	1709.270990778344																																	
bw-ineq-io-cxl	llamacpp_smoke	1	55	2026-03-17T15:53:28Z	madracks-mnode5	amd	llamacpp	analytic	per_instance_external	NO_RETIRED_INST_CYCLES	user	bw-ineq-io-cxl_x55	1	1	0	1	True							1						QUERY_MIX	LLAMA_BENCH	Meta-Llama-3.1-8B-Instruct-Q4_K_M		0.4398747315667028	tokens/s	SUCCESSFUL	2	2273374.5046875	1026785.03575	3519963.973625	2273374.5046875	3395305.02673125	3495032.1842462495	3517470.794687125	3519714.6557312123	117420573628	131660314204	85247572919	58519.09	0.4398747315667028	58593.87270901061	0.4398747315667028	53750.0	4800.0	1741264202	1031933638		58.59324045300309	1089.8497802307497	1.8954039829424203	1091.7451842136923																																					ok	cpu/event=0xc0,cmask=1,inv=1/		/home/seunghyun/ycsb/results/bw-ineq-io-cxl_llamacpp_smoke_numa1_x55_madracks-mnode5_20260317T155229Z_664152/runs/llamacpp/bw-ineq-io-cxl_x55	1089.8497802307497	1.8954039829424203	1091.7451842136923																																	
bw-ineq-io-cxl	llamacpp_smoke	1	66	2026-03-17T15:55:23Z	madracks-mnode5	amd	llamacpp	analytic	per_instance_external	NO_RETIRED_INST_CYCLES	user	bw-ineq-io-cxl_x66	1	1	0	1	True							1						QUERY_MIX	LLAMA_BENCH	Meta-Llama-3.1-8B-Instruct-Q4_K_M		0.39473708091795096	tokens/s	SUCCESSFUL	2	2533331.8006875	1107638.5465	3959025.054875	2533331.8006875003	3816455.7294562496	3930511.18979125	3956173.668366626	3958739.916224162	130384243200	144573752515	85225955328	64259.48	0.39473708091795096	64342.23889900022	0.39473708091795096	59170.0	5130.0	1583926870	1061113033		64.34160067199264	997.9924368763661	3.0467965446015897	1001.0392334209677																																					ok	cpu/event=0xc0,cmask=1,inv=1/		/home/seunghyun/ycsb/results/bw-ineq-io-cxl_llamacpp_smoke_numa1_x66_madracks-mnode5_20260317T155419Z_665317/runs/llamacpp/bw-ineq-io-cxl_x66	997.9924368763661	3.0467965446015897	1001.0392334209677																																	
bw-ineq-io-cxl	llamacpp_smoke	1	77	2026-03-17T15:57:34Z	madracks-mnode5	amd	llamacpp	analytic	per_instance_external	NO_RETIRED_INST_CYCLES	user	bw-ineq-io-cxl_x77	1	1	0	1	True							1						QUERY_MIX	LLAMA_BENCH	Meta-Llama-3.1-8B-Instruct-Q4_K_M		0.3596628326442812	tokens/s	SUCCESSFUL	2	2780381.816625	1217198.03725	4343565.596	2780381.816625	4187247.2180625	4312301.920412499	4340439.22844125	4343252.959244125	143878205872	158074835451	85231472289	70258.34	0.3596628326442812	70327.13987199531	0.3596628326442812	65090.0	5210.0	1567904444	1060993136		70.32649952599604	920.2371061980595	1.9614697058660413	922.1985759039255																																					ok	cpu/event=0xc0,cmask=1,inv=1/		/home/seunghyun/ycsb/results/bw-ineq-io-cxl_llamacpp_smoke_numa1_x77_madracks-mnode5_20260317T155624Z_667272/runs/llamacpp/bw-ineq-io-cxl_x77	920.2371061980595	1.9614697058660413	922.1985759039255																																	
