dimm_count	timestamp_utc	host	arch	backend	mode	execution_model	event_name	perf_scope	assignment_label	instance_count	selected_cpu_count	cores	numas	numa_binding_applied	working_set_mb_per_instance	total_working_set_mb	recordcount_per_instance	total_recordcount	operationcount_per_instance	total_operationcount	threads_per_instance	java_active_processor_count_per_instance	load_threads	fieldcount	fieldlength	approx_value_bytes_per_record	primary_operation	benchmark_name	benchmark_class	benchmark_time_s	benchmark_rate	benchmark_rate_unit	benchmark_verification	latency_operations	latency_average_us	latency_min_us	latency_max_us	latency_p50_us	latency_p95_us	latency_p99_us	latency_p99_9_us	latency_p99_99_us	summed_stall_cycles	summed_cycles	summed_instructions	summed_task_clock_ms	summed_instance_throughput_ops_per_sec	group_wall_clock_ms	aggregate_wall_throughput_ops_per_sec	ServerPerfUserTimeMs	ServerPerfKernelTimeMs	ServerPerfCacheRefs	ServerPerfCacheMisses	ServerPerfLLCHitRatio	df_duration_s	df_total_read_mib_s	df_total_write_mib_s	df_total_mib_s	df_ccm0_read_mib_s	df_ccm0_write_mib_s	df_ccm0_total_mib_s	df_ccm1_read_mib_s	df_ccm1_write_mib_s	df_ccm1_total_mib_s	df_ccm2_read_mib_s	df_ccm2_write_mib_s	df_ccm2_total_mib_s	df_ccm3_read_mib_s	df_ccm3_write_mib_s	df_ccm3_total_mib_s	df_ccm4_read_mib_s	df_ccm4_write_mib_s	df_ccm4_total_mib_s	df_ccm5_read_mib_s	df_ccm5_write_mib_s	df_ccm5_total_mib_s	df_ccm6_read_mib_s	df_ccm6_write_mib_s	df_ccm6_total_mib_s	df_ccm7_read_mib_s	df_ccm7_write_mib_s	df_ccm7_total_mib_s	status	perf_event	workload_file	result_dir
1	2026-03-15T05:37:49Z	madracks-mnode5	amd	duckdb_tpch	analytic	per_instance_external	NO_RETIRED_INST_CYCLES	user	prefix_x1	1	1	0	0	True							1						QUERY_MIX	DUCKDB_TPCH	SF1		5.660043763956849	queries/s	SUCCESSFUL	22	176641.36872740116	41206.25499945163	432060.8469997751	130667.38700035785	403039.11139949376	426194.73723970255	431474.2360237679	432002.18590217433	5749719785	8988753704	20841413274	4046.27	5.660043763956849	4313.816072000009	5.660043763956849	3530.0	550.0	714935017	96830319		4.312894043000597	629.7328739843323	60.74327504224175	690.476149026574	611.1572742345824	60.58668552319194	671.7439597577743	3.0089245694832627	0.020760670984732933	3.0296852404679955	2.2205426881686843	0.017675581499612427	2.238218269668297	2.2014094726462856	0.01907660837588275	2.2204860810221683	2.7679054914048806	0.02444013550827115	2.7923456269131517	4.077745330531284	0.03741732384705786	4.115162654378342	2.0831712953610477	0.01686892966175982	2.1000402250228074	2.2159009021543743	0.020350269172492132	2.2362511713268662	ok	cpu/event=0xc0,cmask=1,inv=1/		/home/seunghyun/ycsb/results/numa0_prefix_duckdb_tpch_sf1_single_thread_madracks-mnode5_20260315T053744Z_155777/runs/duckdb_tpch/prefix_x1
1	2026-03-15T05:37:53Z	madracks-mnode5	amd	duckdb_tpch	analytic	per_instance_external	NO_RETIRED_INST_CYCLES	user	prefix_x7	7	7	0,1,2,3,4,5,6	0,0,0,0,0,0,0	True							1						QUERY_MIX	DUCKDB_TPCH	SF1		39.910721283893395	queries/s	SUCCESSFUL	154	175359.5432078033	41322.58399931743	510886.5080001124	131077.97200018467	469226.5181504808	505301.90443995706	510790.9810730298	510876.9553074041	45274702328	68132872972	147335164315	30547.4	39.910721283893395	4439.819183000509	39.910721283893395	27620.0	3110.0	4776216130	625783896		4.436545665999802	4919.968284836368	1654.416210038528	6574.3844948748965	4866.077706288376	1653.9131721671083	6519.990878455485	7.863418118644991	0.06514109999104942	7.928559218636041	6.9088843253548164	0.06364154774204743	6.972525873096864	7.331826846373788	0.06218326757329321	7.394010113947082	10.035540187364486	0.1235410935416312	10.159081280906117	7.889825371323517	0.06471462182848922	7.954539993152006	7.242699789078749	0.05893653059380268	7.301636319672552	6.61838390985091	0.06487971014948025	6.68326362000039	ok	cpu/event=0xc0,cmask=1,inv=1/		/home/seunghyun/ycsb/results/numa0_prefix_duckdb_tpch_sf1_single_thread_madracks-mnode5_20260315T053744Z_155777/runs/duckdb_tpch/prefix_x7
1	2026-03-15T05:37:58Z	madracks-mnode5	amd	duckdb_tpch	analytic	per_instance_external	NO_RETIRED_INST_CYCLES	user	prefix_x14	14	14	0,1,2,3,4,5,6,7,8,9,10,11,12,13	0,0,0,0,0,0,0,0,0,0,0,0,0,0	True							1						QUERY_MIX	DUCKDB_TPCH	SF1		73.38106201030283	queries/s	SUCCESSFUL	308	190754.0154057825	41082.95499918313	631017.1149998496	134413.96400003214	605382.3938500955	620215.35449976	629881.5566909417	630903.5591689587	101665705158	146630934835	290510453976	65626.03	73.38106201030283	4708.442400999957	73.38106201030283	58650.0	7330.0	9070945492	1355589248		4.706302672000675	9283.11627026191	3142.348849677965	12425.465119939874	4608.047515097155	1576.6894058095334	6184.736920906688	11.779935390913177	0.07864287813487805	11.858578269048056	10.249187561939882	0.07284581901114941	10.322033380951032	10.509705064574023	0.0718731580843493	10.581578222658372	4610.608738818418	1565.206015281983	6175.814754100401	11.223210214037511	0.08135335991756101	11.304563573955072	10.465598133746727	0.07589348991512308	10.54149162366185	10.232379981124776	0.07281988138643473	10.305199862511211	ok	cpu/event=0xc0,cmask=1,inv=1/		/home/seunghyun/ycsb/results/numa0_prefix_duckdb_tpch_sf1_single_thread_madracks-mnode5_20260315T053744Z_155777/runs/duckdb_tpch/prefix_x14
1	2026-03-15T05:38:03Z	madracks-mnode5	amd	duckdb_tpch	analytic	per_instance_external	NO_RETIRED_INST_CYCLES	user	prefix_x21	21	21	0,1,2,3,4,5,6,7,8,9,10,11,12,13,14,15,16,17,18,19,20	0,0,0,0,0,0,0,0,0,0,0,0,0,0,0,0,0,0,0,0,0	True							1						QUERY_MIX	DUCKDB_TPCH	SF1		98.5227844543771	queries/s	SUCCESSFUL	462	213114.67124891336	41642.05500001117	820113.04200023	137727.6059997712	785710.1985001918	814947.963619761	819498.3031100301	820051.56811121	176262278812	243646283336	435351210193	108930.62000000001	98.5227844543771	5237.773122999897	98.5227844543771	96730.0	12850.0	13401529679	2100551457		5.235802474000593	8445.887154123464	2543.909966305069	10989.797120428533	4187.824863175767	1269.5355811507914	5457.3604443265585	15.44934905239613	0.09605589401001972	15.54540494640615	17.379880177064134	0.11712057853381895	17.497000755597952	14.074537412109033	0.08692825262532974	14.161465664734362	4166.1396097818615	1273.7805755444501	5439.920185326311	17.42938859719284	0.11252761466974762	17.54191621186259	14.587416434052216	0.0895744526180815	14.676990886670296	13.002109493020102	0.09160281737023483	13.093712310390337	ok	cpu/event=0xc0,cmask=1,inv=1/		/home/seunghyun/ycsb/results/numa0_prefix_duckdb_tpch_sf1_single_thread_madracks-mnode5_20260315T053744Z_155777/runs/duckdb_tpch/prefix_x21
1	2026-03-15T05:38:09Z	madracks-mnode5	amd	duckdb_tpch	analytic	per_instance_external	NO_RETIRED_INST_CYCLES	user	prefix_x28	28	28	0,1,2,3,4,5,6,7,8,9,10,11,12,13,14,15,16,17,18,19,20,21,22,23,24,25,26,27	0,0,0,0,0,0,0,0,0,0,0,0,0,0,0,0,0,0,0,0,0,0,0,0,0,0,0,0	True							1						QUERY_MIX	DUCKDB_TPCH	SF1		113.57984512397955	queries/s	SUCCESSFUL	616	246503.9908214211	42369.95300016133	1081983.085000502	144945.3690001974	1013922.9312496809	1061359.9276503464	1080821.2030150255	1081866.8968019541	281741749264	372004569358	583642012405	166215.18999999994	113.57984512397955	6090.227036000215	113.57984512397955	146720.0	20400.0	17487819840	2943604766		6.089476936999745	11350.9703865711	2905.807423709076	14256.777810280175	3742.632017821554	933.4205292918034	4676.052547113358	17.150948874213935	0.1276636389626058	17.27861251317654	3755.8028871201413	1010.5565798168624	4766.359466937004	16.20851618606779	0.12415557005808259	16.332671756125873	3764.6004173073775	960.2296428976002	4724.830060204978	17.853018704076163	0.13195350608013703	17.9849722101563	20.211463359425075	0.1379272462718394	20.349390605696914	16.511117198244957	1.0789717414371949	17.59008893968215	ok	cpu/event=0xc0,cmask=1,inv=1/		/home/seunghyun/ycsb/results/numa0_prefix_duckdb_tpch_sf1_single_thread_madracks-mnode5_20260315T053744Z_155777/runs/duckdb_tpch/prefix_x28
1	2026-03-15T05:38:17Z	madracks-mnode5	amd	duckdb_tpch	analytic	per_instance_external	NO_RETIRED_INST_CYCLES	user	prefix_x35	35	35	0,1,2,3,4,5,6,7,8,9,10,11,12,13,14,15,16,17,18,19,20,21,22,23,24,25,26,27,28,29,30,31,32,33,34	0,0,0,0,0,0,0,0,0,0,0,0,0,0,0,0,0,0,0,0,0,0,0,0,0,0,0,0,0,0,0,0,0,0,0	True							1						QUERY_MIX	DUCKDB_TPCH	SF1		116.64474621147812	queries/s	SUCCESSFUL	770	300095.3074363638	43435.543000668986	1440251.5659994606	157638.72900015485	1316029.145900438	1418388.6540799267	1435960.848985747	1439822.494298089	446276275440	558575190678	727098936215	249370.32	116.64474621147812	7287.048522000077	116.64474621147812	217670.0	32890.0	21661327148	3789502755		7.2862466530004895	13184.671139445009	2697.273791594377	15881.944931039387	3260.7045910000793	643.3031106335833	3904.0077016336627	17.395456830868227	0.1216557188403337	17.51711254970856	3299.8207495411407	692.6994873568582	3992.520236897999	17.207896934655704	0.11247478736274603	17.32037172201845	3278.825546648353	652.340657070932	3931.166203719285	19.17352096118755	0.13035917486698842	19.303880136054538	3274.5345040894867	707.6925432098819	3982.2270472993687	17.00887343923964	0.8735036420514685	17.882377081291107	ok	cpu/event=0xc0,cmask=1,inv=1/		/home/seunghyun/ycsb/results/numa0_prefix_duckdb_tpch_sf1_single_thread_madracks-mnode5_20260315T053744Z_155777/runs/duckdb_tpch/prefix_x35
1	2026-03-15T05:38:26Z	madracks-mnode5	amd	duckdb_tpch	analytic	per_instance_external	NO_RETIRED_INST_CYCLES	user	prefix_x42	42	42	0,1,2,3,4,5,6,7,8,9,10,11,12,13,14,15,16,17,18,19,20,21,22,23,24,25,26,27,28,29,30,31,32,33,34,35,36,37,38,39,40,41	0,0,0,0,0,0,0,0,0,0,0,0,0,0,0,0,0,0,0,0,0,0,0,0,0,0,0,0,0,0,0,0,0,0,0,0,0,0,0,0,0,0	True							1						QUERY_MIX	DUCKDB_TPCH	SF1		115.12594679975695	queries/s	SUCCESSFUL	924	364882.3383387448	44814.66100060061	1810531.8950001674	174347.359499734	1617288.3477998308	1782765.8873003928	1808230.1572886202	1810301.7212290124	672383451287	807159079340	873544884459	360030.93999999994	115.12594679975695	8766.12273399951	115.12594679975695	313900.0	47650.0	25865311499	4669784563		8.765340744000241	11590.539532807743	1785.2853548403693	13375.824887648112	2885.73339379118	429.40149308038445	3315.1348868715645	18.972843285428393	0.1155967187698667	19.088440004198258	2876.1451365293565	457.8838463658706	3334.0289828952273	22.15856658026163	0.12852745226517676	22.28709403252681	2881.6933473095364	435.82856201747177	3317.521909327008	19.32839667711971	0.12955104829307693	19.457947725412787	2869.7157314258247	461.1117042155666	3330.8274356413913	16.792117209035972	0.6860739417479325	17.478191150783903	ok	cpu/event=0xc0,cmask=1,inv=1/		/home/seunghyun/ycsb/results/numa0_prefix_duckdb_tpch_sf1_single_thread_madracks-mnode5_20260315T053744Z_155777/runs/duckdb_tpch/prefix_x42
1	2026-03-15T05:38:36Z	madracks-mnode5	amd	duckdb_tpch	analytic	per_instance_external	NO_RETIRED_INST_CYCLES	user	prefix_x49	49	49	0,1,2,3,4,5,6,7,8,9,10,11,12,13,14,15,16,17,18,19,20,21,22,23,24,25,26,27,28,29,30,31,32,33,34,35,36,37,38,39,40,41,42,43,44,45,46,47,48	0,0,0,0,0,0,0,0,0,0,0,0,0,0,0,0,0,0,0,0,0,0,0,0,0,0,0,0,0,0,0,0,0,0,0,0,0,0,0,0,0,0,0,0,0,0,0,0,0	True							1						QUERY_MIX	DUCKDB_TPCH	SF1		112.68653965269426	queries/s	SUCCESSFUL	1078	435066.40319851006	55042.94200000004	2168670.8459992586	212181.52699930215	1992202.2095500322	2118838.92430993	2150512.510186854	2166726.816303825	952335896520	1109718682427	1022063639141	494701.43	112.68653965269426	10501.692283999546	112.68653965269426	433520.0	63030.0	30172607255	5559790292		10.50092393399973	12772.516662783239	1503.8629843354192	14276.379647118658	2549.701121308738	271.71944047160105	2821.420561780339	17.35280248953946	0.12408808586473888	17.476890575404198	2534.0401022678075	318.4568003944478	2852.4969026622553	2544.5697979305974	285.42464377255135	2829.994441703149	2546.7586137688522	286.51954719541754	2833.27816096427	19.27963198734419	0.13781106917668082	19.41744305652087	2539.785626506197	340.87699320200943	2880.6626197082064	21.028966524162716	0.6036601443505575	21.63262666851327	ok	cpu/event=0xc0,cmask=1,inv=1/		/home/seunghyun/ycsb/results/numa0_prefix_duckdb_tpch_sf1_single_thread_madracks-mnode5_20260315T053744Z_155777/runs/duckdb_tpch/prefix_x49
1	2026-03-15T05:38:49Z	madracks-mnode5	amd	duckdb_tpch	analytic	per_instance_external	NO_RETIRED_INST_CYCLES	user	prefix_x56	56	56	0,1,2,3,4,5,6,7,8,9,10,11,12,13,14,15,16,17,18,19,20,21,22,23,24,25,26,27,28,29,30,31,32,33,34,35,36,37,38,39,40,41,42,43,44,45,46,47,48,49,50,51,52,53,54,55	0,0,0,0,0,0,0,0,0,0,0,0,0,0,0,0,0,0,0,0,0,0,0,0,0,0,0,0,0,0,0,0,0,0,0,0,0,0,0,0,0,0,0,0,0,0,0,0,0,0,0,0,0,0,0,0	True							1						QUERY_MIX	DUCKDB_TPCH	SF1		107.35068113234085	queries/s	SUCCESSFUL	1232	521997.4333206081	57341.749999977765	2632928.493999316	269363.6025001069	2364116.9448500937	2561788.7297102246	2593971.286855173	2628301.2687727045	1332949538570	1512963162689	1169950828898	674044.63	107.35068113234085	12476.762846999918	107.35068113234085	587300.0	89050.0	34512291384	6454707882		12.47592744800022	13478.784579492818	1219.6205569828626	14698.405136475682	2242.869329526505	184.63759244518255	2427.506921971688	18.12057783652261	0.11535398512191833	18.235931821644527	2269.791799489751	230.52345963910903	2500.3152591288604	2219.0255693170293	188.01664378161556	2407.042213098645	2238.138067162857	197.11501507227118	2435.253082235128	19.550895825418223	0.11845566146812879	19.669351486886352	2253.9743508767247	239.65730941062066	2493.6316602873453	2217.3139894580104	179.4367269874736	2396.750716445484	ok	cpu/event=0xc0,cmask=1,inv=1/		/home/seunghyun/ycsb/results/numa0_prefix_duckdb_tpch_sf1_single_thread_madracks-mnode5_20260315T053744Z_155777/runs/duckdb_tpch/prefix_x56
1	2026-03-15T05:39:04Z	madracks-mnode5	amd	duckdb_tpch	analytic	per_instance_external	NO_RETIRED_INST_CYCLES	user	prefix_x63	63	63	0,1,2,3,4,5,6,7,8,9,10,11,12,13,14,15,16,17,18,19,20,21,22,23,24,25,26,27,28,29,30,31,32,33,34,35,36,37,38,39,40,41,42,43,44,45,46,47,48,49,50,51,52,53,54,55,56,57,58,59,60,61,62	0,0,0,0,0,0,0,0,0,0,0,0,0,0,0,0,0,0,0,0,0,0,0,0,0,0,0,0,0,0,0,0,0,0,0,0,0,0,0,0,0,0,0,0,0,0,0,0,0,0,0,0,0,0,0,0,0,0,0,0,0,0,0	True							1						QUERY_MIX	DUCKDB_TPCH	SF1		101.32826499451669	queries/s	SUCCESSFUL	1386	622257.4988621966	53464.313999938895	3551383.669999268	323991.8150002268	2771190.344500155	2991855.59484954	3216087.4012502264	3516707.064483837	1811053680471	2012389292579	1312631646421	896075.9999999998	101.32826499451669	14809.190340999521	101.32826499451669	784860.0	113830.0	38820991924	7380655212		14.808412041999873	12000.818893367596	719.7476002512904	12720.566493618886	1978.9622340581875	111.1678315343162	2090.130065592504	19.739186006360175	0.1285997380917736	19.867785744451947	2005.3574920764581	140.63360871497187	2145.99110079143	1992.913937251893	103.63190584174839	2096.5458430936415	1967.8096617555043	115.63316593554751	2083.4428276910517	18.426066078840954	0.115451660641924	18.541517739482877	1999.4602928852216	139.01724837109558	2138.477541256317	2018.1500232551302	109.41978845487714	2127.5698117100073	ok	cpu/event=0xc0,cmask=1,inv=1/		/home/seunghyun/ycsb/results/numa0_prefix_duckdb_tpch_sf1_single_thread_madracks-mnode5_20260315T053744Z_155777/runs/duckdb_tpch/prefix_x63
1	2026-03-15T05:39:21Z	madracks-mnode5	amd	duckdb_tpch	analytic	per_instance_external	NO_RETIRED_INST_CYCLES	user	prefix_x70	70	70	0,1,2,3,4,5,6,7,8,9,10,11,12,13,14,15,16,17,18,19,20,21,22,23,24,25,26,27,28,29,30,31,32,33,34,35,36,37,38,39,40,41,42,43,44,45,46,47,48,49,50,51,52,53,54,55,56,57,58,59,60,61,62,63,64,65,66,67,68,69	0,0,0,0,0,0,0,0,0,0,0,0,0,0,0,0,0,0,0,0,0,0,0,0,0,0,0,0,0,0,0,0,0,0,0,0,0,0,0,0,0,0,0,0,0,0,0,0,0,0,0,0,0,0,0,0,0,0,0,0,0,0,0,0,0,0,0,0,0,0	True							1						QUERY_MIX	DUCKDB_TPCH	SF1		98.24867920034154	queries/s	SUCCESSFUL	1540	715169.9718156026	54120.17300022853	4278181.472000143	371630.6635001274	2819144.2862494113	3832693.161749775	4162836.040293968	4260967.875041461	2336394591738	2559918245130	1459912503944	1139622.4999999998	98.24867920034154	17327.59592399998	98.24867920034154	998160.0	144780.0	43242489529	8313310636		17.32674853499975	12612.049648740476	590.187880123513	13202.237528863989	1781.3469322044866	80.24203117424477	1861.5889633787315	1810.8138278364816	81.03405545616273	1891.8478832926444	1793.0336310832029	86.21654980504772	1879.2501808882505	1828.1417530485735	91.33048736680453	1919.472240415378	1789.1459131369074	83.1505657256377	1872.2964788625452	19.837259672040506	0.12446040503611608	19.961720077076624	1796.4643589693337	85.60908495936482	1882.0734439286985	1793.2659727894513	82.48064523121457	1875.746618020666	ok	cpu/event=0xc0,cmask=1,inv=1/		/home/seunghyun/ycsb/results/numa0_prefix_duckdb_tpch_sf1_single_thread_madracks-mnode5_20260315T053744Z_155777/runs/duckdb_tpch/prefix_x70
1	2026-03-15T05:39:41Z	madracks-mnode5	amd	duckdb_tpch	analytic	per_instance_external	NO_RETIRED_INST_CYCLES	user	prefix_x77	77	77	0,1,2,3,4,5,6,7,8,9,10,11,12,13,14,15,16,17,18,19,20,21,22,23,24,25,26,27,28,29,30,31,32,33,34,35,36,37,38,39,40,41,42,43,44,45,46,47,48,49,50,51,52,53,54,55,56,57,58,59,60,61,62,63,64,65,66,67,68,69,70,71,72,73,74,75,76	0,0,0,0,0,0,0,0,0,0,0,0,0,0,0,0,0,0,0,0,0,0,0,0,0,0,0,0,0,0,0,0,0,0,0,0,0,0,0,0,0,0,0,0,0,0,0,0,0,0,0,0,0,0,0,0,0,0,0,0,0,0,0,0,0,0,0,0,0,0,0,0,0,0,0,0,0	True							1						QUERY_MIX	DUCKDB_TPCH	SF1		96.43679705517728	queries/s	SUCCESSFUL	1694	805513.0223960909	54496.06199999835	5432752.065000386	435824.6284996312	3313157.261549939	4831325.880749841	5275638.175303263	5407679.459265577	2923414641758	3169919445064	1610501327552	1410746.7099999997	96.43679705517728	19921.272253000097	96.43679705517728	1232290.0	182090.0	47643473771	9258235317		19.920448073000443	13115.077121315157	513.031057095872	13628.108178411028	1680.2414812574427	45.784085097073884	1726.0255663545165	1653.511605608952	70.04637131783615	1723.5579769267883	1603.4407857735391	59.698791925376085	1663.1395776989152	1671.1405444660031	74.46424596392653	1745.6047904299296	1667.7910566997327	43.37524834571022	1711.1663050454429	1627.534593321432	79.50641471304839	1707.0410080344805	1588.032209690247	60.68934694363554	1648.7215566338828	1623.3848444978064	79.46655278926521	1702.8513972870717	ok	cpu/event=0xc0,cmask=1,inv=1/		/home/seunghyun/ycsb/results/numa0_prefix_duckdb_tpch_sf1_single_thread_madracks-mnode5_20260315T053744Z_155777/runs/duckdb_tpch/prefix_x77
1	2026-03-15T05:40:04Z	madracks-mnode5	amd	duckdb_tpch	analytic	per_instance_external	NO_RETIRED_INST_CYCLES	user	prefix_x84	84	84	0,1,2,3,4,5,6,7,8,9,10,11,12,13,14,15,16,17,18,19,20,21,22,23,24,25,26,27,28,29,30,31,32,33,34,35,36,37,38,39,40,41,42,43,44,45,46,47,48,49,50,51,52,53,54,55,56,57,58,59,60,61,62,63,64,65,66,67,68,69,70,71,72,73,74,75,76,77,78,79,80,81,82,83	0,0,0,0,0,0,0,0,0,0,0,0,0,0,0,0,0,0,0,0,0,0,0,0,0,0,0,0,0,0,0,0,0,0,0,0,0,0,0,0,0,0,0,0,0,0,0,0,0,0,0,0,0,0,0,0,0,0,0,0,0,0,0,0,0,0,0,0,0,0,0,0,0,0,0,0,0,0,0,0,0,0,0,0	True							1						QUERY_MIX	DUCKDB_TPCH	SF1		97.49425557165517	queries/s	SUCCESSFUL	1848	875285.5006493608	55731.9119998283	7006870.103999972	454817.4814999584	3361328.262499545	6149425.410059883	6924988.988537664	7004518.14177269	3486813795313	3755220088290	1753897270229	1671091.2700000005	97.49425557165517	22261.859740000546	97.49425557165517	1461740.0	213890.0	52006746612	10207770369		22.261055250000027	12095.29202027484	389.6446271894706	12484.93664746431	1537.3405123065534	31.885102145272814	1569.2256144518262	1510.905048370396	57.61001454757512	1568.515062917971	1477.6599521905298	45.97039978035178	1523.6303519708815	1515.181582601401	56.98624343399971	1572.1678260354008	1509.8568082866325	34.35673880474227	1544.2135470913747	1539.7242882801718	61.133596821060046	1600.857885101232	1483.1471734968927	43.584789548695085	1526.7319630455877	1521.476654742263	58.11774210777383	1579.594396850037	ok	cpu/event=0xc0,cmask=1,inv=1/		/home/seunghyun/ycsb/results/numa0_prefix_duckdb_tpch_sf1_single_thread_madracks-mnode5_20260315T053744Z_155777/runs/duckdb_tpch/prefix_x84
2	2026-03-15T07:14:49Z	madracks-mnode5	amd	duckdb_tpch	analytic	per_instance_external	NO_RETIRED_INST_CYCLES	user	prefix_x1	1	1	0	0	True							1						QUERY_MIX	DUCKDB_TPCH	SF1		5.604454661658804	queries/s	SUCCESSFUL	22	178392.85036360376	46507.531000315794	432977.02000018035	137222.0109999489	405630.89239988127	427483.0037801166	432427.618378174	432922.07983797963	5833750942	9063742495	20821551571	4078.67	5.604454661658804	4342.576017999818	5.604454661658804	3610.0	500.0	717461672	97194580		4.341799426999842	639.3430930584896	48.81737740173055	688.1604704602202	620.4321027119094	48.6899455153183	669.1220482272277	3.748683412901749	0.020959839232286424	3.7696432521340353	1.999942594164269	0.01636301332419946	2.0163056074884684	3.320890423232182	0.020256960653068236	3.34114738388525	2.4783779854665067	0.016658222327471103	2.495036207793978	2.321137018509605	0.018120209772244936	2.3392572282818502	2.424607774156315	0.016883143472820925	2.4414909176291357	2.617351138149527	0.018190497630166755	2.6355416357796937	ok	cpu/event=0xc0,cmask=1,inv=1/		/home/seunghyun/ycsb/results/numa0_prefix_duckdb_tpch_sf1_single_thread_madracks-mnode5_20260315T071444Z_135660/runs/duckdb_tpch/prefix_x1
2	2026-03-15T07:14:53Z	madracks-mnode5	amd	duckdb_tpch	analytic	per_instance_external	NO_RETIRED_INST_CYCLES	user	prefix_x7	7	7	0,1,2,3,4,5,6	0,0,0,0,0,0,0	True							1						QUERY_MIX	DUCKDB_TPCH	SF1		40.33770250258387	queries/s	SUCCESSFUL	154	173502.060071456	40625.315999932354	499941.1600001622	131094.41000005972	454066.36950015125	491200.39516998985	498632.3188991633	499810.2758900621	44259666379	66694392660	144997331428	29879.800000000003	40.33770250258387	4257.122893000087	40.33770250258387	26840.0	3230.0	4829379359	616471329		4.256227292000403	5181.7702076241385	1739.217331361503	6920.987538985642	5128.449524606197	1738.808176737313	6867.25770134351	8.389075135621685	0.06433014314158343	8.453405278763269	6.980092994686968	0.048484220678041375	7.02857721536501	7.472392106156107	0.05837895959192737	7.530771065748034	9.558418172223142	0.0743969644713631	9.632815136694505	6.99273388215449	0.05552525952835735	7.0482591416828475	6.770281509108612	0.05271458006876075	6.822996089177373	7.157689217989897	0.055324496709814736	7.213013714699711	ok	cpu/event=0xc0,cmask=1,inv=1/		/home/seunghyun/ycsb/results/numa0_prefix_duckdb_tpch_sf1_single_thread_madracks-mnode5_20260315T071444Z_135660/runs/duckdb_tpch/prefix_x7
2	2026-03-15T07:14:58Z	madracks-mnode5	amd	duckdb_tpch	analytic	per_instance_external	NO_RETIRED_INST_CYCLES	user	prefix_x14	14	14	0,1,2,3,4,5,6,7,8,9,10,11,12,13	0,0,0,0,0,0,0,0,0,0,0,0,0,0	True							1						QUERY_MIX	DUCKDB_TPCH	SF1		79.23893351918328	queries/s	SUCCESSFUL	308	176650.97073700945	40265.21500009039	524974.6219997178	131298.53600003116	485907.3331502031	520292.48878995987	524780.0450927726	524955.1643090233	91270132960	136136346320	290112205272	60936.43	79.23893351918328	4369.287660999817	79.23893351918328	55060.0	6280.0	9555874633	1245501910		4.368455710000035	9901.099884770025	3396.535297291994	13297.635182062018	4913.381869393727	1697.9991107962392	6611.380980189966	13.582566198705269	0.09735544938144666	13.679921648086715	11.219838302817166	0.07502852514040881	11.294866827957575	11.815302122735059	0.07676102739690986	11.892063150131968	4916.233903430945	1698.0497166282798	6614.283620059225	11.568455480664635	0.07690074532082124	11.645356225985456	11.564326816013054	0.0771103222066883	11.641437138219743	11.733623024416469	0.08331379802835338	11.816936822444822	ok	cpu/event=0xc0,cmask=1,inv=1/		/home/seunghyun/ycsb/results/numa0_prefix_duckdb_tpch_sf1_single_thread_madracks-mnode5_20260315T071444Z_135660/runs/duckdb_tpch/prefix_x14
2	2026-03-15T07:15:02Z	madracks-mnode5	amd	duckdb_tpch	analytic	per_instance_external	NO_RETIRED_INST_CYCLES	user	prefix_x21	21	21	0,1,2,3,4,5,6,7,8,9,10,11,12,13,14,15,16,17,18,19,20	0,0,0,0,0,0,0,0,0,0,0,0,0,0,0,0,0,0,0,0,0	True							1						QUERY_MIX	DUCKDB_TPCH	SF1		114.59857178737472	queries/s	SUCCESSFUL	462	183215.66322944607	41020.02599984189	597994.5550002413	132865.74199969438	537770.3905003272	570160.2674899141	587520.7553212573	596947.1750323422	146889206193	214588844103	436907376043	96019.62000000001	114.59857178737472	4577.322394000021	114.59857178737472	84870.0	11770.0	14061812964	1938039869		4.5765237929999785	9506.819253474718	3263.1621209434697	12769.981374418188	4690.459455477762	1632.6939577085818	6323.153413186345	16.991851098597383	0.13445935674009132	17.126310455337475	27.199719526120976	0.14772924961416303	27.34744877573514	15.983159196395272	0.11286744059625005	16.09602663699152	4710.042336513621	1629.7366653914207	6339.779001905042	15.005548183985143	0.1163082771404817	15.121856461125624	15.336942086579485	0.10286500878162314	15.43980709536111	15.80024139165725	0.11726851059468589	15.917509902251936	ok	cpu/event=0xc0,cmask=1,inv=1/		/home/seunghyun/ycsb/results/numa0_prefix_duckdb_tpch_sf1_single_thread_madracks-mnode5_20260315T071444Z_135660/runs/duckdb_tpch/prefix_x21
2	2026-03-15T07:15:07Z	madracks-mnode5	amd	duckdb_tpch	analytic	per_instance_external	NO_RETIRED_INST_CYCLES	user	prefix_x28	28	28	0,1,2,3,4,5,6,7,8,9,10,11,12,13,14,15,16,17,18,19,20,21,22,23,24,25,26,27	0,0,0,0,0,0,0,0,0,0,0,0,0,0,0,0,0,0,0,0,0,0,0,0,0,0,0,0	True							1						QUERY_MIX	DUCKDB_TPCH	SF1		146.8902247630115	queries/s	SUCCESSFUL	616	190596.00737823793	40764.25599987488	641971.1139997162	133529.69199991092	607869.6290001062	623731.2293500963	637429.8088598525	641516.9834857297	207029300561	296916618486	580367199796	132769.27000000002	146.8902247630115	4799.047318999783	146.8902247630115	116900.0	16790.0	18266807014	2676023111		4.798290337999788	13663.502162369243	4614.78559151825	18278.287753887493	4532.921741920847	1541.9780922692669	6074.899834190114	21.400501907937624	0.17466090449585192	21.575162812433476	4523.216581751456	1530.3749782554346	6053.591560006891	20.100873917056155	0.1502508632950989	20.251124780351255	4506.593121090449	1541.6223976459753	6048.215518736424	19.388696018803024	0.17022155880587653	19.558917577608902	21.303243348781315	0.16640550233884893	21.469648851120166	18.57740241391296	0.14858451863783018	18.72598693255079	ok	cpu/event=0xc0,cmask=1,inv=1/		/home/seunghyun/ycsb/results/numa0_prefix_duckdb_tpch_sf1_single_thread_madracks-mnode5_20260315T071444Z_135660/runs/duckdb_tpch/prefix_x28
2	2026-03-15T07:15:12Z	madracks-mnode5	amd	duckdb_tpch	analytic	per_instance_external	NO_RETIRED_INST_CYCLES	user	prefix_x35	35	35	0,1,2,3,4,5,6,7,8,9,10,11,12,13,14,15,16,17,18,19,20,21,22,23,24,25,26,27,28,29,30,31,32,33,34	0,0,0,0,0,0,0,0,0,0,0,0,0,0,0,0,0,0,0,0,0,0,0,0,0,0,0,0,0,0,0,0,0,0,0	True							1						QUERY_MIX	DUCKDB_TPCH	SF1		174.10441624749757	queries/s	SUCCESSFUL	770	201004.26843245816	40812.11499988058	719451.7630000518	135647.84000004694	690995.3945501683	706072.6671999464	714557.6578257217	718962.3524826186	280217341870	392856468860	726198606126	175517.56000000003	174.10441624749757	5106.105409000065	174.10441624749757	151330.0	25420.0	22657114892	3401009845		5.105353818000367	17120.82242007166	5589.778713296041	22710.6011333677	4258.781716016792	1400.5226813368845	5659.304397353677	24.225984107684717	0.2961404653558217	24.52212457304054	4221.133650396157	1393.836321941304	5614.969972337461	22.24884510802601	0.23233594944592628	22.481181057471936	4264.856678232656	1396.6212689117388	5661.477947144394	22.60024815063375	0.3013529009819627	22.901601051615714	4285.227635810216	1397.732486065441	5682.960121875657	21.747662249496003	0.2361257248897031	21.983787974385706	ok	cpu/event=0xc0,cmask=1,inv=1/		/home/seunghyun/ycsb/results/numa0_prefix_duckdb_tpch_sf1_single_thread_madracks-mnode5_20260315T071444Z_135660/runs/duckdb_tpch/prefix_x35
2	2026-03-15T07:15:18Z	madracks-mnode5	amd	duckdb_tpch	analytic	per_instance_external	NO_RETIRED_INST_CYCLES	user	prefix_x42	42	42	0,1,2,3,4,5,6,7,8,9,10,11,12,13,14,15,16,17,18,19,20,21,22,23,24,25,26,27,28,29,30,31,32,33,34,35,36,37,38,39,40,41	0,0,0,0,0,0,0,0,0,0,0,0,0,0,0,0,0,0,0,0,0,0,0,0,0,0,0,0,0,0,0,0,0,0,0,0,0,0,0,0,0,0	True							1						QUERY_MIX	DUCKDB_TPCH	SF1		196.4672695610712	queries/s	SUCCESSFUL	924	213753.2486753297	41160.70600002786	836779.84499991	137455.9759999556	794893.117850097	813427.7395999288	826480.2458327971	835749.885083197	368893724632	504298948125	872166798346	225094.30000000002	196.4672695610712	5539.919320000081	196.4672695610712	191670.0	35450.0	26924257528	4158292582		5.539131529000315	15952.665103756868	4875.473135364337	20828.138239121206	3957.4694190353384	1218.0225278965936	5175.491946931932	25.89540961123767	0.41364964049490976	26.30905925173258	3951.8075868263386	1223.7115547596356	5175.5191415859745	26.562240599352496	0.3623235876066495	26.924564186959145	3967.1884115434923	1218.6961906049298	5185.884602148422	24.596247822125488	0.4220240072177689	25.018271829343256	3974.640545621545	1213.4994773350595	5188.140022956604	24.505242697435893	0.3453875328000252	24.850630230235918	ok	cpu/event=0xc0,cmask=1,inv=1/		/home/seunghyun/ycsb/results/numa0_prefix_duckdb_tpch_sf1_single_thread_madracks-mnode5_20260315T071444Z_135660/runs/duckdb_tpch/prefix_x42
2	2026-03-15T07:15:24Z	madracks-mnode5	amd	duckdb_tpch	analytic	per_instance_external	NO_RETIRED_INST_CYCLES	user	prefix_x49	49	49	0,1,2,3,4,5,6,7,8,9,10,11,12,13,14,15,16,17,18,19,20,21,22,23,24,25,26,27,28,29,30,31,32,33,34,35,36,37,38,39,40,41,42,43,44,45,46,47,48	0,0,0,0,0,0,0,0,0,0,0,0,0,0,0,0,0,0,0,0,0,0,0,0,0,0,0,0,0,0,0,0,0,0,0,0,0,0,0,0,0,0,0,0,0,0,0,0,0	True							1						QUERY_MIX	DUCKDB_TPCH	SF1		215.41372567582724	queries/s	SUCCESSFUL	1078	227444.97574675723	41115.06700019163	963949.9579998301	139836.7879999114	890618.0680000262	930898.1158997995	955009.8724447752	963035.1533382223	467734817070	626500635080	1022477413393	279540.44	215.41372567582724	5938.198340999861	215.41372567582724	235820.0	46150.0	30994407588	5007290774		5.937454129999878	18805.34985466015	5440.815192825363	24246.165047485512	3794.263425352387	1094.5916593640818	4888.855084716469	28.540845491551355	0.5478043965221449	29.0886498880735	3755.882685792006	1073.684497435168	4829.567183227175	3718.4103054284064	1093.4979317533337	4811.90823718174	3729.444904450582	1081.757606678761	4811.202511129342	27.093491588017358	0.5696384467794734	27.663130034796833	3724.3946855421564	1095.671663595784	4820.06634913794	27.319511015045553	0.49439115493218305	27.813902169977737	ok	cpu/event=0xc0,cmask=1,inv=1/		/home/seunghyun/ycsb/results/numa0_prefix_duckdb_tpch_sf1_single_thread_madracks-mnode5_20260315T071444Z_135660/runs/duckdb_tpch/prefix_x49
2	2026-03-15T07:15:30Z	madracks-mnode5	amd	duckdb_tpch	analytic	per_instance_external	NO_RETIRED_INST_CYCLES	user	prefix_x56	56	56	0,1,2,3,4,5,6,7,8,9,10,11,12,13,14,15,16,17,18,19,20,21,22,23,24,25,26,27,28,29,30,31,32,33,34,35,36,37,38,39,40,41,42,43,44,45,46,47,48,49,50,51,52,53,54,55	0,0,0,0,0,0,0,0,0,0,0,0,0,0,0,0,0,0,0,0,0,0,0,0,0,0,0,0,0,0,0,0,0,0,0,0,0,0,0,0,0,0,0,0,0,0,0,0,0,0,0,0,0,0,0,0	True							1						QUERY_MIX	DUCKDB_TPCH	SF1		225.62737149527857	queries/s	SUCCESSFUL	1232	248178.4346063288	41897.50699970318	1121005.6360000635	143162.60050009078	1039972.9459501487	1094339.1563000523	1118268.8421681537	1120739.2090697798	596590585841	777834589066	1166815065584	346938.85000000003	225.62737149527857	6467.5836759997765	225.62737149527857	290830.0	59000.0	35160638769	5840940698		6.466824534999887	21162.282251835688	5470.346835740277	26632.629087575966	3549.6331864629988	900.2277638316156	4449.860950294615	29.226439851252984	0.6568606758054051	29.88330052705839	3515.3143727799097	917.1609725127554	4432.475345292665	3532.565290008509	905.754658041391	4438.3199480499	3480.9118139853713	907.8553927890692	4388.767206774441	28.445542406072406	0.6657325798696772	29.11127498594208	3492.902003564319	942.8107325550845	4435.712736119403	3533.283602777253	895.214722754686	4428.4983255319385	ok	cpu/event=0xc0,cmask=1,inv=1/		/home/seunghyun/ycsb/results/numa0_prefix_duckdb_tpch_sf1_single_thread_madracks-mnode5_20260315T071444Z_135660/runs/duckdb_tpch/prefix_x56
2	2026-03-15T07:15:38Z	madracks-mnode5	amd	duckdb_tpch	analytic	per_instance_external	NO_RETIRED_INST_CYCLES	user	prefix_x63	63	63	0,1,2,3,4,5,6,7,8,9,10,11,12,13,14,15,16,17,18,19,20,21,22,23,24,25,26,27,28,29,30,31,32,33,34,35,36,37,38,39,40,41,42,43,44,45,46,47,48,49,50,51,52,53,54,55,56,57,58,59,60,61,62	0,0,0,0,0,0,0,0,0,0,0,0,0,0,0,0,0,0,0,0,0,0,0,0,0,0,0,0,0,0,0,0,0,0,0,0,0,0,0,0,0,0,0,0,0,0,0,0,0,0,0,0,0,0,0,0,0,0,0,0,0,0,0	True							1						QUERY_MIX	DUCKDB_TPCH	SF1		229.68839517674397	queries/s	SUCCESSFUL	1386	274315.33405627526	40325.45499967455	1303393.0060000785	149971.14650009281	1198473.58574998	1265283.845650015	1285307.3934302055	1300998.722567601	752114324906	956056523082	1311248597789	426088.5700000001	229.68839517674397	7072.781058000146	229.68839517674397	352790.0	76570.0	39362531841	6673859870		7.072037458000068	19555.71144783829	4578.325239047243	24134.036686885534	3232.8655877437386	758.8145597509254	3991.680147494664	31.740650508293072	0.6923293645284737	32.43297987282155	3250.4514561247365	774.4935642786496	4024.945020403386	3260.011472678316	746.563620805023	4006.5750934833386	3256.6938558061834	760.6931932678524	4017.3870490740355	29.23412287329499	0.6816016641070164	29.915724537402006	3253.3926066603976	781.373593272114	4034.766199932512	3241.3216954433296	755.0127766440432	3996.334472087373	ok	cpu/event=0xc0,cmask=1,inv=1/		/home/seunghyun/ycsb/results/numa0_prefix_duckdb_tpch_sf1_single_thread_madracks-mnode5_20260315T071444Z_135660/runs/duckdb_tpch/prefix_x63
2	2026-03-15T07:15:45Z	madracks-mnode5	amd	duckdb_tpch	analytic	per_instance_external	NO_RETIRED_INST_CYCLES	user	prefix_x70	70	70	0,1,2,3,4,5,6,7,8,9,10,11,12,13,14,15,16,17,18,19,20,21,22,23,24,25,26,27,28,29,30,31,32,33,34,35,36,37,38,39,40,41,42,43,44,45,46,47,48,49,50,51,52,53,54,55,56,57,58,59,60,61,62,63,64,65,66,67,68,69	0,0,0,0,0,0,0,0,0,0,0,0,0,0,0,0,0,0,0,0,0,0,0,0,0,0,0,0,0,0,0,0,0,0,0,0,0,0,0,0,0,0,0,0,0,0,0,0,0,0,0,0,0,0,0,0,0,0,0,0,0,0,0,0,0,0,0,0,0,0	True							1						QUERY_MIX	DUCKDB_TPCH	SF1		233.90454147419956	queries/s	SUCCESSFUL	1540	299352.08343701746	41483.00599990762	1482163.682999726	155419.23699993276	1347931.7535502787	1431309.3005301424	1468959.8681128433	1480461.6767367304	918750519505	1145595823072	1458524933908	510393.1500000002	233.90454147419956	7655.059100000017	233.90454147419956	423190.0	91110.0	43551148870	7544066283		7.654228759000034	21500.412068843754	4558.918376898549	26059.330445742304	3069.612953133446	644.7613594169801	3714.374312550426	3067.6361118938153	641.5367836429704	3709.1728955367857	3067.908788312467	675.8647237298206	3743.7735120422876	3048.8812004789424	642.6021238838886	3691.483324362831	3070.191848786473	642.9686268902514	3713.1604756767247	31.953337588714867	0.8143492346896581	32.767686823404524	3081.9522877121985	670.0566534162895	3752.008941128488	3062.2755409377005	640.3137566836581	3702.5892976213586	ok	cpu/event=0xc0,cmask=1,inv=1/		/home/seunghyun/ycsb/results/numa0_prefix_duckdb_tpch_sf1_single_thread_madracks-mnode5_20260315T071444Z_135660/runs/duckdb_tpch/prefix_x70
2	2026-03-15T07:15:54Z	madracks-mnode5	amd	duckdb_tpch	analytic	per_instance_external	NO_RETIRED_INST_CYCLES	user	prefix_x77	77	77	0,1,2,3,4,5,6,7,8,9,10,11,12,13,14,15,16,17,18,19,20,21,22,23,24,25,26,27,28,29,30,31,32,33,34,35,36,37,38,39,40,41,42,43,44,45,46,47,48,49,50,51,52,53,54,55,56,57,58,59,60,61,62,63,64,65,66,67,68,69,70,71,72,73,74,75,76	0,0,0,0,0,0,0,0,0,0,0,0,0,0,0,0,0,0,0,0,0,0,0,0,0,0,0,0,0,0,0,0,0,0,0,0,0,0,0,0,0,0,0,0,0,0,0,0,0,0,0,0,0,0,0,0,0,0,0,0,0,0,0,0,0,0,0,0,0,0,0,0,0,0,0,0,0	True							1						QUERY_MIX	DUCKDB_TPCH	SF1		234.41141789997252	queries/s	SUCCESSFUL	1694	328627.67638725176	40712.036000059015	1638342.4600003308	165471.9104999458	1504432.8489999997	1592578.2073400342	1632551.1333781073	1637800.8367947282	1116432677234	1365980852072	1604995209055	608325.28	234.41141789997252	8396.038761	234.41141789997252	506940.0	105600.0	47686166244	8422212009		8.392323688000033	22949.972262284376	4311.971202992464	27261.94346527684	2860.0973199012856	527.6070764007402	3387.704396302026	2894.269903645079	534.950169046187	3429.220072691266	2871.499272071915	584.109894813748	3455.6091668856634	2864.8190602397426	523.4218712660015	3388.240931505744	2878.6617644957873	528.0387787485683	3406.7005432443557	2858.1138811042106	533.3626252802817	3391.4765063844925	2878.3989641733633	551.8057097258892	3430.2046738992526	2844.112096652994	528.6750777110482	3372.787174364042	ok	cpu/event=0xc0,cmask=1,inv=1/		/home/seunghyun/ycsb/results/numa0_prefix_duckdb_tpch_sf1_single_thread_madracks-mnode5_20260315T071444Z_135660/runs/duckdb_tpch/prefix_x77
2	2026-03-15T07:16:03Z	madracks-mnode5	amd	duckdb_tpch	analytic	per_instance_external	NO_RETIRED_INST_CYCLES	user	prefix_x84	84	84	0,1,2,3,4,5,6,7,8,9,10,11,12,13,14,15,16,17,18,19,20,21,22,23,24,25,26,27,28,29,30,31,32,33,34,35,36,37,38,39,40,41,42,43,44,45,46,47,48,49,50,51,52,53,54,55,56,57,58,59,60,61,62,63,64,65,66,67,68,69,70,71,72,73,74,75,76,77,78,79,80,81,82,83	0,0,0,0,0,0,0,0,0,0,0,0,0,0,0,0,0,0,0,0,0,0,0,0,0,0,0,0,0,0,0,0,0,0,0,0,0,0,0,0,0,0,0,0,0,0,0,0,0,0,0,0,0,0,0,0,0,0,0,0,0,0,0,0,0,0,0,0,0,0,0,0,0,0,0,0,0,0,0,0,0,0,0,0	True							1						QUERY_MIX	DUCKDB_TPCH	SF1		234.81524767503356	queries/s	SUCCESSFUL	1848	357969.09510931454	38894.22400015974	1846569.794000061	176778.42499983852	1647065.9771499638	1737039.004070075	1805264.7856178603	1839958.8616236185	1319856262411	1592338918106	1752322593825	708902.7599999999	234.81524767503356	8980.335356000069	234.81524767503356	592620.0	120480.0	51953017987	9281850814		8.97951622399978	21714.020124487557	3659.0839111030673	25373.104035590623	2758.13859642722	454.57613500236766	3212.7147314295876	2696.51188876994	472.66268256397814	3169.1745713339183	2730.638476320726	470.42533129358856	3201.0638076143146	2708.034601264464	443.68804560515565	3151.72264686962	2703.9259220777826	459.5608348185406	3163.486756896323	2698.2178623164577	450.5923705166572	3148.810232833115	2702.510577851181	463.43834619008555	3165.9489240412668	2716.042199459785	444.14016511269375	3160.182364572479	ok	cpu/event=0xc0,cmask=1,inv=1/		/home/seunghyun/ycsb/results/numa0_prefix_duckdb_tpch_sf1_single_thread_madracks-mnode5_20260315T071444Z_135660/runs/duckdb_tpch/prefix_x84
4	2026-03-15T07:32:40Z	madracks-mnode5	amd	duckdb_tpch	analytic	per_instance_external	NO_RETIRED_INST_CYCLES	user	prefix_x1	1	1	0	0	True							1						QUERY_MIX	DUCKDB_TPCH	SF1		5.669086222358945	queries/s	SUCCESSFUL	22	176359.01895454255	40038.90900000329	430305.7349999904	132781.02350000152	398922.08604998694	423915.6964499898	429666.7311449904	430241.83461449033	5719287418	8950397440	20808568809	4030.46	5.669086222358945	4295.038048000009	5.669086222358945	3660.0	410.0	708220144	95649122		4.29413656700001	653.9549525696289	50.972144048312366	704.9270966179412	624.9474459659809	50.80450880393181	675.7519547699128	10.333972287297751	0.03559086416219227	10.369563151459943	2.9976064214112874	0.0209082113348981	3.0185146327461854	2.4770900330392256	0.017980208931778444	2.4950702419710042	3.7393788748715147	0.01991325906199336	3.759292133933508	3.568104947892914	0.03001913143392575	3.5981240793268396	2.5753060359788216	0.018108131366866197	2.5934141673456876	3.3160480031563977	0.025115438088895266	3.341163441245293	ok	cpu/event=0xc0,cmask=1,inv=1/		/home/seunghyun/ycsb/results/numa0_prefix_duckdb_tpch_sf1_single_thread_madracks-mnode5_20260315T073236Z_3805/runs/duckdb_tpch/prefix_x1
4	2026-03-15T07:32:45Z	madracks-mnode5	amd	duckdb_tpch	analytic	per_instance_external	NO_RETIRED_INST_CYCLES	user	prefix_x7	7	7	0,1,2,3,4,5,6	0,0,0,0,0,0,0	True							1						QUERY_MIX	DUCKDB_TPCH	SF1		41.16126372961052	queries/s	SUCCESSFUL	154	170030.24627272828	39566.38899998666	482430.6299999819	129938.67200000864	441479.6125500103	480769.50800000306	482194.837109983	482407.050710982	43029363261	65452544866	144858117810	29355.66	41.16126372961052	4168.679018000006	41.16126372961052	26690.0	2820.0	4812505735	601356038		4.167836998000013	5187.406332939769	1779.7112044383407	6967.11753737811	5119.22934476417	1779.2928160956826	6898.522160859852	14.90740949366443	0.06610447948053345	14.973513973144962	8.736628091345258	0.049512460151458486	8.786140551496716	8.27913208088633	0.04743296611374565	8.326565047000075	10.763981012711078	0.07560864589233368	10.839589658603412	9.108359617072741	0.08432201879683465	9.192681635869576	8.322984509730913	0.04967354771776019	8.372658057448673	8.058493370187733	0.04573422450547319	8.104227594693207	ok	cpu/event=0xc0,cmask=1,inv=1/		/home/seunghyun/ycsb/results/numa0_prefix_duckdb_tpch_sf1_single_thread_madracks-mnode5_20260315T073236Z_3805/runs/duckdb_tpch/prefix_x7
4	2026-03-15T07:32:49Z	madracks-mnode5	amd	duckdb_tpch	analytic	per_instance_external	NO_RETIRED_INST_CYCLES	user	prefix_x14	14	14	0,1,2,3,4,5,6,7,8,9,10,11,12,13	0,0,0,0,0,0,0,0,0,0,0,0,0,0	True							1						QUERY_MIX	DUCKDB_TPCH	SF1		81.33456144203308	queries/s	SUCCESSFUL	308	172100.36732792252	39791.269000005515	504140.2809999909	130524.17699999808	453130.4131500036	491119.8754000151	502192.137898992	503945.46668989083	88328343415	133276523499	290299386021	59715.710000000014	81.33456144203308	4265.113864	81.33456144203308	53470.0	6580.0	9628913420	1204212934		4.264277883000005	10073.852444751139	3444.8566277298482	13518.709072480988	5016.443327152374	1725.0887808922614	6741.532108044636	20.20952163010835	0.09728633274231896	20.306807962850666	14.103856005781008	0.09126050574739233	14.1951165115284	13.940421550812909	0.08126994222611256	14.021691493039022	4966.215575821909	1719.1987711713368	6685.414346993246	14.740203374824816	0.12124650943948564	14.861449884264301	14.846900589394128	0.09296376800961624	14.939864357403744	13.352638625934864	0.08504860808516393	13.437687234020027	ok	cpu/event=0xc0,cmask=1,inv=1/		/home/seunghyun/ycsb/results/numa0_prefix_duckdb_tpch_sf1_single_thread_madracks-mnode5_20260315T073236Z_3805/runs/duckdb_tpch/prefix_x14
4	2026-03-15T07:32:53Z	madracks-mnode5	amd	duckdb_tpch	analytic	per_instance_external	NO_RETIRED_INST_CYCLES	user	prefix_x21	21	21	0,1,2,3,4,5,6,7,8,9,10,11,12,13,14,15,16,17,18,19,20	0,0,0,0,0,0,0,0,0,0,0,0,0,0,0,0,0,0,0,0,0	True							1						QUERY_MIX	DUCKDB_TPCH	SF1		120.14874964128475	queries/s	SUCCESSFUL	462	174757.07852381046	40253.17900001824	521304.30899998714	130190.00700001016	478563.47250000085	504037.76559999696	519519.02564798883	521125.7806647872	137267953394	204727333864	435282287285	91679.85999999999	120.14874964128475	4386.546990999988	120.14874964128475	81160.0	11050.0	14405682464	1820372028		4.385742870999991	9920.992497496716	3384.908359694752	13305.900857191467	4870.151663908131	1696.0288772973993	6566.18054120553	24.417991908205305	0.14739198326425357	24.56538389146956	20.83957173553787	0.17391725189815663	21.013488987436027	18.386756764870977	0.1124749323710412	18.499231697242017	4931.047404250778	1688.062459589924	6619.109863840702	20.161994464159346	0.1586784433178188	20.320672907477164	18.6640752475928	0.10644899253972953	18.770524240132527	17.323039217442822	0.11811120403774147	17.441150421480565	ok	cpu/event=0xc0,cmask=1,inv=1/		/home/seunghyun/ycsb/results/numa0_prefix_duckdb_tpch_sf1_single_thread_madracks-mnode5_20260315T073236Z_3805/runs/duckdb_tpch/prefix_x21
4	2026-03-15T07:32:58Z	madracks-mnode5	amd	duckdb_tpch	analytic	per_instance_external	NO_RETIRED_INST_CYCLES	user	prefix_x28	28	28	0,1,2,3,4,5,6,7,8,9,10,11,12,13,14,15,16,17,18,19,20,21,22,23,24,25,26,27	0,0,0,0,0,0,0,0,0,0,0,0,0,0,0,0,0,0,0,0,0,0,0,0,0,0,0,0	True							1						QUERY_MIX	DUCKDB_TPCH	SF1		159.29661450493873	queries/s	SUCCESSFUL	616	175745.58878733809	40465.59900001512	531912.2230000062	131081.6829999908	478303.5429999813	511271.2058500151	530172.3511000001	531738.2358100055	183950515373	274278226859	582856166596	122719.22	159.29661450493873	4524.1897470000085	159.29661450493873	109080.0	14410.0	19115565086	2448208948		4.52363590600001	14319.037576033958	4844.88588632653	19163.923462360486	4787.926232799827	1602.2947491128202	6390.220981912647	29.482818715940073	0.21892930065368923	29.70174801659376	4718.935135113227	1635.6502593106275	6354.585394423855	23.21752249532235	0.17428261904004091	23.39180511436239	4684.221598071131	1605.8883010139791	6290.10989908511	25.30500109888052	0.24716910259305638	25.552170201473576	27.54012812700749	0.23719814529100558	27.777326272298495	22.409139612620834	0.17499772152584428	22.58413733414668	ok	cpu/event=0xc0,cmask=1,inv=1/		/home/seunghyun/ycsb/results/numa0_prefix_duckdb_tpch_sf1_single_thread_madracks-mnode5_20260315T073236Z_3805/runs/duckdb_tpch/prefix_x28
4	2026-03-15T07:33:03Z	madracks-mnode5	amd	duckdb_tpch	analytic	per_instance_external	NO_RETIRED_INST_CYCLES	user	prefix_x35	35	35	0,1,2,3,4,5,6,7,8,9,10,11,12,13,14,15,16,17,18,19,20,21,22,23,24,25,26,27,28,29,30,31,32,33,34	0,0,0,0,0,0,0,0,0,0,0,0,0,0,0,0,0,0,0,0,0,0,0,0,0,0,0,0,0,0,0,0,0,0,0	True							1						QUERY_MIX	DUCKDB_TPCH	SF1		191.5779686981611	queries/s	SUCCESSFUL	770	182665.77299610368	39808.9690000063	585724.569000007	131926.45249999658	551968.9905000036	568524.7717000035	583891.4798610003	585541.2600861063	249242195721	362020524821	726102800692	161803.66999999998	191.5779686981611	4686.590634999988	191.5779686981611	138180.0	24720.0	23816649561	3095767781		4.685825933999979	18519.82332438772	6386.405125835818	24906.228450223534	4561.711141209578	1598.0161096589886	6159.727250868567	32.1760875315854	0.32294085401812894	32.49902838560353	4610.666802027799	1594.129096474111	6204.79589850191	25.814518723561765	0.21852856483128905	26.033047288393053	4577.981137977823	1591.05922407639	6169.040362054213	26.28791044412837	0.309368298462654	26.597278742591026	4658.517322068836	1602.1079355728052	6260.625257641641	26.66840440440549	0.24192233621097523	26.910326740616465	ok	cpu/event=0xc0,cmask=1,inv=1/		/home/seunghyun/ycsb/results/numa0_prefix_duckdb_tpch_sf1_single_thread_madracks-mnode5_20260315T073236Z_3805/runs/duckdb_tpch/prefix_x35
4	2026-03-15T07:33:08Z	madracks-mnode5	amd	duckdb_tpch	analytic	per_instance_external	NO_RETIRED_INST_CYCLES	user	prefix_x42	42	42	0,1,2,3,4,5,6,7,8,9,10,11,12,13,14,15,16,17,18,19,20,21,22,23,24,25,26,27,28,29,30,31,32,33,34,35,36,37,38,39,40,41	0,0,0,0,0,0,0,0,0,0,0,0,0,0,0,0,0,0,0,0,0,0,0,0,0,0,0,0,0,0,0,0,0,0,0,0,0,0,0,0,0,0	True							1						QUERY_MIX	DUCKDB_TPCH	SF1		223.43989742024124	queries/s	SUCCESSFUL	924	187947.7329783553	40306.66899998891	643800.0770000088	133074.2939999965	567522.390500018	635762.4401699996	640637.1212169782	643483.7814217053	314271741534	449853940427	872053237228	200917.31999999998	223.43989742024124	4870.918601999989	223.43989742024124	167550.0	34870.0	28388361550	3772859449		4.870192352999993	17770.373973320264	6146.039202949209	23916.413176269474	4413.7738606189	1537.7819731769569	5951.555833795856	38.83788688958347	0.5070981489719721	39.34498503855544	4422.128817391185	1535.1783312882346	5957.30714867942	32.76545454386688	0.39584811144573345	33.16130265531261	4391.554194032977	1535.5890428157563	5927.143236848733	31.080386807507136	0.44271925488925407	31.52310606239639	4411.542656334684	1535.7696596391006	5947.312315973784	28.690716701560934	0.3745305138528381	29.065247215413773	ok	cpu/event=0xc0,cmask=1,inv=1/		/home/seunghyun/ycsb/results/numa0_prefix_duckdb_tpch_sf1_single_thread_madracks-mnode5_20260315T073236Z_3805/runs/duckdb_tpch/prefix_x42
4	2026-03-15T07:33:13Z	madracks-mnode5	amd	duckdb_tpch	analytic	per_instance_external	NO_RETIRED_INST_CYCLES	user	prefix_x49	49	49	0,1,2,3,4,5,6,7,8,9,10,11,12,13,14,15,16,17,18,19,20,21,22,23,24,25,26,27,28,29,30,31,32,33,34,35,36,37,38,39,40,41,42,43,44,45,46,47,48	0,0,0,0,0,0,0,0,0,0,0,0,0,0,0,0,0,0,0,0,0,0,0,0,0,0,0,0,0,0,0,0,0,0,0,0,0,0,0,0,0,0,0,0,0,0,0,0,0	True							1						QUERY_MIX	DUCKDB_TPCH	SF1		251.5153730778054	queries/s	SUCCESSFUL	1078	194805.92078293167	40250.748999994816	727605.4870000053	133346.9530000002	601226.9876500141	713833.0583300081	722775.4140729852	727113.3268636029	389324919726	548037256172	1018494357065	244650.40000000002	251.5153730778054	5133.4341179999965	251.5153730778054	199360.0	47350.0	32990688108	4477091286		5.132679187999997	21096.357125447612	7227.360467604979	28323.717593052592	4180.36256992291	1443.8234110506576	5624.185980973567	41.52155501698241	0.722098282859794	42.24365329984221	4199.109548933183	1450.425846611598	5649.535395544781	4192.155292019949	1437.0206634948752	5629.175955514825	4186.700818399647	1441.5117785231848	5628.212596922832	32.840750216833946	0.6635803056192788	33.50433052245322	4227.528071470246	1452.5652667134666	5680.093338183712	36.13851946785898	0.6278226227169765	36.766342090575954	ok	cpu/event=0xc0,cmask=1,inv=1/		/home/seunghyun/ycsb/results/numa0_prefix_duckdb_tpch_sf1_single_thread_madracks-mnode5_20260315T073236Z_3805/runs/duckdb_tpch/prefix_x49
4	2026-03-15T07:33:18Z	madracks-mnode5	amd	duckdb_tpch	analytic	per_instance_external	NO_RETIRED_INST_CYCLES	user	prefix_x56	56	56	0,1,2,3,4,5,6,7,8,9,10,11,12,13,14,15,16,17,18,19,20,21,22,23,24,25,26,27,28,29,30,31,32,33,34,35,36,37,38,39,40,41,42,43,44,45,46,47,48,49,50,51,52,53,54,55	0,0,0,0,0,0,0,0,0,0,0,0,0,0,0,0,0,0,0,0,0,0,0,0,0,0,0,0,0,0,0,0,0,0,0,0,0,0,0,0,0,0,0,0,0,0,0,0,0,0,0,0,0,0,0,0	True							1						QUERY_MIX	DUCKDB_TPCH	SF1		277.5431130032297	queries/s	SUCCESSFUL	1232	201763.41404951288	39972.72000000862	793569.7880000134	134264.00899997758	680950.2014499843	786985.6387000041	792758.5884389922	793510.6052130105	468672081933	650481525435	1165104728632	290215.86	277.5431130032297	5383.8279169999905	277.5431130032297	230790.0	62150.0	37440711570	5224105448		5.383059016999994	24204.901192725287	8154.917053972454	32359.81824669774	4012.0766677818615	1361.298414876966	5373.3750826588275	43.0429421305203	0.9272978808119959	43.9702400113323	4014.4122885476977	1357.391708814398	5371.803997362096	4059.2876939265957	1370.2728768773238	5429.560570803919	3999.380077169314	1351.1556577780439	5350.535734947358	35.25564228919919	0.8606168816305503	36.116259170829736	4014.659357466702	1354.6004723487474	5369.25982981545	4026.7865234133947	1358.4100085145317	5385.196531927926	ok	cpu/event=0xc0,cmask=1,inv=1/		/home/seunghyun/ycsb/results/numa0_prefix_duckdb_tpch_sf1_single_thread_madracks-mnode5_20260315T073236Z_3805/runs/duckdb_tpch/prefix_x56
4	2026-03-15T07:33:24Z	madracks-mnode5	amd	duckdb_tpch	analytic	per_instance_external	NO_RETIRED_INST_CYCLES	user	prefix_x63	63	63	0,1,2,3,4,5,6,7,8,9,10,11,12,13,14,15,16,17,18,19,20,21,22,23,24,25,26,27,28,29,30,31,32,33,34,35,36,37,38,39,40,41,42,43,44,45,46,47,48,49,50,51,52,53,54,55,56,57,58,59,60,61,62	0,0,0,0,0,0,0,0,0,0,0,0,0,0,0,0,0,0,0,0,0,0,0,0,0,0,0,0,0,0,0,0,0,0,0,0,0,0,0,0,0,0,0,0,0,0,0,0,0,0,0,0,0,0,0,0,0,0,0,0,0,0,0	True							1						QUERY_MIX	DUCKDB_TPCH	SF1		303.681720003651	queries/s	SUCCESSFUL	1386	207457.50239971164	40398.02900001632	869781.7439999938	134766.01400000733	669927.8122500018	861158.0801499969	868346.4691999854	869688.9891649921	549190860626	753869490383	1310650419847	336226.0500000001	303.681720003651	5604.151451999996	303.681720003651	265330.0	73890.0	41839616617	5963885894		5.603341102000002	23387.24606392315	7676.6539027942	31063.89996671735	3863.415050871341	1261.8569311450967	5125.2719820164375	46.26189199799884	1.1181073228816614	47.3799993208805	3885.2114174646667	1285.240589027598	5170.452006492264	3885.1861193170416	1291.0999776892293	5176.286097006271	3880.7667262712785	1262.7193774032196	5143.486103674498	39.015157277676636	1.1361128505560767	40.15127012823271	3861.9660906158624	1291.6105155489388	5153.576606164801	3925.423610107287	1281.8722918066806	5207.295901913967	ok	cpu/event=0xc0,cmask=1,inv=1/		/home/seunghyun/ycsb/results/numa0_prefix_duckdb_tpch_sf1_single_thread_madracks-mnode5_20260315T073236Z_3805/runs/duckdb_tpch/prefix_x63
4	2026-03-15T07:33:30Z	madracks-mnode5	amd	duckdb_tpch	analytic	per_instance_external	NO_RETIRED_INST_CYCLES	user	prefix_x70	70	70	0,1,2,3,4,5,6,7,8,9,10,11,12,13,14,15,16,17,18,19,20,21,22,23,24,25,26,27,28,29,30,31,32,33,34,35,36,37,38,39,40,41,42,43,44,45,46,47,48,49,50,51,52,53,54,55,56,57,58,59,60,61,62,63,64,65,66,67,68,69	0,0,0,0,0,0,0,0,0,0,0,0,0,0,0,0,0,0,0,0,0,0,0,0,0,0,0,0,0,0,0,0,0,0,0,0,0,0,0,0,0,0,0,0,0,0,0,0,0,0,0,0,0,0,0,0,0,0,0,0,0,0,0,0,0,0,0,0,0,0	True							1						QUERY_MIX	DUCKDB_TPCH	SF1		328.4256022807869	queries/s	SUCCESSFUL	1540	213142.65741493515	40044.430000023116	968380.7809999791	135655.65449999896	745202.5624999977	900301.3851999986	932236.6728060062	963851.2588372765	628465855181	857236085948	1463100784016	382316.83	328.4256022807869	5812.4757220000165	328.4256022807869	298840.0	87390.0	46572761357	6632536501		5.8116584320000015	26323.68238634714	8504.815351155261	34828.4977375024	3760.4254839455234	1212.028842792626	4972.45432673815	3791.004298087172	1214.7988065963234	5005.803104683496	3753.9295995066864	1218.0211838533755	4971.950783360062	3772.396229657426	1201.6572449454193	4974.053474602845	3734.8630000963885	1218.7698536581315	4953.63285375452	42.06230012510931	1.3636256931715869	43.425925818280895	3730.8352832032447	1216.0882027921111	4946.923485995356	3738.166191725593	1222.0875908241035	4960.253782549697	ok	cpu/event=0xc0,cmask=1,inv=1/		/home/seunghyun/ycsb/results/numa0_prefix_duckdb_tpch_sf1_single_thread_madracks-mnode5_20260315T073236Z_3805/runs/duckdb_tpch/prefix_x70
4	2026-03-15T07:33:36Z	madracks-mnode5	amd	duckdb_tpch	analytic	per_instance_external	NO_RETIRED_INST_CYCLES	user	prefix_x77	77	77	0,1,2,3,4,5,6,7,8,9,10,11,12,13,14,15,16,17,18,19,20,21,22,23,24,25,26,27,28,29,30,31,32,33,34,35,36,37,38,39,40,41,42,43,44,45,46,47,48,49,50,51,52,53,54,55,56,57,58,59,60,61,62,63,64,65,66,67,68,69,70,71,72,73,74,75,76	0,0,0,0,0,0,0,0,0,0,0,0,0,0,0,0,0,0,0,0,0,0,0,0,0,0,0,0,0,0,0,0,0,0,0,0,0,0,0,0,0,0,0,0,0,0,0,0,0,0,0,0,0,0,0,0,0,0,0,0,0,0,0,0,0,0,0,0,0,0,0,0,0,0,0,0,0	True							1						QUERY_MIX	DUCKDB_TPCH	SF1		341.6948101841999	queries/s	SUCCESSFUL	1694	225378.1990979928	40051.38899998428	1056561.7640000083	136821.26999999868	817040.7782000009	1033927.6491999911	1040821.886100991	1054301.7434242025	747778488561	999328795259	1605270501693	445263.16999999987	341.6948101841999	6116.734687000018	341.6948101841999	338330.0	112350.0	50993267930	7360609491		6.115927826000018	28574.43045926318	9000.97986223087	37575.410321494055	3564.203083104941	1114.6573760270498	4678.860459131991	3573.6218140323344	1115.403179350216	4689.024993382551	3560.1929082567126	1129.7579672380755	4689.950875494788	3561.107877561399	1138.4567672278313	4699.56464478923	3573.476479586645	1123.9767340406927	4697.453213627337	3600.82333660768	1136.726076785895	4737.549413393575	3562.767806904169	1119.8538184637025	4682.621625367871	3578.2371532092993	1122.1479430974084	4700.385096306708	ok	cpu/event=0xc0,cmask=1,inv=1/		/home/seunghyun/ycsb/results/numa0_prefix_duckdb_tpch_sf1_single_thread_madracks-mnode5_20260315T073236Z_3805/runs/duckdb_tpch/prefix_x77
4	2026-03-15T07:33:43Z	madracks-mnode5	amd	duckdb_tpch	analytic	per_instance_external	NO_RETIRED_INST_CYCLES	user	prefix_x84	84	84	0,1,2,3,4,5,6,7,8,9,10,11,12,13,14,15,16,17,18,19,20,21,22,23,24,25,26,27,28,29,30,31,32,33,34,35,36,37,38,39,40,41,42,43,44,45,46,47,48,49,50,51,52,53,54,55,56,57,58,59,60,61,62,63,64,65,66,67,68,69,70,71,72,73,74,75,76,77,78,79,80,81,82,83	0,0,0,0,0,0,0,0,0,0,0,0,0,0,0,0,0,0,0,0,0,0,0,0,0,0,0,0,0,0,0,0,0,0,0,0,0,0,0,0,0,0,0,0,0,0,0,0,0,0,0,0,0,0,0,0,0,0,0,0,0,0,0,0,0,0,0,0,0,0,0,0,0,0,0,0,0,0,0,0,0,0,0,0	True							1						QUERY_MIX	DUCKDB_TPCH	SF1		361.38909009393245	queries/s	SUCCESSFUL	1848	232492.9861466446	38221.918999994385	1239978.9609999913	138599.4909999937	789846.3726499953	1113171.6257300135	1131746.2028100046	1220277.1244822654	854386726110	1130168091013	1755991424813	503508.11000000004	361.38909009393245	6414.672058000007	361.38909009393245	374460.0	134250.0	55532867594	8128243528		6.414068208000003	27315.162478013663	8349.145993728445	35664.30847174211	3424.8245633264028	1037.6509302586192	4462.4754935850215	3433.112514614008	1055.1761030761443	4488.288617690152	3397.419413004065	1032.5560428925376	4429.975455896602	3373.6693722867685	1040.163393765725	4413.832766052494	3420.327455384192	1050.380393275731	4470.707848659923	3474.4879060057815	1050.4144313849038	4524.902337390686	3393.574196229592	1043.1300857053884	4436.704281934981	3397.7470571628533	1039.6746133693969	4437.421670532251	ok	cpu/event=0xc0,cmask=1,inv=1/		/home/seunghyun/ycsb/results/numa0_prefix_duckdb_tpch_sf1_single_thread_madracks-mnode5_20260315T073236Z_3805/runs/duckdb_tpch/prefix_x84
8	2026-03-15T08:21:55Z	madracks-mnode5	amd	duckdb_tpch	analytic	per_instance_external	NO_RETIRED_INST_CYCLES	user	prefix_x1	1	1	0	0	True							1						QUERY_MIX	DUCKDB_TPCH	SF1		5.647564393977286	queries/s	SUCCESSFUL	22	177029.32390912712	40083.92799983085	431072.69400002225	133199.65200003027	403496.6580501191	425436.9874200438	430509.1233420245	431016.33693422243	5787176089	9020343787	20822088609	4063.71	5.647564393977286	4312.741813000002	5.647564393977286	3630.0	470.0	707854136	96744380		4.311862323000014	650.2754668106551	49.953887896752846	700.2293547074079	623.0939113201599	48.09876757094091	671.1926788911009	2.459461273118545	0.019180259137125916	2.4786415322556707	3.1347054809549415	0.02346927649398876	3.15817475744893	3.779855791429324	1.7135261323442832	5.493381923773607	2.477792221887975	0.01984555225848748	2.4976377741464626	10.12107594492787	0.03787924239922432	10.158955187327095	2.3133798898748994	0.019661535012153432	2.333041424887053	2.8952848883015485	0.02155832816667363	2.916843216468222	ok	cpu/event=0xc0,cmask=1,inv=1/		/home/seunghyun/ycsb/results/numa0_prefix_duckdb_tpch_sf1_single_thread_madracks-mnode5_20260315T082150Z_86301/runs/duckdb_tpch/prefix_x1
8	2026-03-15T08:21:59Z	madracks-mnode5	amd	duckdb_tpch	analytic	per_instance_external	NO_RETIRED_INST_CYCLES	user	prefix_x7	7	7	0,1,2,3,4,5,6	0,0,0,0,0,0,0	True							1						QUERY_MIX	DUCKDB_TPCH	SF1		41.15148801702332	queries/s	SUCCESSFUL	154	170073.02022078302	39868.186999910904	483084.9209999997	129574.29300013246	432434.1156500395	474719.0964000265	481883.32494300546	482964.76139430003	42873140334	65322308222	145122537526	29289.039999999997	41.15148801702332	4163.984421000123	41.15148801702332	26380.0	3110.0	4876005706	608066303		4.1631812630000695	5233.548471968042	1770.8544489871072	7004.402920955149	5168.230840809308	1768.7938581217775	6937.024698931085	7.021904074287184	0.050491454694317615	7.0723955289815015	7.764439265157624	0.0549483078380669	7.819387572995691	8.515074493402807	1.684969041658716	10.200043535061523	9.444614257546583	0.08396183537582956	9.528576092922412	15.42433307055184	0.07388993369900139	15.498223004250843	9.03867410393713	0.05686885968619571	9.095542963623325	8.108591893851514	0.055461432377643304	8.164053326229158	ok	cpu/event=0xc0,cmask=1,inv=1/		/home/seunghyun/ycsb/results/numa0_prefix_duckdb_tpch_sf1_single_thread_madracks-mnode5_20260315T082150Z_86301/runs/duckdb_tpch/prefix_x7
8	2026-03-15T08:22:03Z	madracks-mnode5	amd	duckdb_tpch	analytic	per_instance_external	NO_RETIRED_INST_CYCLES	user	prefix_x14	14	14	0,1,2,3,4,5,6,7,8,9,10,11,12,13	0,0,0,0,0,0,0,0,0,0,0,0,0,0	True							1						QUERY_MIX	DUCKDB_TPCH	SF1		81.88839910028334	queries/s	SUCCESSFUL	308	170938.62969481092	39655.386999811526	541541.9179998934	129812.95250006042	437177.962849978	476408.0802299986	524147.065600921	539802.4327599945	87487220872	132359611896	289921178086	59282.57	81.88839910028334	4244.638137000038	81.88839910028334	53220.0	6430.0	9734953462	1213902415		4.2438004269999965	10279.466833491773	3460.597757905781	13740.064591397553	5112.077898072947	1730.5583552855844	6842.636253358532	12.917409674271259	0.0958141689110821	13.01322384318234	12.415672493750092	0.09115433842066022	12.506826832170752	12.74492403516129	1.5483005914070298	14.29322462656832	5083.419257402691	1727.9952471651523	6811.414504567843	21.0607439090445	0.12659206165646122	21.18733597070096	11.793398154771438	0.08271199120498847	11.876110145976426	13.037529749135466	0.0995823034434603	13.137112052578926	ok	cpu/event=0xc0,cmask=1,inv=1/		/home/seunghyun/ycsb/results/numa0_prefix_duckdb_tpch_sf1_single_thread_madracks-mnode5_20260315T082150Z_86301/runs/duckdb_tpch/prefix_x14
8	2026-03-15T08:22:08Z	madracks-mnode5	amd	duckdb_tpch	analytic	per_instance_external	NO_RETIRED_INST_CYCLES	user	prefix_x21	21	21	0,1,2,3,4,5,6,7,8,9,10,11,12,13,14,15,16,17,18,19,20	0,0,0,0,0,0,0,0,0,0,0,0,0,0,0,0,0,0,0,0,0	True							1						QUERY_MIX	DUCKDB_TPCH	SF1		121.8875614842435	queries/s	SUCCESSFUL	462	172261.08866883005	39998.72700001106	489553.75100013043	130009.4519999675	449808.1739498616	483052.29630003165	488458.9728100367	489444.273181121	135031046276	202484747408	435482537605	90588.54000000001	121.8875614842435	4334.760110999923	121.8875614842435	79790.0	11410.0	14586950321	1812528971		4.333833941999956	10055.07803618251	3361.099187160836	13416.177223343346	4974.991392980976	1677.0993484841003	6652.0907414650765	17.384137654694033	0.11723029710514118	17.501367951799175	18.15324670745819	0.13629923298697216	18.289545940445162	16.693712608408298	1.4479434533846438	18.14165606179294	4968.268966370927	1681.9277326167435	6650.196698987671	24.925753920162947	0.14629845342722328	25.07205237359017	17.407924532614572	0.11016042575161153	17.518084958366185	17.252901407268002	0.11417419733678275	17.367075604604786	ok	cpu/event=0xc0,cmask=1,inv=1/		/home/seunghyun/ycsb/results/numa0_prefix_duckdb_tpch_sf1_single_thread_madracks-mnode5_20260315T082150Z_86301/runs/duckdb_tpch/prefix_x21
8	2026-03-15T08:22:12Z	madracks-mnode5	amd	duckdb_tpch	analytic	per_instance_external	NO_RETIRED_INST_CYCLES	user	prefix_x28	28	28	0,1,2,3,4,5,6,7,8,9,10,11,12,13,14,15,16,17,18,19,20,21,22,23,24,25,26,27	0,0,0,0,0,0,0,0,0,0,0,0,0,0,0,0,0,0,0,0,0,0,0,0,0,0,0,0	True							1						QUERY_MIX	DUCKDB_TPCH	SF1		161.23300376066322	queries/s	SUCCESSFUL	616	173636.4760259733	39913.267999963864	497290.7500000474	130527.42699994723	467432.36450009816	481749.03299992596	491682.94691503077	496729.9696915454	183259096526	273092083863	579881618315	122165.49999999997	161.23300376066322	4415.502836999849	161.23300376066322	107400.0	15650.0	19411254311	2421981501		4.414683167000021	14758.061838346337	4971.450377222129	19729.512215568466	4893.3549907815795	1655.7878633816158	6549.142854163196	21.26392100407175	0.15640776394050265	21.420328768012254	4893.345997300589	1664.1378784345618	6557.483875735151	21.080346153050627	1.4633036456489652	22.54364979869959	4854.791200066718	1649.3963671866043	6504.187567253322	30.422346998148402	0.18309095888482957	30.60543795703323	22.815707783214858	0.17385553182637858	22.989563315041238	20.98732825896491	0.1516103190463672	21.138938578011278	ok	cpu/event=0xc0,cmask=1,inv=1/		/home/seunghyun/ycsb/results/numa0_prefix_duckdb_tpch_sf1_single_thread_madracks-mnode5_20260315T082150Z_86301/runs/duckdb_tpch/prefix_x28
8	2026-03-15T08:22:17Z	madracks-mnode5	amd	duckdb_tpch	analytic	per_instance_external	NO_RETIRED_INST_CYCLES	user	prefix_x35	35	35	0,1,2,3,4,5,6,7,8,9,10,11,12,13,14,15,16,17,18,19,20,21,22,23,24,25,26,27,28,29,30,31,32,33,34	0,0,0,0,0,0,0,0,0,0,0,0,0,0,0,0,0,0,0,0,0,0,0,0,0,0,0,0,0,0,0,0,0,0,0	True							1						QUERY_MIX	DUCKDB_TPCH	SF1		198.6763964837214	queries/s	SUCCESSFUL	770	176139.17895584376	40302.568000015526	515718.67899997416	131517.74199991452	487971.5160000501	501969.33709999936	513753.4225999355	515522.1533599702	237347393034	349967845842	725870902764	156407.43000000005	198.6763964837214	4528.1366709998565	198.6763964837214	134390.0	23200.0	24238515559	3034913827		4.52744260999998	19177.517616860092	6457.326897163717	25634.84451402381	4770.113314837389	1610.0973507537876	6380.210665591177	25.357014784825566	0.22868083477898676	25.585695619604554	4771.972891897378	1615.969539719018	6387.942431616396	24.420034058559935	1.416033574457066	25.836067633017002	4741.78188538644	1608.9688702186418	6350.750755605082	33.4854638002801	0.2467455826775803	33.732209382957684	4784.427106571012	1620.1948438090337	6404.621950380046	25.959905524208406	0.20483267132181363	26.16473819553022	ok	cpu/event=0xc0,cmask=1,inv=1/		/home/seunghyun/ycsb/results/numa0_prefix_duckdb_tpch_sf1_single_thread_madracks-mnode5_20260315T082150Z_86301/runs/duckdb_tpch/prefix_x35
8	2026-03-15T08:22:22Z	madracks-mnode5	amd	duckdb_tpch	analytic	per_instance_external	NO_RETIRED_INST_CYCLES	user	prefix_x42	42	42	0,1,2,3,4,5,6,7,8,9,10,11,12,13,14,15,16,17,18,19,20,21,22,23,24,25,26,27,28,29,30,31,32,33,34,35,36,37,38,39,40,41	0,0,0,0,0,0,0,0,0,0,0,0,0,0,0,0,0,0,0,0,0,0,0,0,0,0,0,0,0,0,0,0,0,0,0,0,0,0,0,0,0,0	True							1						QUERY_MIX	DUCKDB_TPCH	SF1		233.8067367854446	queries/s	SUCCESSFUL	924	179623.1722922078	40251.2470000147	527071.9190000363	132068.4369999299	513317.4001500037	523779.7576699882	526197.6533998932	526984.4924400218	299579167803	435151797839	872020784119	194347.41000000003	233.8067367854446	4702.910680000059	233.8067367854446	161180.0	34560.0	29034295156	3650198128		4.702242260000048	18508.848499781143	6208.745028461003	24717.593528242145	4589.351464235879	1545.919089200068	6135.270553435947	28.464865578332596	0.2979691324697902	28.762834710802387	4593.195896873273	1554.4725530074336	6147.668449880707	29.25456295744463	1.4657158219036932	30.720278779348323	4602.829310575682	1554.3358994516466	6157.165210027329	36.62039469852732	0.3535625195741686	36.97395721810149	4600.101282194219	1551.6205849909559	6151.721867185174	29.030722667784342	0.2796543369516305	29.310377004735972	ok	cpu/event=0xc0,cmask=1,inv=1/		/home/seunghyun/ycsb/results/numa0_prefix_duckdb_tpch_sf1_single_thread_madracks-mnode5_20260315T082150Z_86301/runs/duckdb_tpch/prefix_x42
8	2026-03-15T08:22:27Z	madracks-mnode5	amd	duckdb_tpch	analytic	per_instance_external	NO_RETIRED_INST_CYCLES	user	prefix_x49	49	49	0,1,2,3,4,5,6,7,8,9,10,11,12,13,14,15,16,17,18,19,20,21,22,23,24,25,26,27,28,29,30,31,32,33,34,35,36,37,38,39,40,41,42,43,44,45,46,47,48	0,0,0,0,0,0,0,0,0,0,0,0,0,0,0,0,0,0,0,0,0,0,0,0,0,0,0,0,0,0,0,0,0,0,0,0,0,0,0,0,0,0,0,0,0,0,0,0,0	True							1						QUERY_MIX	DUCKDB_TPCH	SF1		269.0710793973007	queries/s	SUCCESSFUL	1078	182090.426582563	40422.05800010379	590814.3349997771	131892.43750002788	541307.055650043	556262.7205000262	568191.2096198279	588409.9423004807	358911712112	517329369317	1017859269207	230951.89000000007	269.0710793973007	4822.278191999885	269.0710793973007	189600.0	43160.0	33876267089	4280746303		4.821651801999906	22558.287444313948	7579.890429050131	30138.17787336408	4454.763042978965	1509.8061073923745	5964.56915037134	33.51811319751551	0.4610246616528788	33.97913785916839	4480.383406243664	1519.6580727628993	6000.041479006562	4541.946047088227	1524.785965768472	6066.732012856699	4473.067152463574	1506.6715700840878	5979.738722547661	40.286175489479085	0.5594702627971523	40.84564575227624	4498.323727775529	1517.4961177391845	6015.819845514713	35.99977907699742	0.45210037866371683	36.451879455661135	ok	cpu/event=0xc0,cmask=1,inv=1/		/home/seunghyun/ycsb/results/numa0_prefix_duckdb_tpch_sf1_single_thread_madracks-mnode5_20260315T082150Z_86301/runs/duckdb_tpch/prefix_x49
8	2026-03-15T08:22:32Z	madracks-mnode5	amd	duckdb_tpch	analytic	per_instance_external	NO_RETIRED_INST_CYCLES	user	prefix_x56	56	56	0,1,2,3,4,5,6,7,8,9,10,11,12,13,14,15,16,17,18,19,20,21,22,23,24,25,26,27,28,29,30,31,32,33,34,35,36,37,38,39,40,41,42,43,44,45,46,47,48,49,50,51,52,53,54,55	0,0,0,0,0,0,0,0,0,0,0,0,0,0,0,0,0,0,0,0,0,0,0,0,0,0,0,0,0,0,0,0,0,0,0,0,0,0,0,0,0,0,0,0,0,0,0,0,0,0,0,0,0,0,0,0	True							1						QUERY_MIX	DUCKDB_TPCH	SF1		303.59808095712066	queries/s	SUCCESSFUL	1232	184448.16847240116	39759.277000030124	598566.1950001031	132885.6369999585	543874.4354999131	569676.4142000849	586618.4120399863	597457.020915084	419416195892	601076806556	1165895707591	268292.66	303.59808095712066	4967.459993000148	303.59808095712066	217160.0	53590.0	38612562792	4904774243		4.9667016749999675	26142.040463102046	8752.82879822358	34894.86926132563	4365.29892480196	1453.2411608187108	5818.540085620671	36.133735497439915	0.6188675442742432	36.75260304171416	4317.801916055126	1460.2411106591965	5778.043026714322	4335.847932661953	1468.3905369166068	5804.2384695785595	4307.86606276282	1455.9394159384237	5763.805478701243	44.61306264166152	0.7480727341173605	45.36113537577888	4344.227123940715	1452.2316423537666	5796.458766294481	4390.251704740372	1461.4179912584827	5851.669695998855	ok	cpu/event=0xc0,cmask=1,inv=1/		/home/seunghyun/ycsb/results/numa0_prefix_duckdb_tpch_sf1_single_thread_madracks-mnode5_20260315T082150Z_86301/runs/duckdb_tpch/prefix_x56
8	2026-03-15T08:22:37Z	madracks-mnode5	amd	duckdb_tpch	analytic	per_instance_external	NO_RETIRED_INST_CYCLES	user	prefix_x63	63	63	0,1,2,3,4,5,6,7,8,9,10,11,12,13,14,15,16,17,18,19,20,21,22,23,24,25,26,27,28,29,30,31,32,33,34,35,36,37,38,39,40,41,42,43,44,45,46,47,48,49,50,51,52,53,54,55,56,57,58,59,60,61,62	0,0,0,0,0,0,0,0,0,0,0,0,0,0,0,0,0,0,0,0,0,0,0,0,0,0,0,0,0,0,0,0,0,0,0,0,0,0,0,0,0,0,0,0,0,0,0,0,0,0,0,0,0,0,0,0,0,0,0,0,0,0,0	True							1						QUERY_MIX	DUCKDB_TPCH	SF1		332.0420972962429	queries/s	SUCCESSFUL	1386	189739.1883506526	40291.37699990315	663260.5400000103	133094.14200011815	584987.5777498141	633859.414999904	656017.8992850995	662614.8474600288	494810909476	699296861406	1310181374330	311917.36999999994	332.0420972962429	5146.114053000019	332.0420972962429	245470.0	69370.0	43362474196	5567252553		5.1453620229999615	25206.99150458179	8475.414185600734	33682.405690182524	4164.479542358658	1407.4827165326235	5571.962258891282	41.463187269857336	0.7841842986632994	42.247371568520634	4179.7872865263125	1417.3884583836061	5597.175744909919	4237.137856943404	1414.1668117799582	5651.304668723362	4170.482446593666	1403.2559527241192	5573.7383993177855	47.89538934870831	0.8582398226022323	48.75362917131054	4182.507797987868	1419.0132553210542	5601.521053308922	4183.237997553319	1412.4645667381058	5595.702564291424	ok	cpu/event=0xc0,cmask=1,inv=1/		/home/seunghyun/ycsb/results/numa0_prefix_duckdb_tpch_sf1_single_thread_madracks-mnode5_20260315T082150Z_86301/runs/duckdb_tpch/prefix_x63
8	2026-03-15T08:22:42Z	madracks-mnode5	amd	duckdb_tpch	analytic	per_instance_external	NO_RETIRED_INST_CYCLES	user	prefix_x70	70	70	0,1,2,3,4,5,6,7,8,9,10,11,12,13,14,15,16,17,18,19,20,21,22,23,24,25,26,27,28,29,30,31,32,33,34,35,36,37,38,39,40,41,42,43,44,45,46,47,48,49,50,51,52,53,54,55,56,57,58,59,60,61,62,63,64,65,66,67,68,69	0,0,0,0,0,0,0,0,0,0,0,0,0,0,0,0,0,0,0,0,0,0,0,0,0,0,0,0,0,0,0,0,0,0,0,0,0,0,0,0,0,0,0,0,0,0,0,0,0,0,0,0,0,0,0,0,0,0,0,0,0,0,0,0,0,0,0,0,0,0	True							1						QUERY_MIX	DUCKDB_TPCH	SF1		368.25830985246864	queries/s	SUCCESSFUL	1540	190122.39861883354	40230.73700000168	632230.0019999148	133335.57199996448	566907.0249499666	627620.585210118	631158.8486609814	632122.7369318238	553354324716	781125689079	1458873297429	348351.88999999996	368.25830985246864	5243.0373379997945	368.25830985246864	272470.0	78980.0	48026126448	6217052116		5.242285928000001	28813.58909775847	9628.450851493986	38442.03994925246	4106.603349819555	1364.24666956168	5470.850019381234	4151.414170144672	1385.8950033095475	5537.3091734542195	4072.918112327798	1377.6792950501344	5450.5974073779325	4093.271918174365	1373.6724426566439	5466.944360831008	4121.287506158953	1369.6927646784072	5490.98027083736	52.180297034960645	1.1366217286860663	53.31691876364671	4106.381460356868	1376.1448953021031	5482.526355658971	4109.532283741305	1379.9831592067858	5489.515442948091	ok	cpu/event=0xc0,cmask=1,inv=1/		/home/seunghyun/ycsb/results/numa0_prefix_duckdb_tpch_sf1_single_thread_madracks-mnode5_20260315T082150Z_86301/runs/duckdb_tpch/prefix_x70
8	2026-03-15T08:22:48Z	madracks-mnode5	amd	duckdb_tpch	analytic	per_instance_external	NO_RETIRED_INST_CYCLES	user	prefix_x77	77	77	0,1,2,3,4,5,6,7,8,9,10,11,12,13,14,15,16,17,18,19,20,21,22,23,24,25,26,27,28,29,30,31,32,33,34,35,36,37,38,39,40,41,42,43,44,45,46,47,48,49,50,51,52,53,54,55,56,57,58,59,60,61,62,63,64,65,66,67,68,69,70,71,72,73,74,75,76	0,0,0,0,0,0,0,0,0,0,0,0,0,0,0,0,0,0,0,0,0,0,0,0,0,0,0,0,0,0,0,0,0,0,0,0,0,0,0,0,0,0,0,0,0,0,0,0,0,0,0,0,0,0,0,0,0,0,0,0,0,0,0,0,0,0,0,0,0,0,0,0,0,0,0,0,0	True							1						QUERY_MIX	DUCKDB_TPCH	SF1		385.2814524742037	queries/s	SUCCESSFUL	1694	199989.23884002012	38953.44699981251	724481.8870001382	134633.36199993137	574581.217999912	717379.6031000211	722799.9535069474	724441.1246391181	638880624283	889873652821	1603908313079	396578.4400000002	385.2814524742037	5464.934864000043	385.2814524742037	301500.0	98310.0	52803681743	6869341462		5.4641386239998155	31238.5637776077	10453.31572666547	41691.879504273165	3902.062256342837	1294.6499040743215	5196.712160417159	3948.4969301028223	1322.3671933419535	5270.864123444776	3891.8477168685235	1304.0221819950018	5195.869898863525	3886.982453652198	1302.8862688096897	5189.868722461888	3876.826317219317	1298.7655955023022	5175.591912721619	3942.3264759176145	1313.9438294066945	5256.270305324309	3880.6587564096276	1301.0897986274983	5181.748555037126	3909.3628710947596	1315.5909549080097	5224.953826002769	ok	cpu/event=0xc0,cmask=1,inv=1/		/home/seunghyun/ycsb/results/numa0_prefix_duckdb_tpch_sf1_single_thread_madracks-mnode5_20260315T082150Z_86301/runs/duckdb_tpch/prefix_x77
8	2026-03-15T08:22:54Z	madracks-mnode5	amd	duckdb_tpch	analytic	per_instance_external	NO_RETIRED_INST_CYCLES	user	prefix_x84	84	84	0,1,2,3,4,5,6,7,8,9,10,11,12,13,14,15,16,17,18,19,20,21,22,23,24,25,26,27,28,29,30,31,32,33,34,35,36,37,38,39,40,41,42,43,44,45,46,47,48,49,50,51,52,53,54,55,56,57,58,59,60,61,62,63,64,65,66,67,68,69,70,71,72,73,74,75,76,77,78,79,80,81,82,83	0,0,0,0,0,0,0,0,0,0,0,0,0,0,0,0,0,0,0,0,0,0,0,0,0,0,0,0,0,0,0,0,0,0,0,0,0,0,0,0,0,0,0,0,0,0,0,0,0,0,0,0,0,0,0,0,0,0,0,0,0,0,0,0,0,0,0,0,0,0,0,0,0,0,0,0,0,0,0,0,0,0,0,0	True							1						QUERY_MIX	DUCKDB_TPCH	SF1		413.01781697491197	queries/s	SUCCESSFUL	1848	203522.54517532294	38776.01800013508	792276.7529998964	134938.2415000946	621790.9155000594	759465.5176000242	778485.0529069725	790904.6130059334	735252719142	1010052514963	1751753237725	449957.85	413.01781697491197	5683.406611000009	413.01781697491197	330810.0	123930.0	57463093886	7540740861		5.682575701999895	30195.732487240897	10091.396503978323	40287.12899121922	3778.37869112045	1256.7095203588744	5035.088211479325	3775.2529808981144	1265.9980612744819	5041.2510421725965	3796.0185990708906	1247.9582857373707	5043.976884808261	3759.971114522227	1266.9807759585944	5026.951890480821	3754.226802737559	1256.8373138678649	5011.064116605424	3786.4837135574135	1278.0165585351124	5064.500272092526	3767.266380660964	1253.8457879040448	5021.112168565009	3778.134204673283	1265.0502003419806	5043.184405015263	ok	cpu/event=0xc0,cmask=1,inv=1/		/home/seunghyun/ycsb/results/numa0_prefix_duckdb_tpch_sf1_single_thread_madracks-mnode5_20260315T082150Z_86301/runs/duckdb_tpch/prefix_x84
12	2026-03-15T08:58:11Z	madracks-mnode5	amd	duckdb_tpch	analytic	per_instance_external	NO_RETIRED_INST_CYCLES	user	prefix_x1	1	1	0	0	True							1						QUERY_MIX	DUCKDB_TPCH	SF1		6.269059579626381	queries/s	SUCCESSFUL	22	159477.00472726076	37028.55100004854	398666.8439999903	121919.33200006133	387767.5310500081	396591.8615099963	398459.34575099096	398646.0941750904	5585517160	8818834247	20844982766	3973.69	6.269059579626381	3905.8826510001836	6.269059579626381	3610.0	390.0	696490129	87866019		3.905007706999868	705.1169493587184	55.26965536813179	760.3866047268502	622.8483247766876	54.98361127338417	677.8319360500718	7.931670923072374	0.03471416504204471	7.966385088114419	8.725720327228608	0.031822620452770393	8.757542947681378	11.73681856279136	0.04007524501026684	11.776893807801626	12.87548537709146	0.03799645890013989	12.9134818359916	13.857203840076975	0.055970925265899196	13.913174765342875	10.79579272866085	0.03407333624117851	10.829866064902028	16.345932823109255	0.051391343835318785	16.397324166944575	ok	cpu/event=0xc0,cmask=1,inv=1/		/home/seunghyun/ycsb/results/numa0_prefix_duckdb_tpch_sf1_single_thread_madracks-mnode5_20260315T085807Z_91440/runs/duckdb_tpch/prefix_x1
12	2026-03-15T08:58:16Z	madracks-mnode5	amd	duckdb_tpch	analytic	per_instance_external	NO_RETIRED_INST_CYCLES	user	prefix_x7	7	7	0,1,2,3,4,5,6	0,0,0,0,0,0,0	True							1						QUERY_MIX	DUCKDB_TPCH	SF1		41.32148184164483	queries/s	SUCCESSFUL	154	169373.85620128654	39510.58899997406	481684.3280000285	128318.55449996964	428606.33095003775	467118.55930000864	479799.4321070395	481495.8384107293	42749994221	65221252119	145155370173	29239.1	41.32148184164483	4163.80295099998	41.32148184164483	26320.0	3110.0	4875757707	605064640		4.1629634139999325	5303.763354845263	1766.840162431935	7070.603517277198	5211.589386508255	1766.3753059170892	6977.964692425345	11.470062533582123	0.05701845033227906	11.527080983914402	12.562510530993697	0.07766179773979999	12.640172328733497	9.402612230810073	0.0545993080579602	9.457211538868034	15.243477306735503	0.09169282293084938	15.335170129666352	19.04864882028994	0.06632848272132436	19.114977303011266	11.803654922476529	0.054203448413071655	11.8578583708896	12.643001992121034	0.06335220465049571	12.70635419677153	ok	cpu/event=0xc0,cmask=1,inv=1/		/home/seunghyun/ycsb/results/numa0_prefix_duckdb_tpch_sf1_single_thread_madracks-mnode5_20260315T085807Z_91440/runs/duckdb_tpch/prefix_x7
12	2026-03-15T08:58:20Z	madracks-mnode5	amd	duckdb_tpch	analytic	per_instance_external	NO_RETIRED_INST_CYCLES	user	prefix_x14	14	14	0,1,2,3,4,5,6,7,8,9,10,11,12,13	0,0,0,0,0,0,0,0,0,0,0,0,0,0	True							1						QUERY_MIX	DUCKDB_TPCH	SF1		82.26756604885895	queries/s	SUCCESSFUL	308	170145.71151623817	39808.01900002007	492473.9399998543	128660.0515001055	431256.8651000333	477124.13362997497	491724.3110838723	492398.977108256	87403656780	132332132263	290154290278	59264.93999999999	82.26756604885895	4240.881474999924	82.26756604885895	52720.0	6970.0	9750681589	1208763935		4.240047097999877	10383.22981698408	3451.643882988527	13834.873699972606	5135.383444195498	1722.5357314638827	6857.919175659381	18.656390261793778	0.11078333604397467	18.767173597837754	21.407281853920548	0.10083644347557726	21.508118297396123	19.333959340222815	0.10306765671450865	19.437026996937323	5131.670863710081	1728.4893425264818	6860.160206236563	21.393988141493754	0.11734742144366964	21.511335562937422	15.071514345726815	0.08045323091862973	15.151967576645445	20.31237513534248	0.10632090956611187	20.418696044908593	ok	cpu/event=0xc0,cmask=1,inv=1/		/home/seunghyun/ycsb/results/numa0_prefix_duckdb_tpch_sf1_single_thread_madracks-mnode5_20260315T085807Z_91440/runs/duckdb_tpch/prefix_x14
12	2026-03-15T08:58:24Z	madracks-mnode5	amd	duckdb_tpch	analytic	per_instance_external	NO_RETIRED_INST_CYCLES	user	prefix_x21	21	21	0,1,2,3,4,5,6,7,8,9,10,11,12,13,14,15,16,17,18,19,20	0,0,0,0,0,0,0,0,0,0,0,0,0,0,0,0,0,0,0,0,0	True							1						QUERY_MIX	DUCKDB_TPCH	SF1		122.86593640440033	queries/s	SUCCESSFUL	462	170889.3232987046	39819.8500001854	486934.6890000088	128979.39849995055	437973.23749987525	481047.8334200229	486534.5525250587	486894.6753525138	133250134955	200594330543	434891712459	89761.98000000001	122.86593640440033	4298.435255999948	122.86593640440033	79500.0	10900.0	14623123730	1812636655		4.297829979000198	10301.420732933295	3402.044209337198	13703.464942270493	5054.781072372884	1694.2322500750984	6749.013322447983	32.877905964817884	0.17702031638609286	33.054926281203976	31.08042903299711	0.20447160171094786	31.28490063470806	25.779895427052185	0.1577916354084138	25.9376870624606	5071.201428636135	1706.8192963583638	6778.020724994498	25.956006854529434	0.15500816312508653	26.11101501765452	29.726425982439608	0.14076416975683534	29.867190152196443	30.01756866244212	0.15760701734880536	30.175175679790925	ok	cpu/event=0xc0,cmask=1,inv=1/		/home/seunghyun/ycsb/results/numa0_prefix_duckdb_tpch_sf1_single_thread_madracks-mnode5_20260315T085807Z_91440/runs/duckdb_tpch/prefix_x21
12	2026-03-15T08:58:29Z	madracks-mnode5	amd	duckdb_tpch	analytic	per_instance_external	NO_RETIRED_INST_CYCLES	user	prefix_x28	28	28	0,1,2,3,4,5,6,7,8,9,10,11,12,13,14,15,16,17,18,19,20,21,22,23,24,25,26,27	0,0,0,0,0,0,0,0,0,0,0,0,0,0,0,0,0,0,0,0,0,0,0,0,0,0,0,0	True							1						QUERY_MIX	DUCKDB_TPCH	SF1		162.7240264815399	queries/s	SUCCESSFUL	616	172040.75478895957	38934.49500014867	502358.1899999954	129645.2544999056	444279.598750029	479845.18614990753	500813.1876150165	502203.68976149743	179559529095	269883691333	582721566359	120725.36000000003	162.7240264815399	4416.325235999921	162.7240264815399	106340.0	15230.0	19555462862	2416851924		4.415688057999887	15124.514292852204	4859.858969643925	19984.373262496127	4981.773730800192	1594.9504764525277	6576.724207252721	32.725123439320136	0.20824742418037073	32.93337086350051	5024.529072212103	1634.976582357214	6659.505654569317	38.34316649601249	0.23203567700224903	38.575202173014745	4933.828203146144	1628.8210643924147	6562.649267538559	31.53176451921365	0.20980934897344003	31.74157386818709	37.59332510542117	0.23527010533479958	37.82859521075597	44.18990713379979	0.2254838862773389	44.41539102007713	ok	cpu/event=0xc0,cmask=1,inv=1/		/home/seunghyun/ycsb/results/numa0_prefix_duckdb_tpch_sf1_single_thread_madracks-mnode5_20260315T085807Z_91440/runs/duckdb_tpch/prefix_x28
12	2026-03-15T08:58:33Z	madracks-mnode5	amd	duckdb_tpch	analytic	per_instance_external	NO_RETIRED_INST_CYCLES	user	prefix_x35	35	35	0,1,2,3,4,5,6,7,8,9,10,11,12,13,14,15,16,17,18,19,20,21,22,23,24,25,26,27,28,29,30,31,32,33,34	0,0,0,0,0,0,0,0,0,0,0,0,0,0,0,0,0,0,0,0,0,0,0,0,0,0,0,0,0,0,0,0,0,0,0	True							1						QUERY_MIX	DUCKDB_TPCH	SF1		200.1467450601983	queries/s	SUCCESSFUL	770	174849.34508311236	39934.5009998342	497997.74400003115	130306.72900003992	474541.80399994354	486696.75438995904	493624.784743007	497560.44807432854	236830231407	349553069745	726032601761	156245.33000000007	200.1467450601983	4534.3877400000565	200.1467450601983	133430.0	24000.0	24338196729	3025485043		4.533442854999976	19441.68581274934	6420.241086626231	25861.92689937557	4797.319392158373	1607.3125794378068	6404.63197159618	47.56137159997518	0.3566566020426343	47.918028202017815	4859.802038170894	1599.7267300627543	6459.528768233648	40.03480791995482	0.2773307668821948	40.31213868683702	4816.193562333356	1606.4013420818726	6422.5949044152285	39.891342865733904	0.31770724000611844	40.20905010574002	4788.990280441368	1605.5389092324654	6394.529189673833	51.893017259685685	0.30983120240108497	52.20284846208677	ok	cpu/event=0xc0,cmask=1,inv=1/		/home/seunghyun/ycsb/results/numa0_prefix_duckdb_tpch_sf1_single_thread_madracks-mnode5_20260315T085807Z_91440/runs/duckdb_tpch/prefix_x35
12	2026-03-15T08:58:38Z	madracks-mnode5	amd	duckdb_tpch	analytic	per_instance_external	NO_RETIRED_INST_CYCLES	user	prefix_x42	42	42	0,1,2,3,4,5,6,7,8,9,10,11,12,13,14,15,16,17,18,19,20,21,22,23,24,25,26,27,28,29,30,31,32,33,34,35,36,37,38,39,40,41	0,0,0,0,0,0,0,0,0,0,0,0,0,0,0,0,0,0,0,0,0,0,0,0,0,0,0,0,0,0,0,0,0,0,0,0,0,0,0,0,0,0	True							1						QUERY_MIX	DUCKDB_TPCH	SF1		238.41371897135463	queries/s	SUCCESSFUL	924	176138.27893398178	40041.952000137826	509024.68100002804	130311.26250007219	488414.553899986	500346.25863007706	504923.49756295973	508614.5626563206	289663938316	424959388072	871134756470	189856.36000000004	238.41371897135463	4631.358223000007	238.41371897135463	160070.0	31360.0	29156364366	3630999694		4.630563706999965	19060.652468366632	6289.803632709522	25350.456101076154	4725.229828845482	1577.160192403842	6302.3900212493245	50.25639831923044	0.46978168135723836	50.72618000058768	4679.43422118778	1566.7290645737448	6246.163285761525	50.401606082555595	0.4857965165989276	50.88740259915452	4742.572003948152	1572.9514673404574	6315.5234712886095	47.10554209486628	0.5044343577773214	47.6099764526436	4707.638909740127	1571.0561412467057	6278.695050986833	58.013958148435975	0.4467545890385297	58.4607127374745	ok	cpu/event=0xc0,cmask=1,inv=1/		/home/seunghyun/ycsb/results/numa0_prefix_duckdb_tpch_sf1_single_thread_madracks-mnode5_20260315T085807Z_91440/runs/duckdb_tpch/prefix_x42
12	2026-03-15T08:58:43Z	madracks-mnode5	amd	duckdb_tpch	analytic	per_instance_external	NO_RETIRED_INST_CYCLES	user	prefix_x49	49	49	0,1,2,3,4,5,6,7,8,9,10,11,12,13,14,15,16,17,18,19,20,21,22,23,24,25,26,27,28,29,30,31,32,33,34,35,36,37,38,39,40,41,42,43,44,45,46,47,48	0,0,0,0,0,0,0,0,0,0,0,0,0,0,0,0,0,0,0,0,0,0,0,0,0,0,0,0,0,0,0,0,0,0,0,0,0,0,0,0,0,0,0,0,0,0,0,0,0	True							1						QUERY_MIX	DUCKDB_TPCH	SF1		276.3346339619723	queries/s	SUCCESSFUL	1078	177304.20388589596	40161.67200006748	519459.697000002	131010.47850000214	490065.1467999524	512113.0597700972	516401.91451113846	519143.05663061835	346439125577	504972745700	1019307772900	225484.57	276.3346339619723	4734.951080999963	276.3346339619723	187720.0	39580.0	34046605323	4243525153		4.734185345000014	23385.99889116919	7637.532708885349	31023.53160005454	4642.8096397651925	1495.586262974956	6138.395902740149	54.30894511388128	0.6264947750609225	54.9354398889422	4595.497481227832	1539.1644190539073	6134.66190028174	4626.109661785005	1542.7357125912843	6168.845374376289	4695.542001765824	1523.188054528876	6218.7300562947	55.33117304777858	0.6826928802691903	56.013865928047764	4656.541406329002	1534.875249193014	6191.416655522016	59.85858213467396	0.673822887981214	60.532405022655176	ok	cpu/event=0xc0,cmask=1,inv=1/		/home/seunghyun/ycsb/results/numa0_prefix_duckdb_tpch_sf1_single_thread_madracks-mnode5_20260315T085807Z_91440/runs/duckdb_tpch/prefix_x49
12	2026-03-15T08:58:48Z	madracks-mnode5	amd	duckdb_tpch	analytic	per_instance_external	NO_RETIRED_INST_CYCLES	user	prefix_x56	56	56	0,1,2,3,4,5,6,7,8,9,10,11,12,13,14,15,16,17,18,19,20,21,22,23,24,25,26,27,28,29,30,31,32,33,34,35,36,37,38,39,40,41,42,43,44,45,46,47,48,49,50,51,52,53,54,55	0,0,0,0,0,0,0,0,0,0,0,0,0,0,0,0,0,0,0,0,0,0,0,0,0,0,0,0,0,0,0,0,0,0,0,0,0,0,0,0,0,0,0,0,0,0,0,0,0,0,0,0,0,0,0,0	True							1						QUERY_MIX	DUCKDB_TPCH	SF1		307.7599707999507	queries/s	SUCCESSFUL	1232	181945.05168100641	40238.32399980165	572225.847000027	131752.0740000191	516256.7075500533	568002.6584000165	571492.3328359273	572168.1404282097	412633936249	593792015067	1162914764073	264940.18999999994	307.7599707999507	4886.658233999924	307.7599707999507	214230.0	53100.0	38878250253	4845022293		4.885849298000039	26929.63512799223	8917.723469681445	35847.35859767368	4446.680467062486	1483.571138358667	5930.251605421153	69.79248727355429	0.7206767849969964	70.51316405855128	4446.613883473233	1485.1000749576021	5931.713958430835	4445.394735455555	1484.1933638740757	5929.5880993296305	4464.820110361112	1486.0775295431818	5950.897639904293	70.38631794874266	0.787035514099164	71.17335346284182	4462.867025055624	1489.3982142890286	5952.265239344653	4523.080101361926	1487.8754363597936	6010.955537721719	ok	cpu/event=0xc0,cmask=1,inv=1/		/home/seunghyun/ycsb/results/numa0_prefix_duckdb_tpch_sf1_single_thread_madracks-mnode5_20260315T085807Z_91440/runs/duckdb_tpch/prefix_x56
12	2026-03-15T08:58:53Z	madracks-mnode5	amd	duckdb_tpch	analytic	per_instance_external	NO_RETIRED_INST_CYCLES	user	prefix_x63	63	63	0,1,2,3,4,5,6,7,8,9,10,11,12,13,14,15,16,17,18,19,20,21,22,23,24,25,26,27,28,29,30,31,32,33,34,35,36,37,38,39,40,41,42,43,44,45,46,47,48,49,50,51,52,53,54,55,56,57,58,59,60,61,62	0,0,0,0,0,0,0,0,0,0,0,0,0,0,0,0,0,0,0,0,0,0,0,0,0,0,0,0,0,0,0,0,0,0,0,0,0,0,0,0,0,0,0,0,0,0,0,0,0,0,0,0,0,0,0,0,0,0,0,0,0,0,0	True							1						QUERY_MIX	DUCKDB_TPCH	SF1		338.1855175928562	queries/s	SUCCESSFUL	1386	186306.1145873054	39905.80599997884	613720.4720000682	132570.00349983625	523970.2234999868	607734.403349923	613148.4315499642	613654.3068105557	485012895026	689465736510	1309837935072	307488.4799999999	338.1855175928562	5068.527926999877	338.1855175928562	240710.0	69670.0	43771946632	5467569125		5.06776497199985	25835.058060546195	8503.398410832275	34338.45647137847	4272.2253723014455	1418.5854549181468	5690.810827219592	83.61097979461447	1.382339380862315	84.99331917547678	4255.32819556115	1414.809518348918	5670.137713910068	4262.043801308517	1411.9014340406684	5673.945235349185	4282.9161130758175	1420.1346491273919	5703.050762203209	91.20924565711798	1.0647804621406602	92.27402611925864	4281.550333922256	1415.513117242676	5697.063451164931	4306.174018925272	1420.0071173114727	5726.181136236745	ok	cpu/event=0xc0,cmask=1,inv=1/		/home/seunghyun/ycsb/results/numa0_prefix_duckdb_tpch_sf1_single_thread_madracks-mnode5_20260315T085807Z_91440/runs/duckdb_tpch/prefix_x63
12	2026-03-15T08:58:58Z	madracks-mnode5	amd	duckdb_tpch	analytic	per_instance_external	NO_RETIRED_INST_CYCLES	user	prefix_x70	70	70	0,1,2,3,4,5,6,7,8,9,10,11,12,13,14,15,16,17,18,19,20,21,22,23,24,25,26,27,28,29,30,31,32,33,34,35,36,37,38,39,40,41,42,43,44,45,46,47,48,49,50,51,52,53,54,55,56,57,58,59,60,61,62,63,64,65,66,67,68,69	0,0,0,0,0,0,0,0,0,0,0,0,0,0,0,0,0,0,0,0,0,0,0,0,0,0,0,0,0,0,0,0,0,0,0,0,0,0,0,0,0,0,0,0,0,0,0,0,0,0,0,0,0,0,0,0,0,0,0,0,0,0,0,0,0,0,0,0,0,0	True							1						QUERY_MIX	DUCKDB_TPCH	SF1		369.88482844385527	queries/s	SUCCESSFUL	1540	189261.322742211	39406.939000173224	653826.4770001661	132418.29749995304	557726.3439501735	625049.327410004	630753.3565780368	650497.7937532141	549976069500	778103690937	1459388491432	346964.75999999983	369.88482844385527	5200.666252000019	369.88482844385527	268550.0	81230.0	48644310045	6085436210		5.199864595000008	29396.38603401523	9624.13209065884	39020.51812467407	4220.649260383748	1378.643804550535	5599.2930649342825	4290.5725159876065	1376.750280371962	5667.322796359568	4154.486243920309	1369.7672423740694	5524.2534862943785	4148.571501562484	1369.7632162964262	5518.33471785891	4146.442146658054	1371.9500924646773	5518.392239122732	84.29124683166076	1.234444704324073	85.52569153598483	4177.82549818296	1372.7914957407693	5550.616993923729	4173.547620488411	1383.231514156077	5556.779134644488	ok	cpu/event=0xc0,cmask=1,inv=1/		/home/seunghyun/ycsb/results/numa0_prefix_duckdb_tpch_sf1_single_thread_madracks-mnode5_20260315T085807Z_91440/runs/duckdb_tpch/prefix_x70
12	2026-03-15T08:59:04Z	madracks-mnode5	amd	duckdb_tpch	analytic	per_instance_external	NO_RETIRED_INST_CYCLES	user	prefix_x77	77	77	0,1,2,3,4,5,6,7,8,9,10,11,12,13,14,15,16,17,18,19,20,21,22,23,24,25,26,27,28,29,30,31,32,33,34,35,36,37,38,39,40,41,42,43,44,45,46,47,48,49,50,51,52,53,54,55,56,57,58,59,60,61,62,63,64,65,66,67,68,69,70,71,72,73,74,75,76	0,0,0,0,0,0,0,0,0,0,0,0,0,0,0,0,0,0,0,0,0,0,0,0,0,0,0,0,0,0,0,0,0,0,0,0,0,0,0,0,0,0,0,0,0,0,0,0,0,0,0,0,0,0,0,0,0,0,0,0,0,0,0,0,0,0,0,0,0,0,0,0,0,0,0,0,0	True							1						QUERY_MIX	DUCKDB_TPCH	SF1		394.9892551600087	queries/s	SUCCESSFUL	1694	194995.09308854822	39809.21900006251	690358.9890000604	133532.42699997735	620341.5513499859	674887.857130086	682574.2911580036	689457.7769962717	633265132781	884519598507	1603879808306	394186.0200000001	394.9892551600087	5419.254333000026	394.9892551600087	294890.0	102660.0	53467524415	6701783701		5.418450475999862	32090.21067098901	10555.99507442024	42646.20574540925	4004.579099043366	1314.3811296536744	5318.96022869704	4069.835198761585	1326.0968440165877	5395.932042778173	4000.6020677833635	1317.5739333721456	5318.176001155509	3993.665899844361	1319.487989035522	5313.153888879883	4013.626836852437	1321.4499518488635	5335.076788701301	4011.5412481348244	1331.6154818546117	5343.156729989436	3993.1390225736204	1314.951622368728	5308.090644942348	4003.221297995454	1310.4381222701045	5313.659420265558	ok	cpu/event=0xc0,cmask=1,inv=1/		/home/seunghyun/ycsb/results/numa0_prefix_duckdb_tpch_sf1_single_thread_madracks-mnode5_20260315T085807Z_91440/runs/duckdb_tpch/prefix_x77
12	2026-03-15T08:59:10Z	madracks-mnode5	amd	duckdb_tpch	analytic	per_instance_external	NO_RETIRED_INST_CYCLES	user	prefix_x84	84	84	0,1,2,3,4,5,6,7,8,9,10,11,12,13,14,15,16,17,18,19,20,21,22,23,24,25,26,27,28,29,30,31,32,33,34,35,36,37,38,39,40,41,42,43,44,45,46,47,48,49,50,51,52,53,54,55,56,57,58,59,60,61,62,63,64,65,66,67,68,69,70,71,72,73,74,75,76,77,78,79,80,81,82,83	0,0,0,0,0,0,0,0,0,0,0,0,0,0,0,0,0,0,0,0,0,0,0,0,0,0,0,0,0,0,0,0,0,0,0,0,0,0,0,0,0,0,0,0,0,0,0,0,0,0,0,0,0,0,0,0,0,0,0,0,0,0,0,0,0,0,0,0,0,0,0,0,0,0,0,0,0,0,0,0,0,0,0,0	True							1						QUERY_MIX	DUCKDB_TPCH	SF1		421.6718586489262	queries/s	SUCCESSFUL	1848	199285.76954762434	39927.54899991269	760222.0159999434	134741.40549988078	604924.8527000145	711397.1632700304	736249.0852590726	758448.9556580652	701296520268	975780919370	1751113584745	434735.7500000001	421.6718586489262	5540.996225999834	421.6718586489262	322560.0	115690.0	58394410880	7341135333		5.5403417689999515	31442.298668676758	10239.794104726374	41682.09277340313	3961.4971992676537	1285.3334141248445	5246.830613392498	3912.081161467757	1281.3045601374895	5193.3857216052465	3921.514962065517	1272.3511559068788	5193.866117972396	3913.356701018109	1281.5797962884942	5194.936497306603	3914.7283099270444	1269.7726567461418	5184.500966673186	3935.4766033557903	1276.1938751677137	5211.670478523504	3953.3140078884444	1286.7668586291843	5240.080866517628	3930.329723686442	1286.4917877256285	5216.82151141207	ok	cpu/event=0xc0,cmask=1,inv=1/		/home/seunghyun/ycsb/results/numa0_prefix_duckdb_tpch_sf1_single_thread_madracks-mnode5_20260315T085807Z_91440/runs/duckdb_tpch/prefix_x84
1	2026-03-15T03:52:25Z	madracks-mnode5	amd	rocksdb	embedded	per_instance	NO_RETIRED_INST_CYCLES	user	prefix_x1	1	1	0	0	True	256	256	262144	262144	1000000	1000000	1	1	1	1	1014	1024	READ							1000000	12.661128	2.0	16103.0	10.0	14.0	31.0	44.0	4091.0	22991644092	36532351176	46819152180	16257.94	61992.43692269543	16638.792549999947	60100.51492588644	12770.0	3600.0	2657229351	301106099		16.63785163	582.7061840690204	85.10032227307049	667.8065063420909	573.6494608167881	85.05639256313272	658.7058533799208	1.7752170037316666	0.008873984830020389	1.784090988561687	1.0837120109862104	0.004842356335521668	1.0885543673217322	1.328430760066752	0.00627305252556216	1.334703812592314	0.5829353284061141	0.002399167457144826	0.5853344958632589	1.1360002882804212	0.005102816411144424	1.1411031046915656	2.785297685029678	0.014893914183498462	2.8001915992131763	0.36513017573129575	0.0015444181948898652	0.3666745939261856	ok	cpu/event=0xc0,cmask=1,inv=1/	/home/seunghyun/ycsb/workloads/working_set_256mb.properties	/home/seunghyun/ycsb/results/numa0_prefix_ycsb_256mib_madracks-mnode5_20260315T035202Z_3874/runs/rocksdb/prefix_x1
1	2026-03-15T03:52:53Z	madracks-mnode5	amd	rocksdb	embedded	per_instance	NO_RETIRED_INST_CYCLES	user	prefix_x7	7	7	0,1,2,3,4,5,6	0,0,0,0,0,0,0	True	256	1792	262144	1835008	1000000	7000000	1	1	1	1	1014	1024	READ							7000000	14.281443285714285	1.0	20079.0	11.0	22.0	35.0	48.0	4099.0	184777219448	282222285436	337261384602	125755.83	362575.0700231398	20184.517034999997	346800.470274418	97730.0	28890.0	18962265290	2182051857		20.183497735999993	4515.580794979673	2005.1467071166874	6520.72750209636	4499.455771192393	2005.0534979690115	6504.5092691614045	1.5761366587542873	0.005875656942365663	1.582012315696653	3.103316061683341	0.015712770701251665	3.119028832384593	2.1817904857755988	0.008902693792241128	2.1906931795678397	3.0617857813858738	0.03253535411369643	3.09432113549957	1.0347053043595793	0.004629763653505831	1.039335068013085	3.2789900394254143	0.02225975849343986	3.301249797918854	1.88829945589609	0.003293149979534847	1.8915926058756247	ok	cpu/event=0xc0,cmask=1,inv=1/	/home/seunghyun/ycsb/workloads/working_set_256mb.properties	/home/seunghyun/ycsb/results/numa0_prefix_ycsb_256mib_madracks-mnode5_20260315T035202Z_3874/runs/rocksdb/prefix_x7
1	2026-03-15T03:53:30Z	madracks-mnode5	amd	rocksdb	embedded	per_instance	NO_RETIRED_INST_CYCLES	user	prefix_x14	14	14	0,1,2,3,4,5,6,7,8,9,10,11,12,13	0,0,0,0,0,0,0,0,0,0,0,0,0,0	True	256	3584	262144	3670016	1000000	14000000	1	1	1	1	1014	1024	READ							14000000	15.1793055	1.0	36031.0	12.0	26.0	38.0	52.0	4143.0	397284811076	596669575592	689382076801	265982.41000000003	630850.0939890196	23245.13698000004	602276.5110846843	203990.0	63920.0	38353957108	4516461588		23.244270340999947	8077.7066166108725	3488.011566896478	11565.71818350735	4025.934324885682	1726.7085940343898	5752.642918920072	1.543563092167637	0.005553598954708969	1.549116691122346	3.715894679890011	0.016343073235985165	3.7322377531259963	1.2034504515023363	0.00446913731485327	1.2079195888171896	4040.5295059139157	1761.2473082076012	5801.7768141215165	1.0501711203523687	0.0037890512017234243	1.053960171554092	3.221542972652546	0.023921175639432014	3.245464148291978	0.5081634947087508	0.0015886181407087122	0.5097521128494595	ok	cpu/event=0xc0,cmask=1,inv=1/	/home/seunghyun/ycsb/workloads/working_set_256mb.properties	/home/seunghyun/ycsb/results/numa0_prefix_ycsb_256mib_madracks-mnode5_20260315T035202Z_3874/runs/rocksdb/prefix_x14
1	2026-03-15T03:54:14Z	madracks-mnode5	amd	rocksdb	embedded	per_instance	NO_RETIRED_INST_CYCLES	user	prefix_x21	21	21	0,1,2,3,4,5,6,7,8,9,10,11,12,13,14,15,16,17,18,19,20	0,0,0,0,0,0,0,0,0,0,0,0,0,0,0,0,0,0,0,0,0	True	256	5376	262144	5505024	1000000	21000000	1	1	1	1	1014	1024	READ							21000000	17.028552857142856	1.0	22063.0	13.0	34.0	44.0	77.0	4207.0	679286381062	993000550287	1075227143878	442950.30000000005	791826.3195994402	27911.97847699999	752365.1545269141	332680.0	113490.0	58986032344	7186214247		27.911176927000042	7227.118864895101	2835.5637148237274	10062.682579718828	3564.396605817781	1384.3031919466969	4948.699797764478	2.096336912692091	0.0063569228801352625	2.1026938355722264	7.3563910093392195	0.03473893253313683	7.391129941872356	2.0890396813019945	0.005963305364337414	2.095002986666332	3645.014113366339	1451.1823657457414	5096.196479112081	1.4710831425211264	0.004673114618111131	1.4757562571392375	3.9202117809489114	0.024308068364493837	3.944519849313405	0.7750831841774279	0.002116787529401766	0.7771999717068298	ok	cpu/event=0xc0,cmask=1,inv=1/	/home/seunghyun/ycsb/workloads/working_set_256mb.properties	/home/seunghyun/ycsb/results/numa0_prefix_ycsb_256mib_madracks-mnode5_20260315T035202Z_3874/runs/rocksdb/prefix_x21
1	2026-03-15T03:55:10Z	madracks-mnode5	amd	rocksdb	embedded	per_instance	NO_RETIRED_INST_CYCLES	user	prefix_x28	28	28	0,1,2,3,4,5,6,7,8,9,10,11,12,13,14,15,16,17,18,19,20,21,22,23,24,25,26,27	0,0,0,0,0,0,0,0,0,0,0,0,0,0,0,0,0,0,0,0,0,0,0,0,0,0,0,0	True	256	7168	262144	7340032	1000000	28000000	1	1	1	1	1014	1024	READ							28000000	19.5820385	1.0	20895.0	14.0	39.0	51.0	102.0	4375.0	1086069082747	1512290897196	1458942828504	674441.5499999999	894644.3751887772	32940.064891000016	850028.6836912166	493770.0	184940.0	79650071223	9830137185		32.939163722000046	9735.927752868658	3243.468363031186	12979.396115899845	3259.9935712204388	1123.809464184472	4383.803035404911	1.89931534567389	0.004682445527320294	1.9039977912012103	3228.7742032077426	1065.9737259086276	4294.74792911637	2.721706205870725	0.00758048462693602	2.729286690497661	3227.9967773512612	1053.6263319971604	4281.623109348422	1.6897337533457977	0.0047584171405455145	1.6944921704863432	6.332752792851466	0.036885144703932636	6.369637937555399	6.519692991472267	0.0049344489272868785	6.524627440399554	ok	cpu/event=0xc0,cmask=1,inv=1/	/home/seunghyun/ycsb/workloads/working_set_256mb.properties	/home/seunghyun/ycsb/results/numa0_prefix_ycsb_256mib_madracks-mnode5_20260315T035202Z_3874/runs/rocksdb/prefix_x28
1	2026-03-15T03:56:17Z	madracks-mnode5	amd	rocksdb	embedded	per_instance	NO_RETIRED_INST_CYCLES	user	prefix_x35	35	35	0,1,2,3,4,5,6,7,8,9,10,11,12,13,14,15,16,17,18,19,20,21,22,23,24,25,26,27,28,29,30,31,32,33,34	0,0,0,0,0,0,0,0,0,0,0,0,0,0,0,0,0,0,0,0,0,0,0,0,0,0,0,0,0,0,0,0,0,0,0	True	256	8960	262144	9175040	1000000	35000000	1	1	1	1	1014	1024	READ							35000000	23.0299492	1.0	28207.0	17.0	47.0	64.0	136.0	5175.0	1675566835415	2201718556458	1805659046657	982664.2200000002	927907.2379262864	40333.32270099998	867768.8237952249	668710.0	319460.0	99347920607	12318003398		40.33247774199998	10819.376766409561	3059.5640985085993	13878.94086491816	2693.6702912024393	765.3697927834079	3459.040083985847	3.1942110068229383	0.020164728342100636	3.214375735165039	2702.8731175921707	757.6603578515397	3460.5334754437104	2.0551913825775543	0.007024740635199336	2.0622161232127536	2724.5459958546608	812.1071007455841	3536.6530966002447	1.844662538883393	0.005357083552047748	1.8500196224354408	2684.346221451531	724.3884819353523	3408.7347033868837	6.847075380476373	0.005818640185769376	6.852894020662142	ok	cpu/event=0xc0,cmask=1,inv=1/	/home/seunghyun/ycsb/workloads/working_set_256mb.properties	/home/seunghyun/ycsb/results/numa0_prefix_ycsb_256mib_madracks-mnode5_20260315T035202Z_3874/runs/rocksdb/prefix_x35
1	2026-03-15T03:57:36Z	madracks-mnode5	amd	rocksdb	embedded	per_instance	NO_RETIRED_INST_CYCLES	user	prefix_x42	42	42	0,1,2,3,4,5,6,7,8,9,10,11,12,13,14,15,16,17,18,19,20,21,22,23,24,25,26,27,28,29,30,31,32,33,34,35,36,37,38,39,40,41	0,0,0,0,0,0,0,0,0,0,0,0,0,0,0,0,0,0,0,0,0,0,0,0,0,0,0,0,0,0,0,0,0,0,0,0,0,0,0,0,0,0	True	256	10752	262144	11010048	1000000	42000000	1	1	1	1	1014	1024	READ							42000000	27.543108404761906	1.0	24639.0	21.0	58.0	81.0	178.0	6031.0	2515939797238	3141676893263	2150901031629	1401474.7499999998	945358.5899717438	48373.27473300001	868248.0198378591	860840.0	546950.0	118570589523	14862345640		48.372271623000074	9218.612778999179	1996.9934379277336	11215.606216926912	2333.193358462369	545.5498905130038	2878.743248975373	4.165827907619226	0.02421355477299078	4.190041462392217	2277.0050368186226	456.5721351185836	2733.577171937206	4.171890128771223	0.013884625154871837	4.185774753926095	2321.179460057638	554.1863153645274	2875.365775422166	1.7671163309952957	0.0044376796319233235	1.7715540106272192	2270.1819630652003	440.6365751885861	2710.8185382537863	6.9481262279630975	0.00598588347280189	6.954112111435899	ok	cpu/event=0xc0,cmask=1,inv=1/	/home/seunghyun/ycsb/workloads/working_set_256mb.properties	/home/seunghyun/ycsb/results/numa0_prefix_ycsb_256mib_madracks-mnode5_20260315T035202Z_3874/runs/rocksdb/prefix_x42
1	2026-03-15T03:59:09Z	madracks-mnode5	amd	rocksdb	embedded	per_instance	NO_RETIRED_INST_CYCLES	user	prefix_x49	49	49	0,1,2,3,4,5,6,7,8,9,10,11,12,13,14,15,16,17,18,19,20,21,22,23,24,25,26,27,28,29,30,31,32,33,34,35,36,37,38,39,40,41,42,43,44,45,46,47,48	0,0,0,0,0,0,0,0,0,0,0,0,0,0,0,0,0,0,0,0,0,0,0,0,0,0,0,0,0,0,0,0,0,0,0,0,0,0,0,0,0,0,0,0,0,0,0,0,0	True	256	12544	262144	12845056	1000000	49000000	1	1	1	1	1014	1024	READ							49000000	33.00523146938775	1.0	37887.0	25.0	69.0	101.0	249.0	7483.0	3629925336497	4355034915536	2498041748806	1942066.39	932110.988577602	57084.096875	858382.678932415	1082850.0	867680.0	137591433774	17440784832		57.083229544999995	10001.973138332352	1654.5131135022525	11656.486251834605	2007.359728149688	293.5734045807865	2300.9331327304744	3.879188094956905	0.02044797285347777	3.8996360678103827	1999.466524608964	362.33897925609324	2361.8055038650573	1987.5141749875545	324.0580891278242	2311.572264115379	1995.886433559305	338.2824898479204	2334.1689234072255	4.059202215311028	0.021706457691824523	4.0809086730028525	1994.9358241524267	336.1991981095988	2331.1350222620254	8.872062564145498	0.01879814948426023	8.890860713629758	ok	cpu/event=0xc0,cmask=1,inv=1/	/home/seunghyun/ycsb/workloads/working_set_256mb.properties	/home/seunghyun/ycsb/results/numa0_prefix_ycsb_256mib_madracks-mnode5_20260315T035202Z_3874/runs/rocksdb/prefix_x49
1	2026-03-15T04:00:54Z	madracks-mnode5	amd	rocksdb	embedded	per_instance	NO_RETIRED_INST_CYCLES	user	prefix_x56	56	56	0,1,2,3,4,5,6,7,8,9,10,11,12,13,14,15,16,17,18,19,20,21,22,23,24,25,26,27,28,29,30,31,32,33,34,35,36,37,38,39,40,41,42,43,44,45,46,47,48,49,50,51,52,53,54,55	0,0,0,0,0,0,0,0,0,0,0,0,0,0,0,0,0,0,0,0,0,0,0,0,0,0,0,0,0,0,0,0,0,0,0,0,0,0,0,0,0,0,0,0,0,0,0,0,0,0,0,0,0,0,0,0	True	256	14336	262144	14680064	1000000	56000000	1	1	1	1	1014	1024	READ							56000000	37.432467375	1.0	31615.0	29.0	75.0	115.0	496.0	8155.0	4798576391176	5620577858252	2831802484136	2505616.3700000006	953411.8462286777	63780.596457	878009.9765569678	1311860.0	1204390.0	156705929778	19926912436		63.77955693699994	10866.355199746733	1462.492989710852	12328.848189457585	1799.0362167605351	280.42414843930743	2079.4603651998427	4.381347450342859	0.02161700724721438	4.402964457590073	1821.454142308357	303.56044688094005	2125.014589189297	1795.6222717734804	260.4137521192697	2056.03602389275	1819.0810845944316	241.65079559103157	2060.731880185463	3.4250027815007362	0.00925199106051922	3.4342547725612556	1816.1343130010393	199.66911005082775	2015.8034230518672	1807.220821077046	176.74386763116794	1983.9646887082138	ok	cpu/event=0xc0,cmask=1,inv=1/	/home/seunghyun/ycsb/workloads/working_set_256mb.properties	/home/seunghyun/ycsb/results/numa0_prefix_ycsb_256mib_madracks-mnode5_20260315T035202Z_3874/runs/rocksdb/prefix_x56
1	2026-03-15T04:02:51Z	madracks-mnode5	amd	rocksdb	embedded	per_instance	NO_RETIRED_INST_CYCLES	user	prefix_x63	63	63	0,1,2,3,4,5,6,7,8,9,10,11,12,13,14,15,16,17,18,19,20,21,22,23,24,25,26,27,28,29,30,31,32,33,34,35,36,37,38,39,40,41,42,43,44,45,46,47,48,49,50,51,52,53,54,55,56,57,58,59,60,61,62	0,0,0,0,0,0,0,0,0,0,0,0,0,0,0,0,0,0,0,0,0,0,0,0,0,0,0,0,0,0,0,0,0,0,0,0,0,0,0,0,0,0,0,0,0,0,0,0,0,0,0,0,0,0,0,0,0,0,0,0,0,0,0	True	256	16128	262144	16515072	1000000	63000000	1	1	1	1	1014	1024	READ							63000000	42.32742306349206	1.0	150655.0	29.0	88.0	139.0	3623.0	8407.0	6020410400998	6967103699623	3261377774618	3109926.000000001	983609.4507197716	71451.28976700005	881719.5631519125	1577020.0	1551430.0	180444041352	23396297824		71.45028328800004	10252.144361337014	1355.9748159217663	11608.11917725878	1693.7482873873712	205.121997658616	1898.8702850459872	14.725197990191813	0.03966970445265939	14.764867694644472	1760.6998220151713	345.2525860693043	2105.952408084476	1687.0785354685215	182.680793997832	1869.7593294663536	1695.0640843902265	187.7229946164846	1882.787079006711	2.7191703517848658	0.006445184437548507	2.7256155362224144	1708.4605894561766	283.1777829479666	1991.6383724041432	1689.6486742775712	151.9725457426726	1841.6212200202438	ok	cpu/event=0xc0,cmask=1,inv=1/	/home/seunghyun/ycsb/workloads/working_set_256mb.properties	/home/seunghyun/ycsb/results/numa0_prefix_ycsb_256mib_madracks-mnode5_20260315T035202Z_3874/runs/rocksdb/prefix_x63
1	2026-03-15T04:05:03Z	madracks-mnode5	amd	rocksdb	embedded	per_instance	NO_RETIRED_INST_CYCLES	user	prefix_x70	70	70	0,1,2,3,4,5,6,7,8,9,10,11,12,13,14,15,16,17,18,19,20,21,22,23,24,25,26,27,28,29,30,31,32,33,34,35,36,37,38,39,40,41,42,43,44,45,46,47,48,49,50,51,52,53,54,55,56,57,58,59,60,61,62,63,64,65,66,67,68,69	0,0,0,0,0,0,0,0,0,0,0,0,0,0,0,0,0,0,0,0,0,0,0,0,0,0,0,0,0,0,0,0,0,0,0,0,0,0,0,0,0,0,0,0,0,0,0,0,0,0,0,0,0,0,0,0,0,0,0,0,0,0,0,0,0,0,0,0,0,0	True	256	17920	262144	18350080	1000000	70000000	1	1	1	1	1014	1024	READ							70000000	48.65701501428571	1.0	145791.0	37.0	98.0	159.0	4139.0	8447.0	7696818755857	8740692460303	3599550644890	3900697.259999999	937724.9827184249	81779.16784000001	855963.7111611869	1894610.0	2022110.0	199009610773	26075952038		81.77741927200009	10562.971864462092	1084.9103367443406	11647.882201206432	1486.9575065750291	159.86675512634267	1646.8242617013718	1496.982309608067	132.54101609151024	1629.5233256995773	1565.1128328037696	239.28420327882804	1804.3970360825977	1499.5541389442121	115.98862064216335	1615.5427595863755	1494.9150001218525	85.6828412199416	1580.597841341794	7.996589596817736	0.06909699255333997	8.065686589371076	1525.852488717075	213.24619965017652	1739.0986883672515	1485.6009980952697	138.23160374282492	1623.8326018380947	ok	cpu/event=0xc0,cmask=1,inv=1/	/home/seunghyun/ycsb/workloads/working_set_256mb.properties	/home/seunghyun/ycsb/results/numa0_prefix_ycsb_256mib_madracks-mnode5_20260315T035202Z_3874/runs/rocksdb/prefix_x70
1	2026-03-15T04:07:31Z	madracks-mnode5	amd	rocksdb	embedded	per_instance	NO_RETIRED_INST_CYCLES	user	prefix_x77	77	77	0,1,2,3,4,5,6,7,8,9,10,11,12,13,14,15,16,17,18,19,20,21,22,23,24,25,26,27,28,29,30,31,32,33,34,35,36,37,38,39,40,41,42,43,44,45,46,47,48,49,50,51,52,53,54,55,56,57,58,59,60,61,62,63,64,65,66,67,68,69,70,71,72,73,74,75,76	0,0,0,0,0,0,0,0,0,0,0,0,0,0,0,0,0,0,0,0,0,0,0,0,0,0,0,0,0,0,0,0,0,0,0,0,0,0,0,0,0,0,0,0,0,0,0,0,0,0,0,0,0,0,0,0,0,0,0,0,0,0,0,0,0,0,0,0,0,0,0,0,0,0,0,0,0	True	256	19712	262144	20185088	1000000	77000000	1	1	1	1	1014	1024	READ							77000000	52.90858125974026	1.0	133887.0	40.0	105.0	165.0	4203.0	8647.0	9637014974401	10785542040452	3953247104757	4807989.859999999	949938.9414638066	89459.3088229999	860726.524864491	2285380.0	2546090.0	218692677944	28713255821		89.45836260400006	11099.003744717425	955.1587473077052	12054.16249202513	1378.1304091345444	84.20079795647759	1462.331207091022	1358.7203116569451	76.3432681239535	1435.0635797808986	1457.9558259939681	226.36990689200712	1684.3257328859752	1369.2648102554404	96.26251530705596	1465.5273255624963	1377.7721437441198	64.83769179133652	1442.6098355354563	1350.6047872414954	85.96312176234312	1436.5679090038384	1452.5152541266584	223.52073283080355	1676.035986957462	1354.0402025642538	97.66071264372782	1451.7009152079816	ok	cpu/event=0xc0,cmask=1,inv=1/	/home/seunghyun/ycsb/workloads/working_set_256mb.properties	/home/seunghyun/ycsb/results/numa0_prefix_ycsb_256mib_madracks-mnode5_20260315T035202Z_3874/runs/rocksdb/prefix_x77
1	2026-03-15T04:10:09Z	madracks-mnode5	amd	rocksdb	embedded	per_instance	NO_RETIRED_INST_CYCLES	user	prefix_x84	84	84	0,1,2,3,4,5,6,7,8,9,10,11,12,13,14,15,16,17,18,19,20,21,22,23,24,25,26,27,28,29,30,31,32,33,34,35,36,37,38,39,40,41,42,43,44,45,46,47,48,49,50,51,52,53,54,55,56,57,58,59,60,61,62,63,64,65,66,67,68,69,70,71,72,73,74,75,76,77,78,79,80,81,82,83	0,0,0,0,0,0,0,0,0,0,0,0,0,0,0,0,0,0,0,0,0,0,0,0,0,0,0,0,0,0,0,0,0,0,0,0,0,0,0,0,0,0,0,0,0,0,0,0,0,0,0,0,0,0,0,0,0,0,0,0,0,0,0,0,0,0,0,0,0,0,0,0,0,0,0,0,0,0,0,0,0,0,0,0	True	256	21504	262144	22020096	1000000	84000000	1	1	1	1	1014	1024	READ							84000000	59.102216261904765	1.0	493311.0	43.0	115.0	192.0	4299.0	8775.0	11672863790389	12892944210204	4220177652857	5754300.59	907087.4694975952	102025.04562299987	823327.2476093221	2626480.0	3154660.0	236014241816	31292476958		102.02263199499998	9760.919049598051	671.2101940145049	10432.129243612555	1202.907151999779	59.28147037059969	1262.1886223703787	1204.210422373523	72.21608425230639	1276.4265066258295	1286.3024424846096	148.8302925496772	1435.1327350342867	1204.8299751463244	74.86515048582507	1279.6951256321495	1217.1237654358238	51.786691918273	1268.9104573540967	1205.7019115307671	51.7567751733419	1257.458686704109	1233.1704004036637	148.2063459213525	1381.3767463250163	1206.6729802235604	64.26738334312914	1270.9403635666895	ok	cpu/event=0xc0,cmask=1,inv=1/	/home/seunghyun/ycsb/workloads/working_set_256mb.properties	/home/seunghyun/ycsb/results/numa0_prefix_ycsb_256mib_madracks-mnode5_20260315T035202Z_3874/runs/rocksdb/prefix_x84
2	2026-03-15T06:34:51Z	madracks-mnode5	amd	rocksdb	embedded	per_instance	NO_RETIRED_INST_CYCLES	user	prefix_x1	1	1	0	0	True	256	256	262144	262144	1000000	1000000	1	1	1	1	1014	1024	READ							1000000	12.729208	1.0	16135.0	10.0	14.0	31.0	43.0	4115.0	23087854288	36623350091	46847344109	16287.31	61858.22095756526	16668.391964000024	59993.78957248996	12910.0	3490.0	2644290157	300382947		16.667414903999997	606.2400825065743	53.02660744786823	659.2666899544424	591.4855294469189	52.995744575620925	644.4812740225399	0.8879978537377975	0.003017442659205072	0.8910152963970026	7.044300450703685	0.004500530373984264	7.048800981077669	1.3352495032305298	0.004445601199362812	1.3396951044298926	1.1181767290165028	0.0029918090443817277	1.1211685380608845	0.7657328349203958	0.0030540621089527064	0.7687868970293485	1.467619659205791	0.005002216835526855	1.472621876041318	2.13547602884071	0.007851210025892808	2.1433272388666027	ok	cpu/event=0xc0,cmask=1,inv=1/	/home/seunghyun/ycsb/workloads/working_set_256mb.properties	/home/seunghyun/ycsb/results/numa0_prefix_ycsb_256mib_madracks-mnode5_20260315T063428Z_3995/runs/rocksdb/prefix_x1
2	2026-03-15T06:35:19Z	madracks-mnode5	amd	rocksdb	embedded	per_instance	NO_RETIRED_INST_CYCLES	user	prefix_x7	7	7	0,1,2,3,4,5,6	0,0,0,0,0,0,0	True	256	1792	262144	1835008	1000000	7000000	1	1	1	1	1014	1024	READ							7000000	14.102939285714285	1.0	20191.0	11.0	21.0	35.0	47.0	4699.0	182977308933	279393394195	334715971311	124546.13	364333.81066592917	19989.12217399999	350190.4655475545	97450.0	27940.0	18895369841	2153223957		19.988322923	4607.275543801564	1971.814340383376	6579.089884184939	4589.538767523186	1971.7402950765431	6561.2790625997295	2.0650362457687317	0.008901070947979602	2.0739373167167114	6.274438196206036	0.004983378314614995	6.279421574520652	1.2759234806685251	0.004842915445453053	1.2807663961139781	3.273377238356242	0.02715208331713023	3.300529321673372	0.6859748498774166	0.0029863627400082506	0.6889612126174249	2.378813501003024	0.017368539125937554	2.3961820401289615	1.7832127664984645	0.007810956941657571	1.791023723440122	ok	cpu/event=0xc0,cmask=1,inv=1/	/home/seunghyun/ycsb/workloads/working_set_256mb.properties	/home/seunghyun/ycsb/results/numa0_prefix_ycsb_256mib_madracks-mnode5_20260315T063428Z_3995/runs/rocksdb/prefix_x7
2	2026-03-15T06:35:55Z	madracks-mnode5	amd	rocksdb	embedded	per_instance	NO_RETIRED_INST_CYCLES	user	prefix_x14	14	14	0,1,2,3,4,5,6,7,8,9,10,11,12,13	0,0,0,0,0,0,0,0,0,0,0,0,0,0	True	256	3584	262144	3670016	1000000	14000000	1	1	1	1	1014	1024	READ							14000000	15.021416	1.0	28079.0	11.0	30.0	37.0	51.0	4083.0	385867651813	588485007864	697472947842	262407.25	630914.6555974777	23230.746812999998	602649.5881813647	203240.0	61020.0	38927330125	4505296786		23.229769352999995	8191.395250616214	3602.402000583138	11793.797251199352	4089.8537453461627	1801.6670857149854	5891.520831061148	2.2662318410815954	0.011986446295754578	2.2782182873773498	5.7048009260446015	0.004881809999454627	5.709682736044056	1.1722886359777562	0.004745182378371935	1.1770338183561282	4087.138459240123	1800.6836821377	5887.822141377823	0.9933879034412298	0.004708398018849672	0.9980963014600795	2.3470352554078753	0.016755275762390824	2.3637905311702663	1.919301467974497	0.00815561799693604	1.927457085971433	ok	cpu/event=0xc0,cmask=1,inv=1/	/home/seunghyun/ycsb/workloads/working_set_256mb.properties	/home/seunghyun/ycsb/results/numa0_prefix_ycsb_256mib_madracks-mnode5_20260315T063428Z_3995/runs/rocksdb/prefix_x14
2	2026-03-15T06:36:39Z	madracks-mnode5	amd	rocksdb	embedded	per_instance	NO_RETIRED_INST_CYCLES	user	prefix_x21	21	21	0,1,2,3,4,5,6,7,8,9,10,11,12,13,14,15,16,17,18,19,20	0,0,0,0,0,0,0,0,0,0,0,0,0,0,0,0,0,0,0,0,0	True	256	5376	262144	5505024	1000000	21000000	1	1	1	1	1014	1024	READ							21000000	15.481054857142857	1.0	24111.0	11.0	31.0	39.0	61.0	4207.0	596263661049	907165781543	1069513538339	404918.93	845286.3598126941	26616.581420999977	788981.8631415752	312290.0	95120.0	59204784411	6944454503		26.615610489000005	7212.265860520225	3154.6556198581025	10366.921480378327	3583.6661637897587	1551.5609655708433	5135.227129360602	4.164679579593509	0.018680480127178944	4.1833600597206875	6.79078220969919	0.019416600200935934	6.810198809900125	1.3449349457241184	0.0046873190989385905	1.349622264823057	3609.6888591775896	1603.0175336701861	5212.7063928477755	1.2292769522040754	0.004242436562150877	1.2335193887662264	2.8576238593470165	0.021246580945042094	2.8788704402920584	2.5235400063089686	0.008847200138798963	2.5323872064477677	ok	cpu/event=0xc0,cmask=1,inv=1/	/home/seunghyun/ycsb/workloads/working_set_256mb.properties	/home/seunghyun/ycsb/results/numa0_prefix_ycsb_256mib_madracks-mnode5_20260315T063428Z_3995/runs/rocksdb/prefix_x21
2	2026-03-15T06:37:30Z	madracks-mnode5	amd	rocksdb	embedded	per_instance	NO_RETIRED_INST_CYCLES	user	prefix_x28	28	28	0,1,2,3,4,5,6,7,8,9,10,11,12,13,14,15,16,17,18,19,20,21,22,23,24,25,26,27	0,0,0,0,0,0,0,0,0,0,0,0,0,0,0,0,0,0,0,0,0,0,0,0,0,0,0,0	True	256	7168	262144	7340032	1000000	28000000	1	1	1	1	1014	1024	READ							28000000	16.69407867857143	1.0	32047.0	12.0	33.0	41.0	77.0	4093.0	853437653359	1291232940230	1492914023662	576185.4900000001	1001164.4352768295	29415.697272000045	951872.7277171292	440160.0	140630.0	81294668678	9789374159		29.414732790000016	10387.642756228195	4535.629466664506	14923.272222892701	3428.279569277595	1468.0256994848328	4896.305268762428	4.089023269875119	0.015989841465512078	4.1050131113406305	3453.4013511330973	1525.4050484601607	4978.806399593258	1.7138273545282339	0.005913709859422452	1.7197410643876563	3492.6235161417167	1542.129055217368	5034.752571359085	0.9976449282704833	0.003485976338185867	1.0011309046086692	3.6579542833485763	0.03377662073392235	3.691730904082499	2.8798698397640816	0.01049735374695375	2.8903671935110355	ok	cpu/event=0xc0,cmask=1,inv=1/	/home/seunghyun/ycsb/workloads/working_set_256mb.properties	/home/seunghyun/ycsb/results/numa0_prefix_ycsb_256mib_madracks-mnode5_20260315T063428Z_3995/runs/rocksdb/prefix_x28
2	2026-03-15T06:38:27Z	madracks-mnode5	amd	rocksdb	embedded	per_instance	NO_RETIRED_INST_CYCLES	user	prefix_x35	35	35	0,1,2,3,4,5,6,7,8,9,10,11,12,13,14,15,16,17,18,19,20,21,22,23,24,25,26,27,28,29,30,31,32,33,34	0,0,0,0,0,0,0,0,0,0,0,0,0,0,0,0,0,0,0,0,0,0,0,0,0,0,0,0,0,0,0,0,0,0,0	True	256	8960	262144	9175040	1000000	35000000	1	1	1	1	1014	1024	READ							35000000	17.39542942857143	1.0	21759.0	12.0	34.0	42.0	82.0	4139.0	1111472465328	1672592626181	1905444905302	746901.3	1155939.4901008685	32173.50893500003	1087851.501392351	567270.0	186560.0	102718360876	12610252949		32.172506895000026	12929.97139923809	5456.873226474947	18386.844625713034	3230.89981692155	1345.8806215498714	4576.780438471422	5.2649021685246336	0.01935443408543559	5.2842566026100695	3217.643301593028	1361.6051487863897	4579.248450379418	1.6297753896537772	0.006239632788374598	1.636015022442152	3201.190924701421	1338.1184880071885	4539.30941270861	1.6833045713980088	0.011249930810295338	1.6945545022083042	3268.4419999195784	1411.2099695483148	4679.651969467894	3.217373972937489	0.022154585497913822	3.2395285584354028	ok	cpu/event=0xc0,cmask=1,inv=1/	/home/seunghyun/ycsb/workloads/working_set_256mb.properties	/home/seunghyun/ycsb/results/numa0_prefix_ycsb_256mib_madracks-mnode5_20260315T063428Z_3995/runs/rocksdb/prefix_x35
2	2026-03-15T06:39:33Z	madracks-mnode5	amd	rocksdb	embedded	per_instance	NO_RETIRED_INST_CYCLES	user	prefix_x42	42	42	0,1,2,3,4,5,6,7,8,9,10,11,12,13,14,15,16,17,18,19,20,21,22,23,24,25,26,27,28,29,30,31,32,33,34,35,36,37,38,39,40,41	0,0,0,0,0,0,0,0,0,0,0,0,0,0,0,0,0,0,0,0,0,0,0,0,0,0,0,0,0,0,0,0,0,0,0,0,0,0,0,0,0,0	True	256	10752	262144	11010048	1000000	42000000	1	1	1	1	1014	1024	READ							42000000	18.65811511904762	1.0	24143.0	12.0	36.0	45.0	100.0	4411.0	1438946732518	2135634434574	2357922960678	954131.7899999998	1219267.8011791038	36448.13945299995	1152322.1934046648	718530.0	241520.0	125531343296	15711984346		36.44732925300002	11967.348845460427	4877.214882635258	16844.563728095683	3023.5224449299967	1253.0697723500546	4276.592217280051	7.209361241989954	0.039309855815966806	7.248671097805921	2934.338711093991	1184.7211730857575	4119.059884179749	7.56508495917541	0.01835040470441187	7.583435363879822	2931.862369361132	1164.2018704475452	4096.0642398086775	1.4827245898658314	0.00516115598640239	1.4878857458522339	3058.3414251927597	1275.137992827079	4333.479418019839	3.0267240915163662	0.021252508313897706	3.047976599830264	ok	cpu/event=0xc0,cmask=1,inv=1/	/home/seunghyun/ycsb/workloads/working_set_256mb.properties	/home/seunghyun/ycsb/results/numa0_prefix_ycsb_256mib_madracks-mnode5_20260315T063428Z_3995/runs/rocksdb/prefix_x42
2	2026-03-15T06:40:48Z	madracks-mnode5	amd	rocksdb	embedded	per_instance	NO_RETIRED_INST_CYCLES	user	prefix_x49	49	49	0,1,2,3,4,5,6,7,8,9,10,11,12,13,14,15,16,17,18,19,20,21,22,23,24,25,26,27,28,29,30,31,32,33,34,35,36,37,38,39,40,41,42,43,44,45,46,47,48	0,0,0,0,0,0,0,0,0,0,0,0,0,0,0,0,0,0,0,0,0,0,0,0,0,0,0,0,0,0,0,0,0,0,0,0,0,0,0,0,0,0,0,0,0,0,0,0,0	True	256	12544	262144	12845056	1000000	49000000	1	1	1	1	1014	1024	READ							49000000	20.837614836734694	1.0	30479.0	13.0	38.0	47.0	122.0	4323.0	1907650504975	2772869489338	2901072491682	1238330.19	1246908.2300109447	41128.563289	1191386.1336631044	913960.0	333870.0	152513920466	19495692467		41.127713847999985	14224.87417729274	5504.8160420278755	19729.690219320615	2815.990158979075	1041.3938719816463	3857.3840309607212	9.835255818230538	0.06563016753072604	9.900885985761263	2853.422317758431	1120.7959953208212	3974.218313079252	2874.53551623716	1135.7299793693526	4010.2654956065126	2844.470376412	1093.3162699009176	3937.7866463129176	1.6848561352560838	0.004630203570365983	1.6894863388264498	2820.295935167159	1113.4793298304535	3933.7752649976123	4.639760785427892	0.03033525358392662	4.670096039011819	ok	cpu/event=0xc0,cmask=1,inv=1/	/home/seunghyun/ycsb/workloads/working_set_256mb.properties	/home/seunghyun/ycsb/results/numa0_prefix_ycsb_256mib_madracks-mnode5_20260315T063428Z_3995/runs/rocksdb/prefix_x49
2	2026-03-15T06:42:11Z	madracks-mnode5	amd	rocksdb	embedded	per_instance	NO_RETIRED_INST_CYCLES	user	prefix_x56	56	56	0,1,2,3,4,5,6,7,8,9,10,11,12,13,14,15,16,17,18,19,20,21,22,23,24,25,26,27,28,29,30,31,32,33,34,35,36,37,38,39,40,41,42,43,44,45,46,47,48,49,50,51,52,53,54,55	0,0,0,0,0,0,0,0,0,0,0,0,0,0,0,0,0,0,0,0,0,0,0,0,0,0,0,0,0,0,0,0,0,0,0,0,0,0,0,0,0,0,0,0,0,0,0,0,0,0,0,0,0,0,0,0	True	256	14336	262144	14680064	1000000	56000000	1	1	1	1	1014	1024	READ							56000000	22.276716267857143	1.0	275455.0	14.0	42.0	51.0	131.0	4791.0	2376368790719	3366719637558	3328105939695	1503899.8600000003	1317499.7175825546	44778.779358000065	1250592.3743987714	1094990.0	418920.0	174428556733	22443719384		44.777699256999995	16131.476512299616	5807.6059207662165	21939.082433065832	2687.082538994115	977.2043151739105	3664.2868541680255	7.811283452998142	0.036637969169157	7.847921422167299	2635.6080072396817	942.7529399154699	3578.3609471551517	2707.761478234632	982.3636797444682	3690.1251579791	2704.1661783312466	987.1385753161115	3691.304753647358	2.0885244034134574	0.00646640595775441	2.094990809371212	2684.0912871443124	911.6507104037748	3595.741997548087	2702.8672144992156	1006.4525958373547	3709.3198103365703	ok	cpu/event=0xc0,cmask=1,inv=1/	/home/seunghyun/ycsb/workloads/working_set_256mb.properties	/home/seunghyun/ycsb/results/numa0_prefix_ycsb_256mib_madracks-mnode5_20260315T063428Z_3995/runs/rocksdb/prefix_x56
2	2026-03-15T06:43:45Z	madracks-mnode5	amd	rocksdb	embedded	per_instance	NO_RETIRED_INST_CYCLES	user	prefix_x63	63	63	0,1,2,3,4,5,6,7,8,9,10,11,12,13,14,15,16,17,18,19,20,21,22,23,24,25,26,27,28,29,30,31,32,33,34,35,36,37,38,39,40,41,42,43,44,45,46,47,48,49,50,51,52,53,54,55,56,57,58,59,60,61,62	0,0,0,0,0,0,0,0,0,0,0,0,0,0,0,0,0,0,0,0,0,0,0,0,0,0,0,0,0,0,0,0,0,0,0,0,0,0,0,0,0,0,0,0,0,0,0,0,0,0,0,0,0,0,0,0,0,0,0,0,0,0,0	True	256	16128	262144	16515072	1000000	63000000	1	1	1	1	1014	1024	READ							63000000	23.748121253968254	1.0	318719.0	15.0	45.0	56.0	153.0	4779.0	2928355152272	4057001355184	3785309656065	1811694.4799999995	1361580.0406233994	49921.709459	1261976.0156999636	1288240.0	540920.0	198397564309	25606056408		49.920840709000004	14837.196605436387	4993.885746170349	19831.082351606736	2480.8603631436413	853.7218126703881	3334.582175814029	8.476134139127485	0.04681117132954152	8.522945310457025	2378.7119256565798	666.5316521516739	3045.2435778082536	2466.146074037433	866.3048051747568	3332.45087921219	2516.614021050509	881.8567216703013	3398.4707427208104	3.207346502260017	0.011939067778435838	3.2192855700384526	2481.8508093779033	849.2854421476561	3331.1362515255596	2501.3299315289332	876.1265621164649	3377.456493645398	ok	cpu/event=0xc0,cmask=1,inv=1/	/home/seunghyun/ycsb/workloads/working_set_256mb.properties	/home/seunghyun/ycsb/results/numa0_prefix_ycsb_256mib_madracks-mnode5_20260315T063428Z_3995/runs/rocksdb/prefix_x63
2	2026-03-15T06:45:27Z	madracks-mnode5	amd	rocksdb	embedded	per_instance	NO_RETIRED_INST_CYCLES	user	prefix_x70	70	70	0,1,2,3,4,5,6,7,8,9,10,11,12,13,14,15,16,17,18,19,20,21,22,23,24,25,26,27,28,29,30,31,32,33,34,35,36,37,38,39,40,41,42,43,44,45,46,47,48,49,50,51,52,53,54,55,56,57,58,59,60,61,62,63,64,65,66,67,68,69	0,0,0,0,0,0,0,0,0,0,0,0,0,0,0,0,0,0,0,0,0,0,0,0,0,0,0,0,0,0,0,0,0,0,0,0,0,0,0,0,0,0,0,0,0,0,0,0,0,0,0,0,0,0,0,0,0,0,0,0,0,0,0,0,0,0,0,0,0,0	True	256	17920	262144	18350080	1000000	70000000	1	1	1	1	1014	1024	READ							70000000	25.518879914285716	1.0	344319.0	16.0	51.0	65.0	166.0	5071.0	3579947033732	4806435228354	4118803047603	2146536.8000000003	1396102.5057585165	54149.463066999946	1292718.2659851667	1475310.0	685570.0	217262287562	27978675845		54.148593465999966	15878.106595852018	4831.316744189968	20709.423340041983	2253.7319402108456	695.6569109292028	2949.3888511400482	2266.8860287112648	730.2130408810258	2997.0990695922906	2317.6588628957634	641.3940865941753	2959.052949489939	2266.796436580957	720.2196614270235	2987.016098007981	2289.494694405942	701.3596757127133	2990.8543701186554	6.174197246501157	0.04298271597290267	6.217179962474059	2202.053759252652	579.3422210670653	2781.3959803197176	2275.3106765480916	763.0881648627885	3038.39884141088	ok	cpu/event=0xc0,cmask=1,inv=1/	/home/seunghyun/ycsb/workloads/working_set_256mb.properties	/home/seunghyun/ycsb/results/numa0_prefix_ycsb_256mib_madracks-mnode5_20260315T063428Z_3995/runs/rocksdb/prefix_x70
2	2026-03-15T06:47:17Z	madracks-mnode5	amd	rocksdb	embedded	per_instance	NO_RETIRED_INST_CYCLES	user	prefix_x77	77	77	0,1,2,3,4,5,6,7,8,9,10,11,12,13,14,15,16,17,18,19,20,21,22,23,24,25,26,27,28,29,30,31,32,33,34,35,36,37,38,39,40,41,42,43,44,45,46,47,48,49,50,51,52,53,54,55,56,57,58,59,60,61,62,63,64,65,66,67,68,69,70,71,72,73,74,75,76	0,0,0,0,0,0,0,0,0,0,0,0,0,0,0,0,0,0,0,0,0,0,0,0,0,0,0,0,0,0,0,0,0,0,0,0,0,0,0,0,0,0,0,0,0,0,0,0,0,0,0,0,0,0,0,0,0,0,0,0,0,0,0,0,0,0,0,0,0,0,0,0,0,0,0,0,0	True	256	19712	262144	20185088	1000000	77000000	1	1	1	1	1014	1024	READ							77000000	28.69504927272727	1.0	316671.0	18.0	60.0	76.0	183.0	5479.0	4542835484097	5882896745240	4511485374783	2626653.920000001	1410395.5548930117	58826.59430800004	1308931.8004174938	1695650.0	951550.0	238458668292	30848363653		58.82557466700007	17040.142524683957	4612.917383762286	21653.059908446245	2109.5900450220574	576.7585923590038	2686.348637381061	2157.0573994658143	606.5884193313797	2763.645818797194	2152.354346557191	502.4791572446337	2654.833503801825	2105.387363967545	610.4193778673235	2715.8067418348683	2117.824643170972	601.102530360199	2718.9271735311713	2144.2746241878986	629.5761834165096	2773.850807604408	2138.2536947987237	513.9479614237878	2652.2016562225117	2115.4004075137545	572.0451617594483	2687.4455692732026	ok	cpu/event=0xc0,cmask=1,inv=1/	/home/seunghyun/ycsb/workloads/working_set_256mb.properties	/home/seunghyun/ycsb/results/numa0_prefix_ycsb_256mib_madracks-mnode5_20260315T063428Z_3995/runs/rocksdb/prefix_x77
2	2026-03-15T06:49:17Z	madracks-mnode5	amd	rocksdb	embedded	per_instance	NO_RETIRED_INST_CYCLES	user	prefix_x84	84	84	0,1,2,3,4,5,6,7,8,9,10,11,12,13,14,15,16,17,18,19,20,21,22,23,24,25,26,27,28,29,30,31,32,33,34,35,36,37,38,39,40,41,42,43,44,45,46,47,48,49,50,51,52,53,54,55,56,57,58,59,60,61,62,63,64,65,66,67,68,69,70,71,72,73,74,75,76,77,78,79,80,81,82,83	0,0,0,0,0,0,0,0,0,0,0,0,0,0,0,0,0,0,0,0,0,0,0,0,0,0,0,0,0,0,0,0,0,0,0,0,0,0,0,0,0,0,0,0,0,0,0,0,0,0,0,0,0,0,0,0,0,0,0,0,0,0,0,0,0,0,0,0,0,0,0,0,0,0,0,0,0,0,0,0,0,0,0,0	True	256	21504	262144	22020096	1000000	84000000	1	1	1	1	1014	1024	READ							84000000	33.811040285714284	1.0	121407.0	23.0	70.0	89.0	230.0	6155.0	5948371155400	7427161969285	4974534675066	3315013.7800000007	1344249.777502211	66282.59133400001	1267301.0862946112	1982890.0	1347240.0	262171820596	34299690790		66.28172890300016	15661.40135403251	3291.963104369235	18953.364458401746	1927.9746240557276	368.13440233990724	2296.109026395635	1952.871198354449	406.5120303343519	2359.383228688801	2040.9875258797351	444.107099928632	2485.0946258083673	1908.5817956092187	427.24001403994134	2335.82180964916	1914.0323986125547	415.3129533446749	2329.3453519572295	1941.0918028795306	415.82912896745296	2356.9209318469834	2046.0411206498015	432.3239635235	2478.3650841733015	1929.8208879914937	382.503511890775	2312.3243998822686	ok	cpu/event=0xc0,cmask=1,inv=1/	/home/seunghyun/ycsb/workloads/working_set_256mb.properties	/home/seunghyun/ycsb/results/numa0_prefix_ycsb_256mib_madracks-mnode5_20260315T063428Z_3995/runs/rocksdb/prefix_x84
4	2026-03-15T07:34:23Z	madracks-mnode5	amd	rocksdb	embedded	per_instance	NO_RETIRED_INST_CYCLES	user	prefix_x1	1	1	0	0	True	256	256	262144	262144	1000000	1000000	1	1	1	1	1014	1024	READ							1000000	12.875232	2.0	20047.0	10.0	14.0	31.0	43.0	5979.0	23452080083	37136278582	47711468533	16525.16	61023.98242509306	16916.908707000006	59112.454723256415	13260.0	3390.0	2672116771	307269570		16.915990476000047	609.5045629871004	41.48296996844099	650.9875329555414	591.7458590364957	41.444406234858526	633.1902652713543	7.703228459645305	0.005495187710151187	7.708723647355456	1.313741345238643	0.0027926955270236504	1.3165340407656667	1.5952262920670965	0.0034241189342964396	1.598650411001393	1.98767758848967	0.004033893539034161	1.991711482028704	1.2722820843171117	0.004210692093070543	1.276492776410182	2.8173733578467486	0.010604305108427014	2.8279776629551754	1.0691748229999904	0.008002840670463121	1.0771776636704535	ok	cpu/event=0xc0,cmask=1,inv=1/	/home/seunghyun/ycsb/workloads/working_set_256mb.properties	/home/seunghyun/ycsb/results/numa0_prefix_ycsb_256mib_madracks-mnode5_20260315T073401Z_114427/runs/rocksdb/prefix_x1
4	2026-03-15T07:34:52Z	madracks-mnode5	amd	rocksdb	embedded	per_instance	NO_RETIRED_INST_CYCLES	user	prefix_x7	7	7	0,1,2,3,4,5,6	0,0,0,0,0,0,0	True	256	1792	262144	1835008	1000000	7000000	1	1	1	1	1014	1024	READ							7000000	14.143966142857144	1.0	19247.0	11.0	21.0	34.0	47.0	5439.0	183061170062	279802769956	336866641212	124717.99	365731.48222775996	19813.571448000006	353293.1969570072	97770.0	27810.0	18908164588	2166045701		19.81270436799997	4691.897398750201	1944.2051862270673	6636.102584977269	4676.886389355309	1944.156013577743	6621.042402933052	6.72299970715753	0.004836553028433102	6.7278362601859625	0.8597481308198878	0.0029450603154025767	0.8626931911352903	1.2361705837480848	0.0040017085247991075	1.240172292272884	2.9316288687758454	0.02380693108517899	2.9554357998610246	0.45836659977935645	0.0023166164824087216	0.46068321626176517	2.088845640839767	0.008872148230501486	2.0977177890702685	0.7132498637707565	0.0023936316580207132	0.7156434954287773	ok	cpu/event=0xc0,cmask=1,inv=1/	/home/seunghyun/ycsb/workloads/working_set_256mb.properties	/home/seunghyun/ycsb/results/numa0_prefix_ycsb_256mib_madracks-mnode5_20260315T073401Z_114427/runs/rocksdb/prefix_x7
4	2026-03-15T07:35:27Z	madracks-mnode5	amd	rocksdb	embedded	per_instance	NO_RETIRED_INST_CYCLES	user	prefix_x14	14	14	0,1,2,3,4,5,6,7,8,9,10,11,12,13	0,0,0,0,0,0,0,0,0,0,0,0,0,0	True	256	3584	262144	3670016	1000000	14000000	1	1	1	1	1014	1024	READ							14000000	14.830897214285715	1.0	32079.0	11.0	29.0	37.0	49.0	4093.0	381166090293	582528027461	694492127775	259741.72999999998	638468.3943437771	22729.530789000022	615938.8035750968	201810.0	60240.0	38850891607	4475410598		22.728597036999986	8466.728611106859	3558.8754537762125	12025.604064883071	4219.711100693351	1781.3741619043205	6001.085262597671	6.278922093412567	0.0065201278870735116	6.285442221299641	0.9791067661723385	0.002927075534147499	0.982033841706486	0.9507745547750694	0.0037917712424002468	0.9545663260174697	4235.28603604317	1777.4729341492857	6012.758970192455	0.5746399778563193	0.0027256712542749646	0.5773656491105942	2.2226237844373355	0.009876865884949085	2.232500650322285	0.725407193683301	0.002516210803207529	0.7279234044865085	ok	cpu/event=0xc0,cmask=1,inv=1/	/home/seunghyun/ycsb/workloads/working_set_256mb.properties	/home/seunghyun/ycsb/results/numa0_prefix_ycsb_256mib_madracks-mnode5_20260315T073401Z_114427/runs/rocksdb/prefix_x14
4	2026-03-15T07:36:10Z	madracks-mnode5	amd	rocksdb	embedded	per_instance	NO_RETIRED_INST_CYCLES	user	prefix_x21	21	21	0,1,2,3,4,5,6,7,8,9,10,11,12,13,14,15,16,17,18,19,20	0,0,0,0,0,0,0,0,0,0,0,0,0,0,0,0,0,0,0,0,0	True	256	5376	262144	5505024	1000000	21000000	1	1	1	1	1014	1024	READ							21000000	15.83345561904762	1.0	24143.0	11.0	32.0	40.0	68.0	4081.0	602831811239	923000860892	1094856055824	411845.68	843097.5339516784	26315.540577999967	798007.5475841142	319060.0	95580.0	60084594624	7113652597		26.31465042800005	7602.820986943706	3195.999746186217	10798.820733129924	3822.4931735261002	1617.2781256187216	5439.771299144822	5.87252866007782	0.005485466923689651	5.878014127001509	2.318285890949472	0.019724486561969047	2.338010377511441	1.246013954111696	0.004887052350196235	1.2509010064618922	3767.5220453910056	1578.676553919577	5346.198599310583	0.5301871940880072	0.0024678802565775006	0.5326550743445847	2.1504213253392432	0.009560716557906445	2.1599820418971496	0.6883310020334651	0.002941045268176946	0.691272047301642	ok	cpu/event=0xc0,cmask=1,inv=1/	/home/seunghyun/ycsb/workloads/working_set_256mb.properties	/home/seunghyun/ycsb/results/numa0_prefix_ycsb_256mib_madracks-mnode5_20260315T073401Z_114427/runs/rocksdb/prefix_x21
4	2026-03-15T07:37:00Z	madracks-mnode5	amd	rocksdb	embedded	per_instance	NO_RETIRED_INST_CYCLES	user	prefix_x28	28	28	0,1,2,3,4,5,6,7,8,9,10,11,12,13,14,15,16,17,18,19,20,21,22,23,24,25,26,27	0,0,0,0,0,0,0,0,0,0,0,0,0,0,0,0,0,0,0,0,0,0,0,0,0,0,0,0	True	256	7168	262144	7340032	1000000	28000000	1	1	1	1	1014	1024	READ							28000000	16.141203035714284	1.0	24863.0	11.0	32.0	40.0	71.0	4075.0	815431523707	1249052242052	1478738965245	557662.05	1037607.3205347916	28599.879677000048	979025.0978754128	429260.0	132180.0	81105782467	9614480201		28.598879936999992	10633.601818847623	4527.891815507155	15161.493634354778	3512.0720868493836	1486.7148336572398	4998.786920506624	6.3989277604989905	0.017555764296312067	6.416483524795303	3513.0999868795784	1489.7449295499357	5002.844916429514	0.9645906489685031	0.005051603949595267	0.9696422529180984	3596.554748491823	1551.3772166802587	5147.931965172082	1.0473733551792554	0.004217139587832804	1.0515904947670882	2.7301176926322355	0.024722340579683807	2.754840033211919	0.7339871695584301	0.0032887713081226474	0.7372759408665528	ok	cpu/event=0xc0,cmask=1,inv=1/	/home/seunghyun/ycsb/workloads/working_set_256mb.properties	/home/seunghyun/ycsb/results/numa0_prefix_ycsb_256mib_madracks-mnode5_20260315T073401Z_114427/runs/rocksdb/prefix_x28
4	2026-03-15T07:37:57Z	madracks-mnode5	amd	rocksdb	embedded	per_instance	NO_RETIRED_INST_CYCLES	user	prefix_x35	35	35	0,1,2,3,4,5,6,7,8,9,10,11,12,13,14,15,16,17,18,19,20,21,22,23,24,25,26,27,28,29,30,31,32,33,34	0,0,0,0,0,0,0,0,0,0,0,0,0,0,0,0,0,0,0,0,0,0,0,0,0,0,0,0,0,0,0,0,0,0,0	True	256	8960	262144	9175040	1000000	35000000	1	1	1	1	1014	1024	READ							35000000	17.064392085714285	1.0	32047.0	12.0	33.0	41.0	82.0	4139.0	1072478195619	1641088969970	1929852761248	733119.9900000001	1133909.9652296114	32590.818141	1073922.1043355518	562440.0	176030.0	103905939046	12579061387		32.58978171999996	12856.442559436824	5464.152184494572	18320.594743931397	3104.5634114420523	1271.8307648646257	4376.394176306678	6.626391013420702	0.020398876174952202	6.646789889595654	3229.2992234044495	1392.4050777984035	4621.7043012028535	0.7171463517984642	0.0035190496082202704	0.7206654014066844	3267.6419189419944	1400.8720890747343	4668.514008016728	1.387136689714343	0.005820759011361682	1.3929574487257046	3245.0893010658283	1399.0094911390447	4644.0987922048735	1.1180305275640678	0.005022932969263845	1.1230534605333318	ok	cpu/event=0xc0,cmask=1,inv=1/	/home/seunghyun/ycsb/workloads/working_set_256mb.properties	/home/seunghyun/ycsb/results/numa0_prefix_ycsb_256mib_madracks-mnode5_20260315T073401Z_114427/runs/rocksdb/prefix_x35
4	2026-03-15T07:39:03Z	madracks-mnode5	amd	rocksdb	embedded	per_instance	NO_RETIRED_INST_CYCLES	user	prefix_x42	42	42	0,1,2,3,4,5,6,7,8,9,10,11,12,13,14,15,16,17,18,19,20,21,22,23,24,25,26,27,28,29,30,31,32,33,34,35,36,37,38,39,40,41	0,0,0,0,0,0,0,0,0,0,0,0,0,0,0,0,0,0,0,0,0,0,0,0,0,0,0,0,0,0,0,0,0,0,0,0,0,0,0,0,0,0	True	256	10752	262144	11010048	1000000	42000000	1	1	1	1	1014	1024	READ							42000000	18.271286404761906	1.0	28095.0	12.0	34.0	42.0	90.0	4127.0	1361578536033	2085658683810	2434798838767	931770.5099999995	1220530.4417637996	35970.078081999985	1167637.1650974392	710670.0	230950.0	129227173619	15918354644		35.96923535099995	12403.920062109697	5253.050287101795	17656.970349211493	3043.7460312357684	1246.0663219009505	4289.812353136719	6.919109876096257	0.02285006634258771	6.941959942438844	3109.85391519319	1333.4903176878872	4443.344232881077	1.3179046414029214	0.015707935848309405	1.3336125772512308	3117.3746710831406	1335.4816162957754	4452.856287378916	0.8140289470591396	0.0034141046696336305	0.8174430517287733	3122.4821657298635	1337.958488146235	4460.440653876099	1.412235403177078	0.011570964086596285	1.4238063672636743	ok	cpu/event=0xc0,cmask=1,inv=1/	/home/seunghyun/ycsb/workloads/working_set_256mb.properties	/home/seunghyun/ycsb/results/numa0_prefix_ycsb_256mib_madracks-mnode5_20260315T073401Z_114427/runs/rocksdb/prefix_x42
4	2026-03-15T07:40:17Z	madracks-mnode5	amd	rocksdb	embedded	per_instance	NO_RETIRED_INST_CYCLES	user	prefix_x49	49	49	0,1,2,3,4,5,6,7,8,9,10,11,12,13,14,15,16,17,18,19,20,21,22,23,24,25,26,27,28,29,30,31,32,33,34,35,36,37,38,39,40,41,42,43,44,45,46,47,48	0,0,0,0,0,0,0,0,0,0,0,0,0,0,0,0,0,0,0,0,0,0,0,0,0,0,0,0,0,0,0,0,0,0,0,0,0,0,0,0,0,0,0,0,0,0,0,0,0	True	256	12544	262144	12845056	1000000	49000000	1	1	1	1	1014	1024	READ							49000000	19.005737326530614	1.0	28159.0	12.0	34.0	42.0	96.0	4347.0	1648158858588	2520471821446	2927404990120	1126281.7200000002	1310539.8202709055	39521.360474999936	1239835.8611919743	858570.0	275860.0	153999804363	19167715412		39.52037925500008	14433.467523770836	6090.707136591667	20524.174660362503	2947.7277086440185	1267.6462338852195	4215.373942529238	7.741945697250433	0.030205317065282743	7.772151014315716	2835.0817400250826	1180.971097418675	4016.0528374437577	2965.048813970322	1281.7266452145307	4246.7754591848525	2726.1161096771766	1089.3238071541955	3815.439916831372	0.8254346515257286	0.0037343520126727515	0.8291690035384014	2949.3506444380323	1270.9919878066082	4220.34263224464	1.5751266674296558	0.013425443360696537	1.5885521107903524	ok	cpu/event=0xc0,cmask=1,inv=1/	/home/seunghyun/ycsb/workloads/working_set_256mb.properties	/home/seunghyun/ycsb/results/numa0_prefix_ycsb_256mib_madracks-mnode5_20260315T073401Z_114427/runs/rocksdb/prefix_x49
4	2026-03-15T07:41:38Z	madracks-mnode5	amd	rocksdb	embedded	per_instance	NO_RETIRED_INST_CYCLES	user	prefix_x56	56	56	0,1,2,3,4,5,6,7,8,9,10,11,12,13,14,15,16,17,18,19,20,21,22,23,24,25,26,27,28,29,30,31,32,33,34,35,36,37,38,39,40,41,42,43,44,45,46,47,48,49,50,51,52,53,54,55	0,0,0,0,0,0,0,0,0,0,0,0,0,0,0,0,0,0,0,0,0,0,0,0,0,0,0,0,0,0,0,0,0,0,0,0,0,0,0,0,0,0,0,0,0,0,0,0,0,0,0,0,0,0,0,0	True	256	14336	262144	14680064	1000000	56000000	1	1	1	1	1014	1024	READ							56000000	19.927584071428573	1.0	133887.0	12.0	35.0	43.0	111.0	4219.0	1991285703836	3025626632007	3455511729533	1351764.4600000002	1396531.0091402906	42217.81278200001	1326454.3165503866	1018940.0	346110.0	179994449221	22718254366		42.21694384	16809.870191333	7080.671377850337	23890.541569183337	2742.57048596793	1101.1649469884019	3843.735432956332	8.09275823162927	0.03095351241589306	8.123711744045163	2790.3294366422847	1182.8708359290515	3973.2002725713364	2760.5520557728046	1133.2820006348331	3893.834056407638	2835.3815279564988	1218.3239076290438	4053.7054355855425	1.046675456478134	0.007074055873468694	1.0537495123516027	2805.1056285529708	1214.032900707066	4019.1385292600366	2866.791622752404	1230.958758393652	4097.750381146056	ok	cpu/event=0xc0,cmask=1,inv=1/	/home/seunghyun/ycsb/workloads/working_set_256mb.properties	/home/seunghyun/ycsb/results/numa0_prefix_ycsb_256mib_madracks-mnode5_20260315T073401Z_114427/runs/rocksdb/prefix_x56
4	2026-03-15T07:43:06Z	madracks-mnode5	amd	rocksdb	embedded	per_instance	NO_RETIRED_INST_CYCLES	user	prefix_x63	63	63	0,1,2,3,4,5,6,7,8,9,10,11,12,13,14,15,16,17,18,19,20,21,22,23,24,25,26,27,28,29,30,31,32,33,34,35,36,37,38,39,40,41,42,43,44,45,46,47,48,49,50,51,52,53,54,55,56,57,58,59,60,61,62	0,0,0,0,0,0,0,0,0,0,0,0,0,0,0,0,0,0,0,0,0,0,0,0,0,0,0,0,0,0,0,0,0,0,0,0,0,0,0,0,0,0,0,0,0,0,0,0,0,0,0,0,0,0,0,0,0,0,0,0,0,0,0	True	256	16128	262144	16515072	1000000	63000000	1	1	1	1	1014	1024	READ							63000000	21.173510571428572	1.0	336895.0	14.0	36.0	43.0	113.0	4131.0	2353484845205	3578880523121	4068440659084	1598889.9099999997	1471608.4112922405	45458.96208599993	1385865.3411579367	1201300.0	412920.0	209015255030	26866703764		45.45807711599991	16285.432173494686	6729.151432173932	23014.583605668617	2694.268531202117	1083.7495789872567	3778.018110189374	7.807078475515024	0.030631653229287084	7.837710128744312	2770.900754083545	1179.9853879295356	3950.8861420130806	2760.7506159564673	1166.0632881101335	3926.813904066601	2578.3043760559945	997.9801617984814	3576.2845378544757	1.8027346895898266	0.007163139737803392	1.80989782932763	2697.916417512698	1121.1781602954256	3819.0945778081236	2773.6816655187567	1180.1570602601328	3953.8387257788895	ok	cpu/event=0xc0,cmask=1,inv=1/	/home/seunghyun/ycsb/workloads/working_set_256mb.properties	/home/seunghyun/ycsb/results/numa0_prefix_ycsb_256mib_madracks-mnode5_20260315T073401Z_114427/runs/rocksdb/prefix_x63
4	2026-03-15T07:44:42Z	madracks-mnode5	amd	rocksdb	embedded	per_instance	NO_RETIRED_INST_CYCLES	user	prefix_x70	70	70	0,1,2,3,4,5,6,7,8,9,10,11,12,13,14,15,16,17,18,19,20,21,22,23,24,25,26,27,28,29,30,31,32,33,34,35,36,37,38,39,40,41,42,43,44,45,46,47,48,49,50,51,52,53,54,55,56,57,58,59,60,61,62,63,64,65,66,67,68,69	0,0,0,0,0,0,0,0,0,0,0,0,0,0,0,0,0,0,0,0,0,0,0,0,0,0,0,0,0,0,0,0,0,0,0,0,0,0,0,0,0,0,0,0,0,0,0,0,0,0,0,0,0,0,0,0,0,0,0,0,0,0,0,0,0,0,0,0,0,0	True	256	17920	262144	18350080	1000000	70000000	1	1	1	1	1014	1024	READ							70000000	21.7335651	1.0	369407.0	17.0	36.0	44.0	121.0	4263.0	2658025649919	4039451897723	4580379636373	1805517.2099999997	1545027.1797177857	48547.67379999998	1441881.6499504456	1361470.0	462230.0	234399752308	30384770866		48.546694068999955	17946.693189901067	7308.689973858063	25255.38316375913	2455.6799377571606	930.521529526784	3386.2014672839446	2606.851923558161	1089.9364451474491	3696.78836870561	2604.140409565136	1091.9387483332675	3696.0791578984035	2629.527843381212	1101.9618875053088	3731.4897308865206	2451.0793827631915	930.4535917031786	3381.53297446637	9.30751389371226	0.06344316773269719	9.370957061444956	2625.1196797745333	1105.3309847394557	3730.450664513989	2564.9864992079606	1058.4833437348873	3623.469842942848	ok	cpu/event=0xc0,cmask=1,inv=1/	/home/seunghyun/ycsb/workloads/working_set_256mb.properties	/home/seunghyun/ycsb/results/numa0_prefix_ycsb_256mib_madracks-mnode5_20260315T073401Z_114427/runs/rocksdb/prefix_x70
4	2026-03-15T07:46:25Z	madracks-mnode5	amd	rocksdb	embedded	per_instance	NO_RETIRED_INST_CYCLES	user	prefix_x77	77	77	0,1,2,3,4,5,6,7,8,9,10,11,12,13,14,15,16,17,18,19,20,21,22,23,24,25,26,27,28,29,30,31,32,33,34,35,36,37,38,39,40,41,42,43,44,45,46,47,48,49,50,51,52,53,54,55,56,57,58,59,60,61,62,63,64,65,66,67,68,69,70,71,72,73,74,75,76	0,0,0,0,0,0,0,0,0,0,0,0,0,0,0,0,0,0,0,0,0,0,0,0,0,0,0,0,0,0,0,0,0,0,0,0,0,0,0,0,0,0,0,0,0,0,0,0,0,0,0,0,0,0,0,0,0,0,0,0,0,0,0,0,0,0,0,0,0,0,0,0,0,0,0,0,0	True	256	19712	262144	20185088	1000000	77000000	1	1	1	1	1014	1024	READ							77000000	23.05034255844156	1.0	365567.0	21.0	37.0	44.0	137.0	4203.0	3138829347274	4734300189226	5257639178352	2115105.12	1585711.5891794623	51983.39600700001	1481242.2025992933	1572280.0	577650.0	264913541934	35044526560		51.982475886999964	20045.655557187863	8013.506728567767	28059.16228575563	2300.0398302411186	784.6806436813263	3084.720473922445	2535.394727886686	1052.6236667515898	3588.018394638276	2423.0321661654934	933.6508063849774	3356.682972550471	2617.576348066571	1080.449382250506	3698.025730317077	2567.326074452192	1066.0496156043748	3633.375690056567	2608.4191946796927	1075.7373732445535	3684.1565679242462	2540.188664879088	1046.184541373739	3586.373206252827	2453.6785508170233	974.1306992767005	3427.8092500937237	ok	cpu/event=0xc0,cmask=1,inv=1/	/home/seunghyun/ycsb/workloads/working_set_256mb.properties	/home/seunghyun/ycsb/results/numa0_prefix_ycsb_256mib_madracks-mnode5_20260315T073401Z_114427/runs/rocksdb/prefix_x77
4	2026-03-15T07:48:13Z	madracks-mnode5	amd	rocksdb	embedded	per_instance	NO_RETIRED_INST_CYCLES	user	prefix_x84	84	84	0,1,2,3,4,5,6,7,8,9,10,11,12,13,14,15,16,17,18,19,20,21,22,23,24,25,26,27,28,29,30,31,32,33,34,35,36,37,38,39,40,41,42,43,44,45,46,47,48,49,50,51,52,53,54,55,56,57,58,59,60,61,62,63,64,65,66,67,68,69,70,71,72,73,74,75,76,77,78,79,80,81,82,83	0,0,0,0,0,0,0,0,0,0,0,0,0,0,0,0,0,0,0,0,0,0,0,0,0,0,0,0,0,0,0,0,0,0,0,0,0,0,0,0,0,0,0,0,0,0,0,0,0,0,0,0,0,0,0,0,0,0,0,0,0,0,0,0,0,0,0,0,0,0,0,0,0,0,0,0,0,0,0,0,0,0,0,0	True	256	21504	262144	22020096	1000000	84000000	1	1	1	1	1014	1024	READ							84000000	24.05449730952381	1.0	483327.0	22.0	39.0	45.0	140.0	4195.0	3573087268907	5364644352954	5890891021744	2397377.4699999997	1623397.7555522695	55124.4646350001	1523824.3229425577	1771540.0	661910.0	294188861310	39271169879		55.12360615500006	19638.65770514853	7810.047137569722	27448.704842718253	2346.2615919791356	823.7574537055875	3170.019045684723	2517.554290313929	1028.601708571088	3546.1559988850167	2463.81787675035	1002.8985514876451	3466.7164282379954	2529.9495258260094	1041.9406484118717	3571.890174237881	2326.1704147924765	873.0527118898973	3199.2231266823737	2471.127010728649	1010.3584043155159	3481.485415044165	2475.7376770638875	1000.7084816290009	3476.4461586928883	2508.0393176940925	1028.729177559115	3536.768495253207	ok	cpu/event=0xc0,cmask=1,inv=1/	/home/seunghyun/ycsb/workloads/working_set_256mb.properties	/home/seunghyun/ycsb/results/numa0_prefix_ycsb_256mib_madracks-mnode5_20260315T073401Z_114427/runs/rocksdb/prefix_x84
8	2026-03-15T08:04:27Z	madracks-mnode5	amd	rocksdb	embedded	per_instance	NO_RETIRED_INST_CYCLES	user	prefix_x1	1	1	0	0	True	256	256	262144	262144	1000000	1000000	1	1	1	1	1014	1024	READ							1000000	12.807577	2.0	16079.0	10.0	14.0	31.0	43.0	4515.0	23235615670	36833168453	47355489356	16381.87	61568.77231867996	16761.477301000014	59660.61236979026	12950.0	3540.0	2652362684	303368306		16.76067006100004	608.5350066944087	38.055519034368444	646.5905257287772	592.3448059999888	38.01955852886507	630.3643645288539	0.9243616075902039	0.0046976255290477435	0.9290592331192516	1.2165156790101093	0.002902331431512443	1.2194180104416217	2.309030431119157	0.008455725952285938	2.317486157071443	1.6707050570505637	0.0055606776611286084	1.6762657347116923	1.8959798713745573	0.005943042529772029	1.9019229139043292	7.510252341591352	0.005786455012137105	7.516038796603489	0.6633557066840272	0.0026146473874854885	0.6659703540715127	ok	cpu/event=0xc0,cmask=1,inv=1/	/home/seunghyun/ycsb/workloads/working_set_256mb.properties	/home/seunghyun/ycsb/results/numa0_prefix_ycsb_256mib_madracks-mnode5_20260315T080404Z_3814/runs/rocksdb/prefix_x1
8	2026-03-15T08:04:55Z	madracks-mnode5	amd	rocksdb	embedded	per_instance	NO_RETIRED_INST_CYCLES	user	prefix_x7	7	7	0,1,2,3,4,5,6	0,0,0,0,0,0,0	True	256	1792	262144	1835008	1000000	7000000	1	1	1	1	1014	1024	READ							7000000	13.968752857142857	1.0	22159.0	11.0	20.0	34.0	46.0	5055.0	180248829649	276363247075	333826974723	123229.55000000002	367697.72498727124	19751.952363000044	354395.3464120647	96760.0	27270.0	18756865885	2146790983		19.750964942999985	4673.656975408687	1932.4279322738541	6606.084907682541	4655.818888585738	1932.3729507829178	6588.191839368656	0.9556850492505524	0.004193451169108789	0.9598785004196612	1.031385031980157	0.0025587159675918036	1.0339437479477487	1.895344131100222	0.007805937843160502	1.9031500689433825	4.013437157149681	0.025114353464515203	4.038551510614196	1.765694796483881	0.006483316545902903	1.7721781130297838	7.336169334410015	0.005763291400433229	7.341932625810449	0.8403713225734124	0.003062424545752992	0.8434337471191654	ok	cpu/event=0xc0,cmask=1,inv=1/	/home/seunghyun/ycsb/workloads/working_set_256mb.properties	/home/seunghyun/ycsb/results/numa0_prefix_ycsb_256mib_madracks-mnode5_20260315T080404Z_3814/runs/rocksdb/prefix_x7
8	2026-03-15T08:05:30Z	madracks-mnode5	amd	rocksdb	embedded	per_instance	NO_RETIRED_INST_CYCLES	user	prefix_x14	14	14	0,1,2,3,4,5,6,7,8,9,10,11,12,13	0,0,0,0,0,0,0,0,0,0,0,0,0,0	True	256	3584	262144	3670016	1000000	14000000	1	1	1	1	1014	1024	READ							14000000	14.438021357142857	1.0	24063.0	11.0	24.0	36.0	49.0	4075.0	370820708523	568774196494	682365283945	253656.1	649004.300896543	22636.97772100005	618457.1179310906	197910.0	57670.0	38128634996	4414746081		22.635956421000003	8377.362709626572	3453.6795175027682	11831.04222712934	4158.767360055562	1700.0433254376235	5858.810685493185	0.9702184480877969	0.007663113978324088	0.977881562066121	2.45208052869317	0.01590325342862613	2.4679837821217965	2.243137987461526	0.009876842541379709	2.2530148300029054	4201.481946997753	1753.5852088986765	5955.0671558964295	1.8325587485324626	0.0065845616942531385	1.8391433102267156	7.368067911874348	0.006533330460759769	7.374601242335109	2.247338948607982	0.004422064364690888	2.251761012972673	ok	cpu/event=0xc0,cmask=1,inv=1/	/home/seunghyun/ycsb/workloads/working_set_256mb.properties	/home/seunghyun/ycsb/results/numa0_prefix_ycsb_256mib_madracks-mnode5_20260315T080404Z_3814/runs/rocksdb/prefix_x14
8	2026-03-15T08:06:14Z	madracks-mnode5	amd	rocksdb	embedded	per_instance	NO_RETIRED_INST_CYCLES	user	prefix_x21	21	21	0,1,2,3,4,5,6,7,8,9,10,11,12,13,14,15,16,17,18,19,20	0,0,0,0,0,0,0,0,0,0,0,0,0,0,0,0,0,0,0,0,0	True	256	5376	262144	5505024	1000000	21000000	1	1	1	1	1014	1024	READ							21000000	15.61497038095238	1.0	28127.0	11.0	31.0	39.0	64.0	4159.0	595200018070	911805016117	1084116590613	406702.20000000007	856131.2032854981	25824.160311000014	813191.9778648089	315520.0	95180.0	59767121007	7050844708		25.82325733099998	7841.565463734587	3212.3036318491677	11053.869095583756	3913.6274332658413	1621.8168315084238	5535.444264774265	0.8419626439410222	0.004140980062249146	0.8461036240032713	3.4207757045048894	0.027173999871962572	3.447949704376852	1.8832182258836165	0.008099964996191679	1.8913181908798082	3918.051497295879	1590.434227384394	5508.485724680273	1.8864917746200407	0.00645964526833728	1.892951419888378	1.093554363813249	0.0039944385303659	1.0975488023436148	0.7605304601027403	0.002703927620555378	0.7632343877232957	ok	cpu/event=0xc0,cmask=1,inv=1/	/home/seunghyun/ycsb/workloads/working_set_256mb.properties	/home/seunghyun/ycsb/results/numa0_prefix_ycsb_256mib_madracks-mnode5_20260315T080404Z_3814/runs/rocksdb/prefix_x21
8	2026-03-15T08:07:04Z	madracks-mnode5	amd	rocksdb	embedded	per_instance	NO_RETIRED_INST_CYCLES	user	prefix_x28	28	28	0,1,2,3,4,5,6,7,8,9,10,11,12,13,14,15,16,17,18,19,20,21,22,23,24,25,26,27	0,0,0,0,0,0,0,0,0,0,0,0,0,0,0,0,0,0,0,0,0,0,0,0,0,0,0,0	True	256	7168	262144	7340032	1000000	28000000	1	1	1	1	1014	1024	READ							28000000	16.219681464285713	1.0	21999.0	11.0	32.0	40.0	73.0	4071.0	817789021966	1255725367783	1490167496903	560391.0100000001	1024427.3574220035	29191.38018999996	959187.2606829297	434170.0	130220.0	81241665229	9713941292		29.190519199999983	10609.753409312665	4302.839099923921	14912.592509236587	3506.277069789864	1414.687713813269	4920.964783603133	0.7521482154325003	0.0039539372245475535	0.7561021526570478	3558.1113687452917	1470.9974002944537	5029.108769039745	2.117453611873407	0.008675243545556741	2.1261288554189637	3537.040499591457	1417.1134239821315	4954.153923573588	2.214101345010186	0.007675781888584912	2.221777126898771	2.328973571456937	0.01739230557048469	2.3463658770274214	0.9117944422800174	0.00286456583692763	0.914659008116945	ok	cpu/event=0xc0,cmask=1,inv=1/	/home/seunghyun/ycsb/workloads/working_set_256mb.properties	/home/seunghyun/ycsb/results/numa0_prefix_ycsb_256mib_madracks-mnode5_20260315T080404Z_3814/runs/rocksdb/prefix_x28
8	2026-03-15T08:08:02Z	madracks-mnode5	amd	rocksdb	embedded	per_instance	NO_RETIRED_INST_CYCLES	user	prefix_x35	35	35	0,1,2,3,4,5,6,7,8,9,10,11,12,13,14,15,16,17,18,19,20,21,22,23,24,25,26,27,28,29,30,31,32,33,34	0,0,0,0,0,0,0,0,0,0,0,0,0,0,0,0,0,0,0,0,0,0,0,0,0,0,0,0,0,0,0,0,0,0,0	True	256	8960	262144	9175040	1000000	35000000	1	1	1	1	1014	1024	READ							35000000	16.708286571428573	1.0	24175.0	11.0	33.0	40.0	76.0	4111.0	1039339034008	1601008449824	1906243445150	715325.62	1175124.5093723761	32324.21375299998	1082779.6235802234	554070.0	166420.0	103157668669	12454048342		32.323381023000024	12937.439680870151	5116.068826808027	18053.508507678176	3213.441885414471	1241.9388614185416	4455.380746833012	0.8147303293689693	0.003244041777773401	0.8179743711467427	3214.1156028370287	1264.9378354900289	4479.053438327058	2.105055499544178	0.009114662200996626	2.1141701617451747	3329.4416222600366	1372.7523762547246	4702.193998514761	2.5476226717037154	0.01733239783363332	2.5649550695373486	3174.0407236064625	1236.4067524118161	4410.447476018278	0.9324382515343776	0.00331013110386308	0.9357483826382408	ok	cpu/event=0xc0,cmask=1,inv=1/	/home/seunghyun/ycsb/workloads/working_set_256mb.properties	/home/seunghyun/ycsb/results/numa0_prefix_ycsb_256mib_madracks-mnode5_20260315T080404Z_3814/runs/rocksdb/prefix_x35
8	2026-03-15T08:09:07Z	madracks-mnode5	amd	rocksdb	embedded	per_instance	NO_RETIRED_INST_CYCLES	user	prefix_x42	42	42	0,1,2,3,4,5,6,7,8,9,10,11,12,13,14,15,16,17,18,19,20,21,22,23,24,25,26,27,28,29,30,31,32,33,34,35,36,37,38,39,40,41	0,0,0,0,0,0,0,0,0,0,0,0,0,0,0,0,0,0,0,0,0,0,0,0,0,0,0,0,0,0,0,0,0,0,0,0,0,0,0,0,0,0	True	256	10752	262144	11010048	1000000	42000000	1	1	1	1	1014	1024	READ							42000000	17.957214142857143	1.0	26031.0	12.0	34.0	42.0	87.0	4195.0	1339812324327	2056517846200	2414795333380	919025.9000000001	1232394.3880735543	35701.24880200001	1176429.436206364	704520.0	222190.0	128238563283	15783929642		35.700411503000055	12499.964232760276	5045.547320524555	17545.511553284832	3087.2050375417443	1218.121201711265	4305.32623925301	0.8610670494782288	0.0042689923936434955	0.8653360418718723	3151.3577156660335	1300.081326810249	4451.439042476282	2.6922083390709335	0.017438415064142433	2.709646754135076	3168.134558294207	1299.5243865743137	4467.658944868521	3.0076171233009314	0.017320449315179117	3.0249375726161105	3085.928031809664	1227.7785070720631	4313.706538881727	0.7779969367770898	0.0028704998914407007	0.7808674366685305	ok	cpu/event=0xc0,cmask=1,inv=1/	/home/seunghyun/ycsb/workloads/working_set_256mb.properties	/home/seunghyun/ycsb/results/numa0_prefix_ycsb_256mib_madracks-mnode5_20260315T080404Z_3814/runs/rocksdb/prefix_x42
8	2026-03-15T08:10:19Z	madracks-mnode5	amd	rocksdb	embedded	per_instance	NO_RETIRED_INST_CYCLES	user	prefix_x49	49	49	0,1,2,3,4,5,6,7,8,9,10,11,12,13,14,15,16,17,18,19,20,21,22,23,24,25,26,27,28,29,30,31,32,33,34,35,36,37,38,39,40,41,42,43,44,45,46,47,48	0,0,0,0,0,0,0,0,0,0,0,0,0,0,0,0,0,0,0,0,0,0,0,0,0,0,0,0,0,0,0,0,0,0,0,0,0,0,0,0,0,0,0,0,0,0,0,0,0	True	256	12544	262144	12845056	1000000	49000000	1	1	1	1	1014	1024	READ							49000000	19.146535081632653	1.0	20799.0	12.0	34.0	42.0	98.0	4239.0	1659450643465	2543949114553	2959292364023	1136720.72	1327032.5454138105	38668.765615999975	1267172.593161993	864630.0	285750.0	155381474474	19394631752		38.66794930599997	15153.281845685993	6156.172031541665	21309.453877227657	3041.6525090614423	1265.9095367610203	4307.562045822462	2.4733800256747887	0.019795254423085714	2.493175280097874	3086.009954622505	1255.0110929915695	4341.021047614075	3091.133497928978	1270.7604868970338	4361.8939848260125	2854.7235964976157	1108.2995063761555	3963.023102873771	2.48991974128537	0.008924517064677985	2.498844258350048	3071.9434059477853	1256.1352554040054	4328.07866135179	2.855581860705834	0.027433340393368127	2.883015201099202	ok	cpu/event=0xc0,cmask=1,inv=1/	/home/seunghyun/ycsb/workloads/working_set_256mb.properties	/home/seunghyun/ycsb/results/numa0_prefix_ycsb_256mib_madracks-mnode5_20260315T080404Z_3814/runs/rocksdb/prefix_x49
8	2026-03-15T08:11:37Z	madracks-mnode5	amd	rocksdb	embedded	per_instance	NO_RETIRED_INST_CYCLES	user	prefix_x56	56	56	0,1,2,3,4,5,6,7,8,9,10,11,12,13,14,15,16,17,18,19,20,21,22,23,24,25,26,27,28,29,30,31,32,33,34,35,36,37,38,39,40,41,42,43,44,45,46,47,48,49,50,51,52,53,54,55	0,0,0,0,0,0,0,0,0,0,0,0,0,0,0,0,0,0,0,0,0,0,0,0,0,0,0,0,0,0,0,0,0,0,0,0,0,0,0,0,0,0,0,0,0,0,0,0,0,0,0,0,0,0,0,0	True	256	14336	262144	14680064	1000000	56000000	1	1	1	1	1014	1024	READ							56000000	20.070042232142857	1.0	161151.0	12.0	34.0	42.0	105.0	4095.0	1962732861049	3018689278301	3515762681204	1348806.9200000002	1442610.5433365025	41281.03881000004	1356555.009619438	1029430.0	334610.0	182415674115	23063685750		41.28021916	17654.546280813254	7091.440605400948	24745.986886214203	2883.9051508518774	1183.6944279748693	4067.5995788267464	7.3551356733840585	0.06139855722697912	7.416534230611037	2898.9268403058268	1127.1086210375315	4026.0354613433583	3021.261078450336	1234.371173063029	4255.632251513365	2805.1056376291112	1068.9548236422163	3874.0604612713278	2.686501072038973	0.010825994220872251	2.697327066259845	3003.592313646267	1231.7061835165184	4235.298497162786	3031.713623184411	1245.5331516153356	4277.246774799747	ok	cpu/event=0xc0,cmask=1,inv=1/	/home/seunghyun/ycsb/workloads/working_set_256mb.properties	/home/seunghyun/ycsb/results/numa0_prefix_ycsb_256mib_madracks-mnode5_20260315T080404Z_3814/runs/rocksdb/prefix_x56
8	2026-03-15T08:13:05Z	madracks-mnode5	amd	rocksdb	embedded	per_instance	NO_RETIRED_INST_CYCLES	user	prefix_x63	63	63	0,1,2,3,4,5,6,7,8,9,10,11,12,13,14,15,16,17,18,19,20,21,22,23,24,25,26,27,28,29,30,31,32,33,34,35,36,37,38,39,40,41,42,43,44,45,46,47,48,49,50,51,52,53,54,55,56,57,58,59,60,61,62	0,0,0,0,0,0,0,0,0,0,0,0,0,0,0,0,0,0,0,0,0,0,0,0,0,0,0,0,0,0,0,0,0,0,0,0,0,0,0,0,0,0,0,0,0,0,0,0,0,0,0,0,0,0,0,0,0,0,0,0,0,0,0	True	256	16128	262144	16515072	1000000	63000000	1	1	1	1	1014	1024	READ							63000000	20.940756523809522	1.0	276735.0	14.0	35.0	42.0	109.0	4093.0	2309226311865	3540872237630	4085988959639	1581656.1800000004	1467007.3485186456	45393.66677499993	1387858.8022480828	1194920.0	410680.0	210183500670	26789887053		45.392962884999974	16542.100469836663	6631.27408063785	23173.374550474513	2534.749640548854	920.594498484795	3455.3441390336493	7.083128077284466	0.06115084133472623	7.144278918619192	2823.005890762868	1153.4946733088696	3976.5005640717377	2834.3188663287383	1159.803751592065	3994.1226179208033	2737.324676968382	1110.7900325421745	3848.114709510556	3.500211015813026	0.024124725592639635	3.524335741405666	2819.505583608504	1160.5931902772702	3980.098773885774	2782.61247252622	1125.912658865748	3908.525131391968	ok	cpu/event=0xc0,cmask=1,inv=1/	/home/seunghyun/ycsb/workloads/working_set_256mb.properties	/home/seunghyun/ycsb/results/numa0_prefix_ycsb_256mib_madracks-mnode5_20260315T080404Z_3814/runs/rocksdb/prefix_x63
8	2026-03-15T08:14:39Z	madracks-mnode5	amd	rocksdb	embedded	per_instance	NO_RETIRED_INST_CYCLES	user	prefix_x70	70	70	0,1,2,3,4,5,6,7,8,9,10,11,12,13,14,15,16,17,18,19,20,21,22,23,24,25,26,27,28,29,30,31,32,33,34,35,36,37,38,39,40,41,42,43,44,45,46,47,48,49,50,51,52,53,54,55,56,57,58,59,60,61,62,63,64,65,66,67,68,69	0,0,0,0,0,0,0,0,0,0,0,0,0,0,0,0,0,0,0,0,0,0,0,0,0,0,0,0,0,0,0,0,0,0,0,0,0,0,0,0,0,0,0,0,0,0,0,0,0,0,0,0,0,0,0,0,0,0,0,0,0,0,0,0,0,0,0,0,0,0	True	256	17920	262144	18350080	1000000	70000000	1	1	1	1	1014	1024	READ							70000000	21.829871942857142	1.0	310015.0	20.0	35.0	42.0	117.0	4147.0	2630799525604	4050314606566	4688674927934	1810074.27	1523538.6306850715	48476.13007099994	1444009.657897101	1371730.0	465210.0	238991779962	30784622569		48.475013761000014	18772.956690844403	7550.935775735528	26323.89246657993	2517.4406204637858	955.2974708320801	3472.738091295866	2747.365248072076	1124.016830441394	3871.3820785134703	2758.79461452921	1132.4926917315322	3891.2873062607423	2748.8157766358536	1133.286085582262	3882.1018622181155	2534.7211767013982	976.6865695157719	3511.40774621717	4.245963738134266	0.0418791079057833	4.28784284604005	2724.406943836072	1108.957919894299	3833.3648637303713	2737.1663468678757	1120.156328630283	3857.322675498159	ok	cpu/event=0xc0,cmask=1,inv=1/	/home/seunghyun/ycsb/workloads/working_set_256mb.properties	/home/seunghyun/ycsb/results/numa0_prefix_ycsb_256mib_madracks-mnode5_20260315T080404Z_3814/runs/rocksdb/prefix_x70
8	2026-03-15T08:16:21Z	madracks-mnode5	amd	rocksdb	embedded	per_instance	NO_RETIRED_INST_CYCLES	user	prefix_x77	77	77	0,1,2,3,4,5,6,7,8,9,10,11,12,13,14,15,16,17,18,19,20,21,22,23,24,25,26,27,28,29,30,31,32,33,34,35,36,37,38,39,40,41,42,43,44,45,46,47,48,49,50,51,52,53,54,55,56,57,58,59,60,61,62,63,64,65,66,67,68,69,70,71,72,73,74,75,76	0,0,0,0,0,0,0,0,0,0,0,0,0,0,0,0,0,0,0,0,0,0,0,0,0,0,0,0,0,0,0,0,0,0,0,0,0,0,0,0,0,0,0,0,0,0,0,0,0,0,0,0,0,0,0,0,0,0,0,0,0,0,0,0,0,0,0,0,0,0,0,0,0,0,0,0,0	True	256	19712	262144	20185088	1000000	77000000	1	1	1	1	1014	1024	READ							77000000	22.933576311688313	1.0	463615.0	21.0	36.0	43.0	122.0	4103.0	3025729908795	4656846391384	5367154863362	2080888.0700000005	1579024.4325324974	51739.19188600007	1488233.5265239263	1571060.0	538490.0	270297440563	35214397774		51.738371796000024	20943.37751377976	8418.303853339172	29361.68136711893	2438.7636715273206	869.4777051775426	3308.2413767048633	2663.787768681291	1088.8746480373393	3752.66241671863	2649.294557800723	1079.2900845449296	3728.5846423456524	2623.8003834905494	1074.3760843207262	3698.176467811276	2631.1663854871686	1062.7652113790452	3693.931596866214	2635.9469765214812	1078.0434417662889	3713.99041828777	2648.3781074415774	1086.0504917397411	3734.4285991813185	2652.239662829649	1079.4261863735587	3731.665849203208	ok	cpu/event=0xc0,cmask=1,inv=1/	/home/seunghyun/ycsb/workloads/working_set_256mb.properties	/home/seunghyun/ycsb/results/numa0_prefix_ycsb_256mib_madracks-mnode5_20260315T080404Z_3814/runs/rocksdb/prefix_x77
8	2026-03-15T08:18:11Z	madracks-mnode5	amd	rocksdb	embedded	per_instance	NO_RETIRED_INST_CYCLES	user	prefix_x84	84	84	0,1,2,3,4,5,6,7,8,9,10,11,12,13,14,15,16,17,18,19,20,21,22,23,24,25,26,27,28,29,30,31,32,33,34,35,36,37,38,39,40,41,42,43,44,45,46,47,48,49,50,51,52,53,54,55,56,57,58,59,60,61,62,63,64,65,66,67,68,69,70,71,72,73,74,75,76,77,78,79,80,81,82,83	0,0,0,0,0,0,0,0,0,0,0,0,0,0,0,0,0,0,0,0,0,0,0,0,0,0,0,0,0,0,0,0,0,0,0,0,0,0,0,0,0,0,0,0,0,0,0,0,0,0,0,0,0,0,0,0,0,0,0,0,0,0,0,0,0,0,0,0,0,0,0,0,0,0,0,0,0,0,0,0,0,0,0,0	True	256	21504	262144	22020096	1000000	84000000	1	1	1	1	1014	1024	READ							84000000	24.078754416666666	1.0	24191.0	21.0	38.0	43.0	137.0	4099.0	3442307716585	5310582420464	6116937184329	2372953.9900000007	1613828.610145612	55210.22651900012	1521457.26065971	1797210.0	609600.0	304816438715	40194299034		55.2094790000001	20330.26240000996	8009.314329683526	28339.576729693486	2424.431649605847	837.1350226316816	3261.5666722375286	2589.328005328163	1040.4459543068917	3629.773959635055	2596.7423432870455	1051.6107008771064	3648.353044164152	2553.8275395614364	1032.9083796659927	3586.735919227429	2640.1456456829656	1072.8055971319236	3712.951242814889	2478.87493516752	997.9616520397457	3476.836587207266	2506.1675990091894	949.4221750887237	3455.589774097913	2540.744682367798	1027.0248479414602	3567.769530309258	ok	cpu/event=0xc0,cmask=1,inv=1/	/home/seunghyun/ycsb/workloads/working_set_256mb.properties	/home/seunghyun/ycsb/results/numa0_prefix_ycsb_256mib_madracks-mnode5_20260315T080404Z_3814/runs/rocksdb/prefix_x84
12	2026-03-15T08:40:04Z	madracks-mnode5	amd	rocksdb	embedded	per_instance	NO_RETIRED_INST_CYCLES	user	prefix_x1	1	1	0	0	True	256	256	262144	262144	1000000	1000000	1	1	1	1	1014	1024	READ							1000000	12.908255	2.0	16127.0	10.0	14.0	31.0	44.0	6155.0	23473271938	37084197887	47463960351	16503.06	61016.53548111538	16912.666924999998	59127.28042446211	13090.0	3520.0	2685333042	306561475		16.911750206000022	609.2253690624417	42.63912517055053	651.8644942329922	593.3405491633243	42.5929547420381	635.9335039053624	1.1362064981126767	0.004413853988173665	1.1406203521008504	0.9265809150202114	0.0031254272720837237	0.9297063422922952	1.2562882289561013	0.004810848214419866	1.261099077170521	1.4234029484944395	0.004377763603969465	1.427780712098409	2.0033429413101502	0.014302619260124477	2.0176455605702746	1.2420830537333283	0.005810551856876207	1.2478936055902046	7.896915313490489	0.00932936431678571	7.906244677807274	ok	cpu/event=0xc0,cmask=1,inv=1/	/home/seunghyun/ycsb/workloads/working_set_256mb.properties	/home/seunghyun/ycsb/results/numa0_prefix_ycsb_256mib_madracks-mnode5_20260315T083941Z_4384/runs/rocksdb/prefix_x1
12	2026-03-15T08:40:32Z	madracks-mnode5	amd	rocksdb	embedded	per_instance	NO_RETIRED_INST_CYCLES	user	prefix_x7	7	7	0,1,2,3,4,5,6	0,0,0,0,0,0,0	True	256	1792	262144	1835008	1000000	7000000	1	1	1	1	1014	1024	READ							7000000	14.005685428571429	1.0	20191.0	11.0	21.0	34.0	46.0	4203.0	180901223209	277611729830	335347804121	123689.54	363772.46403021895	19946.13789700003	350945.13214274053	96970.0	27530.0	18979591395	2160324292		19.945177828999988	4634.734411134527	1909.1327219363652	6543.867133070893	4615.9364131394095	1909.045281324422	6524.981694463831	1.106987926315665	0.0051594061642246825	1.1121473324798896	1.3584997963836036	0.005226729376332003	1.3637265257599356	1.0511433218726425	0.004642241489400263	1.0557855633620428	4.207030584732487	0.03133283494394811	4.238363419676435	2.4340783841051987	0.02691704425890884	2.4609954283641073	1.5942580348184292	0.0073994330397955405	1.6016574678582247	7.045999946889128	0.00676292267078087	7.052762869559909	ok	cpu/event=0xc0,cmask=1,inv=1/	/home/seunghyun/ycsb/workloads/working_set_256mb.properties	/home/seunghyun/ycsb/results/numa0_prefix_ycsb_256mib_madracks-mnode5_20260315T083941Z_4384/runs/rocksdb/prefix_x7
12	2026-03-15T08:41:08Z	madracks-mnode5	amd	rocksdb	embedded	per_instance	NO_RETIRED_INST_CYCLES	user	prefix_x14	14	14	0,1,2,3,4,5,6,7,8,9,10,11,12,13	0,0,0,0,0,0,0,0,0,0,0,0,0,0	True	256	3584	262144	3670016	1000000	14000000	1	1	1	1	1014	1024	READ							14000000	14.789392428571428	1.0	20447.0	11.0	29.0	36.0	49.0	4081.0	377118084653	579377706159	697199855950	258330.00999999998	640406.5569940214	22834.65490000003	613103.2004341779	202180.0	57950.0	38779739038	4513159557		22.83376312499996	8456.927616661156	3463.087630319633	11920.015246980789	4216.6663893352725	1712.6527331324646	5929.3191224677375	1.3051565604426647	0.0062628910666581265	1.311419451509323	1.27600591659826	0.005217739377770663	1.2812236559760306	0.8326290475766424	0.004012206355550084	0.8366412539321925	4224.83819783775	1750.3748263587686	5975.213024196519	2.8665316564627576	0.02849976293329447	2.895031419396052	1.5756490346867402	0.006856301999990651	1.5825053366867308	7.5670572723674585	0.009221926666654091	7.576279199034112	ok	cpu/event=0xc0,cmask=1,inv=1/	/home/seunghyun/ycsb/workloads/working_set_256mb.properties	/home/seunghyun/ycsb/results/numa0_prefix_ycsb_256mib_madracks-mnode5_20260315T083941Z_4384/runs/rocksdb/prefix_x14
12	2026-03-15T08:41:49Z	madracks-mnode5	amd	rocksdb	embedded	per_instance	NO_RETIRED_INST_CYCLES	user	prefix_x21	21	21	0,1,2,3,4,5,6,7,8,9,10,11,12,13,14,15,16,17,18,19,20	0,0,0,0,0,0,0,0,0,0,0,0,0,0,0,0,0,0,0,0,0	True	256	5376	262144	5505024	1000000	21000000	1	1	1	1	1014	1024	READ							21000000	15.282041333333334	1.0	25039.0	11.0	31.0	39.0	53.0	4107.0	581037155614	892862110355	1068035349694	398231.86000000004	894046.4684857948	24943.70453900001	841895.7964790697	312120.0	89470.0	59165822873	6944008126		24.94278827200003	7929.145757802591	3176.1909855952217	11105.336743397813	3932.533270014296	1553.8388541296613	5486.372124143957	2.951307198042601	0.030839618483321625	2.9821468165259226	2.930856344160639	0.02440154530791742	2.9552578894685566	0.8625146095338411	0.004235767642198662	0.8667503771760398	3979.4988033863406	1622.2638385897283	5601.762641976069	1.7222506435866212	0.014814175220029289	1.7370648188066504	1.7756785758221876	0.007654235230963266	1.7833328110531508	6.871077030809265	0.006347533947927977	6.877424564757193	ok	cpu/event=0xc0,cmask=1,inv=1/	/home/seunghyun/ycsb/workloads/working_set_256mb.properties	/home/seunghyun/ycsb/results/numa0_prefix_ycsb_256mib_madracks-mnode5_20260315T083941Z_4384/runs/rocksdb/prefix_x21
12	2026-03-15T08:42:39Z	madracks-mnode5	amd	rocksdb	embedded	per_instance	NO_RETIRED_INST_CYCLES	user	prefix_x28	28	28	0,1,2,3,4,5,6,7,8,9,10,11,12,13,14,15,16,17,18,19,20,21,22,23,24,25,26,27	0,0,0,0,0,0,0,0,0,0,0,0,0,0,0,0,0,0,0,0,0,0,0,0,0,0,0,0	True	256	7168	262144	7340032	1000000	28000000	1	1	1	1	1014	1024	READ							28000000	16.21593475	1.0	28847.0	11.0	32.0	40.0	71.0	4069.0	815976345106	1254050770090	1491733884610	559689.5299999999	1037603.8329422822	28480.147637999948	983140.9708930263	434540.0	131930.0	81132548856	9743636711		28.479227140000035	10923.472706421526	4370.65431740027	15294.127023821795	3579.6524861935613	1382.3850878255528	4962.037574019114	0.9948175342754172	0.004963527316949509	0.9997810615923667	3662.9282725673197	1491.572219527741	5154.5004920950605	0.9944499846489677	0.004339871682565956	0.9987898563315337	3665.786232376838	1496.615589767917	5162.401822144755	2.9030216080357447	0.035796976155011935	2.9388185841907566	3.498878489039266	0.028979627106991042	3.5278581161462568	6.714547667806827	0.007340276796438716	6.7218879446032656	ok	cpu/event=0xc0,cmask=1,inv=1/	/home/seunghyun/ycsb/workloads/working_set_256mb.properties	/home/seunghyun/ycsb/results/numa0_prefix_ycsb_256mib_madracks-mnode5_20260315T083941Z_4384/runs/rocksdb/prefix_x28
12	2026-03-15T08:43:37Z	madracks-mnode5	amd	rocksdb	embedded	per_instance	NO_RETIRED_INST_CYCLES	user	prefix_x35	35	35	0,1,2,3,4,5,6,7,8,9,10,11,12,13,14,15,16,17,18,19,20,21,22,23,24,25,26,27,28,29,30,31,32,33,34	0,0,0,0,0,0,0,0,0,0,0,0,0,0,0,0,0,0,0,0,0,0,0,0,0,0,0,0,0,0,0,0,0,0,0	True	256	8960	262144	9175040	1000000	35000000	1	1	1	1	1014	1024	READ							35000000	17.218079028571427	1.0	25103.0	11.0	33.0	41.0	79.0	4119.0	1068926367104	1645161541355	1951870935881	734974.8	1132711.8106313366	32430.138296999983	1079243.0078300883	570910.0	175020.0	104700605707	12772999167		32.429322008999975	13420.547321960188	5331.521000659263	18752.068322619452	3281.1961142147265	1272.946834471398	4554.142948686124	1.0248088502111954	0.004432340365575915	1.0292411905767713	3395.8234026535997	1375.4832263214184	4771.306628975019	0.8406493427416105	0.003822540671968018	0.8444718834135785	3389.3953638669914	1366.7454347431783	4756.140798610169	2.9843502900279466	0.03062737782123858	3.0149776678491853	3342.612800848373	1316.299275154521	4658.912076002894	6.66983189351522	0.007347709888411198	6.677179603403632	ok	cpu/event=0xc0,cmask=1,inv=1/	/home/seunghyun/ycsb/workloads/working_set_256mb.properties	/home/seunghyun/ycsb/results/numa0_prefix_ycsb_256mib_madracks-mnode5_20260315T083941Z_4384/runs/rocksdb/prefix_x35
12	2026-03-15T08:44:42Z	madracks-mnode5	amd	rocksdb	embedded	per_instance	NO_RETIRED_INST_CYCLES	user	prefix_x42	42	42	0,1,2,3,4,5,6,7,8,9,10,11,12,13,14,15,16,17,18,19,20,21,22,23,24,25,26,27,28,29,30,31,32,33,34,35,36,37,38,39,40,41	0,0,0,0,0,0,0,0,0,0,0,0,0,0,0,0,0,0,0,0,0,0,0,0,0,0,0,0,0,0,0,0,0,0,0,0,0,0,0,0,0,0	True	256	10752	262144	11010048	1000000	42000000	1	1	1	1	1014	1024	READ							42000000	17.989358619047618	1.0	21183.0	12.0	34.0	41.0	88.0	4307.0	1328083807861	2047338333851	2421067195147	914798.8299999998	1260813.4319624014	35521.36076600004	1182387.1353543727	708220.0	216880.0	129023815087	15909986814		35.52031736899994	12622.298879713306	4909.569452216876	17531.86833193018	3009.6081694501727	1137.9434155159367	4147.55158496611	1.4445648340960235	0.006285602666302584	1.450850436762326	3229.01700482466	1293.6952953119262	4522.712300136586	2.200684344557056	0.02430730872540086	2.2249916532824567	3168.6070132222953	1203.6534992839993	4372.260512506295	3.0623927009015297	0.03255694743532943	3.094949648336859	3201.129498096915	1274.2010055458295	4475.330503642745	7.229552239709179	0.013086700357178916	7.2426389400663576	ok	cpu/event=0xc0,cmask=1,inv=1/	/home/seunghyun/ycsb/workloads/working_set_256mb.properties	/home/seunghyun/ycsb/results/numa0_prefix_ycsb_256mib_madracks-mnode5_20260315T083941Z_4384/runs/rocksdb/prefix_x42
12	2026-03-15T08:45:55Z	madracks-mnode5	amd	rocksdb	embedded	per_instance	NO_RETIRED_INST_CYCLES	user	prefix_x49	49	49	0,1,2,3,4,5,6,7,8,9,10,11,12,13,14,15,16,17,18,19,20,21,22,23,24,25,26,27,28,29,30,31,32,33,34,35,36,37,38,39,40,41,42,43,44,45,46,47,48	0,0,0,0,0,0,0,0,0,0,0,0,0,0,0,0,0,0,0,0,0,0,0,0,0,0,0,0,0,0,0,0,0,0,0,0,0,0,0,0,0,0,0,0,0,0,0,0,0	True	256	12544	262144	12845056	1000000	49000000	1	1	1	1	1014	1024	READ							49000000	18.701304	1.0	24111.0	12.0	34.0	42.0	94.0	4139.0	1609043711755	2476215066782	2905716355652	1106480.06	1323898.612029287	38725.35732799997	1265320.7970419698	849830.0	266760.0	153034201206	19098975283		38.72450669099999	15023.364822792515	5970.212265997453	20993.577088789967	2991.4151719893825	1164.7583575426522	4156.173529532035	1.1904166394417721	0.004988475930053522	1.1954051153718257	3052.489456345671	1227.7142382787983	4280.20369462447	2971.614396354637	1195.3540532376373	4166.968449592274	2973.4679398470253	1170.5204318194712	4143.988371666496	3.071440093232982	0.03234077017654604	3.1037808634095283	3022.038423300382	1211.7894312109556	4233.827854511337	8.07757822274059	0.038424661832156336	8.116002884572746	ok	cpu/event=0xc0,cmask=1,inv=1/	/home/seunghyun/ycsb/workloads/working_set_256mb.properties	/home/seunghyun/ycsb/results/numa0_prefix_ycsb_256mib_madracks-mnode5_20260315T083941Z_4384/runs/rocksdb/prefix_x49
12	2026-03-15T08:47:15Z	madracks-mnode5	amd	rocksdb	embedded	per_instance	NO_RETIRED_INST_CYCLES	user	prefix_x56	56	56	0,1,2,3,4,5,6,7,8,9,10,11,12,13,14,15,16,17,18,19,20,21,22,23,24,25,26,27,28,29,30,31,32,33,34,35,36,37,38,39,40,41,42,43,44,45,46,47,48,49,50,51,52,53,54,55	0,0,0,0,0,0,0,0,0,0,0,0,0,0,0,0,0,0,0,0,0,0,0,0,0,0,0,0,0,0,0,0,0,0,0,0,0,0,0,0,0,0,0,0,0,0,0,0,0,0,0,0,0,0,0,0	True	256	14336	262144	14680064	1000000	56000000	1	1	1	1	1014	1024	READ							56000000	19.265084	1.0	40063.0	12.0	34.0	42.0	100.0	4143.0	1884750706274	2904320908399	3408507383069	1297915.06	1441014.1460027562	41591.954052999994	1346414.2590809762	999690.0	308020.0	178063793208	22382518356		41.59098087699999	17051.49489058782	6619.999279218596	23671.494169806414	2714.7485065709398	967.1208906729668	3681.8693972439064	2.122224807296245	0.010014284286339797	2.132239091582585	2827.5068998294123	1080.3917250135364	3907.8986248429487	2823.0566393561244	1110.6258824006284	3933.682521756753	2904.5748131378755	1162.743246766185	4067.3180599040606	2.90531571682033	0.03266675970309553	2.9379824765234255	2891.52007019217	1150.7189588516987	4042.239029043869	2885.0604209771827	1148.3558944695915	4033.416315446774	ok	cpu/event=0xc0,cmask=1,inv=1/	/home/seunghyun/ycsb/workloads/working_set_256mb.properties	/home/seunghyun/ycsb/results/numa0_prefix_ycsb_256mib_madracks-mnode5_20260315T083941Z_4384/runs/rocksdb/prefix_x56
12	2026-03-15T08:48:42Z	madracks-mnode5	amd	rocksdb	embedded	per_instance	NO_RETIRED_INST_CYCLES	user	prefix_x63	63	63	0,1,2,3,4,5,6,7,8,9,10,11,12,13,14,15,16,17,18,19,20,21,22,23,24,25,26,27,28,29,30,31,32,33,34,35,36,37,38,39,40,41,42,43,44,45,46,47,48,49,50,51,52,53,54,55,56,57,58,59,60,61,62	0,0,0,0,0,0,0,0,0,0,0,0,0,0,0,0,0,0,0,0,0,0,0,0,0,0,0,0,0,0,0,0,0,0,0,0,0,0,0,0,0,0,0,0,0,0,0,0,0,0,0,0,0,0,0,0,0,0,0,0,0,0,0	True	256	16128	262144	16515072	1000000	63000000	1	1	1	1	1014	1024	READ							63000000	20.52160407936508	1.0	141695.0	13.0	35.0	42.0	112.0	4135.0	2251398743029	3464985167257	4029983292401	1548149.3600000003	1506290.3406281115	44444.67695699996	1417492.5843414776	1181150.0	389640.0	207783991308	26510896325		44.44389229900003	16802.93618283402	6501.1986970711905	23304.13487990521	2675.4831866819886	959.428045792453	3634.9112324744415	7.863833961642039	0.02987631720655181	7.893710278848591	2777.184769438626	1078.8102620950722	3855.9950315336982	2894.9541892157768	1152.3249499547226	4047.2791391704995	2769.6618612669636	1059.7053164971737	3829.3671777641375	3.7618396420738165	0.04107701787934595	3.8029166599531625	2841.677351958588	1127.673739012408	3969.351090970996	2832.349150668359	1123.1854303842745	3955.5345810526333	ok	cpu/event=0xc0,cmask=1,inv=1/	/home/seunghyun/ycsb/workloads/working_set_256mb.properties	/home/seunghyun/ycsb/results/numa0_prefix_ycsb_256mib_madracks-mnode5_20260315T083941Z_4384/runs/rocksdb/prefix_x63
12	2026-03-15T08:50:14Z	madracks-mnode5	amd	rocksdb	embedded	per_instance	NO_RETIRED_INST_CYCLES	user	prefix_x70	70	70	0,1,2,3,4,5,6,7,8,9,10,11,12,13,14,15,16,17,18,19,20,21,22,23,24,25,26,27,28,29,30,31,32,33,34,35,36,37,38,39,40,41,42,43,44,45,46,47,48,49,50,51,52,53,54,55,56,57,58,59,60,61,62,63,64,65,66,67,68,69	0,0,0,0,0,0,0,0,0,0,0,0,0,0,0,0,0,0,0,0,0,0,0,0,0,0,0,0,0,0,0,0,0,0,0,0,0,0,0,0,0,0,0,0,0,0,0,0,0,0,0,0,0,0,0,0,0,0,0,0,0,0,0,0,0,0,0,0,0,0	True	256	17920	262144	18350080	1000000	70000000	1	1	1	1	1014	1024	READ							70000000	21.945919414285715	1.0	229119.0	20.0	35.0	42.0	117.0	4099.0	2645966117992	4076777612941	4718136342756	1821702.7400000005	1562324.5756136244	47218.30964500009	1482475.7710786085	1384810.0	461740.0	239496396756	31041797816		47.21742970699995	19700.153496011644	7761.003726000295	27461.157222011938	2672.385993211258	1012.562114054422	3684.94810726568	2880.3953065424153	1144.3652997091035	4024.7606062515188	2747.0075001920945	1085.4340613661705	3832.4415615582648	2858.6646334692005	1136.4818350481423	3995.146468517343	2874.799793378077	1142.403703714344	4017.203497092421	4.209394849598438	0.05501218926582989	4.2644070388642685	2802.6016988497813	1102.1307003060788	3904.73239915586	2860.089175519217	1137.570999612767	3997.660175131984	ok	cpu/event=0xc0,cmask=1,inv=1/	/home/seunghyun/ycsb/workloads/working_set_256mb.properties	/home/seunghyun/ycsb/results/numa0_prefix_ycsb_256mib_madracks-mnode5_20260315T083941Z_4384/runs/rocksdb/prefix_x70
12	2026-03-15T08:51:57Z	madracks-mnode5	amd	rocksdb	embedded	per_instance	NO_RETIRED_INST_CYCLES	user	prefix_x77	77	77	0,1,2,3,4,5,6,7,8,9,10,11,12,13,14,15,16,17,18,19,20,21,22,23,24,25,26,27,28,29,30,31,32,33,34,35,36,37,38,39,40,41,42,43,44,45,46,47,48,49,50,51,52,53,54,55,56,57,58,59,60,61,62,63,64,65,66,67,68,69,70,71,72,73,74,75,76	0,0,0,0,0,0,0,0,0,0,0,0,0,0,0,0,0,0,0,0,0,0,0,0,0,0,0,0,0,0,0,0,0,0,0,0,0,0,0,0,0,0,0,0,0,0,0,0,0,0,0,0,0,0,0,0,0,0,0,0,0,0,0,0,0,0,0,0,0,0,0,0,0,0,0,0,0	True	256	19712	262144	20185088	1000000	77000000	1	1	1	1	1014	1024	READ							77000000	22.90121855844156	1.0	461311.0	21.0	36.0	42.0	120.0	4103.0	3042634053316	4679925613553	5382152701120	2091161.5699999994	1557963.3464544376	52381.51171200002	1469984.3033044836	1577270.0	562840.0	270653472757	35409549276		52.38064628500001	20808.544179469838	7988.703404877435	28797.24758434727	2579.6433239057114	954.6500824251336	3534.293406330845	2590.866083052263	999.5193817682816	3590.3854648205447	2674.7132747970345	1063.9100362540692	3738.623311051104	2458.7901380455396	888.6323670397701	3347.4225050853097	2671.8446811518747	1058.1548194616414	3729.999500613516	2581.495828155947	970.1447225309341	3551.6405506868814	2660.7473390812124	1055.5586270886972	3716.30596616991	2590.443511280256	998.1333683089076	3588.5768795891636	ok	cpu/event=0xc0,cmask=1,inv=1/	/home/seunghyun/ycsb/workloads/working_set_256mb.properties	/home/seunghyun/ycsb/results/numa0_prefix_ycsb_256mib_madracks-mnode5_20260315T083941Z_4384/runs/rocksdb/prefix_x77
12	2026-03-15T08:53:46Z	madracks-mnode5	amd	rocksdb	embedded	per_instance	NO_RETIRED_INST_CYCLES	user	prefix_x84	84	84	0,1,2,3,4,5,6,7,8,9,10,11,12,13,14,15,16,17,18,19,20,21,22,23,24,25,26,27,28,29,30,31,32,33,34,35,36,37,38,39,40,41,42,43,44,45,46,47,48,49,50,51,52,53,54,55,56,57,58,59,60,61,62,63,64,65,66,67,68,69,70,71,72,73,74,75,76,77,78,79,80,81,82,83	0,0,0,0,0,0,0,0,0,0,0,0,0,0,0,0,0,0,0,0,0,0,0,0,0,0,0,0,0,0,0,0,0,0,0,0,0,0,0,0,0,0,0,0,0,0,0,0,0,0,0,0,0,0,0,0,0,0,0,0,0,0,0,0,0,0,0,0,0,0,0,0,0,0,0,0,0,0,0,0,0,0,0,0	True	256	21504	262144	22020096	1000000	84000000	1	1	1	1	1014	1024	READ							84000000	24.168800357142857	1.0	495103.0	21.0	38.0	43.0	128.0	4115.0	3490349816498	5364912501650	6137321352968	2397100.6200000006	1605875.4075306773	55498.22827399999	1513561.8309342072	1799470.0	658200.0	304889546915	40376030905		55.49734853699988	20617.8714029943	7966.581662634297	28584.453065628597	2413.3062918049136	872.3884947363298	3285.6947865412435	2621.8636099281666	1032.9660211957003	3654.829631123867	2630.042220560914	1042.2374932177333	3672.2797137786474	2627.7839328625632	1037.9836124867447	3665.767545349308	2636.4211698231798	1039.6541134470137	3676.0752832701937	2637.1200705979927	1040.6986849228379	3677.8187555208306	2421.777257207366	865.348605431182	3287.125862638548	2629.5568502092083	1035.3046371967541	3664.861487405962	ok	cpu/event=0xc0,cmask=1,inv=1/	/home/seunghyun/ycsb/workloads/working_set_256mb.properties	/home/seunghyun/ycsb/results/numa0_prefix_ycsb_256mib_madracks-mnode5_20260315T083941Z_4384/runs/rocksdb/prefix_x84
