experiment_prefix	workload_numa	core_count	timestamp_utc	host	arch	backend	mode	execution_model	event_name	perf_scope	assignment_label	instance_count	selected_cpu_count	cores	numas	numa_binding_applied	working_set_mb_per_instance	total_working_set_mb	recordcount_per_instance	total_recordcount	operationcount_per_instance	total_operationcount	threads_per_instance	java_active_processor_count_per_instance	load_threads	fieldcount	fieldlength	approx_value_bytes_per_record	primary_operation	benchmark_name	benchmark_class	benchmark_time_s	benchmark_rate	benchmark_rate_unit	benchmark_verification	latency_operations	latency_average_us	latency_min_us	latency_max_us	latency_p50_us	latency_p95_us	latency_p99_us	latency_p99_9_us	latency_p99_99_us	summed_stall_cycles	summed_cycles	summed_instructions	summed_task_clock_ms	summed_instance_throughput_ops_per_sec	group_wall_clock_ms	aggregate_wall_throughput_ops_per_sec	ServerPerfUserTimeMs	ServerPerfKernelTimeMs	ServerPerfCacheRefs	ServerPerfCacheMisses	ServerPerfLLCHitRatio	df_duration_s	df_total_read_mib_s	df_total_write_mib_s	df_total_mib_s	df_ccm0_read_mib_s	df_ccm0_write_mib_s	df_ccm0_total_mib_s	status	perf_event	workload_file	result_dir
chiplet_duckdb_tpch_sf1_q10	0	1	2026-03-17T01:50:55Z	madracks-mnode5	amd	duckdb_tpch	analytic	per_instance_external	NO_RETIRED_INST_CYCLES	user	smt14_x1	1	1	0	0	True							1						Q10	DUCKDB_TPCH	SF1		3.1434937039310977	queries/s	SUCCESSFUL	1	318095.5570023798	318095.5570023798	318095.5570023798	318095.5570023798	318095.5570023798	318095.5570023798	318095.5570023798	318095.5570023798	1883979737	2560385378	4038609003	1402.43	3.1434937039310977	724.9990759992215	3.1434937039310977	1140.0	320.0	78042238	16360610		0.7244990879989928	585.245873103085	27.10301327317171	612.3488863762568	585.245873103085	27.10301327317171	612.3488863762568	ok	cpu/event=0xc0,cmask=1,inv=1/		/home/seunghyun/ycsb/results/chiplet_duckdb_tpch_sf1_q10_smt14_numa0_x1_madracks-mnode5_20260317T015055Z_171911/runs/duckdb_tpch/smt14_x1
chiplet_duckdb_tpch_sf1_q10	0	7	2026-03-17T01:56:38Z	madracks-mnode5	amd	duckdb_tpch	analytic	per_instance_external	NO_RETIRED_INST_CYCLES	user	smt14_x7	7	7	0,1,2,3,4,5,6	0,0,0,0,0,0,0	True							1						Q10	DUCKDB_TPCH	SF1		21.61878874297238	queries/s	SUCCESSFUL	7	323879.32642866095	317387.75699705	334215.91200021794	322520.58800077066	332790.8721010317	333930.9040203807	334187.4112022342	334213.06192041957	10683274192	15308267156	27716146262	7888.67	21.61878874297238	760.568883997621	21.61878874297238	5600.0	2610.0	548641856	111302128		0.7600869070010958	3331.898880926387	1343.1522976943816	4675.051178620768	3331.898880926387	1343.1522976943816	4675.051178620768	ok	cpu/event=0xc0,cmask=1,inv=1/		/home/seunghyun/ycsb/results/chiplet_duckdb_tpch_sf1_q10_smt14_numa0_x7_madracks-mnode5_20260317T015637Z_177632/runs/duckdb_tpch/smt14_x7
chiplet_duckdb_tpch_sf1_q10	0	14	2026-03-17T02:04:18Z	madracks-mnode5	amd	duckdb_tpch	analytic	per_instance_external	NO_RETIRED_INST_CYCLES	user	smt14_x14	14	14	0,1,2,3,4,5,6,84,85,86,87,88,89,90	0,0,0,0,0,0,0,0,0,0,0,0,0,0	True							1						Q10	DUCKDB_TPCH	SF1		30.838085570365635	queries/s	SUCCESSFUL	14	456796.9944283894	378950.53399915923	523726.3620001613	463877.7795007627	493367.7584011093	517654.64128035086	523119.18992818036	523665.64479296317	29721781151	39923587584	58343237856	19327.37	30.838085570365635	1337.5359940000635	30.838085570365635	14760.0	5220.0	1386853459	223646574		1.3370155769989651	4953.978838352103	1792.9654818989204	6746.944320251023	4953.978838352103	1792.9654818989204	6746.944320251023	ok	cpu/event=0xc0,cmask=1,inv=1/		/home/seunghyun/ycsb/results/chiplet_duckdb_tpch_sf1_q10_smt14_numa0_x14_madracks-mnode5_20260317T020417Z_196528/runs/duckdb_tpch/smt14_x14
chiplet_duckdb_tpch_sf1_q10	1	1	2026-03-17T01:53:25Z	madracks-mnode5	amd	duckdb_tpch	analytic	per_instance_external	NO_RETIRED_INST_CYCLES	user	smt14_x1	1	1	0	1	True							1						Q10	DUCKDB_TPCH	SF1		2.8491099057466376	queries/s	SUCCESSFUL	1	350940.1520022948	350940.1520022948	350940.1520022948	350940.1520022948	350940.1520022948	350940.1520022948	350940.1520022948	350940.1520022948	1719682106	2395508741	4050013477	1268.14	2.8491099057466376	779.6374229983485	2.8491099057466376	1070.0	240.0	78295558	16263544		0.7791200860010576	532.3529892126517	26.598374254582648	558.9513634672343	532.3529892126517	26.598374254582648	558.9513634672343	ok	cpu/event=0xc0,cmask=1,inv=1/		/home/seunghyun/ycsb/results/chiplet_duckdb_tpch_sf1_q10_smt14_numa1_x1_madracks-mnode5_20260317T015324Z_173954/runs/duckdb_tpch/smt14_x1
chiplet_duckdb_tpch_sf1_q10	1	7	2026-03-17T01:59:50Z	madracks-mnode5	amd	duckdb_tpch	analytic	per_instance_external	NO_RETIRED_INST_CYCLES	user	smt14_x7	7	7	0,1,2,3,4,5,6	1,1,1,1,1,1,1	True							1						Q10	DUCKDB_TPCH	SF1		18.825047672533643	queries/s	SUCCESSFUL	7	371995.151712846	363671.33899693727	388668.9609971654	368663.99200152955	385513.92309782386	388037.9534172971	388605.8602391786	388662.6509213667	10112401642	14724772624	27701735407	7335.799999999999	18.825047672533643	837.2725070003071	18.825047672533643	5110.0	2520.0	552432888	110518405		0.8367534299977706	2999.7473194095733	1258.4334851893652	4258.180804598938	2999.7473194095733	1258.4334851893652	4258.180804598938	ok	cpu/event=0xc0,cmask=1,inv=1/		/home/seunghyun/ycsb/results/chiplet_duckdb_tpch_sf1_q10_smt14_numa1_x7_madracks-mnode5_20260317T015949Z_186017/runs/duckdb_tpch/smt14_x7
chiplet_duckdb_tpch_sf1_q21	0	1	2026-03-17T04:35:37Z	madracks-mnode5	amd	duckdb_tpch	analytic	per_instance_external	NO_RETIRED_INST_CYCLES	user	smt14_x1	1	1	0	0	True							1						Q21	DUCKDB_TPCH	SF1		2.1975066259260956	queries/s	SUCCESSFUL	1	455009.94000030914	455009.94000030914	455009.94000030914	455009.94000030914	455009.94000030914	455009.94000030914	455009.94000030914	455009.94000030914	1877348639	2661067563	4829957882	1399.75	2.1975066259260956	862.501223997242	2.1975066259260956	1250.0	190.0	107005345	18203628		0.8619971070002066	520.9525614219614	19.45328658488001	540.4058480068414	520.9525614219614	19.45328658488001	540.4058480068414	ok	cpu/event=0xc0,cmask=1,inv=1/		/home/seunghyun/ycsb/results/chiplet_duckdb_tpch_sf1_q21_smt14_numa0_x1_madracks-mnode5_20260317T043536Z_342432/runs/duckdb_tpch/smt14_x1
chiplet_duckdb_tpch_sf1_q21	0	2	2026-03-17T04:46:25Z	madracks-mnode5	amd	duckdb_tpch	analytic	per_instance_external	NO_RETIRED_INST_CYCLES	user	smt14_x2	2	2	0,1	0,0	True							1						Q21	DUCKDB_TPCH	SF1		4.4523383075141805	queries/s	SUCCESSFUL	2	449192.7279996162	445465.0309999124	452920.42499931995	449192.7279996162	452547.6552993496	452845.8710593259	452912.96960532054	452919.67945992	3277603852	4852943057	9699808945	2457.39	4.4523383075141805	864.0677229996072	4.4523383075141805	2080.0	460.0	214868937	35872854		0.8635377370010247	963.1635685863713	156.94297802514038	1120.1065466115117	963.1635685863713	156.94297802514038	1120.1065466115117	ok	cpu/event=0xc0,cmask=1,inv=1/		/home/seunghyun/ycsb/results/chiplet_duckdb_tpch_sf1_q21_smt14_numa0_x2_madracks-mnode5_20260317T044624Z_348460/runs/duckdb_tpch/smt14_x2
chiplet_duckdb_tpch_sf1_q21	0	3	2026-03-17T04:57:34Z	madracks-mnode5	amd	duckdb_tpch	analytic	per_instance_external	NO_RETIRED_INST_CYCLES	user	smt14_x3	3	3	0,1,2	0,0,0	True							1						Q21	DUCKDB_TPCH	SF1		6.675429789790224	queries/s	SUCCESSFUL	3	449387.8826663907	445679.41399873234	451428.4159995441	451055.81800089567	451391.15619967924	451420.9640395711	451427.6708035468	451428.34147994436	4865360417	7204634287	14403282818	3641.55	6.675429789790224	857.7366930003336	6.675429789790224	2980.0	800.0	321579684	53186298		0.857191574999888	1297.9767633552574	359.3171831039231	1657.2939464591805	1297.9767633552574	359.3171831039231	1657.2939464591805	ok	cpu/event=0xc0,cmask=1,inv=1/		/home/seunghyun/ycsb/results/chiplet_duckdb_tpch_sf1_q21_smt14_numa0_x3_madracks-mnode5_20260317T045733Z_355759/runs/duckdb_tpch/smt14_x3
chiplet_duckdb_tpch_sf1_q21	0	4	2026-03-17T05:09:02Z	madracks-mnode5	amd	duckdb_tpch	analytic	per_instance_external	NO_RETIRED_INST_CYCLES	user	smt14_x4	4	4	0,1,2,3	0,0,0,0	True							1						Q21	DUCKDB_TPCH	SF1		8.816964418508295	queries/s	SUCCESSFUL	4	453638.6042509548	451610.93800197705	455253.43299959786	453845.0230011222	455223.84279956896	455247.5149595921	455252.8411955973	455253.3738191978	6114051910	9198171651	19052280545	4587.219999999999	8.816964418508295	867.291958998976	8.816964418508295	3780.0	990.0	427381597	70553929		0.8667557029984891	1722.5656952375673	550.8493819077312	2273.4150771452987	1722.5656952375673	550.8493819077312	2273.4150771452987	ok	cpu/event=0xc0,cmask=1,inv=1/		/home/seunghyun/ycsb/results/chiplet_duckdb_tpch_sf1_q21_smt14_numa0_x4_madracks-mnode5_20260317T050901Z_368573/runs/duckdb_tpch/smt14_x4
chiplet_duckdb_tpch_sf1_q21	0	5	2026-03-17T05:20:47Z	madracks-mnode5	amd	duckdb_tpch	analytic	per_instance_external	NO_RETIRED_INST_CYCLES	user	smt14_x5	5	5	0,1,2,3,4	0,0,0,0,0	True							1						Q21	DUCKDB_TPCH	SF1		10.933961079063579	queries/s	SUCCESSFUL	5	457263.50940021797	455441.1160024756	460299.57800055854	455952.30299659306	460016.54760038946	460242.9719205247	460293.91739255516	460299.0119397582	7446724680	11313907615	23847663973	5593.1900000000005	10.933961079063579	881.0927529993933	10.933961079063579	4390.0	1420.0	534945733	88008063		0.8805675660005363	2161.925281447199	740.5274016425635	2902.452683089762	2161.925281447199	740.5274016425635	2902.452683089762	ok	cpu/event=0xc0,cmask=1,inv=1/		/home/seunghyun/ycsb/results/chiplet_duckdb_tpch_sf1_q21_smt14_numa0_x5_madracks-mnode5_20260317T052046Z_381293/runs/duckdb_tpch/smt14_x5
chiplet_duckdb_tpch_sf1_q21	0	6	2026-03-17T05:32:51Z	madracks-mnode5	amd	duckdb_tpch	analytic	per_instance_external	NO_RETIRED_INST_CYCLES	user	smt14_x6	6	6	0,1,2,3,4,5	0,0,0,0,0,0	True							1						Q21	DUCKDB_TPCH	SF1		12.981816681185439	queries/s	SUCCESSFUL	6	462141.35016695457	460322.80800136505	464180.8779997518	461834.4504997367	464090.3157496723	464162.7655497359	464179.06675475027	464180.69687525166	8998928857	13652327247	28700467852	6716.73	12.981816681185439	885.5623260024004	12.981816681185439	5200.0	1730.0	643491870	106356268		0.8850143899981049	2640.551099084217	945.3278190723235	3585.8789181565407	2640.551099084217	945.3278190723235	3585.8789181565407	ok	cpu/event=0xc0,cmask=1,inv=1/		/home/seunghyun/ycsb/results/chiplet_duckdb_tpch_sf1_q21_smt14_numa0_x6_madracks-mnode5_20260317T053250Z_393519/runs/duckdb_tpch/smt14_x6
chiplet_duckdb_tpch_sf1_q21	0	7	2026-03-17T05:45:24Z	madracks-mnode5	amd	duckdb_tpch	analytic	per_instance_external	NO_RETIRED_INST_CYCLES	user	smt14_x7	7	7	0,1,2,3,4,5,6	0,0,0,0,0,0,0	True							1						Q21	DUCKDB_TPCH	SF1		15.086182485468472	queries/s	SUCCESSFUL	7	463990.0144273789	460413.89299716684	468573.4730010154	462248.3539969835	468464.36060077394	468551.6505209671	468571.29075301054	468573.2547762149	10656895968	16069387208	33420382208	7921.81	15.086182485468472	891.3902630010853	15.086182485468472	6140.0	2110.0	748348452	123708762		0.8908773270013626	3082.3234846220234	1136.8789747489986	4219.202459371022	3082.3234846220234	1136.8789747489986	4219.202459371022	ok	cpu/event=0xc0,cmask=1,inv=1/		/home/seunghyun/ycsb/results/chiplet_duckdb_tpch_sf1_q21_smt14_numa0_x7_madracks-mnode5_20260317T054523Z_407134/runs/duckdb_tpch/smt14_x7
chiplet_duckdb_tpch_sf1_q21	0	8	2026-03-17T05:58:43Z	madracks-mnode5	amd	duckdb_tpch	analytic	per_instance_external	NO_RETIRED_INST_CYCLES	user	smt14_x8	8	8	0,1,2,3,4,5,6,84	0,0,0,0,0,0,0,0	True							1						Q21	DUCKDB_TPCH	SF1		15.478353794968742	queries/s	SUCCESSFUL	8	529048.4453744284	474107.8170009132	685817.9320006457	479604.06899801455	682559.0848000501	685166.1625605265	685752.7550566337	685811.4143062445	15949806125	22292912162	38448910339	11210.48	15.478353794968742	1310.152461999678	15.478353794968742	8320.0	3190.0	923081814	147208801		1.309624874000292	2679.8140575483258	847.4185991018152	3527.232656650141	2679.8140575483258	847.4185991018152	3527.232656650141	ok	cpu/event=0xc0,cmask=1,inv=1/		/home/seunghyun/ycsb/results/chiplet_duckdb_tpch_sf1_q21_smt14_numa0_x8_madracks-mnode5_20260317T055841Z_422301/runs/duckdb_tpch/smt14_x8
chiplet_duckdb_tpch_sf1_q21	0	9	2026-03-17T06:15:03Z	madracks-mnode5	amd	duckdb_tpch	analytic	per_instance_external	NO_RETIRED_INST_CYCLES	user	smt14_x9	9	9	0,1,2,3,4,5,6,84,85	0,0,0,0,0,0,0,0,0	True							1						Q21	DUCKDB_TPCH	SF1		16.186304366211186	queries/s	SUCCESSFUL	9	572449.3219992534	480192.27699842304	690846.2579958723	490778.4509996418	689572.7663984871	690591.5596763953	690820.7881639246	690843.7110126775	18675404768	25854624384	43094899702	12789.67	16.186304366211186	1315.3314120063442	16.186304366211186	10170.0	2990.0	1081923516	168420358		1.3148013739992166	3043.973461427443	1005.6918560692616	4049.6653174967046	3043.973461427443	1005.6918560692616	4049.6653174967046	ok	cpu/event=0xc0,cmask=1,inv=1/		/home/seunghyun/ycsb/results/chiplet_duckdb_tpch_sf1_q21_smt14_numa0_x9_madracks-mnode5_20260317T061502Z_439840/runs/duckdb_tpch/smt14_x9
chiplet_duckdb_tpch_sf1_q21	0	10	2026-03-17T06:31:54Z	madracks-mnode5	amd	duckdb_tpch	analytic	per_instance_external	NO_RETIRED_INST_CYCLES	user	smt14_x10	10	10	0,1,2,3,4,5,6,84,85,86	0,0,0,0,0,0,0,0,0,0	True							1						Q21	DUCKDB_TPCH	SF1		17.533416028448414	queries/s	SUCCESSFUL	10	584708.6337991641	474441.62300234893	696590.0049981428	583795.6424984441	694187.1647471999	696109.4369479542	696541.948193124	696585.199317641	22272783679	30797942541	50423271321	15088.49	17.533416028448414	1506.647525995504	17.533416028448414	12720.0	2780.0	1223589363	188988389		1.5061058670034981	3019.233128711625	965.4442294648743	3984.677358176499	3019.233128711625	965.4442294648743	3984.677358176499	ok	cpu/event=0xc0,cmask=1,inv=1/		/home/seunghyun/ycsb/results/chiplet_duckdb_tpch_sf1_q21_smt14_numa0_x10_madracks-mnode5_20260317T063153Z_458958/runs/duckdb_tpch/smt14_x10
chiplet_duckdb_tpch_sf1_q21	0	11	2026-03-17T06:49:11Z	madracks-mnode5	amd	duckdb_tpch	analytic	per_instance_external	NO_RETIRED_INST_CYCLES	user	smt14_x11	11	11	0,1,2,3,4,5,6,84,85,86,87	0,0,0,0,0,0,0,0,0,0,0	True							1						Q21	DUCKDB_TPCH	SF1		17.730885725706052	queries/s	SUCCESSFUL	11	634519.7411825542	484840.739001811	696364.7090015002	686136.152005929	694579.2695005366	696007.6211013074	696329.0002114809	696361.1381224982	25745099181	34688583457	52761738317	16973.34	17.730885725706052	1345.3047429939033	17.730885725706052	13340.0	4100.0	1431595912	214120421		1.3447730140032945	3883.820269344228	1283.1991833058555	5167.019452650084	3883.820269344228	1283.1991833058555	5167.019452650084	ok	cpu/event=0xc0,cmask=1,inv=1/		/home/seunghyun/ycsb/results/chiplet_duckdb_tpch_sf1_q21_smt14_numa0_x11_madracks-mnode5_20260317T064909Z_479533/runs/duckdb_tpch/smt14_x11
chiplet_duckdb_tpch_sf1_q21	0	12	2026-03-17T07:07:07Z	madracks-mnode5	amd	duckdb_tpch	analytic	per_instance_external	NO_RETIRED_INST_CYCLES	user	smt14_x12	12	12	0,1,2,3,4,5,6,84,85,86,87,88	0,0,0,0,0,0,0,0,0,0,0,0	True							1						Q21	DUCKDB_TPCH	SF1		18.44535432549523	queries/s	SUCCESSFUL	12	660376.3225830336	495239.4700012519	698216.765995312	691672.7850002644	697249.408396965	698023.2944756426	698197.4188433451	698214.8312801153	28642924307	38383265451	57265861608	18610.82	18.44535432549523	1350.8801420030068	18.44535432549523	15520.0	3670.0	1578731723	229938613		1.3503391349950107	4295.586030561219	1429.0150209070941	5724.601051468313	4295.586030561219	1429.0150209070941	5724.601051468313	ok	cpu/event=0xc0,cmask=1,inv=1/		/home/seunghyun/ycsb/results/chiplet_duckdb_tpch_sf1_q21_smt14_numa0_x12_madracks-mnode5_20260317T070706Z_501681/runs/duckdb_tpch/smt14_x12
chiplet_duckdb_tpch_sf1_q21	0	13	2026-03-17T07:25:44Z	madracks-mnode5	amd	duckdb_tpch	analytic	per_instance_external	NO_RETIRED_INST_CYCLES	user	smt14_x13	13	13	0,1,2,3,4,5,6,84,85,86,87,88,89	0,0,0,0,0,0,0,0,0,0,0,0,0	True							1						Q21	DUCKDB_TPCH	SF1		19.075686720454303	queries/s	SUCCESSFUL	13	687090.5011528521	501185.2329989779	717133.6829997017	699641.8019989505	714274.161598587	716561.7787194788	717076.4925716794	717127.9639568995	32008462107	42641159957	62197703710	20554.18	19.075686720454303	1372.8535330010345	19.075686720454303	16980.0	4210.0	1752211785	251075148		1.3723209360032342	4763.918163945911	1573.2810840241605	6337.199247970071	4763.918163945911	1573.2810840241605	6337.199247970071	ok	cpu/event=0xc0,cmask=1,inv=1/		/home/seunghyun/ycsb/results/chiplet_duckdb_tpch_sf1_q21_smt14_numa0_x13_madracks-mnode5_20260317T072542Z_524847/runs/duckdb_tpch/smt14_x13
chiplet_duckdb_tpch_sf1_q21	0	14	2026-03-17T07:45:13Z	madracks-mnode5	amd	duckdb_tpch	analytic	per_instance_external	NO_RETIRED_INST_CYCLES	user	smt14_x14	14	14	0,1,2,3,4,5,6,84,85,86,87,88,89,90	0,0,0,0,0,0,0,0,0,0,0,0,0,0	True							1						Q21	DUCKDB_TPCH	SF1		19.847265260366697	queries/s	SUCCESSFUL	14	705437.2900009705	686845.4180003027	718288.295000093	705758.7375020375	716789.674499887	717988.5709000519	718258.3225900889	718285.2977590926	34784286740	46264089701	66971525423	21998.85	19.847265260366697	1396.6842220033868	19.847265260366697	18260.0	4460.0	1910071681	266945541		1.3961744439948234	5156.018238393918	1689.7487933391776	6845.767031733096	5156.018238393918	1689.7487933391776	6845.767031733096	ok	cpu/event=0xc0,cmask=1,inv=1/		/home/seunghyun/ycsb/results/chiplet_duckdb_tpch_sf1_q21_smt14_numa0_x14_madracks-mnode5_20260317T074512Z_549766/runs/duckdb_tpch/smt14_x14
chiplet_duckdb_tpch_sf1_q21	1	1	2026-03-17T04:40:43Z	madracks-mnode5	amd	duckdb_tpch	analytic	per_instance_external	NO_RETIRED_INST_CYCLES	user	smt14_x1	1	1	0	1	True							1						Q21	DUCKDB_TPCH	SF1		1.9859696408417529	queries/s	SUCCESSFUL	1	503467.090002232	503467.090002232	503467.090002232	503467.090002232	503467.090002232	503467.090002232	503467.090002232	503467.090002232	2357819701	3142302211	4832645116	1685.99	1.9859696408417529	932.5331270010793	1.9859696408417529	1390.0	340.0	106817781	18234707		0.9320134390000021	481.66862415743987	12.974367804421727	494.6429919618616	481.66862415743987	12.974367804421727	494.6429919618616	ok	cpu/event=0xc0,cmask=1,inv=1/		/home/seunghyun/ycsb/results/chiplet_duckdb_tpch_sf1_q21_smt14_numa1_x1_madracks-mnode5_20260317T044042Z_345236/runs/duckdb_tpch/smt14_x1
chiplet_duckdb_tpch_sf1_q21	1	2	2026-03-17T04:51:40Z	madracks-mnode5	amd	duckdb_tpch	analytic	per_instance_external	NO_RETIRED_INST_CYCLES	user	smt14_x2	2	2	0,1	1,1	True							1						Q21	DUCKDB_TPCH	SF1		3.8917169425974665	queries/s	SUCCESSFUL	2	513876.82299900916	510619.5939988538	517134.0519991645	513876.82299900916	516808.329099149	517068.9074191614	517127.5375411642	517133.4005533645	4117974810	5685291453	9631616850	2961.15	3.8917169425974665	945.3583200011053	3.8917169425974665	2280.0	760.0	214447700	36083673		0.9448525230000087	871.7021808522015	141.3000952158568	1013.0022760680583	871.7021808522015	141.3000952158568	1013.0022760680583	ok	cpu/event=0xc0,cmask=1,inv=1/		/home/seunghyun/ycsb/results/chiplet_duckdb_tpch_sf1_q21_smt14_numa1_x2_madracks-mnode5_20260317T045139Z_351910/runs/duckdb_tpch/smt14_x2
chiplet_duckdb_tpch_sf1_q21	1	3	2026-03-17T05:03:01Z	madracks-mnode5	amd	duckdb_tpch	analytic	per_instance_external	NO_RETIRED_INST_CYCLES	user	smt14_x3	3	3	0,1,2	1,1,1	True							1						Q21	DUCKDB_TPCH	SF1		5.790170226552821	queries/s	SUCCESSFUL	3	518203.61566691037	507093.87399911066	528357.5290013687	519159.4440002518	527437.720501257	528173.5673013463	528339.1328313665	528355.6893843685	7291335715	10137365902	17182431425	5313.32	5.790170226552821	1142.065249998268	5.790170226552821	3650.0	1790.0	322394991	53967223		1.1415639820006618	1118.1326163059164	239.80510332200114	1357.9377196279174	1118.1326163059164	239.80510332200114	1357.9377196279174	ok	cpu/event=0xc0,cmask=1,inv=1/		/home/seunghyun/ycsb/results/chiplet_duckdb_tpch_sf1_q21_smt14_numa1_x3_madracks-mnode5_20260317T050259Z_362900/runs/duckdb_tpch/smt14_x3
chiplet_duckdb_tpch_sf1_q21	1	4	2026-03-17T05:14:35Z	madracks-mnode5	amd	duckdb_tpch	analytic	per_instance_external	NO_RETIRED_INST_CYCLES	user	smt14_x4	4	4	0,1,2,3	1,1,1,1	True							1						Q21	DUCKDB_TPCH	SF1		7.794331111978878	queries/s	SUCCESSFUL	4	513169.1632514048	509457.81799964607	518960.9200024279	512128.9575017727	518189.4673025454	518806.6294624514	518945.49094843026	518959.37709702813	7280625394	10398137917	19184808276	5235.13	7.794331111978878	955.2374329978193	7.794331111978878	3740.0	1660.0	429750898	70920352		0.954703226001584	1567.9142811057616	499.90967649519934	2067.823957600961	1567.9142811057616	499.90967649519934	2067.823957600961	ok	cpu/event=0xc0,cmask=1,inv=1/		/home/seunghyun/ycsb/results/chiplet_duckdb_tpch_sf1_q21_smt14_numa1_x4_madracks-mnode5_20260317T051434Z_375603/runs/duckdb_tpch/smt14_x4
chiplet_duckdb_tpch_sf1_q21	1	5	2026-03-17T05:26:28Z	madracks-mnode5	amd	duckdb_tpch	analytic	per_instance_external	NO_RETIRED_INST_CYCLES	user	smt14_x5	5	5	0,1,2,3,4	1,1,1,1,1	True							1						Q21	DUCKDB_TPCH	SF1		9.50825696228235	queries/s	SUCCESSFUL	5	525833.982801123	518478.532001609	529160.6020000472	527877.0600016287	528981.0510003008	529124.6918000979	529157.0109800523	529160.2428980477	8518191137	12399267597	23922150578	6110.6	9.50825696228235	971.1861979994865	9.50825696228235	4920.0	1400.0	537211159	88240390		0.9706482510009664	2002.9505636268289	673.0931305425332	2676.043694169362	2002.9505636268289	673.0931305425332	2676.043694169362	ok	cpu/event=0xc0,cmask=1,inv=1/		/home/seunghyun/ycsb/results/chiplet_duckdb_tpch_sf1_q21_smt14_numa1_x5_madracks-mnode5_20260317T052627Z_387147/runs/duckdb_tpch/smt14_x5
chiplet_duckdb_tpch_sf1_q21	1	6	2026-03-17T05:38:45Z	madracks-mnode5	amd	duckdb_tpch	analytic	per_instance_external	NO_RETIRED_INST_CYCLES	user	smt14_x6	6	6	0,1,2,3,4,5	1,1,1,1,1,1	True							1						Q21	DUCKDB_TPCH	SF1		11.332475978090027	queries/s	SUCCESSFUL	6	529431.5841662561	523027.2059998242	536845.4809977266	529300.616499313	535274.903498248	536531.3654978309	536814.069447737	536842.3398427276	10053897520	14710377524	28688577953	7187.620000000001	11.332475978090027	990.183027999592	11.332475978090027	5220.0	2290.0	644281565	105672958		0.9896748099999968	2379.2130435217227	843.0778022626786	3222.2908457844014	2379.2130435217227	843.0778022626786	3222.2908457844014	ok	cpu/event=0xc0,cmask=1,inv=1/		/home/seunghyun/ycsb/results/chiplet_duckdb_tpch_sf1_q21_smt14_numa1_x6_madracks-mnode5_20260317T053844Z_400116/runs/duckdb_tpch/smt14_x6
chiplet_duckdb_tpch_sf1_q21	1	7	2026-03-17T05:51:33Z	madracks-mnode5	amd	duckdb_tpch	analytic	per_instance_external	NO_RETIRED_INST_CYCLES	user	smt14_x7	7	7	0,1,2,3,4,5,6	1,1,1,1,1,1,1	True							1						Q21	DUCKDB_TPCH	SF1		13.045978442928277	queries/s	SUCCESSFUL	7	536533.0931433294	531582.7030026412	542870.4549995018	535560.7519995829	541818.0844000744	542659.9808796163	542849.4075875133	542868.350258303	14021564136	19506988030	33708986072	9850.739999999998	13.045978442928277	995.3131709989975	13.045978442928277	7220.0	2960.0	753681974	123522217		0.9947770930011757	2765.267411028353	1024.2530820085587	3789.520493036912	2765.267411028353	1024.2530820085587	3789.520493036912	ok	cpu/event=0xc0,cmask=1,inv=1/		/home/seunghyun/ycsb/results/chiplet_duckdb_tpch_sf1_q21_smt14_numa1_x7_madracks-mnode5_20260317T055132Z_414424/runs/duckdb_tpch/smt14_x7
chiplet_duckdb_tpch_sf1_q21	1	8	2026-03-17T06:06:26Z	madracks-mnode5	amd	duckdb_tpch	analytic	per_instance_external	NO_RETIRED_INST_CYCLES	user	smt14_x8	8	8	0,1,2,3,4,5,6,84	1,1,1,1,1,1,1,1	True							1						Q21	DUCKDB_TPCH	SF1		13.46289924584906	queries/s	SUCCESSFUL	8	606583.4768755849	544701.3920020254	771746.0790008772	553707.6295004226	770131.8804012771	771423.2392809571	771713.7950288852	771742.850603678	16940884597	23273271577	38368889087	11526.580000000002	13.46289924584906	1424.8669360022177	13.46289924584906	8750.0	3150.0	926404214	147226180		1.4243331590005255	2473.6416499014845	784.7139875731973	3258.3556374746818	2473.6416499014845	784.7139875731973	3258.3556374746818	ok	cpu/event=0xc0,cmask=1,inv=1/		/home/seunghyun/ycsb/results/chiplet_duckdb_tpch_sf1_q21_smt14_numa1_x8_madracks-mnode5_20260317T060625Z_430835/runs/duckdb_tpch/smt14_x8
chiplet_duckdb_tpch_sf1_q21	1	9	2026-03-17T06:22:59Z	madracks-mnode5	amd	duckdb_tpch	analytic	per_instance_external	NO_RETIRED_INST_CYCLES	user	smt14_x9	9	9	0,1,2,3,4,5,6,84,85	1,1,1,1,1,1,1,1,1	True							1						Q21	DUCKDB_TPCH	SF1		14.219298599341501	queries/s	SUCCESSFUL	9	645879.7347780396	557861.8440049468	775986.833999923	573512.5369974412	773940.0623991969	775577.4796797778	775945.8985679084	775982.7404567215	22297851238	29987768154	45682856881	14914.060000000001	14.219298599341501	1611.9675079971785	14.219298599341501	12190.0	3150.0	1077468339	169616060		1.6114343209992512	2556.5548034585445	779.7525112391332	3336.3073146976776	2556.5548034585445	779.7525112391332	3336.3073146976776	ok	cpu/event=0xc0,cmask=1,inv=1/		/home/seunghyun/ycsb/results/chiplet_duckdb_tpch_sf1_q21_smt14_numa1_x9_madracks-mnode5_20260317T062257Z_449097/runs/duckdb_tpch/smt14_x9
chiplet_duckdb_tpch_sf1_q21	1	10	2026-03-17T06:39:59Z	madracks-mnode5	amd	duckdb_tpch	analytic	per_instance_external	NO_RETIRED_INST_CYCLES	user	smt14_x10	10	10	0,1,2,3,4,5,6,84,85,86	1,1,1,1,1,1,1,1,1,1	True							1						Q21	DUCKDB_TPCH	SF1		14.686910289936508	queries/s	SUCCESSFUL	10	699577.8668002458	559817.3350008437	797311.5940039861	784741.3000017696	795796.7797003221	797008.6311432533	797281.2977179128	797308.5643753788	24649295970	32846932053	48646052705	16086.529999999999	14.686910289936508	1448.0350880039623	14.686910289936508	13450.0	3080.0	1231741567	187853595		1.4475011910035391	3117.5563533009863	1052.833231108067	4170.389584409053	3117.5563533009863	1052.833231108067	4170.389584409053	ok	cpu/event=0xc0,cmask=1,inv=1/		/home/seunghyun/ycsb/results/chiplet_duckdb_tpch_sf1_q21_smt14_numa1_x10_madracks-mnode5_20260317T063957Z_468981/runs/duckdb_tpch/smt14_x10
chiplet_duckdb_tpch_sf1_q21	1	11	2026-03-17T06:57:33Z	madracks-mnode5	amd	duckdb_tpch	analytic	per_instance_external	NO_RETIRED_INST_CYCLES	user	smt14_x11	11	11	0,1,2,3,4,5,6,84,85,86,87	1,1,1,1,1,1,1,1,1,1,1	True							1						Q21	DUCKDB_TPCH	SF1		15.075286975435791	queries/s	SUCCESSFUL	11	746559.2660902819	570530.9359982493	818077.7870002203	804567.8229973419	816787.7970008703	817819.7890003503	818051.9872002333	818075.2070202215	28409367465	37352118197	52621596916	18088.06	15.075286975435791	1491.4704039983917	15.075286975435791	14730.0	3860.0	1424249698	209089644		1.4909379370001261	3408.9859344013717	1168.0313694192962	4577.017303820668	3408.9859344013717	1168.0313694192962	4577.017303820668	ok	cpu/event=0xc0,cmask=1,inv=1/		/home/seunghyun/ycsb/results/chiplet_duckdb_tpch_sf1_q21_smt14_numa1_x11_madracks-mnode5_20260317T065731Z_490423/runs/duckdb_tpch/smt14_x11
chiplet_duckdb_tpch_sf1_q21	1	12	2026-03-17T07:15:44Z	madracks-mnode5	amd	duckdb_tpch	analytic	per_instance_external	NO_RETIRED_INST_CYCLES	user	smt14_x12	12	12	0,1,2,3,4,5,6,84,85,86,87,88	1,1,1,1,1,1,1,1,1,1,1,1	True							1						Q21	DUCKDB_TPCH	SF1		15.578957246166311	queries/s	SUCCESSFUL	12	782396.6025838066	588143.3219983592	848364.120000042	818248.5550023557	843242.9880507698	847339.8936101876	848261.6973610566	848353.8777361434	31967129183	41931295294	58274333565	20186.54	15.578957246166311	1508.087838999927	15.578957246166311	15890.0	4890.0	1576007291	229739955		1.507577650998428	3826.1864382386043	1274.5355049560792	5100.721943194683	3826.1864382386043	1274.5355049560792	5100.721943194683	ok	cpu/event=0xc0,cmask=1,inv=1/		/home/seunghyun/ycsb/results/chiplet_duckdb_tpch_sf1_q21_smt14_numa1_x12_madracks-mnode5_20260317T071542Z_512949/runs/duckdb_tpch/smt14_x12
chiplet_duckdb_tpch_sf1_q21	1	13	2026-03-17T07:34:43Z	madracks-mnode5	amd	duckdb_tpch	analytic	per_instance_external	NO_RETIRED_INST_CYCLES	user	smt14_x13	13	13	0,1,2,3,4,5,6,84,85,86,87,88,89	1,1,1,1,1,1,1,1,1,1,1,1,1	True							1						Q21	DUCKDB_TPCH	SF1		15.85756391598252	queries/s	SUCCESSFUL	13	826154.579614992	607179.3450028053	853010.4840028798	844398.2339958893	851657.2146036197	852739.8301230278	852983.4186148946	853007.7774640813	36730841429	47450701936	62301353839	22694.05	15.85756391598252	1552.8483870002674	15.85756391598252	18200.0	5110.0	1749459614	246473992		1.552309630002128	4112.950436822342	1389.09362158551	5502.044058407852	4112.950436822342	1389.09362158551	5502.044058407852	ok	cpu/event=0xc0,cmask=1,inv=1/		/home/seunghyun/ycsb/results/chiplet_duckdb_tpch_sf1_q21_smt14_numa1_x13_madracks-mnode5_20260317T073442Z_537020/runs/duckdb_tpch/smt14_x13
chiplet_duckdb_tpch_sf1_q21	1	14	2026-03-17T07:54:43Z	madracks-mnode5	amd	duckdb_tpch	analytic	per_instance_external	NO_RETIRED_INST_CYCLES	user	smt14_x14	14	14	0,1,2,3,4,5,6,84,85,86,87,88,89,90	1,1,1,1,1,1,1,1,1,1,1,1,1,1	True							1						Q21	DUCKDB_TPCH	SF1		16.447314147714383	queries/s	SUCCESSFUL	14	851234.5105721448	838980.6310005952	870994.0620028647	847347.8400010208	867278.0958499061	870250.868772273	870919.7426798055	870986.6300705587	40966835960	52545612045	67082429021	24931.51	16.447314147714383	1577.0537179996609	16.447314147714383	20240.0	5490.0	1920126960	264612054		1.576511875995493	4465.298045093409	1528.8890259840068	5994.1870710774165	4465.298045093409	1528.8890259840068	5994.1870710774165	ok	cpu/event=0xc0,cmask=1,inv=1/		/home/seunghyun/ycsb/results/chiplet_duckdb_tpch_sf1_q21_smt14_numa1_x14_madracks-mnode5_20260317T075441Z_562696/runs/duckdb_tpch/smt14_x14
filebench_fileserver_smoke	0	1	2026-03-17T04:37:56Z	madracks-mnode5	amd	filebench_fileserver	analytic	per_instance_external	NO_RETIRED_INST_CYCLES	user	smt14_x1	1	1	0	0	True							1						FILESERVER	FILEBENCH_FILESERVER	FILESERVER		40834.275	ops/s	SUCCESSFUL	1	18.0	18.0	18.0	18.0	18.0	18.0	18.0	18.0	59708917998	68842267025	44080757151	30612.56	40834.275	32759.16764000067	40834.275	9560.0	21050.0	5197484007	1199380867		32.758593343998655	1126.9115062098522	19.93189542899625	1146.8434016388485	1126.9115062098522	19.93189542899625	1146.8434016388485	ok	cpu/event=0xc0,cmask=1,inv=1/		/home/seunghyun/ycsb/results/filebench_fileserver_smoke_smt14_numa0_x1_madracks-mnode5_20260317T043723Z_343752/runs/filebench_fileserver/smt14_x1
filebench_fileserver_smoke	0	2	2026-03-17T04:48:48Z	madracks-mnode5	amd	filebench_fileserver	analytic	per_instance_external	NO_RETIRED_INST_CYCLES	user	smt14_x2	2	2	0,1	0,0	True							1						FILESERVER	FILEBENCH_FILESERVER	FILESERVER		78955.189	ops/s	SUCCESSFUL	2	18.0	18.0	18.0	18.0	18.0	18.0	18.0	18.0	120003348585	137791094014	85243230531	61272.53	78955.189	32787.04849299902	78955.189	18660.0	42610.0	10302885366	2330511301		32.78653731600207	2248.1647409113516	64.07462721672269	2312.239368128074	2248.1647409113516	64.07462721672269	2312.239368128074	ok	cpu/event=0xc0,cmask=1,inv=1/		/home/seunghyun/ycsb/results/filebench_fileserver_smoke_smt14_numa0_x2_madracks-mnode5_20260317T044815Z_350188/runs/filebench_fileserver/smt14_x2
filebench_fileserver_smoke	0	3	2026-03-17T05:00:00Z	madracks-mnode5	amd	filebench_fileserver	analytic	per_instance_external	NO_RETIRED_INST_CYCLES	user	smt14_x3	3	3	0,1,2	0,0,0	True							1						FILESERVER	FILEBENCH_FILESERVER	FILESERVER		118064.71900000001	ops/s	SUCCESSFUL	3	18.333333333333332	18.0	19.0	18.0	18.9	18.98	18.998	18.9998	180258320875	206681208612	127491338877	91905.78	118064.71900000001	32793.183396999666	118064.71900000001	19080.0	42940.0	15465052159	3487489770		32.792606858998624	3441.4152377075484	113.97364646938476	3555.388884176933	3441.4152377075484	113.97364646938476	3555.388884176933	ok	cpu/event=0xc0,cmask=1,inv=1/		/home/seunghyun/ycsb/results/filebench_fileserver_smoke_smt14_numa0_x3_madracks-mnode5_20260317T045928Z_357937/runs/filebench_fileserver/smt14_x3
filebench_fileserver_smoke	0	4	2026-03-17T05:11:31Z	madracks-mnode5	amd	filebench_fileserver	analytic	per_instance_external	NO_RETIRED_INST_CYCLES	user	smt14_x4	4	4	0,1,2,3	0,0,0,0	True							1						FILESERVER	FILEBENCH_FILESERVER	FILESERVER		158388.519	ops/s	SUCCESSFUL	4	18.5	18.0	19.0	18.5	19.0	19.0	19.0	19.0	240154290273	275663189303	171008132871	122577.64	158388.519	32797.666738999396	158388.519	36350.0	86210.0	20334171393	4696031054		32.79713406299925	4613.236109780442	187.68923511802512	4800.925344898467	4613.236109780442	187.68923511802512	4800.925344898467	ok	cpu/event=0xc0,cmask=1,inv=1/		/home/seunghyun/ycsb/results/filebench_fileserver_smoke_smt14_numa0_x4_madracks-mnode5_20260317T051059Z_373133/runs/filebench_fileserver/smt14_x4
filebench_fileserver_smoke	0	5	2026-03-17T05:23:21Z	madracks-mnode5	amd	filebench_fileserver	analytic	per_instance_external	NO_RETIRED_INST_CYCLES	user	smt14_x5	5	5	0,1,2,3,4	0,0,0,0,0	True							1						FILESERVER	FILEBENCH_FILESERVER	FILESERVER		193796.37699999998	ops/s	SUCCESSFUL	5	18.8	18.0	19.0	19.0	19.0	19.0	19.0	19.0	301379837220	344671129990	209207895792	153257.08	193796.37699999998	32844.44676899875	193796.37699999998	47440.0	105820.0	25661845634	5780034517		32.84388169199883	5809.610442514192	226.99253544139125	6036.602977955583	5809.610442514192	226.99253544139125	6036.602977955583	ok	cpu/event=0xc0,cmask=1,inv=1/		/home/seunghyun/ycsb/results/filebench_fileserver_smoke_smt14_numa0_x5_madracks-mnode5_20260317T052248Z_384502/runs/filebench_fileserver/smt14_x5
filebench_fileserver_smoke	0	6	2026-03-17T05:35:33Z	madracks-mnode5	amd	filebench_fileserver	analytic	per_instance_external	NO_RETIRED_INST_CYCLES	user	smt14_x6	6	6	0,1,2,3,4,5	0,0,0,0,0,0	True							1						FILESERVER	FILEBENCH_FILESERVER	FILESERVER		230296.21999999997	ops/s	SUCCESSFUL	6	18.833333333333332	18.0	19.0	19.0	19.0	19.0	19.0	19.0	362283708404	413583366098	248875808596	183888.46	230296.21999999997	32804.28883300192	230296.21999999997	47440.0	106570.0	30609258897	6839592951		32.80375600499974	7034.174014365788	283.45355843433634	7317.627572800125	7034.174014365788	283.45355843433634	7317.627572800125	ok	cpu/event=0xc0,cmask=1,inv=1/		/home/seunghyun/ycsb/results/filebench_fileserver_smoke_smt14_numa0_x6_madracks-mnode5_20260317T053500Z_397158/runs/filebench_fileserver/smt14_x6
filebench_fileserver_smoke	0	7	2026-03-17T05:48:17Z	madracks-mnode5	amd	filebench_fileserver	analytic	per_instance_external	NO_RETIRED_INST_CYCLES	user	smt14_x7	7	7	0,1,2,3,4,5,6	0,0,0,0,0,0,0	True							1						FILESERVER	FILEBENCH_FILESERVER	FILESERVER		269449.701	ops/s	SUCCESSFUL	7	19.0	19.0	19.0	19.0	19.0	19.0	19.0	19.0	422397910726	482526217959	291228901516	214542.85	269449.701	32811.20473400006	269449.701	64870.0	149670.0	35409177933	8093091426		32.81063552699925	8330.546899358333	345.200911521014	8675.747810879348	8330.546899358333	345.200911521014	8675.747810879348	ok	cpu/event=0xc0,cmask=1,inv=1/		/home/seunghyun/ycsb/results/filebench_fileserver_smoke_smt14_numa0_x7_madracks-mnode5_20260317T054745Z_411332/runs/filebench_fileserver/smt14_x7
filebench_fileserver_smoke	0	8	2026-03-17T06:02:24Z	madracks-mnode5	amd	filebench_fileserver	analytic	per_instance_external	NO_RETIRED_INST_CYCLES	user	smt14_x8	8	8	0,1,2,3,4,5,6,84	0,0,0,0,0,0,0,0	True							1						FILESERVER	FILEBENCH_FILESERVER	FILESERVER		293603.07899999997	ops/s	SUCCESSFUL	8	20.75	19.0	26.0	19.0	26.0	26.0	26.0	26.0	486585100157	552539512409	318603601597	245685.12	293603.07899999997	33007.1007239967	293603.07899999997	68400.0	177250.0	37740534135	8793775738		33.00655106799968	9239.513841201744	400.1528126460473	9639.666653847791	9239.513841201744	400.1528126460473	9639.666653847791	ok	cpu/event=0xc0,cmask=1,inv=1/		/home/seunghyun/ycsb/results/filebench_fileserver_smoke_smt14_numa0_x8_madracks-mnode5_20260317T060151Z_427160/runs/filebench_fileserver/smt14_x8
filebench_fileserver_smoke	0	9	2026-03-17T06:18:52Z	madracks-mnode5	amd	filebench_fileserver	analytic	per_instance_external	NO_RETIRED_INST_CYCLES	user	smt14_x9	9	9	0,1,2,3,4,5,6,84,85	0,0,0,0,0,0,0,0,0	True							1						FILESERVER	FILEBENCH_FILESERVER	FILESERVER		316373.18700000003	ops/s	SUCCESSFUL	9	22.11111111111111	19.0	26.0	19.0	26.0	26.0	26.0	26.0	551202410330	622656569829	344449768123	276865.89	316373.18700000003	33059.27337799949	316373.18700000003	65610.0	181320.0	40106577482	9408499100		33.05869657999574	10160.758133739431	451.92358208935303	10612.681715828785	10160.758133739431	451.92358208935303	10612.681715828785	ok	cpu/event=0xc0,cmask=1,inv=1/		/home/seunghyun/ycsb/results/filebench_fileserver_smoke_smt14_numa0_x9_madracks-mnode5_20260317T061819Z_445199/runs/filebench_fileserver/smt14_x9
filebench_fileserver_smoke	0	10	2026-03-17T06:35:49Z	madracks-mnode5	amd	filebench_fileserver	analytic	per_instance_external	NO_RETIRED_INST_CYCLES	user	smt14_x10	10	10	0,1,2,3,4,5,6,84,85,86	0,0,0,0,0,0,0,0,0,0	True							1						FILESERVER	FILEBENCH_FILESERVER	FILESERVER		338170.51200000005	ops/s	SUCCESSFUL	10	23.2	19.0	26.0	26.0	26.0	26.0	26.0	26.0	615703317380	692570404751	369634410033	307952.41000000003	338170.51200000005	33020.27077099774	338170.51200000005	78280.0	229640.0	42666750611	10002219933		33.01971451300051	11116.796891482441	501.67946414507554	11618.476355627517	11116.796891482441	501.67946414507554	11618.476355627517	ok	cpu/event=0xc0,cmask=1,inv=1/		/home/seunghyun/ycsb/results/filebench_fileserver_smoke_smt14_numa0_x10_madracks-mnode5_20260317T063516Z_464782/runs/filebench_fileserver/smt14_x10
filebench_fileserver_smoke	0	11	2026-03-17T06:53:14Z	madracks-mnode5	amd	filebench_fileserver	analytic	per_instance_external	NO_RETIRED_INST_CYCLES	user	smt14_x11	11	11	0,1,2,3,4,5,6,84,85,86,87	0,0,0,0,0,0,0,0,0,0,0	True							1						FILESERVER	FILEBENCH_FILESERVER	FILESERVER		358938.009	ops/s	SUCCESSFUL	11	24.454545454545453	19.0	27.0	26.0	27.0	27.0	27.0	27.0	680633214172	762705979561	392966414049	339139.91	358938.009	33034.88839499914	358938.009	74420.0	234760.0	44741113230	10696802953		33.034346756998275	12073.47206408241	548.7161347030826	12622.188198785494	12073.47206408241	548.7161347030826	12622.188198785494	ok	cpu/event=0xc0,cmask=1,inv=1/		/home/seunghyun/ycsb/results/filebench_fileserver_smoke_smt14_numa0_x11_madracks-mnode5_20260317T065241Z_485996/runs/filebench_fileserver/smt14_x11
filebench_fileserver_smoke	0	12	2026-03-17T07:11:23Z	madracks-mnode5	amd	filebench_fileserver	analytic	per_instance_external	NO_RETIRED_INST_CYCLES	user	smt14_x12	12	12	0,1,2,3,4,5,6,84,85,86,87,88	0,0,0,0,0,0,0,0,0,0,0,0	True							1						FILESERVER	FILEBENCH_FILESERVER	FILESERVER		379823.551	ops/s	SUCCESSFUL	12	25.333333333333332	20.0	27.0	26.0	27.0	27.0	27.0	27.0	744173495827	831414865005	416452296338	369681.87	379823.551	33063.28045900591	379823.551	87180.0	282440.0	47425838077	11258910213		33.06271468199702	13050.404857448777	591.8363331177799	13642.241190566558	13050.404857448777	591.8363331177799	13642.241190566558	ok	cpu/event=0xc0,cmask=1,inv=1/		/home/seunghyun/ycsb/results/filebench_fileserver_smoke_smt14_numa0_x12_madracks-mnode5_20260317T071050Z_508370/runs/filebench_fileserver/smt14_x12
filebench_fileserver_smoke	0	13	2026-03-17T07:30:15Z	madracks-mnode5	amd	filebench_fileserver	analytic	per_instance_external	NO_RETIRED_INST_CYCLES	user	smt14_x13	13	13	0,1,2,3,4,5,6,84,85,86,87,88,89	0,0,0,0,0,0,0,0,0,0,0,0,0	True							1						FILESERVER	FILEBENCH_FILESERVER	FILESERVER		402914.363	ops/s	SUCCESSFUL	13	26.307692307692307	19.0	27.0	27.0	27.0	27.0	27.0	27.0	808015228037	900545748040	441490800637	400399.02	402914.363	33058.59751999378	402914.363	86130.0	284440.0	50185909793	11823690015		33.05801029300346	14042.699875035985	630.098922039453	14672.798797075438	14042.699875035985	630.098922039453	14672.798797075438	ok	cpu/event=0xc0,cmask=1,inv=1/		/home/seunghyun/ycsb/results/filebench_fileserver_smoke_smt14_numa0_x13_madracks-mnode5_20260317T072942Z_532168/runs/filebench_fileserver/smt14_x13
filebench_fileserver_smoke	0	14	2026-03-17T07:50:03Z	madracks-mnode5	amd	filebench_fileserver	analytic	per_instance_external	NO_RETIRED_INST_CYCLES	user	smt14_x14	14	14	0,1,2,3,4,5,6,84,85,86,87,88,89,90	0,0,0,0,0,0,0,0,0,0,0,0,0,0	True							1						FILESERVER	FILEBENCH_FILESERVER	FILESERVER		422894.946	ops/s	SUCCESSFUL	14	27.0	27.0	27.0	27.0	27.0	27.0	27.0	27.0	869667433321	967292962228	463695033357	430079.26999999996	422894.946	33065.84507200023	422894.946	96790.0	333290.0	52245204534	12413145236		33.06527049400029	15019.319837017109	665.9166448752663	15685.236481892374	15019.319837017109	665.9166448752663	15685.236481892374	ok	cpu/event=0xc0,cmask=1,inv=1/		/home/seunghyun/ycsb/results/filebench_fileserver_smoke_smt14_numa0_x14_madracks-mnode5_20260317T074930Z_557542/runs/filebench_fileserver/smt14_x14
filebench_fileserver_smoke	1	1	2026-03-17T04:43:40Z	madracks-mnode5	amd	filebench_fileserver	analytic	per_instance_external	NO_RETIRED_INST_CYCLES	user	smt14_x1	1	1	0	1	True							1						FILESERVER	FILEBENCH_FILESERVER	FILESERVER		31540.627	ops/s	SUCCESSFUL	1	25.0	25.0	25.0	25.0	25.0	25.0	25.0	25.0	61952290120	69230180321	34530800900	30785.95	31540.627	32912.44403399833	31540.627	7330.0	23420.0	4163965623	917880336		32.91188702599902	872.2285621013291	19.92243890712757	892.1510010084567	872.2285621013291	19.92243890712757	892.1510010084567	ok	cpu/event=0xc0,cmask=1,inv=1/		/home/seunghyun/ycsb/results/filebench_fileserver_smoke_smt14_numa1_x1_madracks-mnode5_20260317T044307Z_346783/runs/filebench_fileserver/smt14_x1
filebench_fileserver_smoke	1	2	2026-03-17T04:54:45Z	madracks-mnode5	amd	filebench_fileserver	analytic	per_instance_external	NO_RETIRED_INST_CYCLES	user	smt14_x2	2	2	0,1	1,1	True							1						FILESERVER	FILEBENCH_FILESERVER	FILESERVER		62610.837	ops/s	SUCCESSFUL	2	25.0	25.0	25.0	25.0	25.0	25.0	25.0	25.0	124178431908	138499581885	68353015032	61588.67	62610.837	32918.46174899911	62610.837	15020.0	46520.0	8190412482	1849912518		32.91790556200067	1755.0686566871293	57.41117730990186	1812.4798339970312	1755.0686566871293	57.41117730990186	1812.4798339970312	ok	cpu/event=0xc0,cmask=1,inv=1/		/home/seunghyun/ycsb/results/filebench_fileserver_smoke_smt14_numa1_x2_madracks-mnode5_20260317T045412Z_353913/runs/filebench_fileserver/smt14_x2
filebench_fileserver_smoke	1	3	2026-03-17T05:06:10Z	madracks-mnode5	amd	filebench_fileserver	analytic	per_instance_external	NO_RETIRED_INST_CYCLES	user	smt14_x3	3	3	0,1,2	1,1,1	True							1						FILESERVER	FILEBENCH_FILESERVER	FILESERVER		90236.649	ops/s	SUCCESSFUL	3	25.333333333333332	25.0	26.0	25.0	25.9	25.98	25.998	25.9998	187256853151	207881829570	98731987807	92436.96	90236.649	32941.64977900073	90236.649	23750.0	68620.0	12412511224	2660421564		32.94106930400085	2552.0681729360927	91.00200547456241	2643.070178410655	2552.0681729360927	91.00200547456241	2643.070178410655	ok	cpu/event=0xc0,cmask=1,inv=1/		/home/seunghyun/ycsb/results/filebench_fileserver_smoke_smt14_numa1_x3_madracks-mnode5_20260317T050537Z_365430/runs/filebench_fileserver/smt14_x3
filebench_fileserver_smoke	1	4	2026-03-17T05:17:49Z	madracks-mnode5	amd	filebench_fileserver	analytic	per_instance_external	NO_RETIRED_INST_CYCLES	user	smt14_x4	4	4	0,1,2,3	1,1,1,1	True							1						FILESERVER	FILEBENCH_FILESERVER	FILESERVER		119064.291	ops/s	SUCCESSFUL	4	26.0	26.0	26.0	26.0	26.0	26.0	26.0	26.0	250185207922	277328254044	130307291682	123313.14	119064.291	32989.691949998814	119064.291	31390.0	91850.0	16423638742	3484856066		32.98912725199989	3428.6715078045168	131.6981730040329	3560.3696808085497	3428.6715078045168	131.6981730040329	3560.3696808085497	ok	cpu/event=0xc0,cmask=1,inv=1/		/home/seunghyun/ycsb/results/filebench_fileserver_smoke_smt14_numa1_x4_madracks-mnode5_20260317T051716Z_378602/runs/filebench_fileserver/smt14_x4
filebench_fileserver_smoke	1	5	2026-03-17T05:29:50Z	madracks-mnode5	amd	filebench_fileserver	analytic	per_instance_external	NO_RETIRED_INST_CYCLES	user	smt14_x5	5	5	0,1,2,3,4	1,1,1,1,1	True							1						FILESERVER	FILEBENCH_FILESERVER	FILESERVER		147869.775	ops/s	SUCCESSFUL	5	26.0	26.0	26.0	26.0	26.0	26.0	26.0	26.0	313220647053	346777387568	161855205829	154188.43	147869.775	32961.78211299775	147869.775	40000.0	114080.0	20293503390	4287034100		32.96123860499938	4311.4256746362025	173.62546192218312	4485.051136558385	4311.4256746362025	173.62546192218312	4485.051136558385	ok	cpu/event=0xc0,cmask=1,inv=1/		/home/seunghyun/ycsb/results/filebench_fileserver_smoke_smt14_numa1_x5_madracks-mnode5_20260317T052917Z_390656/runs/filebench_fileserver/smt14_x5
filebench_fileserver_smoke	1	6	2026-03-17T05:42:19Z	madracks-mnode5	amd	filebench_fileserver	analytic	per_instance_external	NO_RETIRED_INST_CYCLES	user	smt14_x6	6	6	0,1,2,3,4,5	1,1,1,1,1,1	True							1						FILESERVER	FILEBENCH_FILESERVER	FILESERVER		175865.19199999998	ops/s	SUCCESSFUL	6	26.0	26.0	26.0	26.0	26.0	26.0	26.0	26.0	376279333934	416243082379	192506340569	185073.05000000002	175865.19199999998	32973.157197000546	175865.19199999998	47160.0	137800.0	24277658044	5153368675		32.97261742000046	5218.11582828017	218.8155287591946	5436.931357039364	5218.11582828017	218.8155287591946	5436.931357039364	ok	cpu/event=0xc0,cmask=1,inv=1/		/home/seunghyun/ycsb/results/filebench_fileserver_smoke_smt14_numa1_x6_madracks-mnode5_20260317T054146Z_404099/runs/filebench_fileserver/smt14_x6
filebench_fileserver_smoke	1	7	2026-03-17T05:55:19Z	madracks-mnode5	amd	filebench_fileserver	analytic	per_instance_external	NO_RETIRED_INST_CYCLES	user	smt14_x7	7	7	0,1,2,3,4,5,6	1,1,1,1,1,1,1	True							1						FILESERVER	FILEBENCH_FILESERVER	FILESERVER		203962.462	ops/s	SUCCESSFUL	7	26.571428571428573	26.0	27.0	27.0	27.0	27.0	27.0	27.0	439538990004	485659050764	223400799610	215935.06	203962.462	32991.90350799836	203962.462	53930.0	161900.0	28154341022	5989377436		32.99138133000088	6135.612036094369	263.69302024199453	6399.305056336363	6135.612036094369	263.69302024199453	6399.305056336363	ok	cpu/event=0xc0,cmask=1,inv=1/		/home/seunghyun/ycsb/results/filebench_fileserver_smoke_smt14_numa1_x7_madracks-mnode5_20260317T055446Z_418923/runs/filebench_fileserver/smt14_x7
filebench_fileserver_smoke	1	8	2026-03-17T06:11:08Z	madracks-mnode5	amd	filebench_fileserver	analytic	per_instance_external	NO_RETIRED_INST_CYCLES	user	smt14_x8	8	8	0,1,2,3,4,5,6,84	1,1,1,1,1,1,1,1	True							1						FILESERVER	FILEBENCH_FILESERVER	FILESERVER		218118.75200000004	ops/s	SUCCESSFUL	8	29.25	27.0	36.0	27.0	36.0	36.0	36.0	36.0	506110108735	556297553075	240328561396	247343.14	218118.75200000004	33223.90428500148	218118.75200000004	57030.0	190180.0	30316326646	6432039236		33.22337262700239	6833.039619687874	299.8011081683115	7132.840727856185	6833.039619687874	299.8011081683115	7132.840727856185	ok	cpu/event=0xc0,cmask=1,inv=1/		/home/seunghyun/ycsb/results/filebench_fileserver_smoke_smt14_numa1_x8_madracks-mnode5_20260317T061035Z_436054/runs/filebench_fileserver/smt14_x8
filebench_fileserver_smoke	1	9	2026-03-17T06:27:57Z	madracks-mnode5	amd	filebench_fileserver	analytic	per_instance_external	NO_RETIRED_INST_CYCLES	user	smt14_x9	9	9	0,1,2,3,4,5,6,84,85	1,1,1,1,1,1,1,1,1	True							1						FILESERVER	FILEBENCH_FILESERVER	FILESERVER		234004.009	ops/s	SUCCESSFUL	9	31.0	27.0	36.0	27.0	36.0	36.0	36.0	36.0	572730468435	627110312310	258788149516	278827.82	234004.009	33237.36108899902	234004.009	56420.0	192320.0	32479957626	6880082810		33.2368385209993	7407.872116749406	338.9777122825105	7746.849829031917	7407.872116749406	338.9777122825105	7746.849829031917	ok	cpu/event=0xc0,cmask=1,inv=1/		/home/seunghyun/ycsb/results/filebench_fileserver_smoke_smt14_numa1_x9_madracks-mnode5_20260317T062723Z_454956/runs/filebench_fileserver/smt14_x9
filebench_fileserver_smoke	1	10	2026-03-17T06:45:08Z	madracks-mnode5	amd	filebench_fileserver	analytic	per_instance_external	NO_RETIRED_INST_CYCLES	user	smt14_x10	10	10	0,1,2,3,4,5,6,84,85,86	1,1,1,1,1,1,1,1,1,1	True							1						FILESERVER	FILEBENCH_FILESERVER	FILESERVER		248944.74699999997	ops/s	SUCCESSFUL	10	33.1	27.0	37.0	36.0	37.0	37.0	37.0	37.0	639640657828	698028740346	276524470259	310374.66	248944.74699999997	33266.20475699747	248944.74699999997	66440.0	243700.0	34597865646	7306959909		33.265791719000845	8145.216268724647	370.2156047204341	8515.43187344508	8145.216268724647	370.2156047204341	8515.43187344508	ok	cpu/event=0xc0,cmask=1,inv=1/		/home/seunghyun/ycsb/results/filebench_fileserver_smoke_smt14_numa1_x10_madracks-mnode5_20260317T064435Z_475202/runs/filebench_fileserver/smt14_x10
filebench_fileserver_smoke	1	11	2026-03-17T07:03:00Z	madracks-mnode5	amd	filebench_fileserver	analytic	per_instance_external	NO_RETIRED_INST_CYCLES	user	smt14_x11	11	11	0,1,2,3,4,5,6,84,85,86,87	1,1,1,1,1,1,1,1,1,1,1	True							1						FILESERVER	FILEBENCH_FILESERVER	FILESERVER		264305.142	ops/s	SUCCESSFUL	11	34.36363636363637	28.0	37.0	37.0	37.0	37.0	37.0	37.0	706233092842	768773868456	294211735045	341815.1	264305.142	33279.205923994596	264305.142	65230.0	246440.0	36768661473	7777114328		33.27866090599855	8846.699808345193	406.63560256533344	9253.335410910526	8846.699808345193	406.63560256533344	9253.335410910526	ok	cpu/event=0xc0,cmask=1,inv=1/		/home/seunghyun/ycsb/results/filebench_fileserver_smoke_smt14_numa1_x11_madracks-mnode5_20260317T070227Z_497271/runs/filebench_fileserver/smt14_x11
filebench_fileserver_smoke	1	12	2026-03-17T07:21:28Z	madracks-mnode5	amd	filebench_fileserver	analytic	per_instance_external	NO_RETIRED_INST_CYCLES	user	smt14_x12	12	12	0,1,2,3,4,5,6,84,85,86,87,88	1,1,1,1,1,1,1,1,1,1,1,1	True							1						FILESERVER	FILEBENCH_FILESERVER	FILESERVER		279984.613	ops/s	SUCCESSFUL	12	35.5	28.0	37.0	37.0	37.0	37.0	37.0	37.0	773440015701	839992880493	311876457972	373472.1599999999	279984.613	33300.350429999526	279984.613	63910.0	249520.0	38885923269	8220668446		33.299806982999144	9509.296924690785	436.9279131488057	9946.22483783959	9509.296924690785	436.9279131488057	9946.22483783959	ok	cpu/event=0xc0,cmask=1,inv=1/		/home/seunghyun/ycsb/results/filebench_fileserver_smoke_smt14_numa1_x12_madracks-mnode5_20260317T072055Z_520182/runs/filebench_fileserver/smt14_x12
filebench_fileserver_smoke	1	13	2026-03-17T07:40:50Z	madracks-mnode5	amd	filebench_fileserver	analytic	per_instance_external	NO_RETIRED_INST_CYCLES	user	smt14_x13	13	13	0,1,2,3,4,5,6,84,85,86,87,88,89	1,1,1,1,1,1,1,1,1,1,1,1,1	True							1						FILESERVER	FILEBENCH_FILESERVER	FILESERVER		294894.842	ops/s	SUCCESSFUL	13	36.69230769230769	28.0	38.0	37.0	38.0	38.0	38.0	38.0	840856950557	911292954431	328904094510	405171.51	294894.842	33390.255852995324	294894.842	79380.0	325480.0	40886641482	8649117179		33.389694985999085	10294.185076360523	454.56801739387686	10748.7530937544	10294.185076360523	454.56801739387686	10748.7530937544	ok	cpu/event=0xc0,cmask=1,inv=1/		/home/seunghyun/ycsb/results/filebench_fileserver_smoke_smt14_numa1_x13_madracks-mnode5_20260317T074017Z_544826/runs/filebench_fileserver/smt14_x13
filebench_fileserver_smoke	1	14	2026-03-17T08:01:15Z	madracks-mnode5	amd	filebench_fileserver	analytic	per_instance_external	NO_RETIRED_INST_CYCLES	user	smt14_x14	14	14	0,1,2,3,4,5,6,84,85,86,87,88,89,90	1,1,1,1,1,1,1,1,1,1,1,1,1,1	True							1						FILESERVER	FILEBENCH_FILESERVER	FILESERVER		308965.615	ops/s	SUCCESSFUL	14	37.92857142857143	37.0	38.0	38.0	38.0	38.0	38.0	38.0	907963998102	982105655223	345028154504	436653.33999999997	308965.615	33455.04722400074	308965.615	84420.0	351920.0	42752413511	9059753452		33.45453428000474	10840.232952593358	485.08889951796215	11325.321852111321	10840.232952593358	485.08889951796215	11325.321852111321	ok	cpu/event=0xc0,cmask=1,inv=1/		/home/seunghyun/ycsb/results/filebench_fileserver_smoke_smt14_numa1_x14_madracks-mnode5_20260317T080042Z_571048/runs/filebench_fileserver/smt14_x14
gapbs_pagerank_smoke	0	1	2026-03-17T04:37:02Z	madracks-mnode5	amd	gapbs_pagerank	analytic	per_instance_external	NO_RETIRED_INST_CYCLES	user	smt14_x1	1	1	0	0	True							1						PAGERANK	GAPBS_PAGERANK	4el		0.5269536807714602	runs/s	SUCCESSFUL	4	1897702.5	1894370.0	1903550.0	1896445.0	1902602.0	1903360.4	1903531.04	1903548.104	62731848862	85904224814	104521719522	38182.64	0.5269536807714602	38237.85341700204	0.5269536807714602	37000.0	1190.0	5142416210	2820495460		38.23736266000196	673.6953719347306	103.84500760723726	777.5403795419678	673.6953719347306	103.84500760723726	777.5403795419678	ok	cpu/event=0xc0,cmask=1,inv=1/		/home/seunghyun/ycsb/results/gapbs_pagerank_smoke_smt14_numa0_x1_madracks-mnode5_20260317T043623Z_343310/runs/gapbs_pagerank/smt14_x1
gapbs_pagerank_smoke	0	2	2026-03-17T04:47:53Z	madracks-mnode5	amd	gapbs_pagerank	analytic	per_instance_external	NO_RETIRED_INST_CYCLES	user	smt14_x2	2	2	0,1	0,0	True							1						PAGERANK	GAPBS_PAGERANK	4el		0.8640009698912055	runs/s	SUCCESSFUL	8	2323057.5	2168800.0	2564850.0	2186540.0	2561843.5	2564248.7	2564789.87	2564843.987	135814068540	182051667942	209065478635	80916.26000000001	0.8640009698912055	41084.629790999315	0.8640009698912055	78460.0	2490.0	10279059473	5646058547		41.0840093140032	1655.3011745942772	359.523392706376	2014.8245673006531	1655.3011745942772	359.523392706376	2014.8245673006531	ok	cpu/event=0xc0,cmask=1,inv=1/		/home/seunghyun/ycsb/results/gapbs_pagerank_smoke_smt14_numa0_x2_madracks-mnode5_20260317T044712Z_349681/runs/gapbs_pagerank/smt14_x2
gapbs_pagerank_smoke	0	3	2026-03-17T04:59:05Z	madracks-mnode5	amd	gapbs_pagerank	analytic	per_instance_external	NO_RETIRED_INST_CYCLES	user	smt14_x3	3	3	0,1,2	0,0,0	True							1						PAGERANK	GAPBS_PAGERANK	4el		1.0890447200856324	runs/s	SUCCESSFUL	12	2761737.5	2566440.0	2936460.0	2798850.0	2935481.0	2936264.2	2936440.42	2936458.042	217800260298	287101011947	313624104245	127605.41	1.0890447200856324	43001.397427000484	1.0890447200856324	124170.0	3480.0	15414252177	8468453631		43.000819798999146	3229.8062163276873	652.3376167768272	3882.1438331045147	3229.8062163276873	652.3376167768272	3882.1438331045147	ok	cpu/event=0xc0,cmask=1,inv=1/		/home/seunghyun/ycsb/results/gapbs_pagerank_smoke_smt14_numa0_x3_madracks-mnode5_20260317T045822Z_357388/runs/gapbs_pagerank/smt14_x3
gapbs_pagerank_smoke	0	4	2026-03-17T05:10:36Z	madracks-mnode5	amd	gapbs_pagerank	analytic	per_instance_external	NO_RETIRED_INST_CYCLES	user	smt14_x4	4	4	0,1,2,3	0,0,0,0	True							1						PAGERANK	GAPBS_PAGERANK	4el		1.2960039559422045	runs/s	SUCCESSFUL	16	3086991.25	3007570.0	3179390.0	3080570.0	3169782.5	3177468.5	3179197.85	3179370.785	304612332906	397053279309	418226669639	176474.44	1.2960039559422045	44339.538618001825	1.2960039559422045	171800.0	4740.0	20552629210	11295780403		44.338972322999325	5433.151541719475	989.6887433395526	6422.840285059027	5433.151541719475	989.6887433395526	6422.840285059027	ok	cpu/event=0xc0,cmask=1,inv=1/		/home/seunghyun/ycsb/results/gapbs_pagerank_smoke_smt14_numa0_x4_madracks-mnode5_20260317T050951Z_372447/runs/gapbs_pagerank/smt14_x4
gapbs_pagerank_smoke	0	5	2026-03-17T05:22:25Z	madracks-mnode5	amd	gapbs_pagerank	analytic	per_instance_external	NO_RETIRED_INST_CYCLES	user	smt14_x5	5	5	0,1,2,3,4	0,0,0,0,0	True							1						PAGERANK	GAPBS_PAGERANK	4el		1.5472985871087044	runs/s	SUCCESSFUL	20	3235524.0	3011570.0	3387690.0	3282560.0	3387500.0	3387652.0	3387686.2	3387689.62	390085040057	505634858682	522743186713	224733.1	1.5472985871087044	45376.90292499974	1.5472985871087044	218850.0	5960.0	25682049489	14124235971		45.37629716900119	7538.190262518397	1340.2576749593966	8878.447937477793	7538.190262518397	1340.2576749593966	8878.447937477793	ok	cpu/event=0xc0,cmask=1,inv=1/		/home/seunghyun/ycsb/results/gapbs_pagerank_smoke_smt14_numa0_x5_madracks-mnode5_20260317T052140Z_383772/runs/gapbs_pagerank/smt14_x5
gapbs_pagerank_smoke	0	6	2026-03-17T05:34:36Z	madracks-mnode5	amd	gapbs_pagerank	analytic	per_instance_external	NO_RETIRED_INST_CYCLES	user	smt14_x6	6	6	0,1,2,3,4,5	0,0,0,0,0,0	True							1						PAGERANK	GAPBS_PAGERANK	4el		1.756003021817127	runs/s	SUCCESSFUL	24	3421242.5	3230730.0	3574890.0	3478455.0	3566462.0	3573355.9	3574736.59	3574874.659	480675378118	619351660508	627291788920	275274.46	1.756003021817127	46303.13221200049	1.756003021817127	267970.0	7360.0	30820106383	16948085424		46.302560256001016	9941.30274049762	1695.5231734433894	11636.82591394101	9941.30274049762	1695.5231734433894	11636.82591394101	ok	cpu/event=0xc0,cmask=1,inv=1/		/home/seunghyun/ycsb/results/gapbs_pagerank_smoke_smt14_numa0_x6_madracks-mnode5_20260317T053350Z_396404/runs/gapbs_pagerank/smt14_x6
gapbs_pagerank_smoke	0	7	2026-03-17T05:47:20Z	madracks-mnode5	amd	gapbs_pagerank	analytic	per_instance_external	NO_RETIRED_INST_CYCLES	user	smt14_x7	7	7	0,1,2,3,4,5,6	0,0,0,0,0,0,0	True							1						PAGERANK	GAPBS_PAGERANK	4el		1.895072205605738	runs/s	SUCCESSFUL	28	3698395.3571428573	3490210.0	3898240.0	3795250.0	3882936.5	3894543.7	3897870.37	3898203.037	581182947687	743040562987	731933949722	330248.38	1.895072205605738	47712.39347399751	1.895072205605738	321640.0	8700.0	35939031811	19765767609		47.711828168001375	12288.744811893446	2039.5118038302	14328.256615723647	12288.744811893446	2039.5118038302	14328.256615723647	ok	cpu/event=0xc0,cmask=1,inv=1/		/home/seunghyun/ycsb/results/gapbs_pagerank_smoke_smt14_numa0_x7_madracks-mnode5_20260317T054632Z_410461/runs/gapbs_pagerank/smt14_x7
gapbs_pagerank_smoke	0	8	2026-03-17T06:01:17Z	madracks-mnode5	amd	gapbs_pagerank	analytic	per_instance_external	NO_RETIRED_INST_CYCLES	user	smt14_x8	8	8	0,1,2,3,4,5,6,84	0,0,0,0,0,0,0,0	True							1						PAGERANK	GAPBS_PAGERANK	4el		2.085247816321708	runs/s	SUCCESSFUL	32	3906206.25	3186800.0	6582220.0	3739595.0	5315096.499999998	6578453.5	6581843.35	6582182.335	716378607929	902027855122	836503657653	400912.68000000005	2.085247816321708	60732.86851800003	2.085247816321708	390550.0	10490.0	42649923700	23424503793		60.7323114910032	9668.068762065814	1702.0945301610082	11370.163292226822	9668.068762065814	1702.0945301610082	11370.163292226822	ok	cpu/event=0xc0,cmask=1,inv=1/		/home/seunghyun/ycsb/results/gapbs_pagerank_smoke_smt14_numa0_x8_madracks-mnode5_20260317T060016Z_426168/runs/gapbs_pagerank/smt14_x8
gapbs_pagerank_smoke	0	9	2026-03-17T06:17:46Z	madracks-mnode5	amd	gapbs_pagerank	analytic	per_instance_external	NO_RETIRED_INST_CYCLES	user	smt14_x9	9	9	0,1,2,3,4,5,6,84,85	0,0,0,0,0,0,0,0,0	True							1						PAGERANK	GAPBS_PAGERANK	4el		2.1332702139264788	runs/s	SUCCESSFUL	36	4462027.5	3251230.0	7038410.0	4024505.0	6485395.0	7036968.0	7038265.8	7038395.58	891025502565	1099874672429	941143718226	488847.01	2.1332702139264788	65407.93833600037	2.1332702139264788	476760.0	12230.0	49294332214	27097516028		65.40735690800648	10096.31587102839	1854.4092568710494	11950.725127899439	10096.31587102839	1854.4092568710494	11950.725127899439	ok	cpu/event=0xc0,cmask=1,inv=1/		/home/seunghyun/ycsb/results/gapbs_pagerank_smoke_smt14_numa0_x9_madracks-mnode5_20260317T061640Z_444173/runs/gapbs_pagerank/smt14_x9
gapbs_pagerank_smoke	0	10	2026-03-17T06:34:43Z	madracks-mnode5	amd	gapbs_pagerank	analytic	per_instance_external	NO_RETIRED_INST_CYCLES	user	smt14_x10	10	10	0,1,2,3,4,5,6,84,85,86	0,0,0,0,0,0,0,0,0,0	True							1						PAGERANK	GAPBS_PAGERANK	4el		2.179568572133989	runs/s	SUCCESSFUL	40	5012592.25	3055060.0	6826860.0	5910325.0	6811858.5	6822183.9	6826392.39	6826813.239	1080100860755	1312512571389	1045810903443	583354.41	2.179568572133989	67281.96454299905	2.179568572133989	569360.0	14170.0	55942055213	30757270681		67.28138328599744	11790.67522472388	2115.4311538503284	13906.106378574208	11790.67522472388	2115.4311538503284	13906.106378574208	ok	cpu/event=0xc0,cmask=1,inv=1/		/home/seunghyun/ycsb/results/gapbs_pagerank_smoke_smt14_numa0_x10_madracks-mnode5_20260317T063335Z_463713/runs/gapbs_pagerank/smt14_x10
gapbs_pagerank_smoke	0	11	2026-03-17T06:52:07Z	madracks-mnode5	amd	gapbs_pagerank	analytic	per_instance_external	NO_RETIRED_INST_CYCLES	user	smt14_x11	11	11	0,1,2,3,4,5,6,84,85,86,87	0,0,0,0,0,0,0,0,0,0,0	True							1						PAGERANK	GAPBS_PAGERANK	4el		2.2238341538676165	runs/s	SUCCESSFUL	44	5515531.136363637	2620330.0	6945450.0	6241495.0	6927341.0	6940268.5	6944931.850000001	6945398.185	1273225328936	1529215758998	1150512897129	679669.22	2.2238341538676165	69385.40451500012	2.2238341538676165	663590.0	16260.0	62581214653	34412907421		69.38486502700107	13782.34758975707	2389.4088077085817	16171.756397465651	13782.34758975707	2389.4088077085817	16171.756397465651	ok	cpu/event=0xc0,cmask=1,inv=1/		/home/seunghyun/ycsb/results/gapbs_pagerank_smoke_smt14_numa0_x11_madracks-mnode5_20260317T065057Z_484596/runs/gapbs_pagerank/smt14_x11
gapbs_pagerank_smoke	0	12	2026-03-17T07:10:14Z	madracks-mnode5	amd	gapbs_pagerank	analytic	per_instance_external	NO_RETIRED_INST_CYCLES	user	smt14_x12	12	12	0,1,2,3,4,5,6,84,85,86,87,88	0,0,0,0,0,0,0,0,0,0,0,0	True							1						PAGERANK	GAPBS_PAGERANK	4el		2.212336318615524	runs/s	SUCCESSFUL	48	6118713.541666667	2300150.0	6882080.0	6811940.0	6866880.5	6878122.6	6881684.26	6882040.426	1491835174790	1771364006713	1255164911884	787293.88	2.212336318615524	70650.90254600364	2.212336318615524	769240.0	18250.0	69212468150	38072933535		70.65026189799391	16367.958620777492	2707.0410313984216	19074.999652175913	16367.958620777492	2707.0410313984216	19074.999652175913	ok	cpu/event=0xc0,cmask=1,inv=1/		/home/seunghyun/ycsb/results/gapbs_pagerank_smoke_smt14_numa0_x12_madracks-mnode5_20260317T070903Z_507190/runs/gapbs_pagerank/smt14_x12
gapbs_pagerank_smoke	0	13	2026-03-17T07:29:04Z	madracks-mnode5	amd	gapbs_pagerank	analytic	per_instance_external	NO_RETIRED_INST_CYCLES	user	smt14_x13	13	13	0,1,2,3,4,5,6,84,85,86,87,88,89	0,0,0,0,0,0,0,0,0,0,0,0,0	True							1						PAGERANK	GAPBS_PAGERANK	4el		1.9404166072554019	runs/s	SUCCESSFUL	52	7530892.5	1811520.0	8220929.999999999	7930230.0	8194941.000000001	8217283.5	8220565.349999999	8220893.534999999	1813887601709	2117179944385	1359947807851	940993.23	1.9404166072554019	75791.72462199494	1.9404166072554019	920690.0	20510.0	75670762112	41839605446		75.79110485500132	18689.907128105293	2911.3670675036956	21601.27419560899	18689.907128105293	2911.3670675036956	21601.27419560899	ok	cpu/event=0xc0,cmask=1,inv=1/		/home/seunghyun/ycsb/results/gapbs_pagerank_smoke_smt14_numa0_x13_madracks-mnode5_20260317T072749Z_530874/runs/gapbs_pagerank/smt14_x13
gapbs_pagerank_smoke	0	14	2026-03-17T07:48:51Z	madracks-mnode5	amd	gapbs_pagerank	analytic	per_instance_external	NO_RETIRED_INST_CYCLES	user	smt14_x14	14	14	0,1,2,3,4,5,6,84,85,86,87,88,89,90	0,0,0,0,0,0,0,0,0,0,0,0,0,0	True							1						PAGERANK	GAPBS_PAGERANK	4el		1.4563460984423182	runs/s	SUCCESSFUL	56	9628955.0	8675290.0	10214180.0	10011380.0	10180965.0	10202685.0	10213030.5	10214065.05	2250801897597	2577764098803	1464980327042	1145713.7499999998	1.4563460984423182	82799.5160510036	1.4563460984423182	1121930.0	24030.0	79408349553	47378417477		82.79902386300091	20477.713306927842	3004.7483287762902	23482.461635704134	20477.713306927842	3004.7483287762902	23482.461635704134	ok	cpu/event=0xc0,cmask=1,inv=1/		/home/seunghyun/ycsb/results/gapbs_pagerank_smoke_smt14_numa0_x14_madracks-mnode5_20260317T074728Z_556161/runs/gapbs_pagerank/smt14_x14
gapbs_pagerank_smoke	1	1	2026-03-17T04:42:40Z	madracks-mnode5	amd	gapbs_pagerank	analytic	per_instance_external	NO_RETIRED_INST_CYCLES	user	smt14_x1	1	1	0	1	True							1						PAGERANK	GAPBS_PAGERANK	4el		0.3463707275170761	runs/s	SUCCESSFUL	4	2887077.5	2880920.0	2894570.0	2886410.0	2893682.0	2894392.4	2894552.24	2894568.224	77632088082	100815006839	104591572971	44810.99	0.3463707275170761	44874.60696400012	0.3463707275170761	43480.0	1340.0	5144726962	2826767179		44.874055207998026	589.455377973365	91.73677429279975	681.1921522661647	589.455377973365	91.73677429279975	681.1921522661647	ok	cpu/event=0xc0,cmask=1,inv=1/		/home/seunghyun/ycsb/results/gapbs_pagerank_smoke_smt14_numa1_x1_madracks-mnode5_20260317T044155Z_346219/runs/gapbs_pagerank/smt14_x1
gapbs_pagerank_smoke	1	2	2026-03-17T04:53:44Z	madracks-mnode5	amd	gapbs_pagerank	analytic	per_instance_external	NO_RETIRED_INST_CYCLES	user	smt14_x2	2	2	0,1	1,1	True							1						PAGERANK	GAPBS_PAGERANK	4el		0.5532988011865203	runs/s	SUCCESSFUL	8	3629413.75	3385060.0	4022010.0	3415350.0	4018653.5	4021338.7	4021942.87	4022003.287	172707090804	218989377025	209191988367	97333.77	0.5532988011865203	49537.12088099928	0.5532988011865203	94520.0	2830.0	10288318442	5654930988		49.53655020400038	1406.8151231335792	287.7664737515828	1694.581596885162	1406.8151231335792	287.7664737515828	1694.581596885162	ok	cpu/event=0xc0,cmask=1,inv=1/		/home/seunghyun/ycsb/results/gapbs_pagerank_smoke_smt14_numa1_x2_madracks-mnode5_20260317T045255Z_353351/runs/gapbs_pagerank/smt14_x2
gapbs_pagerank_smoke	1	3	2026-03-17T05:05:09Z	madracks-mnode5	amd	gapbs_pagerank	analytic	per_instance_external	NO_RETIRED_INST_CYCLES	user	smt14_x3	3	3	0,1,2	1,1,1	True							1						PAGERANK	GAPBS_PAGERANK	4el		0.6897479348993126	runs/s	SUCCESSFUL	12	4349417.5	4317800.0	4374340.0	4348965.0	4371480.0	4373768.0	4374282.8	4374334.28	284555776563	353928681990	313769355146	157308.81	0.6897479348993126	52574.49181699849	0.6897479348993126	153220.0	4120.0	15422454224	8482876510		52.5739437609991	2712.390198306523	516.272065883404	3228.662264189927	2712.390198306523	516.272065883404	3228.662264189927	ok	cpu/event=0xc0,cmask=1,inv=1/		/home/seunghyun/ycsb/results/gapbs_pagerank_smoke_smt14_numa1_x3_madracks-mnode5_20260317T050417Z_364726/runs/gapbs_pagerank/smt14_x3
gapbs_pagerank_smoke	1	4	2026-03-17T05:16:48Z	madracks-mnode5	amd	gapbs_pagerank	analytic	per_instance_external	NO_RETIRED_INST_CYCLES	user	smt14_x4	4	4	0,1,2,3	1,1,1,1	True							1						PAGERANK	GAPBS_PAGERANK	4el		0.8552812301584127	runs/s	SUCCESSFUL	16	4683890.0	4365200.0	4866810.0	4808630.0	4865152.5	4866478.5	4866776.85	4866806.685	398215700810	490781068821	418406614346	218132.99	0.8552812301584127	55061.47222999789	0.8552812301584127	212540.0	5650.0	20562279455	11315833193		55.06096043300204	4285.283785777869	762.088560278988	5047.372346056856	4285.283785777869	762.088560278988	5047.372346056856	ok	cpu/event=0xc0,cmask=1,inv=1/		/home/seunghyun/ycsb/results/gapbs_pagerank_smoke_smt14_numa1_x4_madracks-mnode5_20260317T051553Z_377857/runs/gapbs_pagerank/smt14_x4
gapbs_pagerank_smoke	1	5	2026-03-17T05:28:48Z	madracks-mnode5	amd	gapbs_pagerank	analytic	per_instance_external	NO_RETIRED_INST_CYCLES	user	smt14_x5	5	5	0,1,2,3,4	1,1,1,1,1	True							1						PAGERANK	GAPBS_PAGERANK	4el		1.0082264912685048	runs/s	SUCCESSFUL	20	4964548.5	4624340.0	5125400.0	5078990.0	5119130.0	5124146.0	5125274.6	5125387.46	517361781380	633118944161	523006059283	281394.86000000004	1.0082264912685048	56741.58773599993	1.0082264912685048	274240.0	7230.0	25703612889	14149989812		56.740997668999626	6070.225028211033	1017.2028254791813	7087.427853690214	6070.225028211033	1017.2028254791813	7087.427853690214	ok	cpu/event=0xc0,cmask=1,inv=1/		/home/seunghyun/ycsb/results/gapbs_pagerank_smoke_smt14_numa1_x5_madracks-mnode5_20260317T052752Z_389851/runs/gapbs_pagerank/smt14_x5
gapbs_pagerank_smoke	1	6	2026-03-17T05:41:17Z	madracks-mnode5	amd	gapbs_pagerank	analytic	per_instance_external	NO_RETIRED_INST_CYCLES	user	smt14_x6	6	6	0,1,2,3,4,5	1,1,1,1,1,1	True							1						PAGERANK	GAPBS_PAGERANK	4el		1.1446579987044228	runs/s	SUCCESSFUL	24	5245617.083333333	4990670.0	5510510.0	5208095.0	5485782.0	5505468.4	5510005.84	5510459.584	642256976672	781227280928	627647546218	347222.33999999997	1.1446579987044228	58597.45098100029	1.1446579987044228	338720.0	8590.0	30829560393	16984411964		58.59683317300005	7986.254328861542	1251.83143552347	9238.085764385012	7986.254328861542	1251.83143552347	9238.085764385012	ok	cpu/event=0xc0,cmask=1,inv=1/		/home/seunghyun/ycsb/results/gapbs_pagerank_smoke_smt14_numa1_x6_madracks-mnode5_20260317T054018Z_403183/runs/gapbs_pagerank/smt14_x6
gapbs_pagerank_smoke	1	7	2026-03-17T05:54:16Z	madracks-mnode5	amd	gapbs_pagerank	analytic	per_instance_external	NO_RETIRED_INST_CYCLES	user	smt14_x7	7	7	0,1,2,3,4,5,6	1,1,1,1,1,1,1	True							1						PAGERANK	GAPBS_PAGERANK	4el		1.2449466842406136	runs/s	SUCCESSFUL	28	5623136.428571428	5498380.0	5725510.0	5631170.0	5710834.0	5722980.1	5725257.01	5725484.701	779519866005	941721201939	732301558776	418553.74	1.2449466842406136	60051.62144899805	1.2449466842406136	408240.0	10410.0	35960470452	19817607328		60.05103190199952	9786.281626420787	1571.9630230834725	11358.244649504259	9786.281626420787	1571.9630230834725	11358.244649504259	ok	cpu/event=0xc0,cmask=1,inv=1/		/home/seunghyun/ycsb/results/gapbs_pagerank_smoke_smt14_numa1_x7_madracks-mnode5_20260317T055316Z_417948/runs/gapbs_pagerank/smt14_x7
gapbs_pagerank_smoke	1	8	2026-03-17T06:09:55Z	madracks-mnode5	amd	gapbs_pagerank	analytic	per_instance_external	NO_RETIRED_INST_CYCLES	user	smt14_x8	8	8	0,1,2,3,4,5,6,84	1,1,1,1,1,1,1,1	True							1						PAGERANK	GAPBS_PAGERANK	4el		1.3317324897187213	runs/s	SUCCESSFUL	32	6126898.125	5080050.0	11562240.0	5744660.0	8719831.999999996	11550193.4	11561035.34	11562119.534	978139356045	1163890747711	836979576759	517301.13	1.3317324897187213	80186.84791600026	1.3317324897187213	504780.0	12620.0	42644293858	23477048488		80.18629446900013	7656.608303586586	1360.1769461421625	9016.785249728748	7656.608303586586	1360.1769461421625	9016.785249728748	ok	cpu/event=0xc0,cmask=1,inv=1/		/home/seunghyun/ycsb/results/gapbs_pagerank_smoke_smt14_numa1_x8_madracks-mnode5_20260317T060835Z_434874/runs/gapbs_pagerank/smt14_x8
gapbs_pagerank_smoke	1	9	2026-03-17T06:26:44Z	madracks-mnode5	amd	gapbs_pagerank	analytic	per_instance_external	NO_RETIRED_INST_CYCLES	user	smt14_x9	9	9	0,1,2,3,4,5,6,84,85	1,1,1,1,1,1,1,1,1	True							1						PAGERANK	GAPBS_PAGERANK	4el		1.3634012631686685	runs/s	SUCCESSFUL	36	7027896.666666667	4805090.0	11447780.0	5746140.0	11132557.5	11433776.5	11446379.65	11447639.965	1229874460366	1439060770658	941686204761	639602.6799999999	1.3634012631686685	87159.48879800271	1.3634012631686685	625080.0	14660.0	49292011173	27138055823		87.1589380200021	7988.274489162136	1491.245121592237	9479.519610754372	7988.274489162136	1491.245121592237	9479.519610754372	ok	cpu/event=0xc0,cmask=1,inv=1/		/home/seunghyun/ycsb/results/gapbs_pagerank_smoke_smt14_numa1_x9_madracks-mnode5_20260317T062517Z_453673/runs/gapbs_pagerank/smt14_x9
gapbs_pagerank_smoke	1	10	2026-03-17T06:43:55Z	madracks-mnode5	amd	gapbs_pagerank	analytic	per_instance_external	NO_RETIRED_INST_CYCLES	user	smt14_x10	10	10	0,1,2,3,4,5,6,84,85,86	1,1,1,1,1,1,1,1,1,1	True							1						PAGERANK	GAPBS_PAGERANK	4el		1.3565921768792535	runs/s	SUCCESSFUL	40	7999055.0	4482650.0	11381400.0	9185690.0	11326696.5	11367968.4	11380056.84	11381265.684	1501904489736	1734636698881	1046442076867	770973.59	1.3565921768792535	89953.24580099987	1.3565921768792535	754360.0	16780.0	55926859651	30778747601		89.95265587400354	9259.648701882277	1683.908635541343	10943.557337423621	9259.648701882277	1683.908635541343	10943.557337423621	ok	cpu/event=0xc0,cmask=1,inv=1/		/home/seunghyun/ycsb/results/gapbs_pagerank_smoke_smt14_numa1_x10_madracks-mnode5_20260317T064225Z_473965/runs/gapbs_pagerank/smt14_x10
gapbs_pagerank_smoke	1	11	2026-03-17T07:01:45Z	madracks-mnode5	amd	gapbs_pagerank	analytic	per_instance_external	NO_RETIRED_INST_CYCLES	user	smt14_x11	11	11	0,1,2,3,4,5,6,84,85,86,87	1,1,1,1,1,1,1,1,1,1,1	True							1						PAGERANK	GAPBS_PAGERANK	4el		1.3464679962783612	runs/s	SUCCESSFUL	44	8997951.590909092	4407890.0	12255260.0	9758275.0	12188333.5	12237384.9	12253472.49	12255081.249	1812404366893	2068638302783	1151202850134	919420.5900000001	1.3464679962783612	95448.99202600209	1.3464679962783612	899950.0	19640.0	62539232993	34432251837		95.44845313000405	10571.834098577978	1827.462080861543	12399.296179439521	10571.834098577978	1827.462080861543	12399.296179439521	ok	cpu/event=0xc0,cmask=1,inv=1/		/home/seunghyun/ycsb/results/gapbs_pagerank_smoke_smt14_numa1_x11_madracks-mnode5_20260317T070010Z_495895/runs/gapbs_pagerank/smt14_x11
gapbs_pagerank_smoke	1	12	2026-03-17T07:20:12Z	madracks-mnode5	amd	gapbs_pagerank	analytic	per_instance_external	NO_RETIRED_INST_CYCLES	user	smt14_x12	12	12	0,1,2,3,4,5,6,84,85,86,87,88	1,1,1,1,1,1,1,1,1,1,1,1	True							1						PAGERANK	GAPBS_PAGERANK	4el		1.300209118735611	runs/s	SUCCESSFUL	48	10057499.166666666	4012710.0	12411280.0	10918295.0	12355724.0	12410213.1	12411173.31	12411269.331	2130805755369	2410756722276	1256021611886	1071476.8	1.300209118735611	97840.94103200187	1.300209118735611	1049580.0	22110.0	69131468549	38102130059		97.84034531399811	12332.77213863497	2016.2044684672017	14348.976607102171	12332.77213863497	2016.2044684672017	14348.976607102171	ok	cpu/event=0xc0,cmask=1,inv=1/		/home/seunghyun/ycsb/results/gapbs_pagerank_smoke_smt14_numa1_x12_madracks-mnode5_20260317T071834Z_518779/runs/gapbs_pagerank/smt14_x12
gapbs_pagerank_smoke	1	13	2026-03-17T07:39:31Z	madracks-mnode5	amd	gapbs_pagerank	analytic	per_instance_external	NO_RETIRED_INST_CYCLES	user	smt14_x13	13	13	0,1,2,3,4,5,6,84,85,86,87,88,89	1,1,1,1,1,1,1,1,1,1,1,1,1	True							1						PAGERANK	GAPBS_PAGERANK	4el		1.2060437580672496	runs/s	SUCCESSFUL	52	11580489.23076923	3442540.0	12984530.0	12680800.0	12922712.5	12978272.3	12983904.23	12984467.423	2537591971527	2841324857842	1360960208047	1262848.28	1.2060437580672496	102632.64543900004	1.2060437580672496	1237960.0	25130.0	75740253092	41782850324		102.63205297099921	13961.134885058547	2155.776209813311	16116.911094871859	13961.134885058547	2155.776209813311	16116.911094871859	ok	cpu/event=0xc0,cmask=1,inv=1/		/home/seunghyun/ycsb/results/gapbs_pagerank_smoke_smt14_numa1_x13_madracks-mnode5_20260317T073749Z_543344/runs/gapbs_pagerank/smt14_x13
gapbs_pagerank_smoke	1	14	2026-03-17T07:59:54Z	madracks-mnode5	amd	gapbs_pagerank	analytic	per_instance_external	NO_RETIRED_INST_CYCLES	user	smt14_x14	14	14	0,1,2,3,4,5,6,84,85,86,87,88,89,90	1,1,1,1,1,1,1,1,1,1,1,1,1,1	True							1						PAGERANK	GAPBS_PAGERANK	4el		0.9755728861214441	runs/s	SUCCESSFUL	56	14395755.892857144	12027580.0	15955970.0	15182850.0	15924112.5	15946411.0	15955014.1	15955874.41	3140816943141	3468346538079	1466143529352	1541555.8	0.9755728861214441	112664.2736250069	0.9755728861214441	1513170.0	28620.0	82308083493	45494341650		112.6636682419994	15087.174768974965	2208.341928023616	17295.51669699858	15087.174768974965	2208.341928023616	17295.51669699858	ok	cpu/event=0xc0,cmask=1,inv=1/		/home/seunghyun/ycsb/results/gapbs_pagerank_smoke_smt14_numa1_x14_madracks-mnode5_20260317T075801Z_569491/runs/gapbs_pagerank/smt14_x14
llamacpp_smoke	0	1	2026-03-17T04:37:23Z	madracks-mnode5	amd	llamacpp	analytic	per_instance_external	NO_RETIRED_INST_CYCLES	user	smt14_x1	1	1	0	0	True							1						QUERY_MIX	LLAMA_BENCH	Meta-Llama-3.1-8B-Instruct-Q4_K_M		1.652643454664922	tokens/s	SUCCESSFUL	2	605091.19325	333550.305375	876632.081125	605091.19325	849477.9923375	871201.2633675	876088.9993492501	876577.772947425	32908139820	47335670455	85049798105	21039.76	1.652643454664922	21086.87232199736	1.652643454664922	18100.0	2960.0	3272004967	377332686		21.086298465001164	2857.537474466366	89.37415893821664	2946.9116334045825	2857.537474466366	89.37415893821664	2946.9116334045825	ok	cpu/event=0xc0,cmask=1,inv=1/		/home/seunghyun/ycsb/results/llamacpp_smoke_smt14_numa0_x1_madracks-mnode5_20260317T043702Z_343566/runs/llamacpp/smt14_x1
llamacpp_smoke	0	2	2026-03-17T04:48:15Z	madracks-mnode5	amd	llamacpp	analytic	per_instance_external	NO_RETIRED_INST_CYCLES	user	smt14_x2	2	2	0,1	0,0	True							1						QUERY_MIX	LLAMA_BENCH	Meta-Llama-3.1-8B-Instruct-Q4_K_M		3.1115934099047426	tokens/s	SUCCESSFUL	4	642757.4996249999	346816.486375	938698.513	642757.4995625	938698.5118375	938698.5127675	938698.51297675	938698.512997675	68376931929	97609634151	170142096648	43389.55	3.1115934099047426	21812.348715000553	3.1115934099047426	37260.0	6170.0	6541006864	747442209		21.81182111799717	4897.226215193906	264.08870603113127	5161.314921225037	4897.226215193906	264.08870603113127	5161.314921225037	ok	cpu/event=0xc0,cmask=1,inv=1/		/home/seunghyun/ycsb/results/llamacpp_smoke_smt14_numa0_x2_madracks-mnode5_20260317T044753Z_349986/runs/llamacpp/smt14_x2
llamacpp_smoke	0	3	2026-03-17T04:59:27Z	madracks-mnode5	amd	llamacpp	analytic	per_instance_external	NO_RETIRED_INST_CYCLES	user	smt14_x3	3	3	0,1,2	0,0,0	True							1						QUERY_MIX	LLAMA_BENCH	Meta-Llama-3.1-8B-Instruct-Q4_K_M		4.5731490579029765	tokens/s	SUCCESSFUL	6	656003.1090208333	351426.480125	960579.87	656003.0731875	960579.8190625	960579.8598125	960579.86898125	960579.869898125	103510868689	147436875570	255170017702	65596.13	4.5731490579029765	22023.534533000202	4.5731490579029765	55940.0	9710.0	9794482455	1134343121		22.023035844998958	6959.220880223961	425.05554709572016	7384.276427319681	6959.220880223961	425.05554709572016	7384.276427319681	ok	cpu/event=0xc0,cmask=1,inv=1/		/home/seunghyun/ycsb/results/llamacpp_smoke_smt14_numa0_x3_madracks-mnode5_20260317T045905Z_357709/runs/llamacpp/smt14_x3
llamacpp_smoke	0	4	2026-03-17T05:10:58Z	madracks-mnode5	amd	llamacpp	analytic	per_instance_external	NO_RETIRED_INST_CYCLES	user	smt14_x4	4	4	0,1,2,3	0,0,0,0	True							1						QUERY_MIX	LLAMA_BENCH	Meta-Llama-3.1-8B-Instruct-Q4_K_M		6.0034788705620805	tokens/s	SUCCESSFUL	8	666280.3494843751	354368.601375	978192.2175	666280.248875	978192.20175	978192.21435	978192.2171850001	978192.2174685	140577907805	199239362983	340316388582	88696.79000000001	6.0034788705620805	22356.07349899874	6.0034788705620805	75490.0	13270.0	13119227258	1515277675		22.355568752998806	8937.192140991641	579.5178787606869	9516.710019752329	8937.192140991641	579.5178787606869	9516.710019752329	ok	cpu/event=0xc0,cmask=1,inv=1/		/home/seunghyun/ycsb/results/llamacpp_smoke_smt14_numa0_x4_madracks-mnode5_20260317T051036Z_372872/runs/llamacpp/smt14_x4
llamacpp_smoke	0	5	2026-03-17T05:22:48Z	madracks-mnode5	amd	llamacpp	analytic	per_instance_external	NO_RETIRED_INST_CYCLES	user	smt14_x5	5	5	0,1,2,3,4	0,0,0,0,0	True							1						QUERY_MIX	LLAMA_BENCH	Meta-Llama-3.1-8B-Instruct-Q4_K_M		7.280204884338216	tokens/s	SUCCESSFUL	10	686793.8580624999	357053.249875	1016534.493	686793.8614375	1016534.43675	1016534.48175	1016534.4918750001	1016534.4928875	181787866179	255014425988	425198262856	113537.43	7.280204884338216	22896.875465998164	7.280204884338216	96400.0	17210.0	16445711584	1902564531		22.89631494800051	10775.693927434671	726.7998579658631	11502.493785400535	10775.693927434671	726.7998579658631	11502.493785400535	ok	cpu/event=0xc0,cmask=1,inv=1/		/home/seunghyun/ycsb/results/llamacpp_smoke_smt14_numa0_x5_madracks-mnode5_20260317T052225Z_384194/runs/llamacpp/smt14_x5
llamacpp_smoke	0	6	2026-03-17T05:35:00Z	madracks-mnode5	amd	llamacpp	analytic	per_instance_external	NO_RETIRED_INST_CYCLES	user	smt14_x6	6	6	0,1,2,3,4,5	0,0,0,0,0,0	True							1						QUERY_MIX	LLAMA_BENCH	Meta-Llama-3.1-8B-Instruct-Q4_K_M		8.264956080844096	tokens/s	SUCCESSFUL	12	725956.6707083335	359033.667625	1092879.681125	725956.6843125001	1092879.6488125	1092879.6746625	1092879.6804787498	1092879.681060375	229305451322	317016922776	510391640037	141149.96	8.264956080844096	23722.385539000243	8.264956080844096	120280.0	20950.0	19754000712	2286982244		23.721833812000114	12355.93762758119	858.4547266757501	13214.392354256941	12355.93762758119	858.4547266757501	13214.392354256941	ok	cpu/event=0xc0,cmask=1,inv=1/		/home/seunghyun/ycsb/results/llamacpp_smoke_smt14_numa0_x6_madracks-mnode5_20260317T053436Z_396838/runs/llamacpp/smt14_x6
llamacpp_smoke	0	7	2026-03-17T05:47:44Z	madracks-mnode5	amd	llamacpp	analytic	per_instance_external	NO_RETIRED_INST_CYCLES	user	smt14_x7	7	7	0,1,2,3,4,5,6	0,0,0,0,0,0,0	True							1						QUERY_MIX	LLAMA_BENCH	Meta-Llama-3.1-8B-Instruct-Q4_K_M		9.333097255859007	tokens/s	SUCCESSFUL	14	750308.8821964286	362562.171875	1149858.6645	714899.797125	1149858.65060625	1149858.66172125	1149858.664222125	1149858.6644722125	274549805616	376553248570	595134192833	167598.87	9.333097255859007	24261.700248000125	9.333097255859007	143330.0	24390.0	23038144256	2665095021		24.261158080000314	14417.496317949597	1009.4854370035598	15426.981754953156	14417.496317949597	1009.4854370035598	15426.981754953156	ok	cpu/event=0xc0,cmask=1,inv=1/		/home/seunghyun/ycsb/results/llamacpp_smoke_smt14_numa0_x7_madracks-mnode5_20260317T054720Z_410937/runs/llamacpp/smt14_x7
llamacpp_smoke	0	8	2026-03-17T06:01:50Z	madracks-mnode5	amd	llamacpp	analytic	per_instance_external	NO_RETIRED_INST_CYCLES	user	smt14_x8	8	8	0,1,2,3,4,5,6,84	0,0,0,0,0,0,0,0	True							1						QUERY_MIX	LLAMA_BENCH	Meta-Llama-3.1-8B-Instruct-Q4_K_M		10.621270862341891	tokens/s	SUCCESSFUL	16	772162.3851953126	334140.708	1355143.68	818708.872125	1355143.6198125	1355143.6679625	1355143.67879625	1355143.6798796249	332196254398	453883907829	679552171435	201875.71000000002	10.621270862341891	33170.45590800262	10.621270862341891	175010.0	26980.0	28246227472	2758333263		33.1699154199996	13117.719772738435	875.7422525786549	13993.46202531709	13117.719772738435	875.7422525786549	13993.46202531709	ok	cpu/event=0xc0,cmask=1,inv=1/		/home/seunghyun/ycsb/results/llamacpp_smoke_smt14_numa0_x8_madracks-mnode5_20260317T060117Z_426738/runs/llamacpp/smt14_x8
llamacpp_smoke	0	9	2026-03-17T06:18:19Z	madracks-mnode5	amd	llamacpp	analytic	per_instance_external	NO_RETIRED_INST_CYCLES	user	smt14_x9	9	9	0,1,2,3,4,5,6,84,85	0,0,0,0,0,0,0,0,0	True							1						QUERY_MIX	LLAMA_BENCH	Meta-Llama-3.1-8B-Instruct-Q4_K_M		10.919564764154458	tokens/s	SUCCESSFUL	18	839754.2995208332	362572.863125	1311849.92075	868240.0199375	1311849.86125	1311849.90885	1311849.91956	1311849.920631	412946401407	555807926751	765258987291	247444.69	10.919564764154458	32560.148681004648	10.919564764154458	214560.0	33020.0	33932212969	2849297583		32.55959460300073	13891.087699241434	1014.3547571151013	14905.442456356535	13891.087699241434	1014.3547571151013	14905.442456356535	ok	cpu/event=0xc0,cmask=1,inv=1/		/home/seunghyun/ycsb/results/llamacpp_smoke_smt14_numa0_x9_madracks-mnode5_20260317T061746Z_444794/runs/llamacpp/smt14_x9
llamacpp_smoke	0	10	2026-03-17T06:35:16Z	madracks-mnode5	amd	llamacpp	analytic	per_instance_external	NO_RETIRED_INST_CYCLES	user	smt14_x10	10	10	0,1,2,3,4,5,6,84,85,86	0,0,0,0,0,0,0,0,0,0	True							1						QUERY_MIX	LLAMA_BENCH	Meta-Llama-3.1-8B-Instruct-Q4_K_M		11.701145396509201	tokens/s	SUCCESSFUL	20	872842.1680187499	361926.611125	1324922.412	844485.4439999999	1324920.7281250001	1324922.075225	1324922.3783225	1324922.40863225	481513358756	644847440132	850635781838	287030.31	11.701145396509201	32564.479063999897	11.701145396509201	249070.0	38110.0	39340667091	2921995286		32.56391288699524	15398.142923735932	1124.3596983135672	16522.5026220495	15398.142923735932	1124.3596983135672	16522.5026220495	ok	cpu/event=0xc0,cmask=1,inv=1/		/home/seunghyun/ycsb/results/llamacpp_smoke_smt14_numa0_x10_madracks-mnode5_20260317T063443Z_464363/runs/llamacpp/smt14_x10
llamacpp_smoke	0	11	2026-03-17T06:52:41Z	madracks-mnode5	amd	llamacpp	analytic	per_instance_external	NO_RETIRED_INST_CYCLES	user	smt14_x11	11	11	0,1,2,3,4,5,6,84,85,86,87	0,0,0,0,0,0,0,0,0,0,0	True							1						QUERY_MIX	LLAMA_BENCH	Meta-Llama-3.1-8B-Instruct-Q4_K_M		11.869761232329745	tokens/s	SUCCESSFUL	22	949412.7800681822	361193.881375	1446305.374875	847391.8175625	1446304.948125	1446305.3586	1446305.3732475	1446305.37471225	575263492123	759950343572	935688827480	338130.0800000001	11.869761232329745	33724.99481300474	11.869761232329745	293640.0	44680.0	44926310956	2991516845		33.72441290500137	16292.918093082633	1189.3732527187467	17482.29134580138	16292.918093082633	1189.3732527187467	17482.29134580138	ok	cpu/event=0xc0,cmask=1,inv=1/		/home/seunghyun/ycsb/results/llamacpp_smoke_smt14_numa0_x11_madracks-mnode5_20260317T065207Z_485541/runs/llamacpp/smt14_x11
llamacpp_smoke	0	12	2026-03-17T07:10:49Z	madracks-mnode5	amd	llamacpp	analytic	per_instance_external	NO_RETIRED_INST_CYCLES	user	smt14_x12	12	12	0,1,2,3,4,5,6,84,85,86,87,88	0,0,0,0,0,0,0,0,0,0,0,0	True							1						QUERY_MIX	LLAMA_BENCH	Meta-Llama-3.1-8B-Instruct-Q4_K_M		11.86401304705413	tokens/s	SUCCESSFUL	24	1036653.7919374999	360155.91725	1624515.242125	867517.2635	1615447.97385625	1624515.242125	1624515.242125	1624515.242125	677822825890	883800814139	1020540740123	393133.68	11.86401304705413	35599.95419000188	11.86401304705413	344480.0	48860.0	50414138711	3106310378		35.59937410400016	17001.766120262644	1242.6472798041586	18244.413400066802	17001.766120262644	1242.6472798041586	18244.413400066802	ok	cpu/event=0xc0,cmask=1,inv=1/		/home/seunghyun/ycsb/results/llamacpp_smoke_smt14_numa0_x12_madracks-mnode5_20260317T071014Z_507867/runs/llamacpp/smt14_x12
llamacpp_smoke	0	13	2026-03-17T07:29:42Z	madracks-mnode5	amd	llamacpp	analytic	per_instance_external	NO_RETIRED_INST_CYCLES	user	smt14_x13	13	13	0,1,2,3,4,5,6,84,85,86,87,88,89	0,0,0,0,0,0,0,0,0,0,0,0,0	True							1						QUERY_MIX	LLAMA_BENCH	Meta-Llama-3.1-8B-Instruct-Q4_K_M		11.330729047394124	tokens/s	SUCCESSFUL	26	1167514.0784375002	356003.02175	1789925.819125	865807.8193125001	1789923.71234375	1789925.30821875	1789925.768034375	1789925.8140159375	815997822931	1044768654428	1106119594944	464700.36	11.330729047394124	36936.0168159983	11.330729047394124	403350.0	61600.0	56192680638	3153915666		36.93542604899994	17226.748348841556	1264.7168292430833	18491.46517808464	17226.748348841556	1264.7168292430833	18491.46517808464	ok	cpu/event=0xc0,cmask=1,inv=1/		/home/seunghyun/ycsb/results/llamacpp_smoke_smt14_numa0_x13_madracks-mnode5_20260317T072905Z_531634/runs/llamacpp/smt14_x13
llamacpp_smoke	0	14	2026-03-17T07:49:30Z	madracks-mnode5	amd	llamacpp	analytic	per_instance_external	NO_RETIRED_INST_CYCLES	user	smt14_x14	14	14	0,1,2,3,4,5,6,84,85,86,87,88,89,90	0,0,0,0,0,0,0,0,0,0,0,0,0,0	True							1						QUERY_MIX	LLAMA_BENCH	Meta-Llama-3.1-8B-Instruct-Q4_K_M		10.861685095342168	tokens/s	SUCCESSFUL	28	1288934.440388393	610722.955125	1967147.101375	1288934.0221250001	1967145.7140625	1967146.8887500002	1967147.0801125	1967147.0992487501	958372884573	1210605743143	1192172552509	538454.6399999999	10.861685095342168	38633.06982100039	10.861685095342168	466430.0	72390.0	61704009615	3259880456		38.632505642999604	17269.419289977624	1288.3834008557362	18557.80269083336	17269.419289977624	1288.3834008557362	18557.80269083336	ok	cpu/event=0xc0,cmask=1,inv=1/		/home/seunghyun/ycsb/results/llamacpp_smoke_smt14_numa0_x14_madracks-mnode5_20260317T074851Z_556966/runs/llamacpp/smt14_x14
llamacpp_smoke	1	1	2026-03-17T04:43:06Z	madracks-mnode5	amd	llamacpp	analytic	per_instance_external	NO_RETIRED_INST_CYCLES	user	smt14_x1	1	1	0	1	True							1						QUERY_MIX	LLAMA_BENCH	Meta-Llama-3.1-8B-Instruct-Q4_K_M		1.1876641841442819	tokens/s	SUCCESSFUL	2	841988.8495	400594.52375	1283383.17525	841988.8495	1239243.742675	1274555.2887350002	1282500.3865985002	1283294.8963848501	44140403947	58610255882	85155658737	26051.27	1.1876641841442819	26102.779196000483	1.1876641841442819	22710.0	3360.0	3225243647	372045615		26.102263388998836	2302.6169366124473	76.70560872837017	2379.322545340817	2302.6169366124473	76.70560872837017	2379.322545340817	ok	cpu/event=0xc0,cmask=1,inv=1/		/home/seunghyun/ycsb/results/llamacpp_smoke_smt14_numa1_x1_madracks-mnode5_20260317T044240Z_346512/runs/llamacpp/smt14_x1
llamacpp_smoke	1	2	2026-03-17T04:54:11Z	madracks-mnode5	amd	llamacpp	analytic	per_instance_external	NO_RETIRED_INST_CYCLES	user	smt14_x2	2	2	0,1	1,1	True							1						QUERY_MIX	LLAMA_BENCH	Meta-Llama-3.1-8B-Instruct-Q4_K_M		2.24306265599287	tokens/s	SUCCESSFUL	4	891638.044375	422569.157625	1360707.13175	891637.9440625	1360707.049625	1360707.115325	1360707.1301075	1360707.13158575	92417595772	121663543759	170198097237	54077.119999999995	2.24306265599287	27165.26689999955	2.24306265599287	47340.0	6780.0	6475969744	744491977		27.164767851998477	3961.1523190208727	233.08295670613938	4194.235275727012	3961.1523190208727	233.08295670613938	4194.235275727012	ok	cpu/event=0xc0,cmask=1,inv=1/		/home/seunghyun/ycsb/results/llamacpp_smoke_smt14_numa1_x2_madracks-mnode5_20260317T045344Z_353688/runs/llamacpp/smt14_x2
llamacpp_smoke	1	3	2026-03-17T05:05:37Z	madracks-mnode5	amd	llamacpp	analytic	per_instance_external	NO_RETIRED_INST_CYCLES	user	smt14_x3	3	3	0,1,2	1,1,1	True							1						QUERY_MIX	LLAMA_BENCH	Meta-Llama-3.1-8B-Instruct-Q4_K_M		3.37114627459549	tokens/s	SUCCESSFUL	6	890168.2459791666	430091.84175	1371761.053875	868651.693	1371761.05165625	1371761.05343125	1371761.053830625	1371761.0538705625	138950806211	182686025616	255354629531	81260.69	3.37114627459549	27467.448108996905	3.37114627459549	70820.0	10500.0	9727369626	1123162002		27.46686614400096	5973.645743683919	367.8079725465625	6341.453716230481	5973.645743683919	367.8079725465625	6341.453716230481	ok	cpu/event=0xc0,cmask=1,inv=1/		/home/seunghyun/ycsb/results/llamacpp_smoke_smt14_numa1_x3_madracks-mnode5_20260317T050510Z_365155/runs/llamacpp/smt14_x3
llamacpp_smoke	1	4	2026-03-17T05:17:16Z	madracks-mnode5	amd	llamacpp	analytic	per_instance_external	NO_RETIRED_INST_CYCLES	user	smt14_x4	4	4	0,1,2,3	1,1,1,1	True							1						QUERY_MIX	LLAMA_BENCH	Meta-Llama-3.1-8B-Instruct-Q4_K_M		4.49568661565886	tokens/s	SUCCESSFUL	8	890039.3291875	423590.101125	1379871.8095	872387.2390000001	1379871.72025	1379871.79165	1379871.807715	1379871.8093215	186342369446	244648678585	340302117784	108851.34	4.49568661565886	27692.54847099728	4.49568661565886	94560.0	14350.0	12979818010	1502511387		27.692010785001912	7925.7611092059005	499.5628834699294	8425.32399267583	7925.7611092059005	499.5628834699294	8425.32399267583	ok	cpu/event=0xc0,cmask=1,inv=1/		/home/seunghyun/ycsb/results/llamacpp_smoke_smt14_numa1_x4_madracks-mnode5_20260317T051648Z_378301/runs/llamacpp/smt14_x4
llamacpp_smoke	1	5	2026-03-17T05:29:17Z	madracks-mnode5	amd	llamacpp	analytic	per_instance_external	NO_RETIRED_INST_CYCLES	user	smt14_x5	5	5	0,1,2,3,4	1,1,1,1,1	True							1						QUERY_MIX	LLAMA_BENCH	Meta-Llama-3.1-8B-Instruct-Q4_K_M		5.454437998012237	tokens/s	SUCCESSFUL	10	916950.415175	434164.28325	1415147.16225	886129.6823125	1415147.0008125	1415147.1299625	1415147.15902125	1415147.161927125	239338821448	312345728631	425347983643	138979.01	5.454437998012237	28129.963523002516	5.454437998012237	120500.0	18550.0	16263005606	1882319423		28.129382245999295	9144.62639441006	629.9544576329396	9774.580852042998	9144.62639441006	629.9544576329396	9774.580852042998	ok	cpu/event=0xc0,cmask=1,inv=1/		/home/seunghyun/ycsb/results/llamacpp_smoke_smt14_numa1_x5_madracks-mnode5_20260317T052849Z_390345/runs/llamacpp/smt14_x5
llamacpp_smoke	1	6	2026-03-17T05:41:46Z	madracks-mnode5	amd	llamacpp	analytic	per_instance_external	NO_RETIRED_INST_CYCLES	user	smt14_x6	6	6	0,1,2,3,4,5	1,1,1,1,1,1	True							1						QUERY_MIX	LLAMA_BENCH	Meta-Llama-3.1-8B-Instruct-Q4_K_M		6.277424011311576	tokens/s	SUCCESSFUL	12	955806.0741458331	436939.6005	1474672.374875	955806.0170624999	1474672.3136874998	1474672.3626375	1474672.37365125	1474672.374752625	298377716180	386088575997	510350986396	171765.75	6.277424011311576	28811.904214002425	6.277424011311576	148250.0	23600.0	19586853722	2257847599		28.811377936999634	10168.63454734802	740.1007806655161	10908.735328013536	10168.63454734802	740.1007806655161	10908.735328013536	ok	cpu/event=0xc0,cmask=1,inv=1/		/home/seunghyun/ycsb/results/llamacpp_smoke_smt14_numa1_x6_madracks-mnode5_20260317T054117Z_403677/runs/llamacpp/smt14_x6
llamacpp_smoke	1	7	2026-03-17T05:54:46Z	madracks-mnode5	amd	llamacpp	analytic	per_instance_external	NO_RETIRED_INST_CYCLES	user	smt14_x7	7	7	0,1,2,3,4,5,6	1,1,1,1,1,1,1	True							1						QUERY_MIX	LLAMA_BENCH	Meta-Llama-3.1-8B-Instruct-Q4_K_M		7.1262560863443465	tokens/s	SUCCESSFUL	14	982465.1082767856	439571.8055	1536129.989625	950150.5119375	1536129.8880625	1536129.9693125	1536129.98759375	1536129.989421875	356761723460	458822774060	595014640665	204085.87000000002	7.1262560863443465	29478.906735002965	7.1262560863443465	177370.0	26840.0	22830323382	2624632885		29.478371557001083	11981.177305894815	856.8496250672999	12838.026930962114	11981.177305894815	856.8496250672999	12838.026930962114	ok	cpu/event=0xc0,cmask=1,inv=1/		/home/seunghyun/ycsb/results/llamacpp_smoke_smt14_numa1_x7_madracks-mnode5_20260317T055416Z_418554/runs/llamacpp/smt14_x7
llamacpp_smoke	1	8	2026-03-17T06:10:35Z	madracks-mnode5	amd	llamacpp	analytic	per_instance_external	NO_RETIRED_INST_CYCLES	user	smt14_x8	8	8	0,1,2,3,4,5,6,84	1,1,1,1,1,1,1,1	True							1						QUERY_MIX	LLAMA_BENCH	Meta-Llama-3.1-8B-Instruct-Q4_K_M		7.942542289774622	tokens/s	SUCCESSFUL	16	1026515.9171484374	434165.303875	1889249.23225	1054573.0206875	1889247.0385	1889248.7935	1889249.188375	1889249.2278625	435026900759	557617474261	679925005576	247958.91000000003	7.942542289774622	39416.821995000646	7.942542289774622	217840.0	30270.0	27990073242	2745895748		39.41624688799857	11322.407707513195	751.4255082735683	12073.833215786764	11322.407707513195	751.4255082735683	12073.833215786764	ok	cpu/event=0xc0,cmask=1,inv=1/		/home/seunghyun/ycsb/results/llamacpp_smoke_smt14_numa1_x8_madracks-mnode5_20260317T060956Z_435599/runs/llamacpp/smt14_x8
llamacpp_smoke	1	9	2026-03-17T06:27:23Z	madracks-mnode5	amd	llamacpp	analytic	per_instance_external	NO_RETIRED_INST_CYCLES	user	smt14_x9	9	9	0,1,2,3,4,5,6,84,85	1,1,1,1,1,1,1,1,1	True							1						QUERY_MIX	LLAMA_BENCH	Meta-Llama-3.1-8B-Instruct-Q4_K_M		8.344803777225808	tokens/s	SUCCESSFUL	18	1098122.8125347223	441444.507875	1842895.856375	1081948.911375	1842894.44314375	1842895.57372875	1842895.828110375	1842895.8535485375	526931539871	671268615667	765390714451	298654.88999999996	8.344803777225808	38925.44953999459	8.344803777225808	261740.0	37080.0	33463849794	2869330761		38.924949761996686	12251.653288056832	861.5128535425208	13113.166141599353	12251.653288056832	861.5128535425208	13113.166141599353	ok	cpu/event=0xc0,cmask=1,inv=1/		/home/seunghyun/ycsb/results/llamacpp_smoke_smt14_numa1_x9_madracks-mnode5_20260317T062644Z_454419/runs/llamacpp/smt14_x9
llamacpp_smoke	1	10	2026-03-17T06:44:34Z	madracks-mnode5	amd	llamacpp	analytic	per_instance_external	NO_RETIRED_INST_CYCLES	user	smt14_x10	10	10	0,1,2,3,4,5,6,84,85,86	1,1,1,1,1,1,1,1,1,1	True							1						QUERY_MIX	LLAMA_BENCH	Meta-Llama-3.1-8B-Instruct-Q4_K_M		8.708828579033556	tokens/s	SUCCESSFUL	20	1169590.87456875	433050.91225	1914042.604125	1101497.8139375001	1909566.1856	1913147.32042	1913953.0757545	1914033.65128795	625354922551	790888866552	850137159059	351743.97000000003	8.708828579033556	39522.14317099424	8.708828579033556	309700.0	42230.0	38361276406	3158031810		39.52153524300229	13675.661468235365	940.9826457329094	14616.644113968274	13675.661468235365	940.9826457329094	14616.644113968274	ok	cpu/event=0xc0,cmask=1,inv=1/		/home/seunghyun/ycsb/results/llamacpp_smoke_smt14_numa1_x10_madracks-mnode5_20260317T064355Z_474740/runs/llamacpp/smt14_x10
llamacpp_smoke	1	11	2026-03-17T07:02:26Z	madracks-mnode5	amd	llamacpp	analytic	per_instance_external	NO_RETIRED_INST_CYCLES	user	smt14_x11	11	11	0,1,2,3,4,5,6,84,85,86,87	1,1,1,1,1,1,1,1,1,1,1	True							1						QUERY_MIX	LLAMA_BENCH	Meta-Llama-3.1-8B-Instruct-Q4_K_M		8.825431504490691	tokens/s	SUCCESSFUL	22	1264762.8952670456	438306.95525	2024280.82625	1142229.8161875	2022960.5659375	2024003.7678949998	2024253.1204145	2024278.05566645	739388495271	927523301654	935642238640	412485.43000000005	8.825431504490691	40588.34693799872	8.825431504490691	362480.0	50210.0	43719623429	3303901256		40.587787470001786	13761.37987824069	1006.3599003300855	14767.739778570776	13761.37987824069	1006.3599003300855	14767.739778570776	ok	cpu/event=0xc0,cmask=1,inv=1/		/home/seunghyun/ycsb/results/llamacpp_smoke_smt14_numa1_x11_madracks-mnode5_20260317T070146Z_496678/runs/llamacpp/smt14_x11
llamacpp_smoke	1	12	2026-03-17T07:20:55Z	madracks-mnode5	amd	llamacpp	analytic	per_instance_external	NO_RETIRED_INST_CYCLES	user	smt14_x12	12	12	0,1,2,3,4,5,6,84,85,86,87,88	1,1,1,1,1,1,1,1,1,1,1,1	True							1						QUERY_MIX	LLAMA_BENCH	Meta-Llama-3.1-8B-Instruct-Q4_K_M		8.755367802284749	tokens/s	SUCCESSFUL	24	1387172.3224479165	445260.540125	2209901.10025	1200688.10175	2209896.79639375	2209900.3300375002	2209901.02322875	2209901.0925478754	878716362371	1089318474656	1020849290237	484375.6	8.755367802284749	42497.25026300439	8.755367802284749	425900.0	58760.0	49309648487	3385831039		42.4966871659999	13923.210455206256	1038.3615875492037	14961.572042755459	13923.210455206256	1038.3615875492037	14961.572042755459	ok	cpu/event=0xc0,cmask=1,inv=1/		/home/seunghyun/ycsb/results/llamacpp_smoke_smt14_numa1_x12_madracks-mnode5_20260317T072012Z_519625/runs/llamacpp/smt14_x12
llamacpp_smoke	1	13	2026-03-17T07:40:17Z	madracks-mnode5	amd	llamacpp	analytic	per_instance_external	NO_RETIRED_INST_CYCLES	user	smt14_x13	13	13	0,1,2,3,4,5,6,84,85,86,87,88,89	1,1,1,1,1,1,1,1,1,1,1,1,1	True							1						QUERY_MIX	LLAMA_BENCH	Meta-Llama-3.1-8B-Instruct-Q4_K_M		8.590293469358054	tokens/s	SUCCESSFUL	26	1527664.2670769233	447674.945875	2437476.277125	1209677.3161875	2437475.6061875	2437476.1236875	2437476.26178125	2437476.275590625	1040042979989	1273760676919	1106610474436	566388.24	8.590293469358054	44837.34347100108	8.590293469358054	499130.0	67580.0	54517309264	3589392408		44.83679341399693	14168.733638086815	1059.8506618661672	15228.584299952981	14168.733638086815	1059.8506618661672	15228.584299952981	ok	cpu/event=0xc0,cmask=1,inv=1/		/home/seunghyun/ycsb/results/llamacpp_smoke_smt14_numa1_x13_madracks-mnode5_20260317T073932Z_544248/runs/llamacpp/smt14_x13
llamacpp_smoke	1	14	2026-03-17T08:00:41Z	madracks-mnode5	amd	llamacpp	analytic	per_instance_external	NO_RETIRED_INST_CYCLES	user	smt14_x14	14	14	0,1,2,3,4,5,6,84,85,86,87,88,89,90	1,1,1,1,1,1,1,1,1,1,1,1,1,1	True							1						QUERY_MIX	LLAMA_BENCH	Meta-Llama-3.1-8B-Instruct-Q4_K_M		8.267471659624928	tokens/s	SUCCESSFUL	28	1693395.063276786	688011.719875	2715015.2925	1698281.3783125002	2693757.0568500003	2709412.07781	2714454.971031	2714959.2603531	1220876745862	1478082063006	1191948158262	657206.13	8.267471659624928	47275.852348000626	8.267471659624928	581520.0	76020.0	58110583807	4543783440		47.27530684299563	14504.24944001285	1088.4622277358449	15592.711667748696	14504.24944001285	1088.4622277358449	15592.711667748696	ok	cpu/event=0xc0,cmask=1,inv=1/		/home/seunghyun/ycsb/results/llamacpp_smoke_smt14_numa1_x14_madracks-mnode5_20260317T075954Z_570475/runs/llamacpp/smt14_x14
chiplet_npb_cg_class_b	0	1	2026-03-17T04:36:23Z	madracks-mnode5	amd	npb_instances	single_thread	per_instance_external	NO_RETIRED_INST_CYCLES	user	smt14_x1	1	1	0	0	True							1							CG	B		1324.99	Mop/s total	SUCCESSFUL										69273373346	102723554032	245214396639	45658.49	1324.99	45711.32346900049	1324.99	45410.0	260.0	37016069167	2934520178		45.71076051300042	6145.639808299021	37.161876389101366	6182.801684688122	6145.639808299021	37.161876389101366	6182.801684688122	ok	cpu/event=0xc0,cmask=1,inv=1/		/home/seunghyun/ycsb/results/chiplet_npb_cg_class_b_smt14_numa0_x1_madracks-mnode5_20260317T043537Z_343005/runs/npb_instances/smt14_x1
chiplet_npb_cg_class_b	0	2	2026-03-17T04:47:12Z	madracks-mnode5	amd	npb_instances	single_thread	per_instance_external	NO_RETIRED_INST_CYCLES	user	smt14_x2	2	2	0,1	0,0	True							1							CG	B		2600.06	Mop/s total	SUCCESSFUL										142307670067	209332220639	490419214445	93041.47	2600.06	46672.31481300041	2600.06	92540.0	520.0	74061858011	5176134649		46.671693936998054	13124.147430870702	103.26633424961456	13227.413765120316	13124.147430870702	103.26633424961456	13227.413765120316	ok	cpu/event=0xc0,cmask=1,inv=1/		/home/seunghyun/ycsb/results/chiplet_npb_cg_class_b_smt14_numa0_x2_madracks-mnode5_20260317T044625Z_349398/runs/npb_instances/smt14_x2
chiplet_npb_cg_class_b	0	3	2026-03-17T04:58:22Z	madracks-mnode5	amd	npb_instances	single_thread	per_instance_external	NO_RETIRED_INST_CYCLES	user	smt14_x3	3	3	0,1,2	0,0,0	True							1							CG	B		3849.19	Mop/s total	SUCCESSFUL										217484426622	318120317023	735618250137	141391.51	3849.19	47439.198366999335	3849.19	140610.0	810.0	110972793370	7860379065		47.438615769002354	19911.177377406406	184.10913098197312	20095.28650838838	19911.177377406406	184.10913098197312	20095.28650838838	ok	cpu/event=0xc0,cmask=1,inv=1/		/home/seunghyun/ycsb/results/chiplet_npb_cg_class_b_smt14_numa0_x3_madracks-mnode5_20260317T045734Z_357074/runs/npb_instances/smt14_x3
chiplet_npb_cg_class_b	0	4	2026-03-17T05:09:51Z	madracks-mnode5	amd	npb_instances	single_thread	per_instance_external	NO_RETIRED_INST_CYCLES	user	smt14_x4	4	4	0,1,2,3	0,0,0,0	True							1							CG	B		5061.95	Mop/s total	SUCCESSFUL										295540580601	429914982464	980846602991	191079.97999999998	5061.95	48678.77645699991	5061.95	190080.0	1040.0	147995155379	10354660742		48.6782249099997	26094.967992903155	262.4735805272798	26357.441573430435	26094.967992903155	262.4735805272798	26357.441573430435	ok	cpu/event=0xc0,cmask=1,inv=1/		/home/seunghyun/ycsb/results/chiplet_npb_cg_class_b_smt14_numa0_x4_madracks-mnode5_20260317T050902Z_370270/runs/npb_instances/smt14_x4
chiplet_npb_cg_class_b	0	5	2026-03-17T05:21:39Z	madracks-mnode5	amd	npb_instances	single_thread	per_instance_external	NO_RETIRED_INST_CYCLES	user	smt14_x5	5	5	0,1,2,3,4	0,0,0,0,0	True							1							CG	B		5895.469999999999	Mop/s total	SUCCESSFUL										404565640476	573926363696	1226048058951	255085.61	5895.469999999999	51986.81084999771	5895.469999999999	253810.0	1330.0	185186116979	14191097137		51.9862550229991	30826.111389727103	451.79897964772965	31277.910369374833	30826.111389727103	451.79897964772965	31277.910369374833	ok	cpu/event=0xc0,cmask=1,inv=1/		/home/seunghyun/ycsb/results/chiplet_npb_cg_class_b_smt14_numa0_x5_madracks-mnode5_20260317T052047Z_383360/runs/npb_instances/smt14_x5
chiplet_npb_cg_class_b	0	6	2026-03-17T05:33:50Z	madracks-mnode5	amd	npb_instances	single_thread	per_instance_external	NO_RETIRED_INST_CYCLES	user	smt14_x6	6	6	0,1,2,3,4,5	0,0,0,0,0,0	True							1							CG	B		6144.83	Mop/s total	SUCCESSFUL										579056838941	785315511042	1471326620776	349038.04	6144.83	58474.785840997356	6144.83	347500.0	1570.0	221856352087	15174497712		58.474219973999425	32918.264238585165	470.9572418936927	33389.22148047886	32918.264238585165	470.9572418936927	33389.22148047886	ok	cpu/event=0xc0,cmask=1,inv=1/		/home/seunghyun/ycsb/results/chiplet_npb_cg_class_b_smt14_numa0_x6_madracks-mnode5_20260317T053251Z_395949/runs/npb_instances/smt14_x6
chiplet_npb_cg_class_b	0	7	2026-03-17T05:46:32Z	madracks-mnode5	amd	npb_instances	single_thread	per_instance_external	NO_RETIRED_INST_CYCLES	user	smt14_x7	7	7	0,1,2,3,4,5,6	0,0,0,0,0,0,0	True							1							CG	B		6178.5	Mop/s total	SUCCESSFUL										809546113138	1053467136204	1716620994727	468219.56999999995	6178.5	67333.40603200122	6178.5	466420.0	1850.0	258662134266	17404359513		67.33283538500109	33391.26201300624	493.3597774868891	33884.62179049313	33391.26201300624	493.3597774868891	33884.62179049313	ok	cpu/event=0xc0,cmask=1,inv=1/		/home/seunghyun/ycsb/results/chiplet_npb_cg_class_b_smt14_numa0_x7_madracks-mnode5_20260317T054525Z_409941/runs/npb_instances/smt14_x7
chiplet_npb_cg_class_b	0	8	2026-03-17T06:00:16Z	madracks-mnode5	amd	npb_instances	single_thread	per_instance_external	NO_RETIRED_INST_CYCLES	user	smt14_x8	8	8	0,1,2,3,4,5,6,84	0,0,0,0,0,0,0,0	True							1							CG	B		6340.52	Mop/s total	SUCCESSFUL										1074297072599	1361104488886	1961976979516	604954.4299999999	6340.52	93148.63641600095	6340.52	602710.0	2310.0	297996134011	35007259685		93.14803222900082	27543.390648270124	400.42850991080064	27943.819158180926	27543.390648270124	400.42850991080064	27943.819158180926	ok	cpu/event=0xc0,cmask=1,inv=1/		/home/seunghyun/ycsb/results/chiplet_npb_cg_class_b_smt14_numa0_x8_madracks-mnode5_20260317T055843Z_425486/runs/npb_instances/smt14_x8
chiplet_npb_cg_class_b	0	9	2026-03-17T06:16:40Z	madracks-mnode5	amd	npb_instances	single_thread	per_instance_external	NO_RETIRED_INST_CYCLES	user	smt14_x9	9	9	0,1,2,3,4,5,6,84,85	0,0,0,0,0,0,0,0,0	True							1							CG	B		6523.4299999999985	Mop/s total	SUCCESSFUL										1353613213233	1681779648824	2207311257835	747478.78	6523.4299999999985	96615.75284699938	6523.4299999999985	744710.0	2830.0	336875426635	53269538347		96.61519180900359	29958.60186978658	454.2615972533594	30412.86346703994	29958.60186978658	454.2615972533594	30412.86346703994	ok	cpu/event=0xc0,cmask=1,inv=1/		/home/seunghyun/ycsb/results/chiplet_npb_cg_class_b_smt14_numa0_x9_madracks-mnode5_20260317T061503Z_443405/runs/npb_instances/smt14_x9
chiplet_npb_cg_class_b	0	10	2026-03-17T06:33:35Z	madracks-mnode5	amd	npb_instances	single_thread	per_instance_external	NO_RETIRED_INST_CYCLES	user	smt14_x10	10	10	0,1,2,3,4,5,6,84,85,86	0,0,0,0,0,0,0,0,0,0	True							1							CG	B		6731.539999999999	Mop/s total	SUCCESSFUL										1646141186822	2015875211607	2452643236016	895967.0000000001	6731.539999999999	100697.60000999668	6731.539999999999	892660.0	3400.0	376003182499	70435765192		100.69703329299955	31951.447817503344	485.64763188744	32437.095449390785	31951.447817503344	485.64763188744	32437.095449390785	ok	cpu/event=0xc0,cmask=1,inv=1/		/home/seunghyun/ycsb/results/chiplet_npb_cg_class_b_smt14_numa0_x10_madracks-mnode5_20260317T063154Z_462890/runs/npb_instances/smt14_x10
chiplet_npb_cg_class_b	0	11	2026-03-17T06:50:57Z	madracks-mnode5	amd	npb_instances	single_thread	per_instance_external	NO_RETIRED_INST_CYCLES	user	smt14_x11	11	11	0,1,2,3,4,5,6,84,85,86,87	0,0,0,0,0,0,0,0,0,0,0	True							1							CG	B		6845.27	Mop/s total	SUCCESSFUL										1983021472965	2395040563246	2698021449040	1064488.6500000001	6845.27	105941.32089699997	6845.27	1061040.0	3560.0	415461986360	88644487399		105.94072951900307	33427.38823795132	508.68849445225567	33936.07673240358	33427.38823795132	508.68849445225567	33936.07673240358	ok	cpu/event=0xc0,cmask=1,inv=1/		/home/seunghyun/ycsb/results/chiplet_npb_cg_class_b_smt14_numa0_x11_madracks-mnode5_20260317T064911Z_483838/runs/npb_instances/smt14_x11
chiplet_npb_cg_class_b	0	12	2026-03-17T07:09:03Z	madracks-mnode5	amd	npb_instances	single_thread	per_instance_external	NO_RETIRED_INST_CYCLES	user	smt14_x12	12	12	0,1,2,3,4,5,6,84,85,86,87,88	0,0,0,0,0,0,0,0,0,0,0,0	True							1							CG	B		6694.620000000001	Mop/s total	SUCCESSFUL										2454642930722	2908363010396	2943429480249	1292636.58	6694.620000000001	114936.47293800313	6694.620000000001	1288530.0	4240.0	454107083706	104870581812		114.93591624099645	33700.198779653314	513.0631165882461	34213.26189624156	33700.198779653314	513.0631165882461	34213.26189624156	ok	cpu/event=0xc0,cmask=1,inv=1/		/home/seunghyun/ycsb/results/chiplet_npb_cg_class_b_smt14_numa0_x12_madracks-mnode5_20260317T070708Z_506359/runs/npb_instances/smt14_x12
chiplet_npb_cg_class_b	0	13	2026-03-17T07:27:48Z	madracks-mnode5	amd	npb_instances	single_thread	per_instance_external	NO_RETIRED_INST_CYCLES	user	smt14_x13	13	13	0,1,2,3,4,5,6,84,85,86,87,88,89	0,0,0,0,0,0,0,0,0,0,0,0,0	True							1							CG	B		6446.240000000001	Mop/s total	SUCCESSFUL										3010517043616	3506353941812	3188927541442	1558427.9200000002	6446.240000000001	124498.44043000485	6446.240000000001	1553790.0	4800.0	492675377508	124317347601		124.49783209299494	33721.959598840105	515.1912577420485	34237.15085658216	33721.959598840105	515.1912577420485	34237.15085658216	ok	cpu/event=0xc0,cmask=1,inv=1/		/home/seunghyun/ycsb/results/chiplet_npb_cg_class_b_smt14_numa0_x13_madracks-mnode5_20260317T072544Z_529906/runs/npb_instances/smt14_x13
chiplet_npb_cg_class_b	0	14	2026-03-17T07:47:28Z	madracks-mnode5	amd	npb_instances	single_thread	per_instance_external	NO_RETIRED_INST_CYCLES	user	smt14_x14	14	14	0,1,2,3,4,5,6,84,85,86,87,88,89,90	0,0,0,0,0,0,0,0,0,0,0,0,0,0	True							1							CG	B		6157.06	Mop/s total	SUCCESSFUL										3641563534929	4179253290566	3434433088201	1857508.1199999999	6157.06	134722.7592509953	6157.06	1852550.0	5110.0	531026897678	142119206884		134.7222172030015	33519.05090850143	511.7760148081458	34030.82692330957	33519.05090850143	511.7760148081458	34030.82692330957	ok	cpu/event=0xc0,cmask=1,inv=1/		/home/seunghyun/ycsb/results/chiplet_npb_cg_class_b_smt14_numa0_x14_madracks-mnode5_20260317T074513Z_555192/runs/npb_instances/smt14_x14
chiplet_npb_cg_class_b	1	1	2026-03-17T04:41:55Z	madracks-mnode5	amd	npb_instances	single_thread	per_instance_external	NO_RETIRED_INST_CYCLES	user	smt14_x1	1	1	0	1	True							1							CG	B		828.11	Mop/s total	SUCCESSFUL										126251898764	160659880808	245266088776	71410.67	828.11	71478.60476400092	828.11	71110.0	310.0	36984273540	1018236501		71.47801471600178	3889.3300785548513	20.855111207601325	3910.1851897624524	3889.3300785548513	20.855111207601325	3910.1851897624524	ok	cpu/event=0xc0,cmask=1,inv=1/		/home/seunghyun/ycsb/results/chiplet_npb_cg_class_b_smt14_numa1_x1_madracks-mnode5_20260317T044044Z_345821/runs/npb_instances/smt14_x1
chiplet_npb_cg_class_b	1	2	2026-03-17T04:52:54Z	madracks-mnode5	amd	npb_instances	single_thread	per_instance_external	NO_RETIRED_INST_CYCLES	user	smt14_x2	2	2	0,1	1,1	True							1							CG	B		1603.26	Mop/s total	SUCCESSFUL										263039199450	331779023391	490514726977	147465.06	1603.26	73845.42778700052	1603.26	146880.0	610.0	73920697602	1746499346		73.84484861100282	8241.378095111466	55.010813538977615	8296.388908650444	8241.378095111466	55.010813538977615	8296.388908650444	ok	cpu/event=0xc0,cmask=1,inv=1/		/home/seunghyun/ycsb/results/chiplet_npb_cg_class_b_smt14_numa1_x2_madracks-mnode5_20260317T045140Z_352854/runs/npb_instances/smt14_x2
chiplet_npb_cg_class_b	1	3	2026-03-17T05:04:17Z	madracks-mnode5	amd	npb_instances	single_thread	per_instance_external	NO_RETIRED_INST_CYCLES	user	smt14_x3	3	3	0,1,2	1,1,1	True							1							CG	B		2350.22	Mop/s total	SUCCESSFUL										406008326014	509136241187	735773570891	226292.55	2350.22	75682.43011600134	2350.22	225420.0	900.0	110933382768	2709864377		75.681846159001	12441.61599391511	104.07273698859721	12545.688730903707	12441.61599391511	104.07273698859721	12545.688730903707	ok	cpu/event=0xc0,cmask=1,inv=1/		/home/seunghyun/ycsb/results/chiplet_npb_cg_class_b_smt14_numa1_x3_madracks-mnode5_20260317T050301Z_364216/runs/npb_instances/smt14_x3
chiplet_npb_cg_class_b	1	4	2026-03-17T05:15:53Z	madracks-mnode5	amd	npb_instances	single_thread	per_instance_external	NO_RETIRED_INST_CYCLES	user	smt14_x4	4	4	0,1,2,3	1,1,1,1	True							1							CG	B		3060.5099999999998	Mop/s total	SUCCESSFUL										557100057626	694845037825	981040574882	308831.43000000005	3060.5099999999998	77498.08920499709	3060.5099999999998	307660.0	1190.0	147737926913	3539886285		77.49748962900048	16473.368784900154	198.65576935451926	16672.024554254673	16473.368784900154	198.65576935451926	16672.024554254673	ok	cpu/event=0xc0,cmask=1,inv=1/		/home/seunghyun/ycsb/results/chiplet_npb_cg_class_b_smt14_numa1_x4_madracks-mnode5_20260317T051435Z_377296/runs/npb_instances/smt14_x4
chiplet_npb_cg_class_b	1	5	2026-03-17T05:27:51Z	madracks-mnode5	amd	npb_instances	single_thread	per_instance_external	NO_RETIRED_INST_CYCLES	user	smt14_x5	5	5	0,1,2,3,4	1,1,1,1,1	True							1							CG	B		3556.51	Mop/s total	SUCCESSFUL										758179293774	931163311971	1226309116109	413863.0800000001	3556.51	83096.73223299978	3556.51	412430.0	1480.0	184673649149	4668341603		83.09616170700247	19273.183360426494	257.6300302037486	19530.813390630243	19273.183360426494	257.6300302037486	19530.813390630243	ok	cpu/event=0xc0,cmask=1,inv=1/		/home/seunghyun/ycsb/results/chiplet_npb_cg_class_b_smt14_numa1_x5_madracks-mnode5_20260317T052628Z_389220/runs/npb_instances/smt14_x5
chiplet_npb_cg_class_b	1	6	2026-03-17T05:40:18Z	madracks-mnode5	amd	npb_instances	single_thread	per_instance_external	NO_RETIRED_INST_CYCLES	user	smt14_x6	6	6	0,1,2,3,4,5	1,1,1,1,1,1	True							1							CG	B		3810.43	Mop/s total	SUCCESSFUL										1034939044014	1244456878729	1471641599525	553108.7999999999	3810.43	92857.53365799974	3810.43	551260.0	1900.0	221096941910	5689849839		92.85696625000128	20741.28383144845	300.2438952031987	21041.52772665165	20741.28383144845	300.2438952031987	21041.52772665165	ok	cpu/event=0xc0,cmask=1,inv=1/		/home/seunghyun/ycsb/results/chiplet_npb_cg_class_b_smt14_numa1_x6_madracks-mnode5_20260317T053845Z_402545/runs/npb_instances/smt14_x6
chiplet_npb_cg_class_b	1	7	2026-03-17T05:53:16Z	madracks-mnode5	amd	npb_instances	single_thread	per_instance_external	NO_RETIRED_INST_CYCLES	user	smt14_x7	7	7	0,1,2,3,4,5,6	1,1,1,1,1,1,1	True							1							CG	B		4002.5500000000006	Mop/s total	SUCCESSFUL										1357917758199	1605248057528	1716992680755	713465.0800000001	4002.5500000000006	102437.74587000007	4002.5500000000006	711280.0	2220.0	257501839675	7085745880		102.43725808200179	21941.2968363806	326.8120592939715	22268.10889567457	21941.2968363806	326.8120592939715	22268.10889567457	ok	cpu/event=0xc0,cmask=1,inv=1/		/home/seunghyun/ycsb/results/chiplet_npb_cg_class_b_smt14_numa1_x7_madracks-mnode5_20260317T055133Z_417249/runs/npb_instances/smt14_x7
chiplet_npb_cg_class_b	1	8	2026-03-17T06:08:35Z	madracks-mnode5	amd	npb_instances	single_thread	per_instance_external	NO_RETIRED_INST_CYCLES	user	smt14_x8	8	8	0,1,2,3,4,5,6,84	1,1,1,1,1,1,1,1	True							1							CG	B		4116.29	Mop/s total	SUCCESSFUL										1756401606711	2047526515296	1962440962752	910044.55	4116.29	128420.95831900224	4116.29	907280.0	2820.0	297370749704	26883827321		128.42037233200244	19971.368823551995	297.4950311597599	20268.863854711755	19971.368823551995	297.4950311597599	20268.863854711755	ok	cpu/event=0xc0,cmask=1,inv=1/		/home/seunghyun/ycsb/results/chiplet_npb_cg_class_b_smt14_numa1_x8_madracks-mnode5_20260317T060626Z_434010/runs/npb_instances/smt14_x8
chiplet_npb_cg_class_b	1	9	2026-03-17T06:25:17Z	madracks-mnode5	amd	npb_instances	single_thread	per_instance_external	NO_RETIRED_INST_CYCLES	user	smt14_x9	9	9	0,1,2,3,4,5,6,84,85	1,1,1,1,1,1,1,1,1	True							1							CG	B		4207.52	Mop/s total	SUCCESSFUL										2201499565859	2536143967996	2207846481225	1127215.9	4207.52	137139.88555899414	4207.52	1123910.0	3380.0	337657338907	45707467752		137.13933091099898	21107.40563880136	314.81228315195773	21422.217921953317	21107.40563880136	314.81228315195773	21422.217921953317	ok	cpu/event=0xc0,cmask=1,inv=1/		/home/seunghyun/ycsb/results/chiplet_npb_cg_class_b_smt14_numa1_x9_madracks-mnode5_20260317T062259Z_452659/runs/npb_instances/smt14_x9
chiplet_npb_cg_class_b	1	10	2026-03-17T06:42:24Z	madracks-mnode5	amd	npb_instances	single_thread	per_instance_external	NO_RETIRED_INST_CYCLES	user	smt14_x10	10	10	0,1,2,3,4,5,6,84,85,86	1,1,1,1,1,1,1,1,1,1	True							1							CG	B		4316.37	Mop/s total	SUCCESSFUL										2674982957507	3052943899863	2453301272709	1356910.74	4316.37	145566.73749099718	4316.37	1353160.0	3840.0	377648765697	63940492300		145.56616534399654	22094.347250467978	338.2727463621485	22432.619996830126	22094.347250467978	338.2727463621485	22432.619996830126	ok	cpu/event=0xc0,cmask=1,inv=1/		/home/seunghyun/ycsb/results/chiplet_npb_cg_class_b_smt14_numa1_x10_madracks-mnode5_20260317T063959Z_472921/runs/npb_instances/smt14_x10
chiplet_npb_cg_class_b	1	11	2026-03-17T07:00:10Z	madracks-mnode5	amd	npb_instances	single_thread	per_instance_external	NO_RETIRED_INST_CYCLES	user	smt14_x11	11	11	0,1,2,3,4,5,6,84,85,86,87	1,1,1,1,1,1,1,1,1,1,1	True							1							CG	B		4335.01	Mop/s total	SUCCESSFUL										3257501568814	3678288768519	2698822295302	1634853.3299999998	4335.01	156943.3408469995	4335.01	1630400.0	4540.0	416918374952	82512843925		156.9428149180021	22561.82085028677	347.7113331927164	22909.53218347949	22561.82085028677	347.7113331927164	22909.53218347949	ok	cpu/event=0xc0,cmask=1,inv=1/		/home/seunghyun/ycsb/results/chiplet_npb_cg_class_b_smt14_numa1_x11_madracks-mnode5_20260317T065733Z_494734/runs/npb_instances/smt14_x11
chiplet_npb_cg_class_b	1	12	2026-03-17T07:18:34Z	madracks-mnode5	amd	npb_instances	single_thread	per_instance_external	NO_RETIRED_INST_CYCLES	user	smt14_x12	12	12	0,1,2,3,4,5,6,84,85,86,87,88	1,1,1,1,1,1,1,1,1,1,1,1	True							1							CG	B		4317.48	Mop/s total	SUCCESSFUL										3924017081950	4388254255434	2944329910008	1950401.91	4317.48	169980.3560540022	4317.48	1945330.0	5190.0	456357957422	100591362593		169.97987327600276	22715.197137679013	348.09894186591515	23063.29607954493	22715.197137679013	348.09894186591515	23063.29607954493	ok	cpu/event=0xc0,cmask=1,inv=1/		/home/seunghyun/ycsb/results/chiplet_npb_cg_class_b_smt14_numa1_x12_madracks-mnode5_20260317T071544Z_517638/runs/npb_instances/smt14_x12
chiplet_npb_cg_class_b	1	13	2026-03-17T07:37:49Z	madracks-mnode5	amd	npb_instances	single_thread	per_instance_external	NO_RETIRED_INST_CYCLES	user	smt14_x13	13	13	0,1,2,3,4,5,6,84,85,86,87,88,89	1,1,1,1,1,1,1,1,1,1,1,1,1	True							1							CG	B		4222.469999999999	Mop/s total	SUCCESSFUL										4734727894942	5242326872552	3189994150185	2330003.55	4222.469999999999	184837.1146999998	4222.469999999999	2324370.0	5730.0	494248637887	118342503797		184.8365439420013	22678.765455111155	347.8292229528505	23026.594678064004	22678.765455111155	347.8292229528505	23026.594678064004	ok	cpu/event=0xc0,cmask=1,inv=1/		/home/seunghyun/ycsb/results/chiplet_npb_cg_class_b_smt14_numa1_x13_madracks-mnode5_20260317T073444Z_542076/runs/npb_instances/smt14_x13
chiplet_npb_cg_class_b	1	14	2026-03-17T07:58:01Z	madracks-mnode5	amd	npb_instances	single_thread	per_instance_external	NO_RETIRED_INST_CYCLES	user	smt14_x14	14	14	0,1,2,3,4,5,6,84,85,86,87,88,89,90	1,1,1,1,1,1,1,1,1,1,1,1,1,1	True							1							CG	B		4111.66	Mop/s total	SUCCESSFUL										5636788578964	6186740743256	3435673984876	2749797.2199999997	4111.66	197735.3838400013	4111.66	2743420.0	6500.0	532318866672	137405962450		197.7347743289938	22828.758564865013	352.1069819558304	23180.86554682084	22828.758564865013	352.1069819558304	23180.86554682084	ok	cpu/event=0xc0,cmask=1,inv=1/		/home/seunghyun/ycsb/results/chiplet_npb_cg_class_b_smt14_numa1_x14_madracks-mnode5_20260317T075443Z_568122/runs/npb_instances/smt14_x14
chiplet_npb_ft_class_b	0	1	2026-03-17T04:38:29Z	madracks-mnode5	amd	npb_instances	single_thread	per_instance_external	NO_RETIRED_INST_CYCLES	user	smt14_x1	1	1	0	0	True							1							FT	B		3071.68	Mop/s total	SUCCESSFUL										33166570295	73240011212	277792077029	32553.66	3071.68	32597.89952799838	3071.68	31590.0	970.0	37256232574	459895908		32.59741554100037	1985.7337651469097	1120.2447666917033	3105.978531838613	1985.7337651469097	1120.2447666917033	3105.978531838613	ok	cpu/event=0xc0,cmask=1,inv=1/		/home/seunghyun/ycsb/results/chiplet_npb_ft_class_b_smt14_numa0_x1_madracks-mnode5_20260317T043757Z_343999/runs/npb_instances/smt14_x1
chiplet_npb_ft_class_b	0	2	2026-03-17T04:49:24Z	madracks-mnode5	amd	npb_instances	single_thread	per_instance_external	NO_RETIRED_INST_CYCLES	user	smt14_x2	2	2	0,1	0,0	True							1							FT	B		6047.62	Mop/s total	SUCCESSFUL										68335942227	148631600415	555579441277	66061.51999999999	6047.62	33335.03796399964	6047.62	64250.0	1840.0	75244084527	1022387514		33.33445101699908	3875.9374435415803	2913.5533440578465	6789.490787599427	3875.9374435415803	2913.5533440578465	6789.490787599427	ok	cpu/event=0xc0,cmask=1,inv=1/		/home/seunghyun/ycsb/results/chiplet_npb_ft_class_b_smt14_numa0_x2_madracks-mnode5_20260317T044850Z_350478/runs/npb_instances/smt14_x2
chiplet_npb_ft_class_b	0	3	2026-03-17T05:00:37Z	madracks-mnode5	amd	npb_instances	single_thread	per_instance_external	NO_RETIRED_INST_CYCLES	user	smt14_x3	3	3	0,1,2	0,0,0	True							1							FT	B		9057.92	Mop/s total	SUCCESSFUL										102938105947	223226339758	833363732841	99215.45999999999	9057.92	33363.061697000376	9057.92	96490.0	2750.0	111908849117	1364212944		33.362510869999824	5807.22888913899	4626.871313616742	10434.100202755732	5807.22888913899	4626.871313616742	10434.100202755732	ok	cpu/event=0xc0,cmask=1,inv=1/		/home/seunghyun/ycsb/results/chiplet_npb_ft_class_b_smt14_numa0_x3_madracks-mnode5_20260317T050004Z_358273/runs/npb_instances/smt14_x3
chiplet_npb_ft_class_b	0	4	2026-03-17T05:12:10Z	madracks-mnode5	amd	npb_instances	single_thread	per_instance_external	NO_RETIRED_INST_CYCLES	user	smt14_x4	4	4	0,1,2,3	0,0,0,0	True							1							FT	B		11986.03	Mop/s total	SUCCESSFUL										139642281105	299913221817	1111171575281	133299.21	11986.03	33590.46403600223	11986.03	129670.0	3670.0	149283988430	2003180854		33.58988058900286	7687.007194425505	6278.2870820968765	13965.294276522382	7687.007194425505	6278.2870820968765	13965.294276522382	ok	cpu/event=0xc0,cmask=1,inv=1/		/home/seunghyun/ycsb/results/chiplet_npb_ft_class_b_smt14_numa0_x4_madracks-mnode5_20260317T051136Z_373605/runs/npb_instances/smt14_x4
chiplet_npb_ft_class_b	0	5	2026-03-17T05:24:01Z	madracks-mnode5	amd	npb_instances	single_thread	per_instance_external	NO_RETIRED_INST_CYCLES	user	smt14_x5	5	5	0,1,2,3,4	0,0,0,0,0	True							1							FT	B		14980.27	Mop/s total	SUCCESSFUL										175021188722	374958297556	1388975557116	166653.14	14980.27	33560.117786000774	14980.27	161960.0	4730.0	185756171813	2305037151		33.55965480899977	9620.822408379514	7952.6877971289	17573.510205508413	9620.822408379514	7952.6877971289	17573.510205508413	ok	cpu/event=0xc0,cmask=1,inv=1/		/home/seunghyun/ycsb/results/chiplet_npb_ft_class_b_smt14_numa0_x5_madracks-mnode5_20260317T052327Z_384938/runs/npb_instances/smt14_x5
chiplet_npb_ft_class_b	0	6	2026-03-17T05:36:15Z	madracks-mnode5	amd	npb_instances	single_thread	per_instance_external	NO_RETIRED_INST_CYCLES	user	smt14_x6	6	6	0,1,2,3,4,5	0,0,0,0,0,0	True							1							FT	B		17824.55	Mop/s total	SUCCESSFUL										213162511216	453574252012	1666749354905	201593.94	17824.55	33981.5103630026	17824.55	195970.0	5680.0	224968826251	3084278419		33.98096427500059	11399.337796380816	9502.32825723921	20901.66605362003	11399.337796380816	9502.32825723921	20901.66605362003	ok	cpu/event=0xc0,cmask=1,inv=1/		/home/seunghyun/ycsb/results/chiplet_npb_ft_class_b_smt14_numa0_x6_madracks-mnode5_20260317T053541Z_397713/runs/npb_instances/smt14_x6
chiplet_npb_ft_class_b	0	7	2026-03-17T05:49:00Z	madracks-mnode5	amd	npb_instances	single_thread	per_instance_external	NO_RETIRED_INST_CYCLES	user	smt14_x7	7	7	0,1,2,3,4,5,6	0,0,0,0,0,0,0	True							1							FT	B		20541.260000000002	Mop/s total	SUCCESSFUL										255910999447	535500255868	1944630689989	238006.24999999997	20541.260000000002	34279.932854002254	20541.260000000002	231420.0	6650.0	259164875736	3066591569		34.27936858599787	13183.339522539945	11047.857965230212	24231.197487770158	13183.339522539945	11047.857965230212	24231.197487770158	ok	cpu/event=0xc0,cmask=1,inv=1/		/home/seunghyun/ycsb/results/chiplet_npb_ft_class_b_smt14_numa0_x7_madracks-mnode5_20260317T054826Z_411846/runs/npb_instances/smt14_x7
chiplet_npb_ft_class_b	0	8	2026-03-17T06:03:31Z	madracks-mnode5	amd	npb_instances	single_thread	per_instance_external	NO_RETIRED_INST_CYCLES	user	smt14_x8	8	8	0,1,2,3,4,5,6,84	0,0,0,0,0,0,0,0	True							1							FT	B		21052.969999999998	Mop/s total	SUCCESSFUL										392895342029	722925790352	2222545670508	321310.5	21052.969999999998	59187.345166999876	21052.969999999998	313200.0	8170.0	297687265630	4848116477		59.18686025900024	8764.165086231718	7165.144358602728	15929.309444834445	8764.165086231718	7165.144358602728	15929.309444834445	ok	cpu/event=0xc0,cmask=1,inv=1/		/home/seunghyun/ycsb/results/chiplet_npb_ft_class_b_smt14_numa0_x8_madracks-mnode5_20260317T060231Z_427694/runs/npb_instances/smt14_x8
chiplet_npb_ft_class_b	0	9	2026-03-17T06:20:01Z	madracks-mnode5	amd	npb_instances	single_thread	per_instance_external	NO_RETIRED_INST_CYCLES	user	smt14_x9	9	9	0,1,2,3,4,5,6,84,85	0,0,0,0,0,0,0,0,0	True							1							FT	B		21362.989999999998	Mop/s total	SUCCESSFUL										539192232082	918994275515	2500416258658	408453.50999999995	21362.989999999998	60256.99417400028	21362.989999999998	399000.0	9530.0	335283460861	6725468716		60.256336646998534	9702.65129970556	7990.901489367792	17693.55278907335	9702.65129970556	7990.901489367792	17693.55278907335	ok	cpu/event=0xc0,cmask=1,inv=1/		/home/seunghyun/ycsb/results/chiplet_npb_ft_class_b_smt14_numa0_x9_madracks-mnode5_20260317T061901Z_445780/runs/npb_instances/smt14_x9
chiplet_npb_ft_class_b	0	10	2026-03-17T06:36:58Z	madracks-mnode5	amd	npb_instances	single_thread	per_instance_external	NO_RETIRED_INST_CYCLES	user	smt14_x10	10	10	0,1,2,3,4,5,6,84,85,86	0,0,0,0,0,0,0,0,0,0	True							1							FT	B		21766.350000000002	Mop/s total	SUCCESSFUL										678592919810	1107834082559	2778286792982	492383.47	21766.350000000002	59640.33870800631	21766.350000000002	481230.0	11250.0	370423789059	8121385767		59.63977457099827	10904.481929957861	9034.57955739811	19939.06148735597	10904.481929957861	9034.57955739811	19939.06148735597	ok	cpu/event=0xc0,cmask=1,inv=1/		/home/seunghyun/ycsb/results/chiplet_npb_ft_class_b_smt14_numa0_x10_madracks-mnode5_20260317T063558Z_465388/runs/npb_instances/smt14_x10
chiplet_npb_ft_class_b	0	11	2026-03-17T06:54:27Z	madracks-mnode5	amd	npb_instances	single_thread	per_instance_external	NO_RETIRED_INST_CYCLES	user	smt14_x11	11	11	0,1,2,3,4,5,6,84,85,86,87	0,0,0,0,0,0,0,0,0,0,0	True							1							FT	B		22008.16	Mop/s total	SUCCESSFUL										832046888991	1312895841463	3056172661227	583524.6300000001	22008.16	62200.38651699724	22008.16	571070.0	12550.0	410487590650	10086618994		62.19976501099882	11523.57090247743	9558.451152061622	21082.02205453905	11523.57090247743	9558.451152061622	21082.02205453905	ok	cpu/event=0xc0,cmask=1,inv=1/		/home/seunghyun/ycsb/results/chiplet_npb_ft_class_b_smt14_numa0_x11_madracks-mnode5_20260317T065325Z_486637/runs/npb_instances/smt14_x11
chiplet_npb_ft_class_b	0	12	2026-03-17T07:12:35Z	madracks-mnode5	amd	npb_instances	single_thread	per_instance_external	NO_RETIRED_INST_CYCLES	user	smt14_x12	12	12	0,1,2,3,4,5,6,84,85,86,87,88	0,0,0,0,0,0,0,0,0,0,0,0	True							1							FT	B		22319.11	Mop/s total	SUCCESSFUL										980314683115	1509646288843	3334048632129	670970.8700000001	22319.11	61656.81481000502	22319.11	656950.0	14170.0	444386190713	11242090453		61.656237901996064	12703.191917494207	10560.636404213503	23263.82832170771	12703.191917494207	10560.636404213503	23263.82832170771	ok	cpu/event=0xc0,cmask=1,inv=1/		/home/seunghyun/ycsb/results/chiplet_npb_ft_class_b_smt14_numa0_x12_madracks-mnode5_20260317T071133Z_509043/runs/npb_instances/smt14_x12
chiplet_npb_ft_class_b	0	13	2026-03-17T07:31:30Z	madracks-mnode5	amd	npb_instances	single_thread	per_instance_external	NO_RETIRED_INST_CYCLES	user	smt14_x13	13	13	0,1,2,3,4,5,6,84,85,86,87,88,89	0,0,0,0,0,0,0,0,0,0,0,0,0	True							1							FT	B		22294.69	Mop/s total	SUCCESSFUL										1151522096363	1730854855600	3612080172813	769286.2899999999	22294.69	61925.557028000185	22294.69	752950.0	16500.0	481294904757	12674907064		61.92495109000447	13773.405399696256	11429.484869115222	25202.890268811476	13773.405399696256	11429.484869115222	25202.890268811476	ok	cpu/event=0xc0,cmask=1,inv=1/		/home/seunghyun/ycsb/results/chiplet_npb_ft_class_b_smt14_numa0_x13_madracks-mnode5_20260317T073028Z_532881/runs/npb_instances/smt14_x13
chiplet_npb_ft_class_b	0	14	2026-03-17T07:51:21Z	madracks-mnode5	amd	npb_instances	single_thread	per_instance_external	NO_RETIRED_INST_CYCLES	user	smt14_x14	14	14	0,1,2,3,4,5,6,84,85,86,87,88,89,90	0,0,0,0,0,0,0,0,0,0,0,0,0,0	True							1							FT	B		22509.989999999998	Mop/s total	SUCCESSFUL										1312424354782	1942444949938	3889919188735	863344.13	22509.989999999998	63436.72159900598	22509.989999999998	846070.0	17430.0	520603663243	14569157110		63.436099821003154	14513.950369220312	12039.69920057826	26553.649569798574	14513.950369220312	12039.69920057826	26553.649569798574	ok	cpu/event=0xc0,cmask=1,inv=1/		/home/seunghyun/ycsb/results/chiplet_npb_ft_class_b_smt14_numa0_x14_madracks-mnode5_20260317T075018Z_558288/runs/npb_instances/smt14_x14
chiplet_npb_ft_class_b	1	1	2026-03-17T04:44:19Z	madracks-mnode5	amd	npb_instances	single_thread	per_instance_external	NO_RETIRED_INST_CYCLES	user	smt14_x1	1	1	0	1	True							1							FT	B		2585.56	Mop/s total	SUCCESSFUL										46950110561	86721178957	277824058483	38545.83	2585.56	38595.83251100048	2585.56	37490.0	1070.0	36314399416	365218906		38.5952812430005	1669.5021139967457	1009.2747191795114	2678.7768331762572	1669.5021139967457	1009.2747191795114	2678.7768331762572	ok	cpu/event=0xc0,cmask=1,inv=1/		/home/seunghyun/ycsb/results/chiplet_npb_ft_class_b_smt14_numa1_x1_madracks-mnode5_20260317T044341Z_347037/runs/npb_instances/smt14_x1
chiplet_npb_ft_class_b	1	2	2026-03-17T04:55:26Z	madracks-mnode5	amd	npb_instances	single_thread	per_instance_external	NO_RETIRED_INST_CYCLES	user	smt14_x2	2	2	0,1	1,1	True							1							FT	B		5151.91	Mop/s total	SUCCESSFUL										94853063439	174135234244	555644586827	77396.99	5151.91	38754.01184899965	5151.91	75300.0	2110.0	72039368337	697675888		38.75349416099925	3333.5483507296494	2533.7852082576082	5867.333558987258	3333.5483507296494	2533.7852082576082	5867.333558987258	ok	cpu/event=0xc0,cmask=1,inv=1/		/home/seunghyun/ycsb/results/chiplet_npb_ft_class_b_smt14_numa1_x2_madracks-mnode5_20260317T045447Z_354208/runs/npb_instances/smt14_x2
chiplet_npb_ft_class_b	1	3	2026-03-17T05:06:52Z	madracks-mnode5	amd	npb_instances	single_thread	per_instance_external	NO_RETIRED_INST_CYCLES	user	smt14_x3	3	3	0,1,2	1,1,1	True							1							FT	B		7606.530000000001	Mop/s total	SUCCESSFUL										146142580532	265312770133	833499452185	117921.25	7606.530000000001	39402.48761800103	7606.530000000001	114650.0	3290.0	109020445003	1034910947		39.40194510100264	4915.185417899237	3933.700317900866	8848.885735800104	4915.185417899237	3933.700317900866	8848.885735800104	ok	cpu/event=0xc0,cmask=1,inv=1/		/home/seunghyun/ycsb/results/chiplet_npb_ft_class_b_smt14_numa1_x3_madracks-mnode5_20260317T050613Z_365787/runs/npb_instances/smt14_x3
chiplet_npb_ft_class_b	1	4	2026-03-17T05:18:34Z	madracks-mnode5	amd	npb_instances	single_thread	per_instance_external	NO_RETIRED_INST_CYCLES	user	smt14_x4	4	4	0,1,2,3	1,1,1,1	True							1							FT	B		9989.95	Mop/s total	SUCCESSFUL										200228609338	358808335757	1111325381868	159476.09000000003	9989.95	40024.0624270009	9989.95	155150.0	4360.0	143878803499	1519080966		40.023478812003304	6444.695139216395	5277.241112489656	11721.93625170605	6444.695139216395	5277.241112489656	11721.93625170605	ok	cpu/event=0xc0,cmask=1,inv=1/		/home/seunghyun/ycsb/results/chiplet_npb_ft_class_b_smt14_numa1_x4_madracks-mnode5_20260317T051754Z_379082/runs/npb_instances/smt14_x4
chiplet_npb_ft_class_b	1	5	2026-03-17T05:30:37Z	madracks-mnode5	amd	npb_instances	single_thread	per_instance_external	NO_RETIRED_INST_CYCLES	user	smt14_x5	5	5	0,1,2,3,4	1,1,1,1,1	True							1							FT	B		12201.47	Mop/s total	SUCCESSFUL										260494285252	458671704491	1389171511153	203860.89	12201.47	41025.19091800059	12201.47	198510.0	5390.0	179081195565	2026340371		41.02462237999862	7862.841505750103	6512.237752998333	14375.079258748436	7862.841505750103	6512.237752998333	14375.079258748436	ok	cpu/event=0xc0,cmask=1,inv=1/		/home/seunghyun/ycsb/results/chiplet_npb_ft_class_b_smt14_numa1_x5_madracks-mnode5_20260317T052956Z_391168/runs/npb_instances/smt14_x5
chiplet_npb_ft_class_b	1	6	2026-03-17T05:43:08Z	madracks-mnode5	amd	npb_instances	single_thread	per_instance_external	NO_RETIRED_INST_CYCLES	user	smt14_x6	6	6	0,1,2,3,4,5	1,1,1,1,1,1	True							1							FT	B		14308.03	Mop/s total	SUCCESSFUL										325036572773	562872036998	1667013056090	250172.56	14308.03	42133.625280999695	14308.03	243540.0	6710.0	213629562406	2649383170		42.13308023300124	9185.402152369214	7667.542698632022	16852.944851001237	9185.402152369214	7667.542698632022	16852.944851001237	ok	cpu/event=0xc0,cmask=1,inv=1/		/home/seunghyun/ycsb/results/chiplet_npb_ft_class_b_smt14_numa1_x6_madracks-mnode5_20260317T054226Z_404562/runs/npb_instances/smt14_x6
chiplet_npb_ft_class_b	1	7	2026-03-17T05:56:10Z	madracks-mnode5	amd	npb_instances	single_thread	per_instance_external	NO_RETIRED_INST_CYCLES	user	smt14_x7	7	7	0,1,2,3,4,5,6	1,1,1,1,1,1,1	True							1							FT	B		16470.16	Mop/s total	SUCCESSFUL										388340992346	666241774057	1944881703739	296115.8	16470.16	42852.45416599719	16470.16	288300.0	7900.0	253073608063	2512407206		42.8518796999997	10536.818228841641	8840.3232406531	19377.14146949474	10536.818228841641	8840.3232406531	19377.14146949474	ok	cpu/event=0xc0,cmask=1,inv=1/		/home/seunghyun/ycsb/results/chiplet_npb_ft_class_b_smt14_numa1_x7_madracks-mnode5_20260317T055527Z_419422/runs/npb_instances/smt14_x7
chiplet_npb_ft_class_b	1	8	2026-03-17T06:12:25Z	madracks-mnode5	amd	npb_instances	single_thread	per_instance_external	NO_RETIRED_INST_CYCLES	user	smt14_x8	8	8	0,1,2,3,4,5,6,84	1,1,1,1,1,1,1,1	True							1							FT	B		16698.64	Mop/s total	SUCCESSFUL										562568943645	890495892510	2222775618982	395790.43000000005	16698.64	68383.7074519979	16698.64	386070.0	9790.0	289596805551	3879863734		68.38320346399996	7569.473179132755	6216.797356948808	13786.270536081563	7569.473179132755	6216.797356948808	13786.270536081563	ok	cpu/event=0xc0,cmask=1,inv=1/		/home/seunghyun/ycsb/results/chiplet_npb_ft_class_b_smt14_numa1_x8_madracks-mnode5_20260317T061117Z_436586/runs/npb_instances/smt14_x8
chiplet_npb_ft_class_b	1	9	2026-03-17T06:29:15Z	madracks-mnode5	amd	npb_instances	single_thread	per_instance_external	NO_RETIRED_INST_CYCLES	user	smt14_x9	9	9	0,1,2,3,4,5,6,84,85	1,1,1,1,1,1,1,1,1	True							1							FT	B		17280.23	Mop/s total	SUCCESSFUL										724881082113	1103584236194	2500696111432	490498.14999999997	17280.23	68856.39066400472	17280.23	478960.0	11640.0	327217516434	5297112348		68.85583173600025	8464.92970406409	7002.582778285266	15467.512482349357	8464.92970406409	7002.582778285266	15467.512482349357	ok	cpu/event=0xc0,cmask=1,inv=1/		/home/seunghyun/ycsb/results/chiplet_npb_ft_class_b_smt14_numa1_x9_madracks-mnode5_20260317T062806Z_455526/runs/npb_instances/smt14_x9
chiplet_npb_ft_class_b	1	10	2026-03-17T06:46:28Z	madracks-mnode5	amd	npb_instances	single_thread	per_instance_external	NO_RETIRED_INST_CYCLES	user	smt14_x10	10	10	0,1,2,3,4,5,6,84,85,86	1,1,1,1,1,1,1,1,1,1	True							1							FT	B		17632.93	Mop/s total	SUCCESSFUL										907601051747	1336902698668	2778589275063	594198.67	17632.93	70491.38783699891	17632.93	580830.0	13480.0	364290040937	6675516955		70.49086031900515	9207.782758679137	7640.886314408161	16848.669073087298	9207.782758679137	7640.886314408161	16848.669073087298	ok	cpu/event=0xc0,cmask=1,inv=1/		/home/seunghyun/ycsb/results/chiplet_npb_ft_class_b_smt14_numa1_x10_madracks-mnode5_20260317T064518Z_475871/runs/npb_instances/smt14_x10
chiplet_npb_ft_class_b	1	11	2026-03-17T07:04:22Z	madracks-mnode5	amd	npb_instances	single_thread	per_instance_external	NO_RETIRED_INST_CYCLES	user	smt14_x11	11	11	0,1,2,3,4,5,6,84,85,86,87	1,1,1,1,1,1,1,1,1,1,1	True							1							FT	B		17844.899999999998	Mop/s total	SUCCESSFUL										1105347955359	1585962300934	3056574953202	704893.7	17844.899999999998	72226.37529200438	17844.899999999998	689290.0	15720.0	403312772814	8109422060		72.22581396400346	9892.469709880945	8230.445463169679	18122.915173050624	9892.469709880945	8230.445463169679	18122.915173050624	ok	cpu/event=0xc0,cmask=1,inv=1/		/home/seunghyun/ycsb/results/chiplet_npb_ft_class_b_smt14_numa1_x11_madracks-mnode5_20260317T070310Z_497906/runs/npb_instances/smt14_x11
chiplet_npb_ft_class_b	1	12	2026-03-17T07:22:54Z	madracks-mnode5	amd	npb_instances	single_thread	per_instance_external	NO_RETIRED_INST_CYCLES	user	smt14_x12	12	12	0,1,2,3,4,5,6,84,85,86,87,88	1,1,1,1,1,1,1,1,1,1,1,1	True							1							FT	B		17935.600000000002	Mop/s total	SUCCESSFUL										1321376433753	1853002035039	3334470472347	823583.8099999998	17935.600000000002	73989.44396599836	17935.600000000002	806290.0	17450.0	442031789490	9307792250		73.98888099999749	10561.89259504265	8792.768643899695	19354.661238942346	10561.89259504265	8792.768643899695	19354.661238942346	ok	cpu/event=0xc0,cmask=1,inv=1/		/home/seunghyun/ycsb/results/chiplet_npb_ft_class_b_smt14_numa1_x12_madracks-mnode5_20260317T072140Z_520851/runs/npb_instances/smt14_x12
chiplet_npb_ft_class_b	1	13	2026-03-17T07:42:19Z	madracks-mnode5	amd	npb_instances	single_thread	per_instance_external	NO_RETIRED_INST_CYCLES	user	smt14_x13	13	13	0,1,2,3,4,5,6,84,85,86,87,88,89	1,1,1,1,1,1,1,1,1,1,1,1,1	True							1							FT	B		17908.74	Mop/s total	SUCCESSFUL										1555371877348	2138731382838	3612495700073	950576.7500000001	17908.74	76008.90615599928	17908.74	931270.0	19490.0	482773304800	10528326023		76.00832862900279	11179.062057116387	9296.668080754107	20475.730137870494	11179.062057116387	9296.668080754107	20475.730137870494	ok	cpu/event=0xc0,cmask=1,inv=1/		/home/seunghyun/ycsb/results/chiplet_npb_ft_class_b_smt14_numa1_x13_madracks-mnode5_20260317T074103Z_545541/runs/npb_instances/smt14_x13
chiplet_npb_ft_class_b	1	14	2026-03-17T08:02:47Z	madracks-mnode5	amd	npb_instances	single_thread	per_instance_external	NO_RETIRED_INST_CYCLES	user	smt14_x14	14	14	0,1,2,3,4,5,6,84,85,86,87,88,89,90	1,1,1,1,1,1,1,1,1,1,1,1,1,1	True							1							FT	B		17767.17	Mop/s total	SUCCESSFUL										1813267278203	2447605220908	3890509246292	1087879.7000000002	17767.17	78348.80638599861	17767.17	1066240.0	21810.0	520780582527	11816315244		78.34821118200489	11714.122727668528	9734.62699253478	21448.74972020331	11714.122727668528	9734.62699253478	21448.74972020331	ok	cpu/event=0xc0,cmask=1,inv=1/		/home/seunghyun/ycsb/results/chiplet_npb_ft_class_b_smt14_numa1_x14_madracks-mnode5_20260317T080129Z_571791/runs/npb_instances/smt14_x14
chiplet_npb_mg_class_b	0	1	2026-03-17T04:38:38Z	madracks-mnode5	amd	npb_instances	single_thread	per_instance_external	NO_RETIRED_INST_CYCLES	user	smt14_x1	1	1	0	0	True							1							MG	B		2738.59	Mop/s total	SUCCESSFUL										13345375213	18120186839	31176469419	8054.13	2738.59	8084.95364600094	2738.59	7750.0	310.0	3513525132	159616476		8.084365619000891	4062.94142714132	1457.9900938782207	5520.931521019541	4062.94142714132	1457.9900938782207	5520.931521019541	ok	cpu/event=0xc0,cmask=1,inv=1/		/home/seunghyun/ycsb/results/chiplet_npb_mg_class_b_smt14_numa0_x1_madracks-mnode5_20260317T043830Z_344244/runs/npb_instances/smt14_x1
chiplet_npb_mg_class_b	0	2	2026-03-17T04:49:32Z	madracks-mnode5	amd	npb_instances	single_thread	per_instance_external	NO_RETIRED_INST_CYCLES	user	smt14_x2	2	2	0,1	0,0	True							1							MG	B		5300.030000000001	Mop/s total	SUCCESSFUL										27833004651	37396965521	62354789310	16621.78	5300.030000000001	8356.420575000811	5300.030000000001	16040.0	600.0	7046704037	324365356		8.35585171799903	8076.184754072858	3012.0589110908927	11088.24366516375	8076.184754072858	3012.0589110908927	11088.24366516375	ok	cpu/event=0xc0,cmask=1,inv=1/		/home/seunghyun/ycsb/results/chiplet_npb_mg_class_b_smt14_numa0_x2_madracks-mnode5_20260317T044924Z_350812/runs/npb_instances/smt14_x2
chiplet_npb_mg_class_b	0	3	2026-03-17T05:00:46Z	madracks-mnode5	amd	npb_instances	single_thread	per_instance_external	NO_RETIRED_INST_CYCLES	user	smt14_x3	3	3	0,1,2	0,0,0	True							1							MG	B		7816.99	Mop/s total	SUCCESSFUL										42718440797	57049408691	93528403653	25356.3	7816.99	8507.620196996868	7816.99	24400.0	980.0	10575318602	483509322		8.507096039000317	12047.982514827487	4532.55575206743	16580.538266894917	12047.982514827487	4532.55575206743	16580.538266894917	ok	cpu/event=0xc0,cmask=1,inv=1/		/home/seunghyun/ycsb/results/chiplet_npb_mg_class_b_smt14_numa0_x3_madracks-mnode5_20260317T050038Z_358546/runs/npb_instances/smt14_x3
chiplet_npb_mg_class_b	0	4	2026-03-17T05:12:19Z	madracks-mnode5	amd	npb_instances	single_thread	per_instance_external	NO_RETIRED_INST_CYCLES	user	smt14_x4	4	4	0,1,2,3	0,0,0,0	True							1							MG	B		10205.99	Mop/s total	SUCCESSFUL										58624294246	77739838243	124707793649	34552.21	10205.99	8698.87739600017	10205.99	33260.0	1330.0	14126501995	654300828		8.698350878999918	15794.266669092265	5955.731685920299	21749.998355012565	15794.266669092265	5955.731685920299	21749.998355012565	ok	cpu/event=0xc0,cmask=1,inv=1/		/home/seunghyun/ycsb/results/chiplet_npb_mg_class_b_smt14_numa0_x4_madracks-mnode5_20260317T051210Z_373945/runs/npb_instances/smt14_x4
chiplet_npb_mg_class_b	0	5	2026-03-17T05:24:10Z	madracks-mnode5	amd	npb_instances	single_thread	per_instance_external	NO_RETIRED_INST_CYCLES	user	smt14_x5	5	5	0,1,2,3,4	0,0,0,0,0	True							1							MG	B		12558.77	Mop/s total	SUCCESSFUL										74818531175	98727786040	155889368734	43880.380000000005	12558.77	8849.310150002566	12558.77	42370.0	1570.0	17654003723	816260422		8.848777221999626	19497.981177397145	7351.832410371232	26849.813587768378	19497.981177397145	7351.832410371232	26849.813587768378	ok	cpu/event=0xc0,cmask=1,inv=1/		/home/seunghyun/ycsb/results/chiplet_npb_mg_class_b_smt14_numa0_x5_madracks-mnode5_20260317T052401Z_385358/runs/npb_instances/smt14_x5
chiplet_npb_mg_class_b	0	6	2026-03-17T05:36:24Z	madracks-mnode5	amd	npb_instances	single_thread	per_instance_external	NO_RETIRED_INST_CYCLES	user	smt14_x6	6	6	0,1,2,3,4,5	0,0,0,0,0,0	True							1							MG	B		14794.59	Mop/s total	SUCCESSFUL										92098612792	120808337540	187078143665	53694.21000000001	14794.59	9026.298140001018	14794.59	51770.0	1980.0	21191631393	994998135		9.025747043000592	23064.672126134246	8671.623827345351	31736.295953479595	23064.672126134246	8671.623827345351	31736.295953479595	ok	cpu/event=0xc0,cmask=1,inv=1/		/home/seunghyun/ycsb/results/chiplet_npb_mg_class_b_smt14_numa0_x6_madracks-mnode5_20260317T053615Z_398078/runs/npb_instances/smt14_x6
chiplet_npb_mg_class_b	0	7	2026-03-17T05:49:09Z	madracks-mnode5	amd	npb_instances	single_thread	per_instance_external	NO_RETIRED_INST_CYCLES	user	smt14_x7	7	7	0,1,2,3,4,5,6	0,0,0,0,0,0,0	True							1							MG	B		16832.09	Mop/s total	SUCCESSFUL										111361130451	144870427088	218279642023	64388.92	16832.09	9257.269251000253	16832.09	62010.0	2450.0	24771673067	1162447171		9.256828284000221	26417.90886216971	9877.956111178115	36295.86497334782	26417.90886216971	9877.956111178115	36295.86497334782	ok	cpu/event=0xc0,cmask=1,inv=1/		/home/seunghyun/ycsb/results/chiplet_npb_mg_class_b_smt14_numa0_x7_madracks-mnode5_20260317T054900Z_412248/runs/npb_instances/smt14_x7
chiplet_npb_mg_class_b	0	8	2026-03-17T06:03:44Z	madracks-mnode5	amd	npb_instances	single_thread	per_instance_external	NO_RETIRED_INST_CYCLES	user	smt14_x8	8	8	0,1,2,3,4,5,6,84	0,0,0,0,0,0,0,0	True							1							MG	B		17799.79	Mop/s total	SUCCESSFUL										139948195909	181482262484	249471432758	80661.35	17799.79	12631.106278000516	17799.79	77930.0	2790.0	31660411337	1172489577		12.630560670000705	22419.774840006932	8266.89139585368	30686.66623586061	22419.774840006932	8266.89139585368	30686.66623586061	ok	cpu/event=0xc0,cmask=1,inv=1/		/home/seunghyun/ycsb/results/chiplet_npb_mg_class_b_smt14_numa0_x8_madracks-mnode5_20260317T060331Z_428345/runs/npb_instances/smt14_x8
chiplet_npb_mg_class_b	0	9	2026-03-17T06:20:14Z	madracks-mnode5	amd	npb_instances	single_thread	per_instance_external	NO_RETIRED_INST_CYCLES	user	smt14_x9	9	9	0,1,2,3,4,5,6,84,85	0,0,0,0,0,0,0,0,0	True							1							MG	B		18665.31	Mop/s total	SUCCESSFUL										170269758083	219941113246	280677382940	97754.45999999999	18665.31	12789.9463069989	18665.31	94510.0	3360.0	38425016222	1182821030		12.789446619004593	25365.524542138133	9209.604603606238	34575.12914574437	25365.524542138133	9209.604603606238	34575.12914574437	ok	cpu/event=0xc0,cmask=1,inv=1/		/home/seunghyun/ycsb/results/chiplet_npb_mg_class_b_smt14_numa0_x9_madracks-mnode5_20260317T062002Z_446338/runs/npb_instances/smt14_x9
chiplet_npb_mg_class_b	0	10	2026-03-17T06:37:11Z	madracks-mnode5	amd	npb_instances	single_thread	per_instance_external	NO_RETIRED_INST_CYCLES	user	smt14_x10	10	10	0,1,2,3,4,5,6,84,85,86	0,0,0,0,0,0,0,0,0,0	True							1							MG	B		19390.190000000002	Mop/s total	SUCCESSFUL										203384452531	261317377163	311893926854	116144.41	19390.190000000002	13085.860425002465	19390.190000000002	112350.0	3900.0	45249258345	1205361948		13.085294638003688	28116.038126938525	10023.226945665983	38139.26507260451	28116.038126938525	10023.226945665983	38139.26507260451	ok	cpu/event=0xc0,cmask=1,inv=1/		/home/seunghyun/ycsb/results/chiplet_npb_mg_class_b_smt14_numa0_x10_madracks-mnode5_20260317T063658Z_466032/runs/npb_instances/smt14_x10
chiplet_npb_mg_class_b	0	11	2026-03-17T06:54:41Z	madracks-mnode5	amd	npb_instances	single_thread	per_instance_external	NO_RETIRED_INST_CYCLES	user	smt14_x11	11	11	0,1,2,3,4,5,6,84,85,86,87	0,0,0,0,0,0,0,0,0,0,0	True							1							MG	B		19905.79	Mop/s total	SUCCESSFUL										240353351852	306672791977	343105091865	136302.85000000003	19905.79	13458.708502999798	19905.79	132100.0	4330.0	52126956280	1219032156		13.458180394998635	30801.117498807755	10735.438817768838	41536.55631657659	30801.117498807755	10735.438817768838	41536.55631657659	ok	cpu/event=0xc0,cmask=1,inv=1/		/home/seunghyun/ycsb/results/chiplet_npb_mg_class_b_smt14_numa0_x11_madracks-mnode5_20260317T065427Z_487346/runs/npb_instances/smt14_x11
chiplet_npb_mg_class_b	0	12	2026-03-17T07:12:49Z	madracks-mnode5	amd	npb_instances	single_thread	per_instance_external	NO_RETIRED_INST_CYCLES	user	smt14_x12	12	12	0,1,2,3,4,5,6,84,85,86,87,88	0,0,0,0,0,0,0,0,0,0,0,0	True							1							MG	B		20387.620000000003	Mop/s total	SUCCESSFUL										279594130358	354548095149	374306531940	157581.65	20387.620000000003	13919.93303700292	20387.620000000003	152740.0	5010.0	58810722944	1247332362		13.919367808994139	33405.98192571088	11345.328814822937	44751.31074053382	33405.98192571088	11345.328814822937	44751.31074053382	ok	cpu/event=0xc0,cmask=1,inv=1/		/home/seunghyun/ycsb/results/chiplet_npb_mg_class_b_smt14_numa0_x12_madracks-mnode5_20260317T071235Z_509697/runs/npb_instances/smt14_x12
chiplet_npb_mg_class_b	0	13	2026-03-17T07:31:44Z	madracks-mnode5	amd	npb_instances	single_thread	per_instance_external	NO_RETIRED_INST_CYCLES	user	smt14_x13	13	13	0,1,2,3,4,5,6,84,85,86,87,88,89	0,0,0,0,0,0,0,0,0,0,0,0,0	True							1							MG	B		20393.67	Mop/s total	SUCCESSFUL										329014492821	413161007533	405550704327	183632.30000000002	20393.67	14565.516228001798	20393.67	178100.0	5690.0	65246882148	1265782473		14.564993190004316	35723.07491304213	11756.173010193741	47479.247923235875	35723.07491304213	11756.173010193741	47479.247923235875	ok	cpu/event=0xc0,cmask=1,inv=1/		/home/seunghyun/ycsb/results/chiplet_npb_mg_class_b_smt14_numa0_x13_madracks-mnode5_20260317T073130Z_533562/runs/npb_instances/smt14_x13
chiplet_npb_mg_class_b	0	14	2026-03-17T07:51:37Z	madracks-mnode5	amd	npb_instances	single_thread	per_instance_external	NO_RETIRED_INST_CYCLES	user	smt14_x14	14	14	0,1,2,3,4,5,6,84,85,86,87,88,89,90	0,0,0,0,0,0,0,0,0,0,0,0,0,0	True							1							MG	B		19962.710000000003	Mop/s total	SUCCESSFUL										392226365071	486245944095	436780088590	216119.57000000004	19962.710000000003	15623.443536002014	19962.710000000003	210020.0	6260.0	71424282835	1399613566		15.622982658002002	37008.03883811975	11807.678073929652	48815.7169120494	37008.03883811975	11807.678073929652	48815.7169120494	ok	cpu/event=0xc0,cmask=1,inv=1/		/home/seunghyun/ycsb/results/chiplet_npb_mg_class_b_smt14_numa0_x14_madracks-mnode5_20260317T075121Z_558991/runs/npb_instances/smt14_x14
chiplet_npb_mg_class_b	1	1	2026-03-17T04:44:33Z	madracks-mnode5	amd	npb_instances	single_thread	per_instance_external	NO_RETIRED_INST_CYCLES	user	smt14_x1	1	1	0	1	True							1							MG	B		1626.34	Mop/s total	SUCCESSFUL										25317492233	30093003677	31200725237	13376.01	1626.34	13410.598661997938	1626.34	13050.0	330.0	3561586246	146122589		13.41010127499976	2451.411934770217	837.8967043323943	3289.3086391026113	2451.411934770217	837.8967043323943	3289.3086391026113	ok	cpu/event=0xc0,cmask=1,inv=1/		/home/seunghyun/ycsb/results/chiplet_npb_mg_class_b_smt14_numa1_x1_madracks-mnode5_20260317T044419Z_347303/runs/npb_instances/smt14_x1
chiplet_npb_mg_class_b	1	2	2026-03-17T04:55:40Z	madracks-mnode5	amd	npb_instances	single_thread	per_instance_external	NO_RETIRED_INST_CYCLES	user	smt14_x2	2	2	0,1	1,1	True							1							MG	B		3114.4300000000003	Mop/s total	SUCCESSFUL										53168492588	62705287825	62404677581	27870.519999999997	3114.4300000000003	13995.830244999524	3114.4300000000003	27190.0	700.0	7186408702	282490967		13.995289057998889	4831.040795065732	1780.3375274789605	6611.378322544692	4831.040795065732	1780.3375274789605	6611.378322544692	ok	cpu/event=0xc0,cmask=1,inv=1/		/home/seunghyun/ycsb/results/chiplet_npb_mg_class_b_smt14_numa1_x2_madracks-mnode5_20260317T045526Z_354485/runs/npb_instances/smt14_x2
chiplet_npb_mg_class_b	1	3	2026-03-17T05:07:07Z	madracks-mnode5	amd	npb_instances	single_thread	per_instance_external	NO_RETIRED_INST_CYCLES	user	smt14_x3	3	3	0,1,2	1,1,1	True							1							MG	B		4570.280000000001	Mop/s total	SUCCESSFUL										81865892886	96184754441	93608587856	42750.71	4570.280000000001	14287.151661999815	4570.280000000001	41670.0	1110.0	10832982394	413154825		14.286704355999973	7150.473882170078	2677.5635332360393	9828.037415406117	7150.473882170078	2677.5635332360393	9828.037415406117	ok	cpu/event=0xc0,cmask=1,inv=1/		/home/seunghyun/ycsb/results/chiplet_npb_mg_class_b_smt14_numa1_x3_madracks-mnode5_20260317T050652Z_366121/runs/npb_instances/smt14_x3
chiplet_npb_mg_class_b	1	4	2026-03-17T05:18:49Z	madracks-mnode5	amd	npb_instances	single_thread	per_instance_external	NO_RETIRED_INST_CYCLES	user	smt14_x4	4	4	0,1,2,3	1,1,1,1	True							1							MG	B		5991.36	Mop/s total	SUCCESSFUL										111525558360	130618008057	124817887647	58054.66	5991.36	14549.56020100144	5991.36	56670.0	1420.0	14420969013	539782506		14.549039875000744	9416.136742279548	3534.457837725563	12950.594580005112	9416.136742279548	3534.457837725563	12950.594580005112	ok	cpu/event=0xc0,cmask=1,inv=1/		/home/seunghyun/ycsb/results/chiplet_npb_mg_class_b_smt14_numa1_x4_madracks-mnode5_20260317T051835Z_379447/runs/npb_instances/smt14_x4
chiplet_npb_mg_class_b	1	5	2026-03-17T05:30:52Z	madracks-mnode5	amd	npb_instances	single_thread	per_instance_external	NO_RETIRED_INST_CYCLES	user	smt14_x5	5	5	0,1,2,3,4	1,1,1,1,1	True							1							MG	B		7386.789999999999	Mop/s total	SUCCESSFUL										142221542667	166091062094	156018917555	73820.76000000001	7386.789999999999	14897.761123000237	7386.789999999999	71990.0	1870.0	18087385320	680124914		14.897226134999073	11578.234863642501	4350.590350455764	15928.825214098266	11578.234863642501	4350.590350455764	15928.825214098266	ok	cpu/event=0xc0,cmask=1,inv=1/		/home/seunghyun/ycsb/results/chiplet_npb_mg_class_b_smt14_numa1_x5_madracks-mnode5_20260317T053037Z_391554/runs/npb_instances/smt14_x5
chiplet_npb_mg_class_b	1	6	2026-03-17T05:43:24Z	madracks-mnode5	amd	npb_instances	single_thread	per_instance_external	NO_RETIRED_INST_CYCLES	user	smt14_x6	6	6	0,1,2,3,4,5	1,1,1,1,1,1	True							1							MG	B		8679.82	Mop/s total	SUCCESSFUL										174986766353	203639346213	187221087521	90509.1	8679.82	15180.733027002134	8679.82	88310.0	2260.0	21727955566	790020911		15.180215559001226	13717.444454168923	5141.613907307212	18859.058361476134	13717.444454168923	5141.613907307212	18859.058361476134	ok	cpu/event=0xc0,cmask=1,inv=1/		/home/seunghyun/ycsb/results/chiplet_npb_mg_class_b_smt14_numa1_x6_madracks-mnode5_20260317T054308Z_404979/runs/npb_instances/smt14_x6
chiplet_npb_mg_class_b	1	7	2026-03-17T05:56:26Z	madracks-mnode5	amd	npb_instances	single_thread	per_instance_external	NO_RETIRED_INST_CYCLES	user	smt14_x7	7	7	0,1,2,3,4,5,6	1,1,1,1,1,1,1	True							1							MG	B		9833.4	Mop/s total	SUCCESSFUL										211801290781	245257724481	218434205559	109006.37999999999	9833.4	15662.644283998816	9833.4	106520.0	2550.0	25505991164	890786244		15.662104966999323	15599.059990626825	5822.69986329094	21421.759853917763	15599.059990626825	5822.69986329094	21421.759853917763	ok	cpu/event=0xc0,cmask=1,inv=1/		/home/seunghyun/ycsb/results/chiplet_npb_mg_class_b_smt14_numa1_x7_madracks-mnode5_20260317T055610Z_419878/runs/npb_instances/smt14_x7
chiplet_npb_mg_class_b	1	8	2026-03-17T06:12:44Z	madracks-mnode5	amd	npb_instances	single_thread	per_instance_external	NO_RETIRED_INST_CYCLES	user	smt14_x8	8	8	0,1,2,3,4,5,6,84	1,1,1,1,1,1,1,1	True							1							MG	B		10562.710000000001	Mop/s total	SUCCESSFUL										256931752401	299399549126	249659254808	133070.6	10562.710000000001	18487.599978994695	10562.710000000001	129920.0	3210.0	32103397094	944720689		18.487065041001188	15286.859817695924	5642.666793842338	20929.526611538262	15286.859817695924	5642.666793842338	20929.526611538262	ok	cpu/event=0xc0,cmask=1,inv=1/		/home/seunghyun/ycsb/results/chiplet_npb_mg_class_b_smt14_numa1_x8_madracks-mnode5_20260317T061226Z_437203/runs/npb_instances/smt14_x8
chiplet_npb_mg_class_b	1	9	2026-03-17T06:29:35Z	madracks-mnode5	amd	npb_instances	single_thread	per_instance_external	NO_RETIRED_INST_CYCLES	user	smt14_x9	9	9	0,1,2,3,4,5,6,84,85	1,1,1,1,1,1,1,1,1	True							1							MG	B		11104.16	Mop/s total	SUCCESSFUL										309080677933	360761076265	280891686150	160344.77000000002	11104.16	19249.99586500053	11104.16	156580.0	3850.0	38537677276	1046057753		19.249478707999515	16818.299503608097	6110.807346025043	22929.106849633143	16818.299503608097	6110.807346025043	22929.106849633143	ok	cpu/event=0xc0,cmask=1,inv=1/		/home/seunghyun/ycsb/results/chiplet_npb_mg_class_b_smt14_numa1_x9_madracks-mnode5_20260317T062915Z_456152/runs/npb_instances/smt14_x9
chiplet_npb_mg_class_b	1	10	2026-03-17T06:46:49Z	madracks-mnode5	amd	npb_instances	single_thread	per_instance_external	NO_RETIRED_INST_CYCLES	user	smt14_x10	10	10	0,1,2,3,4,5,6,84,85,86	1,1,1,1,1,1,1,1,1,1	True							1							MG	B		11477.039999999999	Mop/s total	SUCCESSFUL										369894339217	430958956143	312119065028	191543.34	11477.039999999999	20320.449618993734	11477.039999999999	187080.0	4580.0	44865047908	1189356651		20.319993860000977	18061.117690101964	6443.781644655652	24504.899334757618	18061.117690101964	6443.781644655652	24504.899334757618	ok	cpu/event=0xc0,cmask=1,inv=1/		/home/seunghyun/ycsb/results/chiplet_npb_mg_class_b_smt14_numa1_x10_madracks-mnode5_20260317T064628Z_476529/runs/npb_instances/smt14_x10
chiplet_npb_mg_class_b	1	11	2026-03-17T07:04:44Z	madracks-mnode5	amd	npb_instances	single_thread	per_instance_external	NO_RETIRED_INST_CYCLES	user	smt14_x11	11	11	0,1,2,3,4,5,6,84,85,86,87	1,1,1,1,1,1,1,1,1,1,1	True							1							MG	B		11587.89	Mop/s total	SUCCESSFUL										443993822708	515016164442	343364045452	228903.50999999998	11587.89	21598.54826800438	11587.89	223950.0	5070.0	52131334391	999063381		21.598064840000006	19195.973263576096	6672.472831343354	25868.44609491945	19195.973263576096	6672.472831343354	25868.44609491945	ok	cpu/event=0xc0,cmask=1,inv=1/		/home/seunghyun/ycsb/results/chiplet_npb_mg_class_b_smt14_numa1_x11_madracks-mnode5_20260317T070422Z_498560/runs/npb_instances/smt14_x11
chiplet_npb_mg_class_b	1	12	2026-03-17T07:23:18Z	madracks-mnode5	amd	npb_instances	single_thread	per_instance_external	NO_RETIRED_INST_CYCLES	user	smt14_x12	12	12	0,1,2,3,4,5,6,84,85,86,87,88	1,1,1,1,1,1,1,1,1,1,1,1	True							1							MG	B		11405.470000000001	Mop/s total	SUCCESSFUL										539815378775	621214373488	374625092323	276104.65	11405.470000000001	23547.089584004425	11405.470000000001	270430.0	5840.0	57815851373	1252160844		23.54663922799955	19774.925911716702	6683.499519464207	26458.42543118091	19774.925911716702	6683.499519464207	26458.42543118091	ok	cpu/event=0xc0,cmask=1,inv=1/		/home/seunghyun/ycsb/results/chiplet_npb_mg_class_b_smt14_numa1_x12_madracks-mnode5_20260317T072254Z_521540/runs/npb_instances/smt14_x12
chiplet_npb_mg_class_b	1	13	2026-03-17T07:42:45Z	madracks-mnode5	amd	npb_instances	single_thread	per_instance_external	NO_RETIRED_INST_CYCLES	user	smt14_x13	13	13	0,1,2,3,4,5,6,84,85,86,87,88,89	1,1,1,1,1,1,1,1,1,1,1,1,1	True							1							MG	B		11048.65	Mop/s total	SUCCESSFUL										657630940481	750286201859	405948802245	333472.74000000005	11048.65	25935.092524996435	11048.65	326810.0	6830.0	65097997441	1014632837		25.934582948000752	20120.08391087881	6576.287343206835	26696.371254085643	20120.08391087881	6576.287343206835	26696.371254085643	ok	cpu/event=0xc0,cmask=1,inv=1/		/home/seunghyun/ycsb/results/chiplet_npb_mg_class_b_smt14_numa1_x13_madracks-mnode5_20260317T074219Z_546297/runs/npb_instances/smt14_x13
chiplet_npb_mg_class_b	1	14	2026-03-17T08:03:16Z	madracks-mnode5	amd	npb_instances	single_thread	per_instance_external	NO_RETIRED_INST_CYCLES	user	smt14_x14	14	14	0,1,2,3,4,5,6,84,85,86,87,88,89,90	1,1,1,1,1,1,1,1,1,1,1,1,1,1	True							1							MG	B		10709.05	Mop/s total	SUCCESSFUL										791176217854	895331912295	437251328856	397948.97	10709.05	28565.02038599865	10709.05	390400.0	7730.0	72241543640	877688878		28.56453940099891	20255.665563430877	6432.2914031205855	26687.956966551465	20255.665563430877	6432.2914031205855	26687.956966551465	ok	cpu/event=0xc0,cmask=1,inv=1/		/home/seunghyun/ycsb/results/chiplet_npb_mg_class_b_smt14_numa1_x14_madracks-mnode5_20260317T080247Z_572650/runs/npb_instances/smt14_x14
chiplet_ycsb_256mib	0	1	2026-03-17T04:35:36Z	madracks-mnode5	amd	rocksdb	embedded	per_instance	NO_RETIRED_INST_CYCLES	user	smt14_x1	1	1	0	0	True	256	256	4096	4096	1000000	1000000	1	1	1	1	65526	65536	READ							1000000	101.495133	11.0	15999.0	101.0	105.0	130.0	406.0	4375.0	129972575451	234646052097	250761342692	104320.03	9591.6820932887	104775.0743689976	9544.254738280528	91870.0	12580.0	14084764247	2719015175		104.77443048200075	1321.7456017903926	222.6290720093466	1544.3746737997392	1321.7456017903926	222.6290720093466	1544.3746737997392	ok	cpu/event=0xc0,cmask=1,inv=1/	/home/seunghyun/ycsb/workloads/working_set_256mb_large_value.properties	/home/seunghyun/ycsb/results/chiplet_ycsb_256mib_smt14_numa0_x1_madracks-mnode5_20260317T043348Z_341618/runs/rocksdb/smt14_x1
chiplet_ycsb_256mib	0	2	2026-03-17T04:46:24Z	madracks-mnode5	amd	rocksdb	embedded	per_instance	NO_RETIRED_INST_CYCLES	user	smt14_x2	2	2	0,1	0,0	True	256	512	4096	8192	1000000	2000000	1	1	1	1	65526	65536	READ							2000000	102.3734555	11.0	16607.0	102.0	106.0	131.0	412.0	4419.0	263453687781	473014177269	501528209656	210321.25	18979.847586106145	106287.31411900299	18816.921065111594	183090.0	27470.0	28381299056	5423968135		106.28671252099957	2709.7452075647584	1077.1127170928028	3786.857924657561	2709.7452075647584	1077.1127170928028	3786.857924657561	ok	cpu/event=0xc0,cmask=1,inv=1/	/home/seunghyun/ycsb/workloads/working_set_256mb_large_value.properties	/home/seunghyun/ycsb/results/chiplet_ycsb_256mib_smt14_numa0_x2_madracks-mnode5_20260317T044433Z_347447/runs/rocksdb/smt14_x2
chiplet_ycsb_256mib	0	3	2026-03-17T04:57:33Z	madracks-mnode5	amd	rocksdb	embedded	per_instance	NO_RETIRED_INST_CYCLES	user	smt14_x3	3	3	0,1,2	0,0,0	True	256	768	4096	12288	1000000	3000000	1	1	1	1	65526	65536	READ							3000000	103.626675	11.0	17071.0	103.0	108.0	131.0	415.0	4423.0	404405012484	718275992711	749953466674	319371.18	28075.150255635697	107590.93537900117	27883.389891835803	275690.0	44030.0	42678801110	8043199242		107.59032634200048	4425.4958908259	2181.646793299774	6607.142684125673	4425.4958908259	2181.646793299774	6607.142684125673	ok	cpu/event=0xc0,cmask=1,inv=1/	/home/seunghyun/ycsb/workloads/working_set_256mb_large_value.properties	/home/seunghyun/ycsb/results/chiplet_ycsb_256mib_smt14_numa0_x3_madracks-mnode5_20260317T045541Z_354658/runs/rocksdb/smt14_x3
chiplet_ycsb_256mib	0	4	2026-03-17T05:09:01Z	madracks-mnode5	amd	rocksdb	embedded	per_instance	NO_RETIRED_INST_CYCLES	user	smt14_x4	4	4	0,1,2,3	0,0,0,0	True	256	1024	4096	16384	1000000	4000000	1	1	1	1	65526	65536	READ							4000000	104.72036975	11.0	16415.0	104.0	109.0	132.0	419.0	4419.0	548768389909	967579602282	1000274825418	430234.86	36965.08875090482	108902.75135699994	36730.01783846017	367360.0	63360.0	56605314049	10722949462		108.90213460000086	6177.5609731631075	3182.8943155394704	9360.455288702578	6177.5609731631075	3182.8943155394704	9360.455288702578	ok	cpu/event=0xc0,cmask=1,inv=1/	/home/seunghyun/ycsb/workloads/working_set_256mb_large_value.properties	/home/seunghyun/ycsb/results/chiplet_ycsb_256mib_smt14_numa0_x4_madracks-mnode5_20260317T050707Z_366324/runs/rocksdb/smt14_x4
chiplet_ycsb_256mib	0	5	2026-03-17T05:20:46Z	madracks-mnode5	amd	rocksdb	embedded	per_instance	NO_RETIRED_INST_CYCLES	user	smt14_x5	5	5	0,1,2,3,4	0,0,0,0,0	True	256	1280	4096	20480	1000000	5000000	1	1	1	1	65526	65536	READ							5000000	105.8840078	11.0	18175.0	105.0	110.0	133.0	425.0	4439.0	697120019393	1222363309514	1255564852855	543590.04	45571.77288908504	110511.26962700073	45244.254426503954	462370.0	81860.0	71047359230	13465675449		110.51061484000093	7877.085504833209	4354.141721316121	12231.22722614933	7877.085504833209	4354.141721316121	12231.22722614933	ok	cpu/event=0xc0,cmask=1,inv=1/	/home/seunghyun/ycsb/workloads/working_set_256mb_large_value.properties	/home/seunghyun/ycsb/results/chiplet_ycsb_256mib_smt14_numa0_x5_madracks-mnode5_20260317T051849Z_379678/runs/rocksdb/smt14_x5
chiplet_ycsb_256mib	0	6	2026-03-17T05:32:49Z	madracks-mnode5	amd	rocksdb	embedded	per_instance	NO_RETIRED_INST_CYCLES	user	smt14_x6	6	6	0,1,2,3,4,5	0,0,0,0,0,0	True	256	1536	4096	24576	1000000	6000000	1	1	1	1	65526	65536	READ							6000000	106.087799	11.0	21295.0	105.0	110.0	134.0	425.0	4427.0	840532173477	1470058839856	1503447796375	653718.36	54461.29560881132	110942.89220200153	54081.87835120954	555930.0	98530.0	85369397932	16019131299		110.94224751599904	9517.413264012217	5379.963584764	14897.376848776217	9517.413264012217	5379.963584764	14897.376848776217	ok	cpu/event=0xc0,cmask=1,inv=1/	/home/seunghyun/ycsb/workloads/working_set_256mb_large_value.properties	/home/seunghyun/ycsb/results/chiplet_ycsb_256mib_smt14_numa0_x6_madracks-mnode5_20260317T053052Z_391791/runs/rocksdb/smt14_x6
chiplet_ycsb_256mib	0	7	2026-03-17T05:45:23Z	madracks-mnode5	amd	rocksdb	embedded	per_instance	NO_RETIRED_INST_CYCLES	user	smt14_x7	7	7	0,1,2,3,4,5,6	0,0,0,0,0,0,0	True	256	1792	4096	28672	1000000	7000000	1	1	1	1	65526	65536	READ							7000000	106.61102071428571	11.0	16303.0	106.0	111.0	134.0	427.0	4451.0	987971139985	1723265227958	1758924743675	766253.0	63213.25247962457	111951.06066199878	62527.32183694365	650610.0	116490.0	99897062116	18677286821		111.95042855499923	11141.502009528804	6429.50376351238	17571.005773041183	11141.502009528804	6429.50376351238	17571.005773041183	ok	cpu/event=0xc0,cmask=1,inv=1/	/home/seunghyun/ycsb/workloads/working_set_256mb_large_value.properties	/home/seunghyun/ycsb/results/chiplet_ycsb_256mib_smt14_numa0_x7_madracks-mnode5_20260317T054324Z_405245/runs/rocksdb/smt14_x7
chiplet_ycsb_256mib	0	8	2026-03-17T05:58:41Z	madracks-mnode5	amd	rocksdb	embedded	per_instance	NO_RETIRED_INST_CYCLES	user	smt14_x8	8	8	0,1,2,3,4,5,6,84	0,0,0,0,0,0,0,0	True	256	2048	4096	32768	1000000	8000000	1	1	1	1	65526	65536	READ							8000000	110.6214745	11.0	20399.0	107.0	123.0	140.0	435.0	4459.0	1240223922449	2045085614926	2005790808945	909416.98	69628.28434005045	127350.85645200161	62818.58028190953	768370.0	142030.0	117500876071	21873280411		127.3502168840023	11291.015236165571	6558.796181970997	17849.811418136567	11291.015236165571	6558.796181970997	17849.811418136567	ok	cpu/event=0xc0,cmask=1,inv=1/	/home/seunghyun/ycsb/workloads/working_set_256mb_large_value.properties	/home/seunghyun/ycsb/results/chiplet_ycsb_256mib_smt14_numa0_x8_madracks-mnode5_20260317T055626Z_420173/runs/rocksdb/smt14_x8
chiplet_ycsb_256mib	0	9	2026-03-17T06:15:01Z	madracks-mnode5	amd	rocksdb	embedded	per_instance	NO_RETIRED_INST_CYCLES	user	smt14_x9	9	9	0,1,2,3,4,5,6,84,85	0,0,0,0,0,0,0,0,0	True	256	2304	4096	36864	1000000	9000000	1	1	1	1	65526	65536	READ							9000000	114.40727222222222	11.0	22303.0	109.0	128.0	146.0	482.0	4551.0	1503326137944	2380758113245	2261448029827	1058662.76	75774.40566045235	129123.1237480024	69700.91598437831	890390.0	169450.0	135381210599	25416327987		129.12249342100404	12703.129936450645	7497.982735538948	20201.11267198959	12703.129936450645	7497.982735538948	20201.11267198959	ok	cpu/event=0xc0,cmask=1,inv=1/	/home/seunghyun/ycsb/workloads/working_set_256mb_large_value.properties	/home/seunghyun/ycsb/results/chiplet_ycsb_256mib_smt14_numa0_x9_madracks-mnode5_20260317T061244Z_437620/runs/rocksdb/smt14_x9
chiplet_ycsb_256mib	0	10	2026-03-17T06:31:52Z	madracks-mnode5	amd	rocksdb	embedded	per_instance	NO_RETIRED_INST_CYCLES	user	smt14_x10	10	10	0,1,2,3,4,5,6,84,85,86	0,0,0,0,0,0,0,0,0,0	True	256	2560	4096	40960	1000000	10000000	1	1	1	1	65526	65536	READ							10000000	116.8695135	11.0	24175.0	119.0	130.0	148.0	483.0	4511.0	1756707838458	2703162745799	2505900515448	1201967.0299999998	82549.3651781417	129118.23851000372	77448.39238358435	1007910.0	195400.0	153385627386	28471631335		129.11767836200306	14243.070908916156	8513.989323383661	22757.060232299817	14243.070908916156	8513.989323383661	22757.060232299817	ok	cpu/event=0xc0,cmask=1,inv=1/	/home/seunghyun/ycsb/workloads/working_set_256mb_large_value.properties	/home/seunghyun/ycsb/results/chiplet_ycsb_256mib_smt14_numa0_x10_madracks-mnode5_20260317T062935Z_456514/runs/rocksdb/smt14_x10
chiplet_ycsb_256mib	0	11	2026-03-17T06:49:09Z	madracks-mnode5	amd	rocksdb	embedded	per_instance	NO_RETIRED_INST_CYCLES	user	smt14_x11	11	11	0,1,2,3,4,5,6,84,85,86,87	0,0,0,0,0,0,0,0,0,0,0	True	256	2816	4096	45056	1000000	11000000	1	1	1	1	65526	65536	READ							11000000	119.28745981818182	11.0	30431.0	121.0	131.0	155.0	491.0	4599.0	2015321442958	3035324340730	2760758948054	1349678.9	88518.67980014294	130711.68937900075	84154.67700142192	1131160.0	220010.0	171261993756	31969719278		130.711003041004	15594.888304428172	9406.768726833689	25001.65703126186	15594.888304428172	9406.768726833689	25001.65703126186	ok	cpu/event=0xc0,cmask=1,inv=1/	/home/seunghyun/ycsb/workloads/working_set_256mb_large_value.properties	/home/seunghyun/ycsb/results/chiplet_ycsb_256mib_smt14_numa0_x11_madracks-mnode5_20260317T064649Z_476920/runs/rocksdb/smt14_x11
chiplet_ycsb_256mib	0	12	2026-03-17T07:07:05Z	madracks-mnode5	amd	rocksdb	embedded	per_instance	NO_RETIRED_INST_CYCLES	user	smt14_x12	12	12	0,1,2,3,4,5,6,84,85,86,87,88	0,0,0,0,0,0,0,0,0,0,0,0	True	256	3072	4096	49152	1000000	12000000	1	1	1	1	65526	65536	READ							12000000	121.74304566666666	11.0	37823.0	122.0	133.0	159.0	499.0	4611.0	2285284713621	3379832891667	3017549560908	1502777.97	94558.97537260312	131210.69007899496	91455.96286991128	1258040.0	246440.0	189640155193	35636297682		131.21001822299877	17077.141811295645	10322.31705953275	27399.458870828395	17077.141811295645	10322.31705953275	27399.458870828395	ok	cpu/event=0xc0,cmask=1,inv=1/	/home/seunghyun/ycsb/workloads/working_set_256mb_large_value.properties	/home/seunghyun/ycsb/results/chiplet_ycsb_256mib_smt14_numa0_x12_madracks-mnode5_20260317T070444Z_498979/runs/rocksdb/smt14_x12
chiplet_ycsb_256mib	0	13	2026-03-17T07:25:41Z	madracks-mnode5	amd	rocksdb	embedded	per_instance	NO_RETIRED_INST_CYCLES	user	smt14_x13	13	13	0,1,2,3,4,5,6,84,85,86,87,88,89	0,0,0,0,0,0,0,0,0,0,0,0,0	True	256	3328	4096	53248	1000000	13000000	1	1	1	1	65526	65536	READ							13000000	123.98994853846153	11.0	37791.0	122.0	134.0	163.0	506.0	5019.0	2560931371847	3730059749443	3276580303152	1658629.0999999999	100056.83468474193	133094.96884100372	97674.6162022841	1382300.0	278190.0	207899229000	38899522449		133.09410828499676	18450.189716252415	11276.700956875791	29726.890673128204	18450.189716252415	11276.700956875791	29726.890673128204	ok	cpu/event=0xc0,cmask=1,inv=1/	/home/seunghyun/ycsb/workloads/working_set_256mb_large_value.properties	/home/seunghyun/ycsb/results/chiplet_ycsb_256mib_smt14_numa0_x13_madracks-mnode5_20260317T072318Z_521984/runs/rocksdb/smt14_x13
chiplet_ycsb_256mib	0	14	2026-03-17T07:45:11Z	madracks-mnode5	amd	rocksdb	embedded	per_instance	NO_RETIRED_INST_CYCLES	user	smt14_x14	14	14	0,1,2,3,4,5,6,84,85,86,87,88,89,90	0,0,0,0,0,0,0,0,0,0,0,0,0,0	True	256	3584	4096	57344	1000000	14000000	1	1	1	1	65526	65536	READ							14000000	125.663594	11.0	41887.0	123.0	135.0	166.0	532.0	5359.0	2827199115272	4071964574451	3535683817267	1810818.3100000003	105272.54911625129	134430.24402199808	104143.23132307228	1506030.0	306720.0	225371108082	41881543672		134.42957658500382	19831.768891707914	12168.553292299232	32000.322184007146	19831.768891707914	12168.553292299232	32000.322184007146	ok	cpu/event=0xc0,cmask=1,inv=1/	/home/seunghyun/ycsb/workloads/working_set_256mb_large_value.properties	/home/seunghyun/ycsb/results/chiplet_ycsb_256mib_smt14_numa0_x14_madracks-mnode5_20260317T074245Z_546738/runs/rocksdb/smt14_x14
chiplet_ycsb_256mib	1	1	2026-03-17T04:40:42Z	madracks-mnode5	amd	rocksdb	embedded	per_instance	NO_RETIRED_INST_CYCLES	user	smt14_x1	1	1	0	1	True	256	256	4096	4096	1000000	1000000	1	1	1	1	65526	65536	READ							1000000	116.915769	16.0	15207.0	116.0	124.0	149.0	408.0	4483.0	165082759295	269633609750	249681428501	119873.94	8345.016356232058	120323.31523900211	8310.941217117128	97930.0	22040.0	13979751498	2650678763		120.32266770199931	1122.425979208995	352.58973311290316	1475.015712321898	1122.425979208995	352.58973311290316	1475.015712321898	ok	cpu/event=0xc0,cmask=1,inv=1/	/home/seunghyun/ycsb/workloads/working_set_256mb_large_value.properties	/home/seunghyun/ycsb/results/chiplet_ycsb_256mib_smt14_numa1_x1_madracks-mnode5_20260317T043838Z_344367/runs/rocksdb/smt14_x1
chiplet_ycsb_256mib	1	2	2026-03-17T04:51:39Z	madracks-mnode5	amd	rocksdb	embedded	per_instance	NO_RETIRED_INST_CYCLES	user	smt14_x2	2	2	0,1	1,1	True	256	512	4096	8192	1000000	2000000	1	1	1	1	65526	65536	READ							2000000	118.1557055	15.0	20191.0	117.0	125.0	150.0	462.0	4507.0	335592662788	544960155105	500364217990	242316.02	16488.458990827574	121883.20522600043	16409.151665248093	195510.0	47020.0	28055060538	5247937514		121.88252046900016	2284.8569155765394	901.9995702096053	3186.8564857861447	2284.8569155765394	901.9995702096053	3186.8564857861447	ok	cpu/event=0xc0,cmask=1,inv=1/	/home/seunghyun/ycsb/workloads/working_set_256mb_large_value.properties	/home/seunghyun/ycsb/results/chiplet_ycsb_256mib_smt14_numa1_x2_madracks-mnode5_20260317T044933Z_350947/runs/rocksdb/smt14_x2
chiplet_ycsb_256mib	1	3	2026-03-17T05:02:59Z	madracks-mnode5	amd	rocksdb	embedded	per_instance	NO_RETIRED_INST_CYCLES	user	smt14_x3	3	3	0,1,2	1,1,1	True	256	768	4096	12288	1000000	3000000	1	1	1	1	65526	65536	READ							3000000	121.465916	15.0	17919.0	120.0	129.0	153.0	480.0	4515.0	525222971603	839984859772	752882797607	373489.41	24023.37339647482	127823.32392700118	23469.89506948884	295690.0	78130.0	42189739944	7804974767		127.82270523000261	3638.517781685967	1777.335871131805	5415.853652817772	3638.517781685967	1777.335871131805	5415.853652817772	ok	cpu/event=0xc0,cmask=1,inv=1/	/home/seunghyun/ycsb/workloads/working_set_256mb_large_value.properties	/home/seunghyun/ycsb/results/chiplet_ycsb_256mib_smt14_numa1_x3_madracks-mnode5_20260317T050046Z_358700/runs/rocksdb/smt14_x3
chiplet_ycsb_256mib	1	4	2026-03-17T05:14:34Z	madracks-mnode5	amd	rocksdb	embedded	per_instance	NO_RETIRED_INST_CYCLES	user	smt14_x4	4	4	0,1,2,3	1,1,1,1	True	256	1024	4096	16384	1000000	4000000	1	1	1	1	65526	65536	READ							4000000	124.403397	15.0	20751.0	124.0	131.0	156.0	487.0	4527.0	727496375910	1146889457443	1002420544747	509948.29999999993	31204.715426656363	129103.3098179978	30982.939210768207	397730.0	112670.0	57264384778	10183847426		129.1026277029996	5200.7305010704285	2791.173165491581	7991.90366656201	5200.7305010704285	2791.173165491581	7991.90366656201	ok	cpu/event=0xc0,cmask=1,inv=1/	/home/seunghyun/ycsb/workloads/working_set_256mb_large_value.properties	/home/seunghyun/ycsb/results/chiplet_ycsb_256mib_smt14_numa1_x4_madracks-mnode5_20260317T051219Z_374128/runs/rocksdb/smt14_x4
chiplet_ycsb_256mib	1	5	2026-03-17T05:26:27Z	madracks-mnode5	amd	rocksdb	embedded	per_instance	NO_RETIRED_INST_CYCLES	user	smt14_x5	5	5	0,1,2,3,4	1,1,1,1,1	True	256	1280	4096	20480	1000000	5000000	1	1	1	1	65526	65536	READ							5000000	125.674244	15.0	22095.0	125.0	132.0	157.0	494.0	4527.0	923066561789	1447975709033	1253980369642	643860.41	38555.169591562124	130598.74825500083	38285.20615095974	496670.0	147750.0	71849842883	12571561279		130.5981181290008	6529.780822545172	3637.7031203042593	10167.48394284943	6529.780822545172	3637.7031203042593	10167.48394284943	ok	cpu/event=0xc0,cmask=1,inv=1/	/home/seunghyun/ycsb/workloads/working_set_256mb_large_value.properties	/home/seunghyun/ycsb/results/chiplet_ycsb_256mib_smt14_numa1_x5_madracks-mnode5_20260317T052410Z_385574/runs/rocksdb/smt14_x5
chiplet_ycsb_256mib	1	6	2026-03-17T05:38:43Z	madracks-mnode5	amd	rocksdb	embedded	per_instance	NO_RETIRED_INST_CYCLES	user	smt14_x6	6	6	0,1,2,3,4,5	1,1,1,1,1,1	True	256	1536	4096	24576	1000000	6000000	1	1	1	1	65526	65536	READ							6000000	126.8874995	15.0	25983.0	126.0	134.0	158.0	498.0	4535.0	1124434862726	1753531916392	1502877152518	779716.19	45761.86961306269	132239.5008659987	45372.222072132114	599590.0	180800.0	86542943146	14880592854		132.23885841899755	7852.823271090209	4485.800005152832	12338.62327624304	7852.823271090209	4485.800005152832	12338.62327624304	ok	cpu/event=0xc0,cmask=1,inv=1/	/home/seunghyun/ycsb/workloads/working_set_256mb_large_value.properties	/home/seunghyun/ycsb/results/chiplet_ycsb_256mib_smt14_numa1_x6_madracks-mnode5_20260317T053624Z_398317/runs/rocksdb/smt14_x6
chiplet_ycsb_256mib	1	7	2026-03-17T05:51:31Z	madracks-mnode5	amd	rocksdb	embedded	per_instance	NO_RETIRED_INST_CYCLES	user	smt14_x7	7	7	0,1,2,3,4,5,6	1,1,1,1,1,1,1	True	256	1792	4096	28672	1000000	7000000	1	1	1	1	65526	65536	READ							7000000	129.07892757142858	15.0	27391.0	128.0	138.0	162.0	504.0	4547.0	1345898199615	2080993183011	1755787135655	925345.1499999999	52378.328492407825	134491.36055800045	52047.95290163784	704370.0	221800.0	101395749194	17173063004		134.49085200099944	9232.658656196352	5376.486123521266	14609.144779717619	9232.658656196352	5376.486123521266	14609.144779717619	ok	cpu/event=0xc0,cmask=1,inv=1/	/home/seunghyun/ycsb/workloads/working_set_256mb_large_value.properties	/home/seunghyun/ycsb/results/chiplet_ycsb_256mib_smt14_numa1_x7_madracks-mnode5_20260317T054910Z_412487/runs/rocksdb/smt14_x7
chiplet_ycsb_256mib	1	8	2026-03-17T06:06:24Z	madracks-mnode5	amd	rocksdb	embedded	per_instance	NO_RETIRED_INST_CYCLES	user	smt14_x8	8	8	0,1,2,3,4,5,6,84	1,1,1,1,1,1,1,1	True	256	2048	4096	32768	1000000	8000000	1	1	1	1	65526	65536	READ							8000000	134.03825525	15.0	25087.0	130.0	152.0	175.0	518.0	4623.0	1655216993548	2471536628309	2005960574097	1099019.08	57754.17884264189	152754.63507399763	52371.56958363082	833620.0	266360.0	119611780521	20211930596		152.75400905599963	9340.888026209788	5496.1787632584355	14837.066789468223	9340.888026209788	5496.1787632584355	14837.066789468223	ok	cpu/event=0xc0,cmask=1,inv=1/	/home/seunghyun/ycsb/workloads/working_set_256mb_large_value.properties	/home/seunghyun/ycsb/results/chiplet_ycsb_256mib_smt14_numa1_x8_madracks-mnode5_20260317T060344Z_428622/runs/rocksdb/smt14_x8
chiplet_ycsb_256mib	1	9	2026-03-17T06:22:57Z	madracks-mnode5	amd	rocksdb	embedded	per_instance	NO_RETIRED_INST_CYCLES	user	smt14_x9	9	9	0,1,2,3,4,5,6,84,85	1,1,1,1,1,1,1,1,1	True	256	2304	4096	36864	1000000	9000000	1	1	1	1	65526	65536	READ							9000000	138.90999955555554	15.0	28303.0	136.0	158.0	183.0	576.0	4663.0	1982401465013	2882386229121	2258046198263	1281655.85	62799.70525261869	154455.85999500327	58269.07441576613	964090.0	318700.0	137724906811	23393531178		154.45524291800393	10546.67507397823	6246.456457526085	16793.131531504314	10546.67507397823	6246.456457526085	16793.131531504314	ok	cpu/event=0xc0,cmask=1,inv=1/	/home/seunghyun/ycsb/workloads/working_set_256mb_large_value.properties	/home/seunghyun/ycsb/results/chiplet_ycsb_256mib_smt14_numa1_x9_madracks-mnode5_20260317T062015Z_446664/runs/rocksdb/smt14_x9
chiplet_ycsb_256mib	1	10	2026-03-17T06:39:57Z	madracks-mnode5	amd	rocksdb	embedded	per_instance	NO_RETIRED_INST_CYCLES	user	smt14_x10	10	10	0,1,2,3,4,5,6,84,85,86	1,1,1,1,1,1,1,1,1,1	True	256	2560	4096	40960	1000000	10000000	1	1	1	1	65526	65536	READ							10000000	143.426257	15.0	36639.0	143.0	163.0	191.0	602.0	4759.0	2321753696297	3307746789502	2513759962103	1470741.17	67592.29180123181	156963.39288599847	63709.122338244415	1098030.0	374020.0	156444718907	26461137166		156.96278100799827	11632.527427056093	6927.496784413869	18560.02421146996	11632.527427056093	6927.496784413869	18560.02421146996	ok	cpu/event=0xc0,cmask=1,inv=1/	/home/seunghyun/ycsb/workloads/working_set_256mb_large_value.properties	/home/seunghyun/ycsb/results/chiplet_ycsb_256mib_smt14_numa1_x10_madracks-mnode5_20260317T063711Z_466372/runs/rocksdb/smt14_x10
chiplet_ycsb_256mib	1	11	2026-03-17T06:57:30Z	madracks-mnode5	amd	rocksdb	embedded	per_instance	NO_RETIRED_INST_CYCLES	user	smt14_x11	11	11	0,1,2,3,4,5,6,84,85,86,87	1,1,1,1,1,1,1,1,1,1,1	True	256	2816	4096	45056	1000000	11000000	1	1	1	1	65526	65536	READ							11000000	147.42236454545454	15.0	39871.0	146.0	168.0	196.0	601.0	4755.0	2669866512989	3740916489002	2760762333714	1663472.4700000002	72008.83179273043	159776.10912900127	68846.3379160068	1233550.0	431390.0	174744668067	29477547307		159.77548122100416	12725.379908357272	7668.952780156387	20394.33268851366	12725.379908357272	7668.952780156387	20394.33268851366	ok	cpu/event=0xc0,cmask=1,inv=1/	/home/seunghyun/ycsb/workloads/working_set_256mb_large_value.properties	/home/seunghyun/ycsb/results/chiplet_ycsb_256mib_smt14_numa1_x11_madracks-mnode5_20260317T065441Z_487712/runs/rocksdb/smt14_x11
chiplet_ycsb_256mib	1	12	2026-03-17T07:15:41Z	madracks-mnode5	amd	rocksdb	embedded	per_instance	NO_RETIRED_INST_CYCLES	user	smt14_x12	12	12	0,1,2,3,4,5,6,84,85,86,87,88	1,1,1,1,1,1,1,1,1,1,1,1	True	256	3072	4096	49152	1000000	12000000	1	1	1	1	65526	65536	READ							12000000	151.199934	16.0	46239.0	149.0	172.0	200.0	613.0	4807.0	3025707510823	4184589704714	3010240555964	1860540.01	76617.67621573112	161663.78699000052	74228.1263072369	1371450.0	490770.0	193599180818	32417440646		161.6631530529994	13780.041156106883	8340.946868081537	22120.98802418842	13780.041156106883	8340.946868081537	22120.98802418842	ok	cpu/event=0xc0,cmask=1,inv=1/	/home/seunghyun/ycsb/workloads/working_set_256mb_large_value.properties	/home/seunghyun/ycsb/results/chiplet_ycsb_256mib_smt14_numa1_x12_madracks-mnode5_20260317T071249Z_510090/runs/rocksdb/smt14_x12
chiplet_ycsb_256mib	1	13	2026-03-17T07:34:41Z	madracks-mnode5	amd	rocksdb	embedded	per_instance	NO_RETIRED_INST_CYCLES	user	smt14_x13	13	13	0,1,2,3,4,5,6,84,85,86,87,88,89	1,1,1,1,1,1,1,1,1,1,1,1,1	True	256	3328	4096	53248	1000000	13000000	1	1	1	1	65526	65536	READ							13000000	156.4337763076923	16.0	42719.0	153.0	179.0	207.0	640.0	5051.0	3437664496013	4690129007996	3270774182837	2085284.1199999996	80016.65615508477	165634.7266390003	78485.95680260581	1519000.0	568250.0	212358745440	35331849601		165.63386850300594	14815.63549146916	9080.365135923379	23896.00062739254	14815.63549146916	9080.365135923379	23896.00062739254	ok	cpu/event=0xc0,cmask=1,inv=1/	/home/seunghyun/ycsb/workloads/working_set_256mb_large_value.properties	/home/seunghyun/ycsb/results/chiplet_ycsb_256mib_smt14_numa1_x13_madracks-mnode5_20260317T073145Z_533975/runs/rocksdb/smt14_x13
chiplet_ycsb_256mib	1	14	2026-03-17T07:54:41Z	madracks-mnode5	amd	rocksdb	embedded	per_instance	NO_RETIRED_INST_CYCLES	user	smt14_x14	14	14	0,1,2,3,4,5,6,84,85,86,87,88,89,90	1,1,1,1,1,1,1,1,1,1,1,1,1,1	True	256	3584	4096	57344	1000000	14000000	1	1	1	1	65526	65536	READ							14000000	162.05327214285714	17.0	64095.0	157.0	186.0	217.0	667.0	7427.0	3882948617272	5230830768004	3525958121847	2325826.97	82561.56828732658	171483.6518250013	81640.4354059766	1673810.0	653890.0	232171129481	38274392484		171.48297508000542	15538.79755600599	9560.906243846292	25099.70379985228	15538.79755600599	9560.906243846292	25099.70379985228	ok	cpu/event=0xc0,cmask=1,inv=1/	/home/seunghyun/ycsb/workloads/working_set_256mb_large_value.properties	/home/seunghyun/ycsb/results/chiplet_ycsb_256mib_smt14_numa1_x14_madracks-mnode5_20260317T075137Z_559425/runs/rocksdb/smt14_x14
xsbench_bw_heavy	0	14	2026-03-17T03:58:39Z	madracks-mnode5	amd	xsbench	analytic	per_instance_external	NO_RETIRED_INST_CYCLES	user	smt14_x14	14	14	0,1,2,3,4,5,6,84,85,86,87,88,89,90	0,0,0,0,0,0,0,0,0,0,0,0,0,0	True							1						XSLOOKUP	XSBENCH	Event_Based_XL_Unionized_Grid		1575986.0	lookups/s		14	8.88382857142857	8.7901	8.9846	8.86365	8.984404999999999	8.984561	8.984596100000001	8.98459961	4912363416824	5744548199278	4132199677106	2553211.67	1575986.0	209826.73666499977	1575986.0	2001910.0	921590.0	152321769841	55061115932		209.82625048699992	16306.420186902851	4609.474240179146	20915.894427082	16306.420186902851	4609.474240179146	20915.894427082	ok	cpu/event=0xc0,cmask=1,inv=1/		/home/seunghyun/ycsb/results/xsbench_bw_heavy_smt14_numa0_x14_madracks-mnode5_20260317T035509Z_308272/runs/xsbench/smt14_x14
xsbench_smoke	0	14	2026-03-17T03:45:35Z	madracks-mnode5	amd	xsbench	analytic	per_instance_external	NO_RETIRED_INST_CYCLES	user	smt14_x14	14	14	0,1,2,3,4,5,6,84,85,86,87,88,89,90	0,0,0,0,0,0,0,0,0,0,0,0,0,0	True							1						XSLOOKUP	XSBENCH	Event_Based_small_Unionized_Grid		6476450.0	lookups/s		14	2.1617142857142855	2.129	2.185	2.1639999999999997	2.1843500000000002	2.18487	2.184987	2.1849987	78938881919	88115570350	39747534655	39163.72	6476450.0	2926.3997839989315	6476450.0	36920.0	3410.0	2423195057	1191522924		2.9258440979974694	19031.3329732595	1489.8035703207204	20521.13654358022	19031.3329732595	1489.8035703207204	20521.13654358022	ok	cpu/event=0xc0,cmask=1,inv=1/		/home/seunghyun/ycsb/results/xsbench_smoke_smt14_numa0_x14_madracks-mnode5_20260317T034533Z_304559/runs/xsbench/smt14_x14
xsbench_smoke	1	14	2026-03-17T03:45:40Z	madracks-mnode5	amd	xsbench	analytic	per_instance_external	NO_RETIRED_INST_CYCLES	user	smt14_x14	14	14	0,1,2,3,4,5,6,84,85,86,87,88,89,90	1,1,1,1,1,1,1,1,1,1,1,1,1,1	True							1						XSLOOKUP	XSBENCH	Event_Based_small_Unionized_Grid		4114608.0	lookups/s		14	3.4040714285714286	3.267	3.482	3.442	3.4794	3.4814800000000004	3.481948	3.4819948000000003	122669034961	132004048547	39817264780	58670.399999999994	4114608.0	4352.746508000564	4114608.0	55920.0	3520.0	2421650285	1182967595		4.35221791100048	12810.052231647458	1007.2546684764443	13817.306900123902	12810.052231647458	1007.2546684764443	13817.306900123902	ok	cpu/event=0xc0,cmask=1,inv=1/		/home/seunghyun/ycsb/results/xsbench_smoke_smt14_numa1_x14_madracks-mnode5_20260317T034536Z_304768/runs/xsbench/smt14_x14
