timestamp_utc	host	arch	backend	mode	execution_model	event_name	perf_scope	assignment_label	instance_count	instance_id	cpu_core	cpu_core_list	operation	operations	average_us	min_us	max_us	p50_us	p95_us	p99_us	p99_9_us	p99_99_us	status	run_stdout_log	result_dir
2026-03-14T23:18:15Z	madracks-mnode5	amd	duckdb_tpch	analytic	per_instance_external	NO_RETIRED_INST_CYCLES	user	chiplet_x1	12	0	0	0	Q21	1	444812.05695774406	444812.05695774406	444812.05695774406	444812.05695774406	444812.05695774406	444812.05695774406	444812.05695774406	444812.05695774406	ok	/home/seunghyun/ycsb/results/chiplet_duckdb_tpch_sf1_single_thread_q21_madracks-mnode5_20260314T231814Z_2017190/runs/duckdb_tpch/chiplet_x1/inst00/run.stdout.log	/home/seunghyun/ycsb/results/chiplet_duckdb_tpch_sf1_single_thread_q21_madracks-mnode5_20260314T231814Z_2017190/runs/duckdb_tpch/chiplet_x1
2026-03-14T23:18:15Z	madracks-mnode5	amd	duckdb_tpch	analytic	per_instance_external	NO_RETIRED_INST_CYCLES	user	chiplet_x1	12	1	7	7	Q21	1	444847.5660174154	444847.5660174154	444847.5660174154	444847.5660174154	444847.5660174154	444847.5660174154	444847.5660174154	444847.5660174154	ok	/home/seunghyun/ycsb/results/chiplet_duckdb_tpch_sf1_single_thread_q21_madracks-mnode5_20260314T231814Z_2017190/runs/duckdb_tpch/chiplet_x1/inst01/run.stdout.log	/home/seunghyun/ycsb/results/chiplet_duckdb_tpch_sf1_single_thread_q21_madracks-mnode5_20260314T231814Z_2017190/runs/duckdb_tpch/chiplet_x1
2026-03-14T23:18:15Z	madracks-mnode5	amd	duckdb_tpch	analytic	per_instance_external	NO_RETIRED_INST_CYCLES	user	chiplet_x1	12	2	14	14	Q21	1	445044.9339929037	445044.9339929037	445044.9339929037	445044.9339929037	445044.9339929037	445044.9339929037	445044.9339929037	445044.9339929037	ok	/home/seunghyun/ycsb/results/chiplet_duckdb_tpch_sf1_single_thread_q21_madracks-mnode5_20260314T231814Z_2017190/runs/duckdb_tpch/chiplet_x1/inst02/run.stdout.log	/home/seunghyun/ycsb/results/chiplet_duckdb_tpch_sf1_single_thread_q21_madracks-mnode5_20260314T231814Z_2017190/runs/duckdb_tpch/chiplet_x1
2026-03-14T23:18:15Z	madracks-mnode5	amd	duckdb_tpch	analytic	per_instance_external	NO_RETIRED_INST_CYCLES	user	chiplet_x1	12	3	21	21	Q21	1	446853.6500353366	446853.6500353366	446853.6500353366	446853.6500353366	446853.6500353366	446853.6500353366	446853.6500353366	446853.6500353366	ok	/home/seunghyun/ycsb/results/chiplet_duckdb_tpch_sf1_single_thread_q21_madracks-mnode5_20260314T231814Z_2017190/runs/duckdb_tpch/chiplet_x1/inst03/run.stdout.log	/home/seunghyun/ycsb/results/chiplet_duckdb_tpch_sf1_single_thread_q21_madracks-mnode5_20260314T231814Z_2017190/runs/duckdb_tpch/chiplet_x1
2026-03-14T23:18:15Z	madracks-mnode5	amd	duckdb_tpch	analytic	per_instance_external	NO_RETIRED_INST_CYCLES	user	chiplet_x1	12	4	28	28	Q21	1	452814.85497253016	452814.85497253016	452814.85497253016	452814.85497253016	452814.85497253016	452814.85497253016	452814.85497253016	452814.85497253016	ok	/home/seunghyun/ycsb/results/chiplet_duckdb_tpch_sf1_single_thread_q21_madracks-mnode5_20260314T231814Z_2017190/runs/duckdb_tpch/chiplet_x1/inst04/run.stdout.log	/home/seunghyun/ycsb/results/chiplet_duckdb_tpch_sf1_single_thread_q21_madracks-mnode5_20260314T231814Z_2017190/runs/duckdb_tpch/chiplet_x1
2026-03-14T23:18:15Z	madracks-mnode5	amd	duckdb_tpch	analytic	per_instance_external	NO_RETIRED_INST_CYCLES	user	chiplet_x1	12	5	35	35	Q21	1	446068.2810167782	446068.2810167782	446068.2810167782	446068.2810167782	446068.2810167782	446068.2810167782	446068.2810167782	446068.2810167782	ok	/home/seunghyun/ycsb/results/chiplet_duckdb_tpch_sf1_single_thread_q21_madracks-mnode5_20260314T231814Z_2017190/runs/duckdb_tpch/chiplet_x1/inst05/run.stdout.log	/home/seunghyun/ycsb/results/chiplet_duckdb_tpch_sf1_single_thread_q21_madracks-mnode5_20260314T231814Z_2017190/runs/duckdb_tpch/chiplet_x1
2026-03-14T23:18:15Z	madracks-mnode5	amd	duckdb_tpch	analytic	per_instance_external	NO_RETIRED_INST_CYCLES	user	chiplet_x1	12	6	42	42	Q21	1	443918.43798803166	443918.43798803166	443918.43798803166	443918.43798803166	443918.43798803166	443918.43798803166	443918.43798803166	443918.43798803166	ok	/home/seunghyun/ycsb/results/chiplet_duckdb_tpch_sf1_single_thread_q21_madracks-mnode5_20260314T231814Z_2017190/runs/duckdb_tpch/chiplet_x1/inst06/run.stdout.log	/home/seunghyun/ycsb/results/chiplet_duckdb_tpch_sf1_single_thread_q21_madracks-mnode5_20260314T231814Z_2017190/runs/duckdb_tpch/chiplet_x1
2026-03-14T23:18:15Z	madracks-mnode5	amd	duckdb_tpch	analytic	per_instance_external	NO_RETIRED_INST_CYCLES	user	chiplet_x1	12	7	49	49	Q21	1	443760.1510435343	443760.1510435343	443760.1510435343	443760.1510435343	443760.1510435343	443760.1510435343	443760.1510435343	443760.1510435343	ok	/home/seunghyun/ycsb/results/chiplet_duckdb_tpch_sf1_single_thread_q21_madracks-mnode5_20260314T231814Z_2017190/runs/duckdb_tpch/chiplet_x1/inst07/run.stdout.log	/home/seunghyun/ycsb/results/chiplet_duckdb_tpch_sf1_single_thread_q21_madracks-mnode5_20260314T231814Z_2017190/runs/duckdb_tpch/chiplet_x1
2026-03-14T23:18:15Z	madracks-mnode5	amd	duckdb_tpch	analytic	per_instance_external	NO_RETIRED_INST_CYCLES	user	chiplet_x1	12	8	56	56	Q21	1	444896.53600612655	444896.53600612655	444896.53600612655	444896.53600612655	444896.53600612655	444896.53600612655	444896.53600612655	444896.53600612655	ok	/home/seunghyun/ycsb/results/chiplet_duckdb_tpch_sf1_single_thread_q21_madracks-mnode5_20260314T231814Z_2017190/runs/duckdb_tpch/chiplet_x1/inst08/run.stdout.log	/home/seunghyun/ycsb/results/chiplet_duckdb_tpch_sf1_single_thread_q21_madracks-mnode5_20260314T231814Z_2017190/runs/duckdb_tpch/chiplet_x1
2026-03-14T23:18:15Z	madracks-mnode5	amd	duckdb_tpch	analytic	per_instance_external	NO_RETIRED_INST_CYCLES	user	chiplet_x1	12	9	63	63	Q21	1	443615.06204586476	443615.06204586476	443615.06204586476	443615.06204586476	443615.06204586476	443615.06204586476	443615.06204586476	443615.06204586476	ok	/home/seunghyun/ycsb/results/chiplet_duckdb_tpch_sf1_single_thread_q21_madracks-mnode5_20260314T231814Z_2017190/runs/duckdb_tpch/chiplet_x1/inst09/run.stdout.log	/home/seunghyun/ycsb/results/chiplet_duckdb_tpch_sf1_single_thread_q21_madracks-mnode5_20260314T231814Z_2017190/runs/duckdb_tpch/chiplet_x1
2026-03-14T23:18:15Z	madracks-mnode5	amd	duckdb_tpch	analytic	per_instance_external	NO_RETIRED_INST_CYCLES	user	chiplet_x1	12	10	70	70	Q21	1	442167.620989494	442167.620989494	442167.620989494	442167.620989494	442167.620989494	442167.620989494	442167.620989494	442167.620989494	ok	/home/seunghyun/ycsb/results/chiplet_duckdb_tpch_sf1_single_thread_q21_madracks-mnode5_20260314T231814Z_2017190/runs/duckdb_tpch/chiplet_x1/inst10/run.stdout.log	/home/seunghyun/ycsb/results/chiplet_duckdb_tpch_sf1_single_thread_q21_madracks-mnode5_20260314T231814Z_2017190/runs/duckdb_tpch/chiplet_x1
2026-03-14T23:18:15Z	madracks-mnode5	amd	duckdb_tpch	analytic	per_instance_external	NO_RETIRED_INST_CYCLES	user	chiplet_x1	12	11	77	77	Q21	1	443584.19300988317	443584.19300988317	443584.19300988317	443584.19300988317	443584.19300988317	443584.19300988317	443584.19300988317	443584.19300988317	ok	/home/seunghyun/ycsb/results/chiplet_duckdb_tpch_sf1_single_thread_q21_madracks-mnode5_20260314T231814Z_2017190/runs/duckdb_tpch/chiplet_x1/inst11/run.stdout.log	/home/seunghyun/ycsb/results/chiplet_duckdb_tpch_sf1_single_thread_q21_madracks-mnode5_20260314T231814Z_2017190/runs/duckdb_tpch/chiplet_x1
2026-03-14T23:18:16Z	madracks-mnode5	amd	duckdb_tpch	analytic	per_instance_external	NO_RETIRED_INST_CYCLES	user	chiplet_x2	24	0	0	0	Q21	1	459229.61697215214	459229.61697215214	459229.61697215214	459229.61697215214	459229.61697215214	459229.61697215214	459229.61697215214	459229.61697215214	ok	/home/seunghyun/ycsb/results/chiplet_duckdb_tpch_sf1_single_thread_q21_madracks-mnode5_20260314T231814Z_2017190/runs/duckdb_tpch/chiplet_x2/inst00/run.stdout.log	/home/seunghyun/ycsb/results/chiplet_duckdb_tpch_sf1_single_thread_q21_madracks-mnode5_20260314T231814Z_2017190/runs/duckdb_tpch/chiplet_x2
2026-03-14T23:18:16Z	madracks-mnode5	amd	duckdb_tpch	analytic	per_instance_external	NO_RETIRED_INST_CYCLES	user	chiplet_x2	24	1	1	1	Q21	1	456190.3839930892	456190.3839930892	456190.3839930892	456190.3839930892	456190.3839930892	456190.3839930892	456190.3839930892	456190.3839930892	ok	/home/seunghyun/ycsb/results/chiplet_duckdb_tpch_sf1_single_thread_q21_madracks-mnode5_20260314T231814Z_2017190/runs/duckdb_tpch/chiplet_x2/inst01/run.stdout.log	/home/seunghyun/ycsb/results/chiplet_duckdb_tpch_sf1_single_thread_q21_madracks-mnode5_20260314T231814Z_2017190/runs/duckdb_tpch/chiplet_x2
2026-03-14T23:18:16Z	madracks-mnode5	amd	duckdb_tpch	analytic	per_instance_external	NO_RETIRED_INST_CYCLES	user	chiplet_x2	24	2	7	7	Q21	1	456650.678999722	456650.678999722	456650.678999722	456650.678999722	456650.678999722	456650.678999722	456650.678999722	456650.678999722	ok	/home/seunghyun/ycsb/results/chiplet_duckdb_tpch_sf1_single_thread_q21_madracks-mnode5_20260314T231814Z_2017190/runs/duckdb_tpch/chiplet_x2/inst02/run.stdout.log	/home/seunghyun/ycsb/results/chiplet_duckdb_tpch_sf1_single_thread_q21_madracks-mnode5_20260314T231814Z_2017190/runs/duckdb_tpch/chiplet_x2
2026-03-14T23:18:16Z	madracks-mnode5	amd	duckdb_tpch	analytic	per_instance_external	NO_RETIRED_INST_CYCLES	user	chiplet_x2	24	3	8	8	Q21	1	455268.05700501427	455268.05700501427	455268.05700501427	455268.05700501427	455268.05700501427	455268.05700501427	455268.05700501427	455268.05700501427	ok	/home/seunghyun/ycsb/results/chiplet_duckdb_tpch_sf1_single_thread_q21_madracks-mnode5_20260314T231814Z_2017190/runs/duckdb_tpch/chiplet_x2/inst03/run.stdout.log	/home/seunghyun/ycsb/results/chiplet_duckdb_tpch_sf1_single_thread_q21_madracks-mnode5_20260314T231814Z_2017190/runs/duckdb_tpch/chiplet_x2
2026-03-14T23:18:16Z	madracks-mnode5	amd	duckdb_tpch	analytic	per_instance_external	NO_RETIRED_INST_CYCLES	user	chiplet_x2	24	4	14	14	Q21	1	454137.61102827266	454137.61102827266	454137.61102827266	454137.61102827266	454137.61102827266	454137.61102827266	454137.61102827266	454137.61102827266	ok	/home/seunghyun/ycsb/results/chiplet_duckdb_tpch_sf1_single_thread_q21_madracks-mnode5_20260314T231814Z_2017190/runs/duckdb_tpch/chiplet_x2/inst04/run.stdout.log	/home/seunghyun/ycsb/results/chiplet_duckdb_tpch_sf1_single_thread_q21_madracks-mnode5_20260314T231814Z_2017190/runs/duckdb_tpch/chiplet_x2
2026-03-14T23:18:16Z	madracks-mnode5	amd	duckdb_tpch	analytic	per_instance_external	NO_RETIRED_INST_CYCLES	user	chiplet_x2	24	5	15	15	Q21	1	453860.4050176218	453860.4050176218	453860.4050176218	453860.4050176218	453860.4050176218	453860.4050176218	453860.4050176218	453860.4050176218	ok	/home/seunghyun/ycsb/results/chiplet_duckdb_tpch_sf1_single_thread_q21_madracks-mnode5_20260314T231814Z_2017190/runs/duckdb_tpch/chiplet_x2/inst05/run.stdout.log	/home/seunghyun/ycsb/results/chiplet_duckdb_tpch_sf1_single_thread_q21_madracks-mnode5_20260314T231814Z_2017190/runs/duckdb_tpch/chiplet_x2
2026-03-14T23:18:16Z	madracks-mnode5	amd	duckdb_tpch	analytic	per_instance_external	NO_RETIRED_INST_CYCLES	user	chiplet_x2	24	6	21	21	Q21	1	455359.2560114339	455359.2560114339	455359.2560114339	455359.2560114339	455359.2560114339	455359.2560114339	455359.2560114339	455359.2560114339	ok	/home/seunghyun/ycsb/results/chiplet_duckdb_tpch_sf1_single_thread_q21_madracks-mnode5_20260314T231814Z_2017190/runs/duckdb_tpch/chiplet_x2/inst06/run.stdout.log	/home/seunghyun/ycsb/results/chiplet_duckdb_tpch_sf1_single_thread_q21_madracks-mnode5_20260314T231814Z_2017190/runs/duckdb_tpch/chiplet_x2
2026-03-14T23:18:16Z	madracks-mnode5	amd	duckdb_tpch	analytic	per_instance_external	NO_RETIRED_INST_CYCLES	user	chiplet_x2	24	7	22	22	Q21	1	453746.4060122147	453746.4060122147	453746.4060122147	453746.4060122147	453746.4060122147	453746.4060122147	453746.4060122147	453746.4060122147	ok	/home/seunghyun/ycsb/results/chiplet_duckdb_tpch_sf1_single_thread_q21_madracks-mnode5_20260314T231814Z_2017190/runs/duckdb_tpch/chiplet_x2/inst07/run.stdout.log	/home/seunghyun/ycsb/results/chiplet_duckdb_tpch_sf1_single_thread_q21_madracks-mnode5_20260314T231814Z_2017190/runs/duckdb_tpch/chiplet_x2
2026-03-14T23:18:16Z	madracks-mnode5	amd	duckdb_tpch	analytic	per_instance_external	NO_RETIRED_INST_CYCLES	user	chiplet_x2	24	8	28	28	Q21	1	453985.41301256046	453985.41301256046	453985.41301256046	453985.41301256046	453985.41301256046	453985.41301256046	453985.41301256046	453985.41301256046	ok	/home/seunghyun/ycsb/results/chiplet_duckdb_tpch_sf1_single_thread_q21_madracks-mnode5_20260314T231814Z_2017190/runs/duckdb_tpch/chiplet_x2/inst08/run.stdout.log	/home/seunghyun/ycsb/results/chiplet_duckdb_tpch_sf1_single_thread_q21_madracks-mnode5_20260314T231814Z_2017190/runs/duckdb_tpch/chiplet_x2
2026-03-14T23:18:16Z	madracks-mnode5	amd	duckdb_tpch	analytic	per_instance_external	NO_RETIRED_INST_CYCLES	user	chiplet_x2	24	9	29	29	Q21	1	457231.6010016948	457231.6010016948	457231.6010016948	457231.6010016948	457231.6010016948	457231.6010016948	457231.6010016948	457231.6010016948	ok	/home/seunghyun/ycsb/results/chiplet_duckdb_tpch_sf1_single_thread_q21_madracks-mnode5_20260314T231814Z_2017190/runs/duckdb_tpch/chiplet_x2/inst09/run.stdout.log	/home/seunghyun/ycsb/results/chiplet_duckdb_tpch_sf1_single_thread_q21_madracks-mnode5_20260314T231814Z_2017190/runs/duckdb_tpch/chiplet_x2
2026-03-14T23:18:16Z	madracks-mnode5	amd	duckdb_tpch	analytic	per_instance_external	NO_RETIRED_INST_CYCLES	user	chiplet_x2	24	10	35	35	Q21	1	445864.07800670713	445864.07800670713	445864.07800670713	445864.07800670713	445864.07800670713	445864.07800670713	445864.07800670713	445864.07800670713	ok	/home/seunghyun/ycsb/results/chiplet_duckdb_tpch_sf1_single_thread_q21_madracks-mnode5_20260314T231814Z_2017190/runs/duckdb_tpch/chiplet_x2/inst10/run.stdout.log	/home/seunghyun/ycsb/results/chiplet_duckdb_tpch_sf1_single_thread_q21_madracks-mnode5_20260314T231814Z_2017190/runs/duckdb_tpch/chiplet_x2
2026-03-14T23:18:16Z	madracks-mnode5	amd	duckdb_tpch	analytic	per_instance_external	NO_RETIRED_INST_CYCLES	user	chiplet_x2	24	11	36	36	Q21	1	452127.6869927533	452127.6869927533	452127.6869927533	452127.6869927533	452127.6869927533	452127.6869927533	452127.6869927533	452127.6869927533	ok	/home/seunghyun/ycsb/results/chiplet_duckdb_tpch_sf1_single_thread_q21_madracks-mnode5_20260314T231814Z_2017190/runs/duckdb_tpch/chiplet_x2/inst11/run.stdout.log	/home/seunghyun/ycsb/results/chiplet_duckdb_tpch_sf1_single_thread_q21_madracks-mnode5_20260314T231814Z_2017190/runs/duckdb_tpch/chiplet_x2
2026-03-14T23:18:16Z	madracks-mnode5	amd	duckdb_tpch	analytic	per_instance_external	NO_RETIRED_INST_CYCLES	user	chiplet_x2	24	12	42	42	Q21	1	451166.90994473174	451166.90994473174	451166.90994473174	451166.90994473174	451166.90994473174	451166.90994473174	451166.90994473174	451166.90994473174	ok	/home/seunghyun/ycsb/results/chiplet_duckdb_tpch_sf1_single_thread_q21_madracks-mnode5_20260314T231814Z_2017190/runs/duckdb_tpch/chiplet_x2/inst12/run.stdout.log	/home/seunghyun/ycsb/results/chiplet_duckdb_tpch_sf1_single_thread_q21_madracks-mnode5_20260314T231814Z_2017190/runs/duckdb_tpch/chiplet_x2
2026-03-14T23:18:16Z	madracks-mnode5	amd	duckdb_tpch	analytic	per_instance_external	NO_RETIRED_INST_CYCLES	user	chiplet_x2	24	13	43	43	Q21	1	451186.22900918126	451186.22900918126	451186.22900918126	451186.22900918126	451186.22900918126	451186.22900918126	451186.22900918126	451186.22900918126	ok	/home/seunghyun/ycsb/results/chiplet_duckdb_tpch_sf1_single_thread_q21_madracks-mnode5_20260314T231814Z_2017190/runs/duckdb_tpch/chiplet_x2/inst13/run.stdout.log	/home/seunghyun/ycsb/results/chiplet_duckdb_tpch_sf1_single_thread_q21_madracks-mnode5_20260314T231814Z_2017190/runs/duckdb_tpch/chiplet_x2
2026-03-14T23:18:16Z	madracks-mnode5	amd	duckdb_tpch	analytic	per_instance_external	NO_RETIRED_INST_CYCLES	user	chiplet_x2	24	14	49	49	Q21	1	450596.99699049816	450596.99699049816	450596.99699049816	450596.99699049816	450596.99699049816	450596.99699049816	450596.99699049816	450596.99699049816	ok	/home/seunghyun/ycsb/results/chiplet_duckdb_tpch_sf1_single_thread_q21_madracks-mnode5_20260314T231814Z_2017190/runs/duckdb_tpch/chiplet_x2/inst14/run.stdout.log	/home/seunghyun/ycsb/results/chiplet_duckdb_tpch_sf1_single_thread_q21_madracks-mnode5_20260314T231814Z_2017190/runs/duckdb_tpch/chiplet_x2
2026-03-14T23:18:16Z	madracks-mnode5	amd	duckdb_tpch	analytic	per_instance_external	NO_RETIRED_INST_CYCLES	user	chiplet_x2	24	15	50	50	Q21	1	448814.03900217265	448814.03900217265	448814.03900217265	448814.03900217265	448814.03900217265	448814.03900217265	448814.03900217265	448814.03900217265	ok	/home/seunghyun/ycsb/results/chiplet_duckdb_tpch_sf1_single_thread_q21_madracks-mnode5_20260314T231814Z_2017190/runs/duckdb_tpch/chiplet_x2/inst15/run.stdout.log	/home/seunghyun/ycsb/results/chiplet_duckdb_tpch_sf1_single_thread_q21_madracks-mnode5_20260314T231814Z_2017190/runs/duckdb_tpch/chiplet_x2
2026-03-14T23:18:16Z	madracks-mnode5	amd	duckdb_tpch	analytic	per_instance_external	NO_RETIRED_INST_CYCLES	user	chiplet_x2	24	16	56	56	Q21	1	450772.3140413873	450772.3140413873	450772.3140413873	450772.3140413873	450772.3140413873	450772.3140413873	450772.3140413873	450772.3140413873	ok	/home/seunghyun/ycsb/results/chiplet_duckdb_tpch_sf1_single_thread_q21_madracks-mnode5_20260314T231814Z_2017190/runs/duckdb_tpch/chiplet_x2/inst16/run.stdout.log	/home/seunghyun/ycsb/results/chiplet_duckdb_tpch_sf1_single_thread_q21_madracks-mnode5_20260314T231814Z_2017190/runs/duckdb_tpch/chiplet_x2
2026-03-14T23:18:16Z	madracks-mnode5	amd	duckdb_tpch	analytic	per_instance_external	NO_RETIRED_INST_CYCLES	user	chiplet_x2	24	17	57	57	Q21	1	455718.92196312547	455718.92196312547	455718.92196312547	455718.92196312547	455718.92196312547	455718.92196312547	455718.92196312547	455718.92196312547	ok	/home/seunghyun/ycsb/results/chiplet_duckdb_tpch_sf1_single_thread_q21_madracks-mnode5_20260314T231814Z_2017190/runs/duckdb_tpch/chiplet_x2/inst17/run.stdout.log	/home/seunghyun/ycsb/results/chiplet_duckdb_tpch_sf1_single_thread_q21_madracks-mnode5_20260314T231814Z_2017190/runs/duckdb_tpch/chiplet_x2
2026-03-14T23:18:16Z	madracks-mnode5	amd	duckdb_tpch	analytic	per_instance_external	NO_RETIRED_INST_CYCLES	user	chiplet_x2	24	18	63	63	Q21	1	449444.8420009576	449444.8420009576	449444.8420009576	449444.8420009576	449444.8420009576	449444.8420009576	449444.8420009576	449444.8420009576	ok	/home/seunghyun/ycsb/results/chiplet_duckdb_tpch_sf1_single_thread_q21_madracks-mnode5_20260314T231814Z_2017190/runs/duckdb_tpch/chiplet_x2/inst18/run.stdout.log	/home/seunghyun/ycsb/results/chiplet_duckdb_tpch_sf1_single_thread_q21_madracks-mnode5_20260314T231814Z_2017190/runs/duckdb_tpch/chiplet_x2
2026-03-14T23:18:16Z	madracks-mnode5	amd	duckdb_tpch	analytic	per_instance_external	NO_RETIRED_INST_CYCLES	user	chiplet_x2	24	19	64	64	Q21	1	450728.0450197868	450728.0450197868	450728.0450197868	450728.0450197868	450728.0450197868	450728.0450197868	450728.0450197868	450728.0450197868	ok	/home/seunghyun/ycsb/results/chiplet_duckdb_tpch_sf1_single_thread_q21_madracks-mnode5_20260314T231814Z_2017190/runs/duckdb_tpch/chiplet_x2/inst19/run.stdout.log	/home/seunghyun/ycsb/results/chiplet_duckdb_tpch_sf1_single_thread_q21_madracks-mnode5_20260314T231814Z_2017190/runs/duckdb_tpch/chiplet_x2
2026-03-14T23:18:16Z	madracks-mnode5	amd	duckdb_tpch	analytic	per_instance_external	NO_RETIRED_INST_CYCLES	user	chiplet_x2	24	20	70	70	Q21	1	447793.49298914894	447793.49298914894	447793.49298914894	447793.49298914894	447793.49298914894	447793.49298914894	447793.49298914894	447793.49298914894	ok	/home/seunghyun/ycsb/results/chiplet_duckdb_tpch_sf1_single_thread_q21_madracks-mnode5_20260314T231814Z_2017190/runs/duckdb_tpch/chiplet_x2/inst20/run.stdout.log	/home/seunghyun/ycsb/results/chiplet_duckdb_tpch_sf1_single_thread_q21_madracks-mnode5_20260314T231814Z_2017190/runs/duckdb_tpch/chiplet_x2
2026-03-14T23:18:16Z	madracks-mnode5	amd	duckdb_tpch	analytic	per_instance_external	NO_RETIRED_INST_CYCLES	user	chiplet_x2	24	21	71	71	Q21	1	450704.674993176	450704.674993176	450704.674993176	450704.674993176	450704.674993176	450704.674993176	450704.674993176	450704.674993176	ok	/home/seunghyun/ycsb/results/chiplet_duckdb_tpch_sf1_single_thread_q21_madracks-mnode5_20260314T231814Z_2017190/runs/duckdb_tpch/chiplet_x2/inst21/run.stdout.log	/home/seunghyun/ycsb/results/chiplet_duckdb_tpch_sf1_single_thread_q21_madracks-mnode5_20260314T231814Z_2017190/runs/duckdb_tpch/chiplet_x2
2026-03-14T23:18:16Z	madracks-mnode5	amd	duckdb_tpch	analytic	per_instance_external	NO_RETIRED_INST_CYCLES	user	chiplet_x2	24	22	77	77	Q21	1	448281.1769703403	448281.1769703403	448281.1769703403	448281.1769703403	448281.1769703403	448281.1769703403	448281.1769703403	448281.1769703403	ok	/home/seunghyun/ycsb/results/chiplet_duckdb_tpch_sf1_single_thread_q21_madracks-mnode5_20260314T231814Z_2017190/runs/duckdb_tpch/chiplet_x2/inst22/run.stdout.log	/home/seunghyun/ycsb/results/chiplet_duckdb_tpch_sf1_single_thread_q21_madracks-mnode5_20260314T231814Z_2017190/runs/duckdb_tpch/chiplet_x2
2026-03-14T23:18:16Z	madracks-mnode5	amd	duckdb_tpch	analytic	per_instance_external	NO_RETIRED_INST_CYCLES	user	chiplet_x2	24	23	78	78	Q21	1	452240.6859905459	452240.6859905459	452240.6859905459	452240.6859905459	452240.6859905459	452240.6859905459	452240.6859905459	452240.6859905459	ok	/home/seunghyun/ycsb/results/chiplet_duckdb_tpch_sf1_single_thread_q21_madracks-mnode5_20260314T231814Z_2017190/runs/duckdb_tpch/chiplet_x2/inst23/run.stdout.log	/home/seunghyun/ycsb/results/chiplet_duckdb_tpch_sf1_single_thread_q21_madracks-mnode5_20260314T231814Z_2017190/runs/duckdb_tpch/chiplet_x2
2026-03-14T23:18:17Z	madracks-mnode5	amd	duckdb_tpch	analytic	per_instance_external	NO_RETIRED_INST_CYCLES	user	chiplet_x3	36	0	0	0	Q21	1	468366.89597694203	468366.89597694203	468366.89597694203	468366.89597694203	468366.89597694203	468366.89597694203	468366.89597694203	468366.89597694203	ok	/home/seunghyun/ycsb/results/chiplet_duckdb_tpch_sf1_single_thread_q21_madracks-mnode5_20260314T231814Z_2017190/runs/duckdb_tpch/chiplet_x3/inst00/run.stdout.log	/home/seunghyun/ycsb/results/chiplet_duckdb_tpch_sf1_single_thread_q21_madracks-mnode5_20260314T231814Z_2017190/runs/duckdb_tpch/chiplet_x3
2026-03-14T23:18:17Z	madracks-mnode5	amd	duckdb_tpch	analytic	per_instance_external	NO_RETIRED_INST_CYCLES	user	chiplet_x3	36	1	1	1	Q21	1	468175.1079624519	468175.1079624519	468175.1079624519	468175.1079624519	468175.1079624519	468175.1079624519	468175.1079624519	468175.1079624519	ok	/home/seunghyun/ycsb/results/chiplet_duckdb_tpch_sf1_single_thread_q21_madracks-mnode5_20260314T231814Z_2017190/runs/duckdb_tpch/chiplet_x3/inst01/run.stdout.log	/home/seunghyun/ycsb/results/chiplet_duckdb_tpch_sf1_single_thread_q21_madracks-mnode5_20260314T231814Z_2017190/runs/duckdb_tpch/chiplet_x3
2026-03-14T23:18:17Z	madracks-mnode5	amd	duckdb_tpch	analytic	per_instance_external	NO_RETIRED_INST_CYCLES	user	chiplet_x3	36	2	2	2	Q21	1	463967.5320358947	463967.5320358947	463967.5320358947	463967.5320358947	463967.5320358947	463967.5320358947	463967.5320358947	463967.5320358947	ok	/home/seunghyun/ycsb/results/chiplet_duckdb_tpch_sf1_single_thread_q21_madracks-mnode5_20260314T231814Z_2017190/runs/duckdb_tpch/chiplet_x3/inst02/run.stdout.log	/home/seunghyun/ycsb/results/chiplet_duckdb_tpch_sf1_single_thread_q21_madracks-mnode5_20260314T231814Z_2017190/runs/duckdb_tpch/chiplet_x3
2026-03-14T23:18:17Z	madracks-mnode5	amd	duckdb_tpch	analytic	per_instance_external	NO_RETIRED_INST_CYCLES	user	chiplet_x3	36	3	7	7	Q21	1	459404.2599783279	459404.2599783279	459404.2599783279	459404.2599783279	459404.2599783279	459404.2599783279	459404.2599783279	459404.2599783279	ok	/home/seunghyun/ycsb/results/chiplet_duckdb_tpch_sf1_single_thread_q21_madracks-mnode5_20260314T231814Z_2017190/runs/duckdb_tpch/chiplet_x3/inst03/run.stdout.log	/home/seunghyun/ycsb/results/chiplet_duckdb_tpch_sf1_single_thread_q21_madracks-mnode5_20260314T231814Z_2017190/runs/duckdb_tpch/chiplet_x3
2026-03-14T23:18:17Z	madracks-mnode5	amd	duckdb_tpch	analytic	per_instance_external	NO_RETIRED_INST_CYCLES	user	chiplet_x3	36	4	8	8	Q21	1	466219.61396886036	466219.61396886036	466219.61396886036	466219.61396886036	466219.61396886036	466219.61396886036	466219.61396886036	466219.61396886036	ok	/home/seunghyun/ycsb/results/chiplet_duckdb_tpch_sf1_single_thread_q21_madracks-mnode5_20260314T231814Z_2017190/runs/duckdb_tpch/chiplet_x3/inst04/run.stdout.log	/home/seunghyun/ycsb/results/chiplet_duckdb_tpch_sf1_single_thread_q21_madracks-mnode5_20260314T231814Z_2017190/runs/duckdb_tpch/chiplet_x3
2026-03-14T23:18:17Z	madracks-mnode5	amd	duckdb_tpch	analytic	per_instance_external	NO_RETIRED_INST_CYCLES	user	chiplet_x3	36	5	9	9	Q21	1	465422.2739627585	465422.2739627585	465422.2739627585	465422.2739627585	465422.2739627585	465422.2739627585	465422.2739627585	465422.2739627585	ok	/home/seunghyun/ycsb/results/chiplet_duckdb_tpch_sf1_single_thread_q21_madracks-mnode5_20260314T231814Z_2017190/runs/duckdb_tpch/chiplet_x3/inst05/run.stdout.log	/home/seunghyun/ycsb/results/chiplet_duckdb_tpch_sf1_single_thread_q21_madracks-mnode5_20260314T231814Z_2017190/runs/duckdb_tpch/chiplet_x3
2026-03-14T23:18:17Z	madracks-mnode5	amd	duckdb_tpch	analytic	per_instance_external	NO_RETIRED_INST_CYCLES	user	chiplet_x3	36	6	14	14	Q21	1	463018.16403865814	463018.16403865814	463018.16403865814	463018.16403865814	463018.16403865814	463018.16403865814	463018.16403865814	463018.16403865814	ok	/home/seunghyun/ycsb/results/chiplet_duckdb_tpch_sf1_single_thread_q21_madracks-mnode5_20260314T231814Z_2017190/runs/duckdb_tpch/chiplet_x3/inst06/run.stdout.log	/home/seunghyun/ycsb/results/chiplet_duckdb_tpch_sf1_single_thread_q21_madracks-mnode5_20260314T231814Z_2017190/runs/duckdb_tpch/chiplet_x3
2026-03-14T23:18:17Z	madracks-mnode5	amd	duckdb_tpch	analytic	per_instance_external	NO_RETIRED_INST_CYCLES	user	chiplet_x3	36	7	15	15	Q21	1	458944.245998282	458944.245998282	458944.245998282	458944.245998282	458944.245998282	458944.245998282	458944.245998282	458944.245998282	ok	/home/seunghyun/ycsb/results/chiplet_duckdb_tpch_sf1_single_thread_q21_madracks-mnode5_20260314T231814Z_2017190/runs/duckdb_tpch/chiplet_x3/inst07/run.stdout.log	/home/seunghyun/ycsb/results/chiplet_duckdb_tpch_sf1_single_thread_q21_madracks-mnode5_20260314T231814Z_2017190/runs/duckdb_tpch/chiplet_x3
2026-03-14T23:18:17Z	madracks-mnode5	amd	duckdb_tpch	analytic	per_instance_external	NO_RETIRED_INST_CYCLES	user	chiplet_x3	36	8	16	16	Q21	1	453875.47998689115	453875.47998689115	453875.47998689115	453875.47998689115	453875.47998689115	453875.47998689115	453875.47998689115	453875.47998689115	ok	/home/seunghyun/ycsb/results/chiplet_duckdb_tpch_sf1_single_thread_q21_madracks-mnode5_20260314T231814Z_2017190/runs/duckdb_tpch/chiplet_x3/inst08/run.stdout.log	/home/seunghyun/ycsb/results/chiplet_duckdb_tpch_sf1_single_thread_q21_madracks-mnode5_20260314T231814Z_2017190/runs/duckdb_tpch/chiplet_x3
2026-03-14T23:18:17Z	madracks-mnode5	amd	duckdb_tpch	analytic	per_instance_external	NO_RETIRED_INST_CYCLES	user	chiplet_x3	36	9	21	21	Q21	1	462784.8970121704	462784.8970121704	462784.8970121704	462784.8970121704	462784.8970121704	462784.8970121704	462784.8970121704	462784.8970121704	ok	/home/seunghyun/ycsb/results/chiplet_duckdb_tpch_sf1_single_thread_q21_madracks-mnode5_20260314T231814Z_2017190/runs/duckdb_tpch/chiplet_x3/inst09/run.stdout.log	/home/seunghyun/ycsb/results/chiplet_duckdb_tpch_sf1_single_thread_q21_madracks-mnode5_20260314T231814Z_2017190/runs/duckdb_tpch/chiplet_x3
2026-03-14T23:18:17Z	madracks-mnode5	amd	duckdb_tpch	analytic	per_instance_external	NO_RETIRED_INST_CYCLES	user	chiplet_x3	36	10	22	22	Q21	1	464037.11097082123	464037.11097082123	464037.11097082123	464037.11097082123	464037.11097082123	464037.11097082123	464037.11097082123	464037.11097082123	ok	/home/seunghyun/ycsb/results/chiplet_duckdb_tpch_sf1_single_thread_q21_madracks-mnode5_20260314T231814Z_2017190/runs/duckdb_tpch/chiplet_x3/inst10/run.stdout.log	/home/seunghyun/ycsb/results/chiplet_duckdb_tpch_sf1_single_thread_q21_madracks-mnode5_20260314T231814Z_2017190/runs/duckdb_tpch/chiplet_x3
2026-03-14T23:18:17Z	madracks-mnode5	amd	duckdb_tpch	analytic	per_instance_external	NO_RETIRED_INST_CYCLES	user	chiplet_x3	36	11	23	23	Q21	1	464801.4209815301	464801.4209815301	464801.4209815301	464801.4209815301	464801.4209815301	464801.4209815301	464801.4209815301	464801.4209815301	ok	/home/seunghyun/ycsb/results/chiplet_duckdb_tpch_sf1_single_thread_q21_madracks-mnode5_20260314T231814Z_2017190/runs/duckdb_tpch/chiplet_x3/inst11/run.stdout.log	/home/seunghyun/ycsb/results/chiplet_duckdb_tpch_sf1_single_thread_q21_madracks-mnode5_20260314T231814Z_2017190/runs/duckdb_tpch/chiplet_x3
2026-03-14T23:18:17Z	madracks-mnode5	amd	duckdb_tpch	analytic	per_instance_external	NO_RETIRED_INST_CYCLES	user	chiplet_x3	36	12	28	28	Q21	1	457795.47101119533	457795.47101119533	457795.47101119533	457795.47101119533	457795.47101119533	457795.47101119533	457795.47101119533	457795.47101119533	ok	/home/seunghyun/ycsb/results/chiplet_duckdb_tpch_sf1_single_thread_q21_madracks-mnode5_20260314T231814Z_2017190/runs/duckdb_tpch/chiplet_x3/inst12/run.stdout.log	/home/seunghyun/ycsb/results/chiplet_duckdb_tpch_sf1_single_thread_q21_madracks-mnode5_20260314T231814Z_2017190/runs/duckdb_tpch/chiplet_x3
2026-03-14T23:18:17Z	madracks-mnode5	amd	duckdb_tpch	analytic	per_instance_external	NO_RETIRED_INST_CYCLES	user	chiplet_x3	36	13	29	29	Q21	1	462682.8180043958	462682.8180043958	462682.8180043958	462682.8180043958	462682.8180043958	462682.8180043958	462682.8180043958	462682.8180043958	ok	/home/seunghyun/ycsb/results/chiplet_duckdb_tpch_sf1_single_thread_q21_madracks-mnode5_20260314T231814Z_2017190/runs/duckdb_tpch/chiplet_x3/inst13/run.stdout.log	/home/seunghyun/ycsb/results/chiplet_duckdb_tpch_sf1_single_thread_q21_madracks-mnode5_20260314T231814Z_2017190/runs/duckdb_tpch/chiplet_x3
2026-03-14T23:18:17Z	madracks-mnode5	amd	duckdb_tpch	analytic	per_instance_external	NO_RETIRED_INST_CYCLES	user	chiplet_x3	36	14	30	30	Q21	1	466355.17198592424	466355.17198592424	466355.17198592424	466355.17198592424	466355.17198592424	466355.17198592424	466355.17198592424	466355.17198592424	ok	/home/seunghyun/ycsb/results/chiplet_duckdb_tpch_sf1_single_thread_q21_madracks-mnode5_20260314T231814Z_2017190/runs/duckdb_tpch/chiplet_x3/inst14/run.stdout.log	/home/seunghyun/ycsb/results/chiplet_duckdb_tpch_sf1_single_thread_q21_madracks-mnode5_20260314T231814Z_2017190/runs/duckdb_tpch/chiplet_x3
2026-03-14T23:18:17Z	madracks-mnode5	amd	duckdb_tpch	analytic	per_instance_external	NO_RETIRED_INST_CYCLES	user	chiplet_x3	36	15	35	35	Q21	1	465628.8009718992	465628.8009718992	465628.8009718992	465628.8009718992	465628.8009718992	465628.8009718992	465628.8009718992	465628.8009718992	ok	/home/seunghyun/ycsb/results/chiplet_duckdb_tpch_sf1_single_thread_q21_madracks-mnode5_20260314T231814Z_2017190/runs/duckdb_tpch/chiplet_x3/inst15/run.stdout.log	/home/seunghyun/ycsb/results/chiplet_duckdb_tpch_sf1_single_thread_q21_madracks-mnode5_20260314T231814Z_2017190/runs/duckdb_tpch/chiplet_x3
2026-03-14T23:18:17Z	madracks-mnode5	amd	duckdb_tpch	analytic	per_instance_external	NO_RETIRED_INST_CYCLES	user	chiplet_x3	36	16	36	36	Q21	1	458224.84500240535	458224.84500240535	458224.84500240535	458224.84500240535	458224.84500240535	458224.84500240535	458224.84500240535	458224.84500240535	ok	/home/seunghyun/ycsb/results/chiplet_duckdb_tpch_sf1_single_thread_q21_madracks-mnode5_20260314T231814Z_2017190/runs/duckdb_tpch/chiplet_x3/inst16/run.stdout.log	/home/seunghyun/ycsb/results/chiplet_duckdb_tpch_sf1_single_thread_q21_madracks-mnode5_20260314T231814Z_2017190/runs/duckdb_tpch/chiplet_x3
2026-03-14T23:18:17Z	madracks-mnode5	amd	duckdb_tpch	analytic	per_instance_external	NO_RETIRED_INST_CYCLES	user	chiplet_x3	36	17	37	37	Q21	1	458899.1869823076	458899.1869823076	458899.1869823076	458899.1869823076	458899.1869823076	458899.1869823076	458899.1869823076	458899.1869823076	ok	/home/seunghyun/ycsb/results/chiplet_duckdb_tpch_sf1_single_thread_q21_madracks-mnode5_20260314T231814Z_2017190/runs/duckdb_tpch/chiplet_x3/inst17/run.stdout.log	/home/seunghyun/ycsb/results/chiplet_duckdb_tpch_sf1_single_thread_q21_madracks-mnode5_20260314T231814Z_2017190/runs/duckdb_tpch/chiplet_x3
2026-03-14T23:18:17Z	madracks-mnode5	amd	duckdb_tpch	analytic	per_instance_external	NO_RETIRED_INST_CYCLES	user	chiplet_x3	36	18	42	42	Q21	1	458547.04099474475	458547.04099474475	458547.04099474475	458547.04099474475	458547.04099474475	458547.04099474475	458547.04099474475	458547.04099474475	ok	/home/seunghyun/ycsb/results/chiplet_duckdb_tpch_sf1_single_thread_q21_madracks-mnode5_20260314T231814Z_2017190/runs/duckdb_tpch/chiplet_x3/inst18/run.stdout.log	/home/seunghyun/ycsb/results/chiplet_duckdb_tpch_sf1_single_thread_q21_madracks-mnode5_20260314T231814Z_2017190/runs/duckdb_tpch/chiplet_x3
2026-03-14T23:18:17Z	madracks-mnode5	amd	duckdb_tpch	analytic	per_instance_external	NO_RETIRED_INST_CYCLES	user	chiplet_x3	36	19	43	43	Q21	1	457041.3309847936	457041.3309847936	457041.3309847936	457041.3309847936	457041.3309847936	457041.3309847936	457041.3309847936	457041.3309847936	ok	/home/seunghyun/ycsb/results/chiplet_duckdb_tpch_sf1_single_thread_q21_madracks-mnode5_20260314T231814Z_2017190/runs/duckdb_tpch/chiplet_x3/inst19/run.stdout.log	/home/seunghyun/ycsb/results/chiplet_duckdb_tpch_sf1_single_thread_q21_madracks-mnode5_20260314T231814Z_2017190/runs/duckdb_tpch/chiplet_x3
2026-03-14T23:18:17Z	madracks-mnode5	amd	duckdb_tpch	analytic	per_instance_external	NO_RETIRED_INST_CYCLES	user	chiplet_x3	36	20	44	44	Q21	1	461642.8220178932	461642.8220178932	461642.8220178932	461642.8220178932	461642.8220178932	461642.8220178932	461642.8220178932	461642.8220178932	ok	/home/seunghyun/ycsb/results/chiplet_duckdb_tpch_sf1_single_thread_q21_madracks-mnode5_20260314T231814Z_2017190/runs/duckdb_tpch/chiplet_x3/inst20/run.stdout.log	/home/seunghyun/ycsb/results/chiplet_duckdb_tpch_sf1_single_thread_q21_madracks-mnode5_20260314T231814Z_2017190/runs/duckdb_tpch/chiplet_x3
2026-03-14T23:18:17Z	madracks-mnode5	amd	duckdb_tpch	analytic	per_instance_external	NO_RETIRED_INST_CYCLES	user	chiplet_x3	36	21	49	49	Q21	1	461754.7999951057	461754.7999951057	461754.7999951057	461754.7999951057	461754.7999951057	461754.7999951057	461754.7999951057	461754.7999951057	ok	/home/seunghyun/ycsb/results/chiplet_duckdb_tpch_sf1_single_thread_q21_madracks-mnode5_20260314T231814Z_2017190/runs/duckdb_tpch/chiplet_x3/inst21/run.stdout.log	/home/seunghyun/ycsb/results/chiplet_duckdb_tpch_sf1_single_thread_q21_madracks-mnode5_20260314T231814Z_2017190/runs/duckdb_tpch/chiplet_x3
2026-03-14T23:18:17Z	madracks-mnode5	amd	duckdb_tpch	analytic	per_instance_external	NO_RETIRED_INST_CYCLES	user	chiplet_x3	36	22	50	50	Q21	1	455680.58802746236	455680.58802746236	455680.58802746236	455680.58802746236	455680.58802746236	455680.58802746236	455680.58802746236	455680.58802746236	ok	/home/seunghyun/ycsb/results/chiplet_duckdb_tpch_sf1_single_thread_q21_madracks-mnode5_20260314T231814Z_2017190/runs/duckdb_tpch/chiplet_x3/inst22/run.stdout.log	/home/seunghyun/ycsb/results/chiplet_duckdb_tpch_sf1_single_thread_q21_madracks-mnode5_20260314T231814Z_2017190/runs/duckdb_tpch/chiplet_x3
2026-03-14T23:18:17Z	madracks-mnode5	amd	duckdb_tpch	analytic	per_instance_external	NO_RETIRED_INST_CYCLES	user	chiplet_x3	36	23	51	51	Q21	1	463533.1080062315	463533.1080062315	463533.1080062315	463533.1080062315	463533.1080062315	463533.1080062315	463533.1080062315	463533.1080062315	ok	/home/seunghyun/ycsb/results/chiplet_duckdb_tpch_sf1_single_thread_q21_madracks-mnode5_20260314T231814Z_2017190/runs/duckdb_tpch/chiplet_x3/inst23/run.stdout.log	/home/seunghyun/ycsb/results/chiplet_duckdb_tpch_sf1_single_thread_q21_madracks-mnode5_20260314T231814Z_2017190/runs/duckdb_tpch/chiplet_x3
2026-03-14T23:18:17Z	madracks-mnode5	amd	duckdb_tpch	analytic	per_instance_external	NO_RETIRED_INST_CYCLES	user	chiplet_x3	36	24	56	56	Q21	1	465574.8310033232	465574.8310033232	465574.8310033232	465574.8310033232	465574.8310033232	465574.8310033232	465574.8310033232	465574.8310033232	ok	/home/seunghyun/ycsb/results/chiplet_duckdb_tpch_sf1_single_thread_q21_madracks-mnode5_20260314T231814Z_2017190/runs/duckdb_tpch/chiplet_x3/inst24/run.stdout.log	/home/seunghyun/ycsb/results/chiplet_duckdb_tpch_sf1_single_thread_q21_madracks-mnode5_20260314T231814Z_2017190/runs/duckdb_tpch/chiplet_x3
2026-03-14T23:18:17Z	madracks-mnode5	amd	duckdb_tpch	analytic	per_instance_external	NO_RETIRED_INST_CYCLES	user	chiplet_x3	36	25	57	57	Q21	1	458913.24599506333	458913.24599506333	458913.24599506333	458913.24599506333	458913.24599506333	458913.24599506333	458913.24599506333	458913.24599506333	ok	/home/seunghyun/ycsb/results/chiplet_duckdb_tpch_sf1_single_thread_q21_madracks-mnode5_20260314T231814Z_2017190/runs/duckdb_tpch/chiplet_x3/inst25/run.stdout.log	/home/seunghyun/ycsb/results/chiplet_duckdb_tpch_sf1_single_thread_q21_madracks-mnode5_20260314T231814Z_2017190/runs/duckdb_tpch/chiplet_x3
2026-03-14T23:18:17Z	madracks-mnode5	amd	duckdb_tpch	analytic	per_instance_external	NO_RETIRED_INST_CYCLES	user	chiplet_x3	36	26	58	58	Q21	1	458034.7770242952	458034.7770242952	458034.7770242952	458034.7770242952	458034.7770242952	458034.7770242952	458034.7770242952	458034.7770242952	ok	/home/seunghyun/ycsb/results/chiplet_duckdb_tpch_sf1_single_thread_q21_madracks-mnode5_20260314T231814Z_2017190/runs/duckdb_tpch/chiplet_x3/inst26/run.stdout.log	/home/seunghyun/ycsb/results/chiplet_duckdb_tpch_sf1_single_thread_q21_madracks-mnode5_20260314T231814Z_2017190/runs/duckdb_tpch/chiplet_x3
2026-03-14T23:18:17Z	madracks-mnode5	amd	duckdb_tpch	analytic	per_instance_external	NO_RETIRED_INST_CYCLES	user	chiplet_x3	36	27	63	63	Q21	1	461778.9199692197	461778.9199692197	461778.9199692197	461778.9199692197	461778.9199692197	461778.9199692197	461778.9199692197	461778.9199692197	ok	/home/seunghyun/ycsb/results/chiplet_duckdb_tpch_sf1_single_thread_q21_madracks-mnode5_20260314T231814Z_2017190/runs/duckdb_tpch/chiplet_x3/inst27/run.stdout.log	/home/seunghyun/ycsb/results/chiplet_duckdb_tpch_sf1_single_thread_q21_madracks-mnode5_20260314T231814Z_2017190/runs/duckdb_tpch/chiplet_x3
2026-03-14T23:18:17Z	madracks-mnode5	amd	duckdb_tpch	analytic	per_instance_external	NO_RETIRED_INST_CYCLES	user	chiplet_x3	36	28	64	64	Q21	1	457120.6300170161	457120.6300170161	457120.6300170161	457120.6300170161	457120.6300170161	457120.6300170161	457120.6300170161	457120.6300170161	ok	/home/seunghyun/ycsb/results/chiplet_duckdb_tpch_sf1_single_thread_q21_madracks-mnode5_20260314T231814Z_2017190/runs/duckdb_tpch/chiplet_x3/inst28/run.stdout.log	/home/seunghyun/ycsb/results/chiplet_duckdb_tpch_sf1_single_thread_q21_madracks-mnode5_20260314T231814Z_2017190/runs/duckdb_tpch/chiplet_x3
2026-03-14T23:18:17Z	madracks-mnode5	amd	duckdb_tpch	analytic	per_instance_external	NO_RETIRED_INST_CYCLES	user	chiplet_x3	36	29	65	65	Q21	1	463416.18901351467	463416.18901351467	463416.18901351467	463416.18901351467	463416.18901351467	463416.18901351467	463416.18901351467	463416.18901351467	ok	/home/seunghyun/ycsb/results/chiplet_duckdb_tpch_sf1_single_thread_q21_madracks-mnode5_20260314T231814Z_2017190/runs/duckdb_tpch/chiplet_x3/inst29/run.stdout.log	/home/seunghyun/ycsb/results/chiplet_duckdb_tpch_sf1_single_thread_q21_madracks-mnode5_20260314T231814Z_2017190/runs/duckdb_tpch/chiplet_x3
2026-03-14T23:18:17Z	madracks-mnode5	amd	duckdb_tpch	analytic	per_instance_external	NO_RETIRED_INST_CYCLES	user	chiplet_x3	36	30	70	70	Q21	1	461238.38698258623	461238.38698258623	461238.38698258623	461238.38698258623	461238.38698258623	461238.38698258623	461238.38698258623	461238.38698258623	ok	/home/seunghyun/ycsb/results/chiplet_duckdb_tpch_sf1_single_thread_q21_madracks-mnode5_20260314T231814Z_2017190/runs/duckdb_tpch/chiplet_x3/inst30/run.stdout.log	/home/seunghyun/ycsb/results/chiplet_duckdb_tpch_sf1_single_thread_q21_madracks-mnode5_20260314T231814Z_2017190/runs/duckdb_tpch/chiplet_x3
2026-03-14T23:18:17Z	madracks-mnode5	amd	duckdb_tpch	analytic	per_instance_external	NO_RETIRED_INST_CYCLES	user	chiplet_x3	36	31	71	71	Q21	1	455633.8280090131	455633.8280090131	455633.8280090131	455633.8280090131	455633.8280090131	455633.8280090131	455633.8280090131	455633.8280090131	ok	/home/seunghyun/ycsb/results/chiplet_duckdb_tpch_sf1_single_thread_q21_madracks-mnode5_20260314T231814Z_2017190/runs/duckdb_tpch/chiplet_x3/inst31/run.stdout.log	/home/seunghyun/ycsb/results/chiplet_duckdb_tpch_sf1_single_thread_q21_madracks-mnode5_20260314T231814Z_2017190/runs/duckdb_tpch/chiplet_x3
2026-03-14T23:18:17Z	madracks-mnode5	amd	duckdb_tpch	analytic	per_instance_external	NO_RETIRED_INST_CYCLES	user	chiplet_x3	36	32	72	72	Q21	1	464148.3000013977	464148.3000013977	464148.3000013977	464148.3000013977	464148.3000013977	464148.3000013977	464148.3000013977	464148.3000013977	ok	/home/seunghyun/ycsb/results/chiplet_duckdb_tpch_sf1_single_thread_q21_madracks-mnode5_20260314T231814Z_2017190/runs/duckdb_tpch/chiplet_x3/inst32/run.stdout.log	/home/seunghyun/ycsb/results/chiplet_duckdb_tpch_sf1_single_thread_q21_madracks-mnode5_20260314T231814Z_2017190/runs/duckdb_tpch/chiplet_x3
2026-03-14T23:18:17Z	madracks-mnode5	amd	duckdb_tpch	analytic	per_instance_external	NO_RETIRED_INST_CYCLES	user	chiplet_x3	36	33	77	77	Q21	1	458804.37799496576	458804.37799496576	458804.37799496576	458804.37799496576	458804.37799496576	458804.37799496576	458804.37799496576	458804.37799496576	ok	/home/seunghyun/ycsb/results/chiplet_duckdb_tpch_sf1_single_thread_q21_madracks-mnode5_20260314T231814Z_2017190/runs/duckdb_tpch/chiplet_x3/inst33/run.stdout.log	/home/seunghyun/ycsb/results/chiplet_duckdb_tpch_sf1_single_thread_q21_madracks-mnode5_20260314T231814Z_2017190/runs/duckdb_tpch/chiplet_x3
2026-03-14T23:18:17Z	madracks-mnode5	amd	duckdb_tpch	analytic	per_instance_external	NO_RETIRED_INST_CYCLES	user	chiplet_x3	36	34	78	78	Q21	1	458071.7569915578	458071.7569915578	458071.7569915578	458071.7569915578	458071.7569915578	458071.7569915578	458071.7569915578	458071.7569915578	ok	/home/seunghyun/ycsb/results/chiplet_duckdb_tpch_sf1_single_thread_q21_madracks-mnode5_20260314T231814Z_2017190/runs/duckdb_tpch/chiplet_x3/inst34/run.stdout.log	/home/seunghyun/ycsb/results/chiplet_duckdb_tpch_sf1_single_thread_q21_madracks-mnode5_20260314T231814Z_2017190/runs/duckdb_tpch/chiplet_x3
2026-03-14T23:18:17Z	madracks-mnode5	amd	duckdb_tpch	analytic	per_instance_external	NO_RETIRED_INST_CYCLES	user	chiplet_x3	36	35	79	79	Q21	1	458606.9310316816	458606.9310316816	458606.9310316816	458606.9310316816	458606.9310316816	458606.9310316816	458606.9310316816	458606.9310316816	ok	/home/seunghyun/ycsb/results/chiplet_duckdb_tpch_sf1_single_thread_q21_madracks-mnode5_20260314T231814Z_2017190/runs/duckdb_tpch/chiplet_x3/inst35/run.stdout.log	/home/seunghyun/ycsb/results/chiplet_duckdb_tpch_sf1_single_thread_q21_madracks-mnode5_20260314T231814Z_2017190/runs/duckdb_tpch/chiplet_x3
2026-03-14T23:18:18Z	madracks-mnode5	amd	duckdb_tpch	analytic	per_instance_external	NO_RETIRED_INST_CYCLES	user	chiplet_x4	48	0	0	0	Q21	1	475034.51799275354	475034.51799275354	475034.51799275354	475034.51799275354	475034.51799275354	475034.51799275354	475034.51799275354	475034.51799275354	ok	/home/seunghyun/ycsb/results/chiplet_duckdb_tpch_sf1_single_thread_q21_madracks-mnode5_20260314T231814Z_2017190/runs/duckdb_tpch/chiplet_x4/inst00/run.stdout.log	/home/seunghyun/ycsb/results/chiplet_duckdb_tpch_sf1_single_thread_q21_madracks-mnode5_20260314T231814Z_2017190/runs/duckdb_tpch/chiplet_x4
2026-03-14T23:18:18Z	madracks-mnode5	amd	duckdb_tpch	analytic	per_instance_external	NO_RETIRED_INST_CYCLES	user	chiplet_x4	48	1	1	1	Q21	1	477682.2730200365	477682.2730200365	477682.2730200365	477682.2730200365	477682.2730200365	477682.2730200365	477682.2730200365	477682.2730200365	ok	/home/seunghyun/ycsb/results/chiplet_duckdb_tpch_sf1_single_thread_q21_madracks-mnode5_20260314T231814Z_2017190/runs/duckdb_tpch/chiplet_x4/inst01/run.stdout.log	/home/seunghyun/ycsb/results/chiplet_duckdb_tpch_sf1_single_thread_q21_madracks-mnode5_20260314T231814Z_2017190/runs/duckdb_tpch/chiplet_x4
2026-03-14T23:18:18Z	madracks-mnode5	amd	duckdb_tpch	analytic	per_instance_external	NO_RETIRED_INST_CYCLES	user	chiplet_x4	48	2	2	2	Q21	1	481080.48998983577	481080.48998983577	481080.48998983577	481080.48998983577	481080.48998983577	481080.48998983577	481080.48998983577	481080.48998983577	ok	/home/seunghyun/ycsb/results/chiplet_duckdb_tpch_sf1_single_thread_q21_madracks-mnode5_20260314T231814Z_2017190/runs/duckdb_tpch/chiplet_x4/inst02/run.stdout.log	/home/seunghyun/ycsb/results/chiplet_duckdb_tpch_sf1_single_thread_q21_madracks-mnode5_20260314T231814Z_2017190/runs/duckdb_tpch/chiplet_x4
2026-03-14T23:18:18Z	madracks-mnode5	amd	duckdb_tpch	analytic	per_instance_external	NO_RETIRED_INST_CYCLES	user	chiplet_x4	48	3	3	3	Q21	1	479826.9160091877	479826.9160091877	479826.9160091877	479826.9160091877	479826.9160091877	479826.9160091877	479826.9160091877	479826.9160091877	ok	/home/seunghyun/ycsb/results/chiplet_duckdb_tpch_sf1_single_thread_q21_madracks-mnode5_20260314T231814Z_2017190/runs/duckdb_tpch/chiplet_x4/inst03/run.stdout.log	/home/seunghyun/ycsb/results/chiplet_duckdb_tpch_sf1_single_thread_q21_madracks-mnode5_20260314T231814Z_2017190/runs/duckdb_tpch/chiplet_x4
2026-03-14T23:18:18Z	madracks-mnode5	amd	duckdb_tpch	analytic	per_instance_external	NO_RETIRED_INST_CYCLES	user	chiplet_x4	48	4	7	7	Q21	1	479497.03101767227	479497.03101767227	479497.03101767227	479497.03101767227	479497.03101767227	479497.03101767227	479497.03101767227	479497.03101767227	ok	/home/seunghyun/ycsb/results/chiplet_duckdb_tpch_sf1_single_thread_q21_madracks-mnode5_20260314T231814Z_2017190/runs/duckdb_tpch/chiplet_x4/inst04/run.stdout.log	/home/seunghyun/ycsb/results/chiplet_duckdb_tpch_sf1_single_thread_q21_madracks-mnode5_20260314T231814Z_2017190/runs/duckdb_tpch/chiplet_x4
2026-03-14T23:18:18Z	madracks-mnode5	amd	duckdb_tpch	analytic	per_instance_external	NO_RETIRED_INST_CYCLES	user	chiplet_x4	48	5	8	8	Q21	1	475595.95899656415	475595.95899656415	475595.95899656415	475595.95899656415	475595.95899656415	475595.95899656415	475595.95899656415	475595.95899656415	ok	/home/seunghyun/ycsb/results/chiplet_duckdb_tpch_sf1_single_thread_q21_madracks-mnode5_20260314T231814Z_2017190/runs/duckdb_tpch/chiplet_x4/inst05/run.stdout.log	/home/seunghyun/ycsb/results/chiplet_duckdb_tpch_sf1_single_thread_q21_madracks-mnode5_20260314T231814Z_2017190/runs/duckdb_tpch/chiplet_x4
2026-03-14T23:18:18Z	madracks-mnode5	amd	duckdb_tpch	analytic	per_instance_external	NO_RETIRED_INST_CYCLES	user	chiplet_x4	48	6	9	9	Q21	1	479284.77404639125	479284.77404639125	479284.77404639125	479284.77404639125	479284.77404639125	479284.77404639125	479284.77404639125	479284.77404639125	ok	/home/seunghyun/ycsb/results/chiplet_duckdb_tpch_sf1_single_thread_q21_madracks-mnode5_20260314T231814Z_2017190/runs/duckdb_tpch/chiplet_x4/inst06/run.stdout.log	/home/seunghyun/ycsb/results/chiplet_duckdb_tpch_sf1_single_thread_q21_madracks-mnode5_20260314T231814Z_2017190/runs/duckdb_tpch/chiplet_x4
2026-03-14T23:18:18Z	madracks-mnode5	amd	duckdb_tpch	analytic	per_instance_external	NO_RETIRED_INST_CYCLES	user	chiplet_x4	48	7	10	10	Q21	1	479297.96297103167	479297.96297103167	479297.96297103167	479297.96297103167	479297.96297103167	479297.96297103167	479297.96297103167	479297.96297103167	ok	/home/seunghyun/ycsb/results/chiplet_duckdb_tpch_sf1_single_thread_q21_madracks-mnode5_20260314T231814Z_2017190/runs/duckdb_tpch/chiplet_x4/inst07/run.stdout.log	/home/seunghyun/ycsb/results/chiplet_duckdb_tpch_sf1_single_thread_q21_madracks-mnode5_20260314T231814Z_2017190/runs/duckdb_tpch/chiplet_x4
2026-03-14T23:18:18Z	madracks-mnode5	amd	duckdb_tpch	analytic	per_instance_external	NO_RETIRED_INST_CYCLES	user	chiplet_x4	48	8	14	14	Q21	1	480307.33002815396	480307.33002815396	480307.33002815396	480307.33002815396	480307.33002815396	480307.33002815396	480307.33002815396	480307.33002815396	ok	/home/seunghyun/ycsb/results/chiplet_duckdb_tpch_sf1_single_thread_q21_madracks-mnode5_20260314T231814Z_2017190/runs/duckdb_tpch/chiplet_x4/inst08/run.stdout.log	/home/seunghyun/ycsb/results/chiplet_duckdb_tpch_sf1_single_thread_q21_madracks-mnode5_20260314T231814Z_2017190/runs/duckdb_tpch/chiplet_x4
2026-03-14T23:18:18Z	madracks-mnode5	amd	duckdb_tpch	analytic	per_instance_external	NO_RETIRED_INST_CYCLES	user	chiplet_x4	48	9	15	15	Q21	1	482716.06996422634	482716.06996422634	482716.06996422634	482716.06996422634	482716.06996422634	482716.06996422634	482716.06996422634	482716.06996422634	ok	/home/seunghyun/ycsb/results/chiplet_duckdb_tpch_sf1_single_thread_q21_madracks-mnode5_20260314T231814Z_2017190/runs/duckdb_tpch/chiplet_x4/inst09/run.stdout.log	/home/seunghyun/ycsb/results/chiplet_duckdb_tpch_sf1_single_thread_q21_madracks-mnode5_20260314T231814Z_2017190/runs/duckdb_tpch/chiplet_x4
2026-03-14T23:18:18Z	madracks-mnode5	amd	duckdb_tpch	analytic	per_instance_external	NO_RETIRED_INST_CYCLES	user	chiplet_x4	48	10	16	16	Q21	1	484035.6530039571	484035.6530039571	484035.6530039571	484035.6530039571	484035.6530039571	484035.6530039571	484035.6530039571	484035.6530039571	ok	/home/seunghyun/ycsb/results/chiplet_duckdb_tpch_sf1_single_thread_q21_madracks-mnode5_20260314T231814Z_2017190/runs/duckdb_tpch/chiplet_x4/inst10/run.stdout.log	/home/seunghyun/ycsb/results/chiplet_duckdb_tpch_sf1_single_thread_q21_madracks-mnode5_20260314T231814Z_2017190/runs/duckdb_tpch/chiplet_x4
2026-03-14T23:18:18Z	madracks-mnode5	amd	duckdb_tpch	analytic	per_instance_external	NO_RETIRED_INST_CYCLES	user	chiplet_x4	48	11	17	17	Q21	1	479509.4890287146	479509.4890287146	479509.4890287146	479509.4890287146	479509.4890287146	479509.4890287146	479509.4890287146	479509.4890287146	ok	/home/seunghyun/ycsb/results/chiplet_duckdb_tpch_sf1_single_thread_q21_madracks-mnode5_20260314T231814Z_2017190/runs/duckdb_tpch/chiplet_x4/inst11/run.stdout.log	/home/seunghyun/ycsb/results/chiplet_duckdb_tpch_sf1_single_thread_q21_madracks-mnode5_20260314T231814Z_2017190/runs/duckdb_tpch/chiplet_x4
2026-03-14T23:18:18Z	madracks-mnode5	amd	duckdb_tpch	analytic	per_instance_external	NO_RETIRED_INST_CYCLES	user	chiplet_x4	48	12	21	21	Q21	1	476284.4609795138	476284.4609795138	476284.4609795138	476284.4609795138	476284.4609795138	476284.4609795138	476284.4609795138	476284.4609795138	ok	/home/seunghyun/ycsb/results/chiplet_duckdb_tpch_sf1_single_thread_q21_madracks-mnode5_20260314T231814Z_2017190/runs/duckdb_tpch/chiplet_x4/inst12/run.stdout.log	/home/seunghyun/ycsb/results/chiplet_duckdb_tpch_sf1_single_thread_q21_madracks-mnode5_20260314T231814Z_2017190/runs/duckdb_tpch/chiplet_x4
2026-03-14T23:18:18Z	madracks-mnode5	amd	duckdb_tpch	analytic	per_instance_external	NO_RETIRED_INST_CYCLES	user	chiplet_x4	48	13	22	22	Q21	1	476372.1600174904	476372.1600174904	476372.1600174904	476372.1600174904	476372.1600174904	476372.1600174904	476372.1600174904	476372.1600174904	ok	/home/seunghyun/ycsb/results/chiplet_duckdb_tpch_sf1_single_thread_q21_madracks-mnode5_20260314T231814Z_2017190/runs/duckdb_tpch/chiplet_x4/inst13/run.stdout.log	/home/seunghyun/ycsb/results/chiplet_duckdb_tpch_sf1_single_thread_q21_madracks-mnode5_20260314T231814Z_2017190/runs/duckdb_tpch/chiplet_x4
2026-03-14T23:18:18Z	madracks-mnode5	amd	duckdb_tpch	analytic	per_instance_external	NO_RETIRED_INST_CYCLES	user	chiplet_x4	48	14	23	23	Q21	1	478997.1769787371	478997.1769787371	478997.1769787371	478997.1769787371	478997.1769787371	478997.1769787371	478997.1769787371	478997.1769787371	ok	/home/seunghyun/ycsb/results/chiplet_duckdb_tpch_sf1_single_thread_q21_madracks-mnode5_20260314T231814Z_2017190/runs/duckdb_tpch/chiplet_x4/inst14/run.stdout.log	/home/seunghyun/ycsb/results/chiplet_duckdb_tpch_sf1_single_thread_q21_madracks-mnode5_20260314T231814Z_2017190/runs/duckdb_tpch/chiplet_x4
2026-03-14T23:18:18Z	madracks-mnode5	amd	duckdb_tpch	analytic	per_instance_external	NO_RETIRED_INST_CYCLES	user	chiplet_x4	48	15	24	24	Q21	1	479596.269025933	479596.269025933	479596.269025933	479596.269025933	479596.269025933	479596.269025933	479596.269025933	479596.269025933	ok	/home/seunghyun/ycsb/results/chiplet_duckdb_tpch_sf1_single_thread_q21_madracks-mnode5_20260314T231814Z_2017190/runs/duckdb_tpch/chiplet_x4/inst15/run.stdout.log	/home/seunghyun/ycsb/results/chiplet_duckdb_tpch_sf1_single_thread_q21_madracks-mnode5_20260314T231814Z_2017190/runs/duckdb_tpch/chiplet_x4
2026-03-14T23:18:18Z	madracks-mnode5	amd	duckdb_tpch	analytic	per_instance_external	NO_RETIRED_INST_CYCLES	user	chiplet_x4	48	16	28	28	Q21	1	478360.29395693913	478360.29395693913	478360.29395693913	478360.29395693913	478360.29395693913	478360.29395693913	478360.29395693913	478360.29395693913	ok	/home/seunghyun/ycsb/results/chiplet_duckdb_tpch_sf1_single_thread_q21_madracks-mnode5_20260314T231814Z_2017190/runs/duckdb_tpch/chiplet_x4/inst16/run.stdout.log	/home/seunghyun/ycsb/results/chiplet_duckdb_tpch_sf1_single_thread_q21_madracks-mnode5_20260314T231814Z_2017190/runs/duckdb_tpch/chiplet_x4
2026-03-14T23:18:18Z	madracks-mnode5	amd	duckdb_tpch	analytic	per_instance_external	NO_RETIRED_INST_CYCLES	user	chiplet_x4	48	17	29	29	Q21	1	482646.87001938	482646.87001938	482646.87001938	482646.87001938	482646.87001938	482646.87001938	482646.87001938	482646.87001938	ok	/home/seunghyun/ycsb/results/chiplet_duckdb_tpch_sf1_single_thread_q21_madracks-mnode5_20260314T231814Z_2017190/runs/duckdb_tpch/chiplet_x4/inst17/run.stdout.log	/home/seunghyun/ycsb/results/chiplet_duckdb_tpch_sf1_single_thread_q21_madracks-mnode5_20260314T231814Z_2017190/runs/duckdb_tpch/chiplet_x4
2026-03-14T23:18:18Z	madracks-mnode5	amd	duckdb_tpch	analytic	per_instance_external	NO_RETIRED_INST_CYCLES	user	chiplet_x4	48	18	30	30	Q21	1	481194.9979630299	481194.9979630299	481194.9979630299	481194.9979630299	481194.9979630299	481194.9979630299	481194.9979630299	481194.9979630299	ok	/home/seunghyun/ycsb/results/chiplet_duckdb_tpch_sf1_single_thread_q21_madracks-mnode5_20260314T231814Z_2017190/runs/duckdb_tpch/chiplet_x4/inst18/run.stdout.log	/home/seunghyun/ycsb/results/chiplet_duckdb_tpch_sf1_single_thread_q21_madracks-mnode5_20260314T231814Z_2017190/runs/duckdb_tpch/chiplet_x4
2026-03-14T23:18:18Z	madracks-mnode5	amd	duckdb_tpch	analytic	per_instance_external	NO_RETIRED_INST_CYCLES	user	chiplet_x4	48	19	31	31	Q21	1	482521.06201834977	482521.06201834977	482521.06201834977	482521.06201834977	482521.06201834977	482521.06201834977	482521.06201834977	482521.06201834977	ok	/home/seunghyun/ycsb/results/chiplet_duckdb_tpch_sf1_single_thread_q21_madracks-mnode5_20260314T231814Z_2017190/runs/duckdb_tpch/chiplet_x4/inst19/run.stdout.log	/home/seunghyun/ycsb/results/chiplet_duckdb_tpch_sf1_single_thread_q21_madracks-mnode5_20260314T231814Z_2017190/runs/duckdb_tpch/chiplet_x4
2026-03-14T23:18:18Z	madracks-mnode5	amd	duckdb_tpch	analytic	per_instance_external	NO_RETIRED_INST_CYCLES	user	chiplet_x4	48	20	35	35	Q21	1	478684.3809997663	478684.3809997663	478684.3809997663	478684.3809997663	478684.3809997663	478684.3809997663	478684.3809997663	478684.3809997663	ok	/home/seunghyun/ycsb/results/chiplet_duckdb_tpch_sf1_single_thread_q21_madracks-mnode5_20260314T231814Z_2017190/runs/duckdb_tpch/chiplet_x4/inst20/run.stdout.log	/home/seunghyun/ycsb/results/chiplet_duckdb_tpch_sf1_single_thread_q21_madracks-mnode5_20260314T231814Z_2017190/runs/duckdb_tpch/chiplet_x4
2026-03-14T23:18:18Z	madracks-mnode5	amd	duckdb_tpch	analytic	per_instance_external	NO_RETIRED_INST_CYCLES	user	chiplet_x4	48	21	36	36	Q21	1	476500.8789836429	476500.8789836429	476500.8789836429	476500.8789836429	476500.8789836429	476500.8789836429	476500.8789836429	476500.8789836429	ok	/home/seunghyun/ycsb/results/chiplet_duckdb_tpch_sf1_single_thread_q21_madracks-mnode5_20260314T231814Z_2017190/runs/duckdb_tpch/chiplet_x4/inst21/run.stdout.log	/home/seunghyun/ycsb/results/chiplet_duckdb_tpch_sf1_single_thread_q21_madracks-mnode5_20260314T231814Z_2017190/runs/duckdb_tpch/chiplet_x4
2026-03-14T23:18:18Z	madracks-mnode5	amd	duckdb_tpch	analytic	per_instance_external	NO_RETIRED_INST_CYCLES	user	chiplet_x4	48	22	37	37	Q21	1	477712.18296838924	477712.18296838924	477712.18296838924	477712.18296838924	477712.18296838924	477712.18296838924	477712.18296838924	477712.18296838924	ok	/home/seunghyun/ycsb/results/chiplet_duckdb_tpch_sf1_single_thread_q21_madracks-mnode5_20260314T231814Z_2017190/runs/duckdb_tpch/chiplet_x4/inst22/run.stdout.log	/home/seunghyun/ycsb/results/chiplet_duckdb_tpch_sf1_single_thread_q21_madracks-mnode5_20260314T231814Z_2017190/runs/duckdb_tpch/chiplet_x4
2026-03-14T23:18:18Z	madracks-mnode5	amd	duckdb_tpch	analytic	per_instance_external	NO_RETIRED_INST_CYCLES	user	chiplet_x4	48	23	38	38	Q21	1	481689.05201600865	481689.05201600865	481689.05201600865	481689.05201600865	481689.05201600865	481689.05201600865	481689.05201600865	481689.05201600865	ok	/home/seunghyun/ycsb/results/chiplet_duckdb_tpch_sf1_single_thread_q21_madracks-mnode5_20260314T231814Z_2017190/runs/duckdb_tpch/chiplet_x4/inst23/run.stdout.log	/home/seunghyun/ycsb/results/chiplet_duckdb_tpch_sf1_single_thread_q21_madracks-mnode5_20260314T231814Z_2017190/runs/duckdb_tpch/chiplet_x4
2026-03-14T23:18:18Z	madracks-mnode5	amd	duckdb_tpch	analytic	per_instance_external	NO_RETIRED_INST_CYCLES	user	chiplet_x4	48	24	42	42	Q21	1	475584.5810286701	475584.5810286701	475584.5810286701	475584.5810286701	475584.5810286701	475584.5810286701	475584.5810286701	475584.5810286701	ok	/home/seunghyun/ycsb/results/chiplet_duckdb_tpch_sf1_single_thread_q21_madracks-mnode5_20260314T231814Z_2017190/runs/duckdb_tpch/chiplet_x4/inst24/run.stdout.log	/home/seunghyun/ycsb/results/chiplet_duckdb_tpch_sf1_single_thread_q21_madracks-mnode5_20260314T231814Z_2017190/runs/duckdb_tpch/chiplet_x4
2026-03-14T23:18:18Z	madracks-mnode5	amd	duckdb_tpch	analytic	per_instance_external	NO_RETIRED_INST_CYCLES	user	chiplet_x4	48	25	43	43	Q21	1	474692.69199064	474692.69199064	474692.69199064	474692.69199064	474692.69199064	474692.69199064	474692.69199064	474692.69199064	ok	/home/seunghyun/ycsb/results/chiplet_duckdb_tpch_sf1_single_thread_q21_madracks-mnode5_20260314T231814Z_2017190/runs/duckdb_tpch/chiplet_x4/inst25/run.stdout.log	/home/seunghyun/ycsb/results/chiplet_duckdb_tpch_sf1_single_thread_q21_madracks-mnode5_20260314T231814Z_2017190/runs/duckdb_tpch/chiplet_x4
2026-03-14T23:18:18Z	madracks-mnode5	amd	duckdb_tpch	analytic	per_instance_external	NO_RETIRED_INST_CYCLES	user	chiplet_x4	48	26	44	44	Q21	1	476870.9230120294	476870.9230120294	476870.9230120294	476870.9230120294	476870.9230120294	476870.9230120294	476870.9230120294	476870.9230120294	ok	/home/seunghyun/ycsb/results/chiplet_duckdb_tpch_sf1_single_thread_q21_madracks-mnode5_20260314T231814Z_2017190/runs/duckdb_tpch/chiplet_x4/inst26/run.stdout.log	/home/seunghyun/ycsb/results/chiplet_duckdb_tpch_sf1_single_thread_q21_madracks-mnode5_20260314T231814Z_2017190/runs/duckdb_tpch/chiplet_x4
2026-03-14T23:18:18Z	madracks-mnode5	amd	duckdb_tpch	analytic	per_instance_external	NO_RETIRED_INST_CYCLES	user	chiplet_x4	48	27	45	45	Q21	1	478561.44298566505	478561.44298566505	478561.44298566505	478561.44298566505	478561.44298566505	478561.44298566505	478561.44298566505	478561.44298566505	ok	/home/seunghyun/ycsb/results/chiplet_duckdb_tpch_sf1_single_thread_q21_madracks-mnode5_20260314T231814Z_2017190/runs/duckdb_tpch/chiplet_x4/inst27/run.stdout.log	/home/seunghyun/ycsb/results/chiplet_duckdb_tpch_sf1_single_thread_q21_madracks-mnode5_20260314T231814Z_2017190/runs/duckdb_tpch/chiplet_x4
2026-03-14T23:18:18Z	madracks-mnode5	amd	duckdb_tpch	analytic	per_instance_external	NO_RETIRED_INST_CYCLES	user	chiplet_x4	48	28	49	49	Q21	1	472293.2929871604	472293.2929871604	472293.2929871604	472293.2929871604	472293.2929871604	472293.2929871604	472293.2929871604	472293.2929871604	ok	/home/seunghyun/ycsb/results/chiplet_duckdb_tpch_sf1_single_thread_q21_madracks-mnode5_20260314T231814Z_2017190/runs/duckdb_tpch/chiplet_x4/inst28/run.stdout.log	/home/seunghyun/ycsb/results/chiplet_duckdb_tpch_sf1_single_thread_q21_madracks-mnode5_20260314T231814Z_2017190/runs/duckdb_tpch/chiplet_x4
2026-03-14T23:18:18Z	madracks-mnode5	amd	duckdb_tpch	analytic	per_instance_external	NO_RETIRED_INST_CYCLES	user	chiplet_x4	48	29	50	50	Q21	1	472129.8749791458	472129.8749791458	472129.8749791458	472129.8749791458	472129.8749791458	472129.8749791458	472129.8749791458	472129.8749791458	ok	/home/seunghyun/ycsb/results/chiplet_duckdb_tpch_sf1_single_thread_q21_madracks-mnode5_20260314T231814Z_2017190/runs/duckdb_tpch/chiplet_x4/inst29/run.stdout.log	/home/seunghyun/ycsb/results/chiplet_duckdb_tpch_sf1_single_thread_q21_madracks-mnode5_20260314T231814Z_2017190/runs/duckdb_tpch/chiplet_x4
2026-03-14T23:18:18Z	madracks-mnode5	amd	duckdb_tpch	analytic	per_instance_external	NO_RETIRED_INST_CYCLES	user	chiplet_x4	48	30	51	51	Q21	1	475978.625996504	475978.625996504	475978.625996504	475978.625996504	475978.625996504	475978.625996504	475978.625996504	475978.625996504	ok	/home/seunghyun/ycsb/results/chiplet_duckdb_tpch_sf1_single_thread_q21_madracks-mnode5_20260314T231814Z_2017190/runs/duckdb_tpch/chiplet_x4/inst30/run.stdout.log	/home/seunghyun/ycsb/results/chiplet_duckdb_tpch_sf1_single_thread_q21_madracks-mnode5_20260314T231814Z_2017190/runs/duckdb_tpch/chiplet_x4
2026-03-14T23:18:18Z	madracks-mnode5	amd	duckdb_tpch	analytic	per_instance_external	NO_RETIRED_INST_CYCLES	user	chiplet_x4	48	31	52	52	Q21	1	476047.76499792933	476047.76499792933	476047.76499792933	476047.76499792933	476047.76499792933	476047.76499792933	476047.76499792933	476047.76499792933	ok	/home/seunghyun/ycsb/results/chiplet_duckdb_tpch_sf1_single_thread_q21_madracks-mnode5_20260314T231814Z_2017190/runs/duckdb_tpch/chiplet_x4/inst31/run.stdout.log	/home/seunghyun/ycsb/results/chiplet_duckdb_tpch_sf1_single_thread_q21_madracks-mnode5_20260314T231814Z_2017190/runs/duckdb_tpch/chiplet_x4
2026-03-14T23:18:18Z	madracks-mnode5	amd	duckdb_tpch	analytic	per_instance_external	NO_RETIRED_INST_CYCLES	user	chiplet_x4	48	32	56	56	Q21	1	471665.29000969604	471665.29000969604	471665.29000969604	471665.29000969604	471665.29000969604	471665.29000969604	471665.29000969604	471665.29000969604	ok	/home/seunghyun/ycsb/results/chiplet_duckdb_tpch_sf1_single_thread_q21_madracks-mnode5_20260314T231814Z_2017190/runs/duckdb_tpch/chiplet_x4/inst32/run.stdout.log	/home/seunghyun/ycsb/results/chiplet_duckdb_tpch_sf1_single_thread_q21_madracks-mnode5_20260314T231814Z_2017190/runs/duckdb_tpch/chiplet_x4
2026-03-14T23:18:18Z	madracks-mnode5	amd	duckdb_tpch	analytic	per_instance_external	NO_RETIRED_INST_CYCLES	user	chiplet_x4	48	33	57	57	Q21	1	471261.48600364104	471261.48600364104	471261.48600364104	471261.48600364104	471261.48600364104	471261.48600364104	471261.48600364104	471261.48600364104	ok	/home/seunghyun/ycsb/results/chiplet_duckdb_tpch_sf1_single_thread_q21_madracks-mnode5_20260314T231814Z_2017190/runs/duckdb_tpch/chiplet_x4/inst33/run.stdout.log	/home/seunghyun/ycsb/results/chiplet_duckdb_tpch_sf1_single_thread_q21_madracks-mnode5_20260314T231814Z_2017190/runs/duckdb_tpch/chiplet_x4
2026-03-14T23:18:18Z	madracks-mnode5	amd	duckdb_tpch	analytic	per_instance_external	NO_RETIRED_INST_CYCLES	user	chiplet_x4	48	34	58	58	Q21	1	470992.81899863854	470992.81899863854	470992.81899863854	470992.81899863854	470992.81899863854	470992.81899863854	470992.81899863854	470992.81899863854	ok	/home/seunghyun/ycsb/results/chiplet_duckdb_tpch_sf1_single_thread_q21_madracks-mnode5_20260314T231814Z_2017190/runs/duckdb_tpch/chiplet_x4/inst34/run.stdout.log	/home/seunghyun/ycsb/results/chiplet_duckdb_tpch_sf1_single_thread_q21_madracks-mnode5_20260314T231814Z_2017190/runs/duckdb_tpch/chiplet_x4
2026-03-14T23:18:18Z	madracks-mnode5	amd	duckdb_tpch	analytic	per_instance_external	NO_RETIRED_INST_CYCLES	user	chiplet_x4	48	35	59	59	Q21	1	469947.8420079686	469947.8420079686	469947.8420079686	469947.8420079686	469947.8420079686	469947.8420079686	469947.8420079686	469947.8420079686	ok	/home/seunghyun/ycsb/results/chiplet_duckdb_tpch_sf1_single_thread_q21_madracks-mnode5_20260314T231814Z_2017190/runs/duckdb_tpch/chiplet_x4/inst35/run.stdout.log	/home/seunghyun/ycsb/results/chiplet_duckdb_tpch_sf1_single_thread_q21_madracks-mnode5_20260314T231814Z_2017190/runs/duckdb_tpch/chiplet_x4
2026-03-14T23:18:18Z	madracks-mnode5	amd	duckdb_tpch	analytic	per_instance_external	NO_RETIRED_INST_CYCLES	user	chiplet_x4	48	36	63	63	Q21	1	472696.89704990014	472696.89704990014	472696.89704990014	472696.89704990014	472696.89704990014	472696.89704990014	472696.89704990014	472696.89704990014	ok	/home/seunghyun/ycsb/results/chiplet_duckdb_tpch_sf1_single_thread_q21_madracks-mnode5_20260314T231814Z_2017190/runs/duckdb_tpch/chiplet_x4/inst36/run.stdout.log	/home/seunghyun/ycsb/results/chiplet_duckdb_tpch_sf1_single_thread_q21_madracks-mnode5_20260314T231814Z_2017190/runs/duckdb_tpch/chiplet_x4
2026-03-14T23:18:18Z	madracks-mnode5	amd	duckdb_tpch	analytic	per_instance_external	NO_RETIRED_INST_CYCLES	user	chiplet_x4	48	37	64	64	Q21	1	470212.4079922214	470212.4079922214	470212.4079922214	470212.4079922214	470212.4079922214	470212.4079922214	470212.4079922214	470212.4079922214	ok	/home/seunghyun/ycsb/results/chiplet_duckdb_tpch_sf1_single_thread_q21_madracks-mnode5_20260314T231814Z_2017190/runs/duckdb_tpch/chiplet_x4/inst37/run.stdout.log	/home/seunghyun/ycsb/results/chiplet_duckdb_tpch_sf1_single_thread_q21_madracks-mnode5_20260314T231814Z_2017190/runs/duckdb_tpch/chiplet_x4
2026-03-14T23:18:18Z	madracks-mnode5	amd	duckdb_tpch	analytic	per_instance_external	NO_RETIRED_INST_CYCLES	user	chiplet_x4	48	38	65	65	Q21	1	468019.2570085637	468019.2570085637	468019.2570085637	468019.2570085637	468019.2570085637	468019.2570085637	468019.2570085637	468019.2570085637	ok	/home/seunghyun/ycsb/results/chiplet_duckdb_tpch_sf1_single_thread_q21_madracks-mnode5_20260314T231814Z_2017190/runs/duckdb_tpch/chiplet_x4/inst38/run.stdout.log	/home/seunghyun/ycsb/results/chiplet_duckdb_tpch_sf1_single_thread_q21_madracks-mnode5_20260314T231814Z_2017190/runs/duckdb_tpch/chiplet_x4
2026-03-14T23:18:18Z	madracks-mnode5	amd	duckdb_tpch	analytic	per_instance_external	NO_RETIRED_INST_CYCLES	user	chiplet_x4	48	39	66	66	Q21	1	476683.157030493	476683.157030493	476683.157030493	476683.157030493	476683.157030493	476683.157030493	476683.157030493	476683.157030493	ok	/home/seunghyun/ycsb/results/chiplet_duckdb_tpch_sf1_single_thread_q21_madracks-mnode5_20260314T231814Z_2017190/runs/duckdb_tpch/chiplet_x4/inst39/run.stdout.log	/home/seunghyun/ycsb/results/chiplet_duckdb_tpch_sf1_single_thread_q21_madracks-mnode5_20260314T231814Z_2017190/runs/duckdb_tpch/chiplet_x4
2026-03-14T23:18:18Z	madracks-mnode5	amd	duckdb_tpch	analytic	per_instance_external	NO_RETIRED_INST_CYCLES	user	chiplet_x4	48	40	70	70	Q21	1	469404.3190102093	469404.3190102093	469404.3190102093	469404.3190102093	469404.3190102093	469404.3190102093	469404.3190102093	469404.3190102093	ok	/home/seunghyun/ycsb/results/chiplet_duckdb_tpch_sf1_single_thread_q21_madracks-mnode5_20260314T231814Z_2017190/runs/duckdb_tpch/chiplet_x4/inst40/run.stdout.log	/home/seunghyun/ycsb/results/chiplet_duckdb_tpch_sf1_single_thread_q21_madracks-mnode5_20260314T231814Z_2017190/runs/duckdb_tpch/chiplet_x4
2026-03-14T23:18:18Z	madracks-mnode5	amd	duckdb_tpch	analytic	per_instance_external	NO_RETIRED_INST_CYCLES	user	chiplet_x4	48	41	71	71	Q21	1	469637.9159577191	469637.9159577191	469637.9159577191	469637.9159577191	469637.9159577191	469637.9159577191	469637.9159577191	469637.9159577191	ok	/home/seunghyun/ycsb/results/chiplet_duckdb_tpch_sf1_single_thread_q21_madracks-mnode5_20260314T231814Z_2017190/runs/duckdb_tpch/chiplet_x4/inst41/run.stdout.log	/home/seunghyun/ycsb/results/chiplet_duckdb_tpch_sf1_single_thread_q21_madracks-mnode5_20260314T231814Z_2017190/runs/duckdb_tpch/chiplet_x4
2026-03-14T23:18:18Z	madracks-mnode5	amd	duckdb_tpch	analytic	per_instance_external	NO_RETIRED_INST_CYCLES	user	chiplet_x4	48	42	72	72	Q21	1	471531.75197308883	471531.75197308883	471531.75197308883	471531.75197308883	471531.75197308883	471531.75197308883	471531.75197308883	471531.75197308883	ok	/home/seunghyun/ycsb/results/chiplet_duckdb_tpch_sf1_single_thread_q21_madracks-mnode5_20260314T231814Z_2017190/runs/duckdb_tpch/chiplet_x4/inst42/run.stdout.log	/home/seunghyun/ycsb/results/chiplet_duckdb_tpch_sf1_single_thread_q21_madracks-mnode5_20260314T231814Z_2017190/runs/duckdb_tpch/chiplet_x4
2026-03-14T23:18:18Z	madracks-mnode5	amd	duckdb_tpch	analytic	per_instance_external	NO_RETIRED_INST_CYCLES	user	chiplet_x4	48	43	73	73	Q21	1	473179.7410058789	473179.7410058789	473179.7410058789	473179.7410058789	473179.7410058789	473179.7410058789	473179.7410058789	473179.7410058789	ok	/home/seunghyun/ycsb/results/chiplet_duckdb_tpch_sf1_single_thread_q21_madracks-mnode5_20260314T231814Z_2017190/runs/duckdb_tpch/chiplet_x4/inst43/run.stdout.log	/home/seunghyun/ycsb/results/chiplet_duckdb_tpch_sf1_single_thread_q21_madracks-mnode5_20260314T231814Z_2017190/runs/duckdb_tpch/chiplet_x4
2026-03-14T23:18:18Z	madracks-mnode5	amd	duckdb_tpch	analytic	per_instance_external	NO_RETIRED_INST_CYCLES	user	chiplet_x4	48	44	77	77	Q21	1	472963.3739916608	472963.3739916608	472963.3739916608	472963.3739916608	472963.3739916608	472963.3739916608	472963.3739916608	472963.3739916608	ok	/home/seunghyun/ycsb/results/chiplet_duckdb_tpch_sf1_single_thread_q21_madracks-mnode5_20260314T231814Z_2017190/runs/duckdb_tpch/chiplet_x4/inst44/run.stdout.log	/home/seunghyun/ycsb/results/chiplet_duckdb_tpch_sf1_single_thread_q21_madracks-mnode5_20260314T231814Z_2017190/runs/duckdb_tpch/chiplet_x4
2026-03-14T23:18:18Z	madracks-mnode5	amd	duckdb_tpch	analytic	per_instance_external	NO_RETIRED_INST_CYCLES	user	chiplet_x4	48	45	78	78	Q21	1	472324.15300095454	472324.15300095454	472324.15300095454	472324.15300095454	472324.15300095454	472324.15300095454	472324.15300095454	472324.15300095454	ok	/home/seunghyun/ycsb/results/chiplet_duckdb_tpch_sf1_single_thread_q21_madracks-mnode5_20260314T231814Z_2017190/runs/duckdb_tpch/chiplet_x4/inst45/run.stdout.log	/home/seunghyun/ycsb/results/chiplet_duckdb_tpch_sf1_single_thread_q21_madracks-mnode5_20260314T231814Z_2017190/runs/duckdb_tpch/chiplet_x4
2026-03-14T23:18:18Z	madracks-mnode5	amd	duckdb_tpch	analytic	per_instance_external	NO_RETIRED_INST_CYCLES	user	chiplet_x4	48	46	79	79	Q21	1	478110.32901518047	478110.32901518047	478110.32901518047	478110.32901518047	478110.32901518047	478110.32901518047	478110.32901518047	478110.32901518047	ok	/home/seunghyun/ycsb/results/chiplet_duckdb_tpch_sf1_single_thread_q21_madracks-mnode5_20260314T231814Z_2017190/runs/duckdb_tpch/chiplet_x4/inst46/run.stdout.log	/home/seunghyun/ycsb/results/chiplet_duckdb_tpch_sf1_single_thread_q21_madracks-mnode5_20260314T231814Z_2017190/runs/duckdb_tpch/chiplet_x4
2026-03-14T23:18:18Z	madracks-mnode5	amd	duckdb_tpch	analytic	per_instance_external	NO_RETIRED_INST_CYCLES	user	chiplet_x4	48	47	80	80	Q21	1	472380.1410291344	472380.1410291344	472380.1410291344	472380.1410291344	472380.1410291344	472380.1410291344	472380.1410291344	472380.1410291344	ok	/home/seunghyun/ycsb/results/chiplet_duckdb_tpch_sf1_single_thread_q21_madracks-mnode5_20260314T231814Z_2017190/runs/duckdb_tpch/chiplet_x4/inst47/run.stdout.log	/home/seunghyun/ycsb/results/chiplet_duckdb_tpch_sf1_single_thread_q21_madracks-mnode5_20260314T231814Z_2017190/runs/duckdb_tpch/chiplet_x4
2026-03-14T23:18:19Z	madracks-mnode5	amd	duckdb_tpch	analytic	per_instance_external	NO_RETIRED_INST_CYCLES	user	chiplet_x5	60	0	0	0	Q21	1	491741.58298410475	491741.58298410475	491741.58298410475	491741.58298410475	491741.58298410475	491741.58298410475	491741.58298410475	491741.58298410475	ok	/home/seunghyun/ycsb/results/chiplet_duckdb_tpch_sf1_single_thread_q21_madracks-mnode5_20260314T231814Z_2017190/runs/duckdb_tpch/chiplet_x5/inst00/run.stdout.log	/home/seunghyun/ycsb/results/chiplet_duckdb_tpch_sf1_single_thread_q21_madracks-mnode5_20260314T231814Z_2017190/runs/duckdb_tpch/chiplet_x5
2026-03-14T23:18:19Z	madracks-mnode5	amd	duckdb_tpch	analytic	per_instance_external	NO_RETIRED_INST_CYCLES	user	chiplet_x5	60	1	1	1	Q21	1	486722.79599122703	486722.79599122703	486722.79599122703	486722.79599122703	486722.79599122703	486722.79599122703	486722.79599122703	486722.79599122703	ok	/home/seunghyun/ycsb/results/chiplet_duckdb_tpch_sf1_single_thread_q21_madracks-mnode5_20260314T231814Z_2017190/runs/duckdb_tpch/chiplet_x5/inst01/run.stdout.log	/home/seunghyun/ycsb/results/chiplet_duckdb_tpch_sf1_single_thread_q21_madracks-mnode5_20260314T231814Z_2017190/runs/duckdb_tpch/chiplet_x5
2026-03-14T23:18:19Z	madracks-mnode5	amd	duckdb_tpch	analytic	per_instance_external	NO_RETIRED_INST_CYCLES	user	chiplet_x5	60	2	2	2	Q21	1	492249.1059987806	492249.1059987806	492249.1059987806	492249.1059987806	492249.1059987806	492249.1059987806	492249.1059987806	492249.1059987806	ok	/home/seunghyun/ycsb/results/chiplet_duckdb_tpch_sf1_single_thread_q21_madracks-mnode5_20260314T231814Z_2017190/runs/duckdb_tpch/chiplet_x5/inst02/run.stdout.log	/home/seunghyun/ycsb/results/chiplet_duckdb_tpch_sf1_single_thread_q21_madracks-mnode5_20260314T231814Z_2017190/runs/duckdb_tpch/chiplet_x5
2026-03-14T23:18:19Z	madracks-mnode5	amd	duckdb_tpch	analytic	per_instance_external	NO_RETIRED_INST_CYCLES	user	chiplet_x5	60	3	3	3	Q21	1	489138.7950046919	489138.7950046919	489138.7950046919	489138.7950046919	489138.7950046919	489138.7950046919	489138.7950046919	489138.7950046919	ok	/home/seunghyun/ycsb/results/chiplet_duckdb_tpch_sf1_single_thread_q21_madracks-mnode5_20260314T231814Z_2017190/runs/duckdb_tpch/chiplet_x5/inst03/run.stdout.log	/home/seunghyun/ycsb/results/chiplet_duckdb_tpch_sf1_single_thread_q21_madracks-mnode5_20260314T231814Z_2017190/runs/duckdb_tpch/chiplet_x5
2026-03-14T23:18:19Z	madracks-mnode5	amd	duckdb_tpch	analytic	per_instance_external	NO_RETIRED_INST_CYCLES	user	chiplet_x5	60	4	4	4	Q21	1	491655.8940312825	491655.8940312825	491655.8940312825	491655.8940312825	491655.8940312825	491655.8940312825	491655.8940312825	491655.8940312825	ok	/home/seunghyun/ycsb/results/chiplet_duckdb_tpch_sf1_single_thread_q21_madracks-mnode5_20260314T231814Z_2017190/runs/duckdb_tpch/chiplet_x5/inst04/run.stdout.log	/home/seunghyun/ycsb/results/chiplet_duckdb_tpch_sf1_single_thread_q21_madracks-mnode5_20260314T231814Z_2017190/runs/duckdb_tpch/chiplet_x5
2026-03-14T23:18:19Z	madracks-mnode5	amd	duckdb_tpch	analytic	per_instance_external	NO_RETIRED_INST_CYCLES	user	chiplet_x5	60	5	7	7	Q21	1	491322.48800015077	491322.48800015077	491322.48800015077	491322.48800015077	491322.48800015077	491322.48800015077	491322.48800015077	491322.48800015077	ok	/home/seunghyun/ycsb/results/chiplet_duckdb_tpch_sf1_single_thread_q21_madracks-mnode5_20260314T231814Z_2017190/runs/duckdb_tpch/chiplet_x5/inst05/run.stdout.log	/home/seunghyun/ycsb/results/chiplet_duckdb_tpch_sf1_single_thread_q21_madracks-mnode5_20260314T231814Z_2017190/runs/duckdb_tpch/chiplet_x5
2026-03-14T23:18:19Z	madracks-mnode5	amd	duckdb_tpch	analytic	per_instance_external	NO_RETIRED_INST_CYCLES	user	chiplet_x5	60	6	8	8	Q21	1	486719.396954868	486719.396954868	486719.396954868	486719.396954868	486719.396954868	486719.396954868	486719.396954868	486719.396954868	ok	/home/seunghyun/ycsb/results/chiplet_duckdb_tpch_sf1_single_thread_q21_madracks-mnode5_20260314T231814Z_2017190/runs/duckdb_tpch/chiplet_x5/inst06/run.stdout.log	/home/seunghyun/ycsb/results/chiplet_duckdb_tpch_sf1_single_thread_q21_madracks-mnode5_20260314T231814Z_2017190/runs/duckdb_tpch/chiplet_x5
2026-03-14T23:18:19Z	madracks-mnode5	amd	duckdb_tpch	analytic	per_instance_external	NO_RETIRED_INST_CYCLES	user	chiplet_x5	60	7	9	9	Q21	1	489298.8530336879	489298.8530336879	489298.8530336879	489298.8530336879	489298.8530336879	489298.8530336879	489298.8530336879	489298.8530336879	ok	/home/seunghyun/ycsb/results/chiplet_duckdb_tpch_sf1_single_thread_q21_madracks-mnode5_20260314T231814Z_2017190/runs/duckdb_tpch/chiplet_x5/inst07/run.stdout.log	/home/seunghyun/ycsb/results/chiplet_duckdb_tpch_sf1_single_thread_q21_madracks-mnode5_20260314T231814Z_2017190/runs/duckdb_tpch/chiplet_x5
2026-03-14T23:18:19Z	madracks-mnode5	amd	duckdb_tpch	analytic	per_instance_external	NO_RETIRED_INST_CYCLES	user	chiplet_x5	60	8	10	10	Q21	1	489309.18297264725	489309.18297264725	489309.18297264725	489309.18297264725	489309.18297264725	489309.18297264725	489309.18297264725	489309.18297264725	ok	/home/seunghyun/ycsb/results/chiplet_duckdb_tpch_sf1_single_thread_q21_madracks-mnode5_20260314T231814Z_2017190/runs/duckdb_tpch/chiplet_x5/inst08/run.stdout.log	/home/seunghyun/ycsb/results/chiplet_duckdb_tpch_sf1_single_thread_q21_madracks-mnode5_20260314T231814Z_2017190/runs/duckdb_tpch/chiplet_x5
2026-03-14T23:18:19Z	madracks-mnode5	amd	duckdb_tpch	analytic	per_instance_external	NO_RETIRED_INST_CYCLES	user	chiplet_x5	60	9	11	11	Q21	1	487334.5789965242	487334.5789965242	487334.5789965242	487334.5789965242	487334.5789965242	487334.5789965242	487334.5789965242	487334.5789965242	ok	/home/seunghyun/ycsb/results/chiplet_duckdb_tpch_sf1_single_thread_q21_madracks-mnode5_20260314T231814Z_2017190/runs/duckdb_tpch/chiplet_x5/inst09/run.stdout.log	/home/seunghyun/ycsb/results/chiplet_duckdb_tpch_sf1_single_thread_q21_madracks-mnode5_20260314T231814Z_2017190/runs/duckdb_tpch/chiplet_x5
2026-03-14T23:18:19Z	madracks-mnode5	amd	duckdb_tpch	analytic	per_instance_external	NO_RETIRED_INST_CYCLES	user	chiplet_x5	60	10	14	14	Q21	1	495922.0899618231	495922.0899618231	495922.0899618231	495922.0899618231	495922.0899618231	495922.0899618231	495922.0899618231	495922.0899618231	ok	/home/seunghyun/ycsb/results/chiplet_duckdb_tpch_sf1_single_thread_q21_madracks-mnode5_20260314T231814Z_2017190/runs/duckdb_tpch/chiplet_x5/inst10/run.stdout.log	/home/seunghyun/ycsb/results/chiplet_duckdb_tpch_sf1_single_thread_q21_madracks-mnode5_20260314T231814Z_2017190/runs/duckdb_tpch/chiplet_x5
2026-03-14T23:18:19Z	madracks-mnode5	amd	duckdb_tpch	analytic	per_instance_external	NO_RETIRED_INST_CYCLES	user	chiplet_x5	60	11	15	15	Q21	1	488256.6759479232	488256.6759479232	488256.6759479232	488256.6759479232	488256.6759479232	488256.6759479232	488256.6759479232	488256.6759479232	ok	/home/seunghyun/ycsb/results/chiplet_duckdb_tpch_sf1_single_thread_q21_madracks-mnode5_20260314T231814Z_2017190/runs/duckdb_tpch/chiplet_x5/inst11/run.stdout.log	/home/seunghyun/ycsb/results/chiplet_duckdb_tpch_sf1_single_thread_q21_madracks-mnode5_20260314T231814Z_2017190/runs/duckdb_tpch/chiplet_x5
2026-03-14T23:18:19Z	madracks-mnode5	amd	duckdb_tpch	analytic	per_instance_external	NO_RETIRED_INST_CYCLES	user	chiplet_x5	60	12	16	16	Q21	1	494207.2610137984	494207.2610137984	494207.2610137984	494207.2610137984	494207.2610137984	494207.2610137984	494207.2610137984	494207.2610137984	ok	/home/seunghyun/ycsb/results/chiplet_duckdb_tpch_sf1_single_thread_q21_madracks-mnode5_20260314T231814Z_2017190/runs/duckdb_tpch/chiplet_x5/inst12/run.stdout.log	/home/seunghyun/ycsb/results/chiplet_duckdb_tpch_sf1_single_thread_q21_madracks-mnode5_20260314T231814Z_2017190/runs/duckdb_tpch/chiplet_x5
2026-03-14T23:18:19Z	madracks-mnode5	amd	duckdb_tpch	analytic	per_instance_external	NO_RETIRED_INST_CYCLES	user	chiplet_x5	60	13	17	17	Q21	1	494107.931968756	494107.931968756	494107.931968756	494107.931968756	494107.931968756	494107.931968756	494107.931968756	494107.931968756	ok	/home/seunghyun/ycsb/results/chiplet_duckdb_tpch_sf1_single_thread_q21_madracks-mnode5_20260314T231814Z_2017190/runs/duckdb_tpch/chiplet_x5/inst13/run.stdout.log	/home/seunghyun/ycsb/results/chiplet_duckdb_tpch_sf1_single_thread_q21_madracks-mnode5_20260314T231814Z_2017190/runs/duckdb_tpch/chiplet_x5
2026-03-14T23:18:19Z	madracks-mnode5	amd	duckdb_tpch	analytic	per_instance_external	NO_RETIRED_INST_CYCLES	user	chiplet_x5	60	14	18	18	Q21	1	493501.6399831511	493501.6399831511	493501.6399831511	493501.6399831511	493501.6399831511	493501.6399831511	493501.6399831511	493501.6399831511	ok	/home/seunghyun/ycsb/results/chiplet_duckdb_tpch_sf1_single_thread_q21_madracks-mnode5_20260314T231814Z_2017190/runs/duckdb_tpch/chiplet_x5/inst14/run.stdout.log	/home/seunghyun/ycsb/results/chiplet_duckdb_tpch_sf1_single_thread_q21_madracks-mnode5_20260314T231814Z_2017190/runs/duckdb_tpch/chiplet_x5
2026-03-14T23:18:19Z	madracks-mnode5	amd	duckdb_tpch	analytic	per_instance_external	NO_RETIRED_INST_CYCLES	user	chiplet_x5	60	15	21	21	Q21	1	487607.9160021618	487607.9160021618	487607.9160021618	487607.9160021618	487607.9160021618	487607.9160021618	487607.9160021618	487607.9160021618	ok	/home/seunghyun/ycsb/results/chiplet_duckdb_tpch_sf1_single_thread_q21_madracks-mnode5_20260314T231814Z_2017190/runs/duckdb_tpch/chiplet_x5/inst15/run.stdout.log	/home/seunghyun/ycsb/results/chiplet_duckdb_tpch_sf1_single_thread_q21_madracks-mnode5_20260314T231814Z_2017190/runs/duckdb_tpch/chiplet_x5
2026-03-14T23:18:19Z	madracks-mnode5	amd	duckdb_tpch	analytic	per_instance_external	NO_RETIRED_INST_CYCLES	user	chiplet_x5	60	16	22	22	Q21	1	488756.4009986818	488756.4009986818	488756.4009986818	488756.4009986818	488756.4009986818	488756.4009986818	488756.4009986818	488756.4009986818	ok	/home/seunghyun/ycsb/results/chiplet_duckdb_tpch_sf1_single_thread_q21_madracks-mnode5_20260314T231814Z_2017190/runs/duckdb_tpch/chiplet_x5/inst16/run.stdout.log	/home/seunghyun/ycsb/results/chiplet_duckdb_tpch_sf1_single_thread_q21_madracks-mnode5_20260314T231814Z_2017190/runs/duckdb_tpch/chiplet_x5
2026-03-14T23:18:19Z	madracks-mnode5	amd	duckdb_tpch	analytic	per_instance_external	NO_RETIRED_INST_CYCLES	user	chiplet_x5	60	17	23	23	Q21	1	488791.4899736643	488791.4899736643	488791.4899736643	488791.4899736643	488791.4899736643	488791.4899736643	488791.4899736643	488791.4899736643	ok	/home/seunghyun/ycsb/results/chiplet_duckdb_tpch_sf1_single_thread_q21_madracks-mnode5_20260314T231814Z_2017190/runs/duckdb_tpch/chiplet_x5/inst17/run.stdout.log	/home/seunghyun/ycsb/results/chiplet_duckdb_tpch_sf1_single_thread_q21_madracks-mnode5_20260314T231814Z_2017190/runs/duckdb_tpch/chiplet_x5
2026-03-14T23:18:19Z	madracks-mnode5	amd	duckdb_tpch	analytic	per_instance_external	NO_RETIRED_INST_CYCLES	user	chiplet_x5	60	18	24	24	Q21	1	489561.0300009139	489561.0300009139	489561.0300009139	489561.0300009139	489561.0300009139	489561.0300009139	489561.0300009139	489561.0300009139	ok	/home/seunghyun/ycsb/results/chiplet_duckdb_tpch_sf1_single_thread_q21_madracks-mnode5_20260314T231814Z_2017190/runs/duckdb_tpch/chiplet_x5/inst18/run.stdout.log	/home/seunghyun/ycsb/results/chiplet_duckdb_tpch_sf1_single_thread_q21_madracks-mnode5_20260314T231814Z_2017190/runs/duckdb_tpch/chiplet_x5
2026-03-14T23:18:19Z	madracks-mnode5	amd	duckdb_tpch	analytic	per_instance_external	NO_RETIRED_INST_CYCLES	user	chiplet_x5	60	19	25	25	Q21	1	491250.4489766434	491250.4489766434	491250.4489766434	491250.4489766434	491250.4489766434	491250.4489766434	491250.4489766434	491250.4489766434	ok	/home/seunghyun/ycsb/results/chiplet_duckdb_tpch_sf1_single_thread_q21_madracks-mnode5_20260314T231814Z_2017190/runs/duckdb_tpch/chiplet_x5/inst19/run.stdout.log	/home/seunghyun/ycsb/results/chiplet_duckdb_tpch_sf1_single_thread_q21_madracks-mnode5_20260314T231814Z_2017190/runs/duckdb_tpch/chiplet_x5
2026-03-14T23:18:19Z	madracks-mnode5	amd	duckdb_tpch	analytic	per_instance_external	NO_RETIRED_INST_CYCLES	user	chiplet_x5	60	20	28	28	Q21	1	489804.3069988489	489804.3069988489	489804.3069988489	489804.3069988489	489804.3069988489	489804.3069988489	489804.3069988489	489804.3069988489	ok	/home/seunghyun/ycsb/results/chiplet_duckdb_tpch_sf1_single_thread_q21_madracks-mnode5_20260314T231814Z_2017190/runs/duckdb_tpch/chiplet_x5/inst20/run.stdout.log	/home/seunghyun/ycsb/results/chiplet_duckdb_tpch_sf1_single_thread_q21_madracks-mnode5_20260314T231814Z_2017190/runs/duckdb_tpch/chiplet_x5
2026-03-14T23:18:19Z	madracks-mnode5	amd	duckdb_tpch	analytic	per_instance_external	NO_RETIRED_INST_CYCLES	user	chiplet_x5	60	21	29	29	Q21	1	486678.337038029	486678.337038029	486678.337038029	486678.337038029	486678.337038029	486678.337038029	486678.337038029	486678.337038029	ok	/home/seunghyun/ycsb/results/chiplet_duckdb_tpch_sf1_single_thread_q21_madracks-mnode5_20260314T231814Z_2017190/runs/duckdb_tpch/chiplet_x5/inst21/run.stdout.log	/home/seunghyun/ycsb/results/chiplet_duckdb_tpch_sf1_single_thread_q21_madracks-mnode5_20260314T231814Z_2017190/runs/duckdb_tpch/chiplet_x5
2026-03-14T23:18:19Z	madracks-mnode5	amd	duckdb_tpch	analytic	per_instance_external	NO_RETIRED_INST_CYCLES	user	chiplet_x5	60	22	30	30	Q21	1	489124.2750454694	489124.2750454694	489124.2750454694	489124.2750454694	489124.2750454694	489124.2750454694	489124.2750454694	489124.2750454694	ok	/home/seunghyun/ycsb/results/chiplet_duckdb_tpch_sf1_single_thread_q21_madracks-mnode5_20260314T231814Z_2017190/runs/duckdb_tpch/chiplet_x5/inst22/run.stdout.log	/home/seunghyun/ycsb/results/chiplet_duckdb_tpch_sf1_single_thread_q21_madracks-mnode5_20260314T231814Z_2017190/runs/duckdb_tpch/chiplet_x5
2026-03-14T23:18:19Z	madracks-mnode5	amd	duckdb_tpch	analytic	per_instance_external	NO_RETIRED_INST_CYCLES	user	chiplet_x5	60	23	31	31	Q21	1	490927.17200983316	490927.17200983316	490927.17200983316	490927.17200983316	490927.17200983316	490927.17200983316	490927.17200983316	490927.17200983316	ok	/home/seunghyun/ycsb/results/chiplet_duckdb_tpch_sf1_single_thread_q21_madracks-mnode5_20260314T231814Z_2017190/runs/duckdb_tpch/chiplet_x5/inst23/run.stdout.log	/home/seunghyun/ycsb/results/chiplet_duckdb_tpch_sf1_single_thread_q21_madracks-mnode5_20260314T231814Z_2017190/runs/duckdb_tpch/chiplet_x5
2026-03-14T23:18:19Z	madracks-mnode5	amd	duckdb_tpch	analytic	per_instance_external	NO_RETIRED_INST_CYCLES	user	chiplet_x5	60	24	32	32	Q21	1	484251.077985391	484251.077985391	484251.077985391	484251.077985391	484251.077985391	484251.077985391	484251.077985391	484251.077985391	ok	/home/seunghyun/ycsb/results/chiplet_duckdb_tpch_sf1_single_thread_q21_madracks-mnode5_20260314T231814Z_2017190/runs/duckdb_tpch/chiplet_x5/inst24/run.stdout.log	/home/seunghyun/ycsb/results/chiplet_duckdb_tpch_sf1_single_thread_q21_madracks-mnode5_20260314T231814Z_2017190/runs/duckdb_tpch/chiplet_x5
2026-03-14T23:18:19Z	madracks-mnode5	amd	duckdb_tpch	analytic	per_instance_external	NO_RETIRED_INST_CYCLES	user	chiplet_x5	60	25	35	35	Q21	1	492775.71897255257	492775.71897255257	492775.71897255257	492775.71897255257	492775.71897255257	492775.71897255257	492775.71897255257	492775.71897255257	ok	/home/seunghyun/ycsb/results/chiplet_duckdb_tpch_sf1_single_thread_q21_madracks-mnode5_20260314T231814Z_2017190/runs/duckdb_tpch/chiplet_x5/inst25/run.stdout.log	/home/seunghyun/ycsb/results/chiplet_duckdb_tpch_sf1_single_thread_q21_madracks-mnode5_20260314T231814Z_2017190/runs/duckdb_tpch/chiplet_x5
2026-03-14T23:18:19Z	madracks-mnode5	amd	duckdb_tpch	analytic	per_instance_external	NO_RETIRED_INST_CYCLES	user	chiplet_x5	60	26	36	36	Q21	1	490965.6420350075	490965.6420350075	490965.6420350075	490965.6420350075	490965.6420350075	490965.6420350075	490965.6420350075	490965.6420350075	ok	/home/seunghyun/ycsb/results/chiplet_duckdb_tpch_sf1_single_thread_q21_madracks-mnode5_20260314T231814Z_2017190/runs/duckdb_tpch/chiplet_x5/inst26/run.stdout.log	/home/seunghyun/ycsb/results/chiplet_duckdb_tpch_sf1_single_thread_q21_madracks-mnode5_20260314T231814Z_2017190/runs/duckdb_tpch/chiplet_x5
2026-03-14T23:18:19Z	madracks-mnode5	amd	duckdb_tpch	analytic	per_instance_external	NO_RETIRED_INST_CYCLES	user	chiplet_x5	60	27	37	37	Q21	1	493812.9759975709	493812.9759975709	493812.9759975709	493812.9759975709	493812.9759975709	493812.9759975709	493812.9759975709	493812.9759975709	ok	/home/seunghyun/ycsb/results/chiplet_duckdb_tpch_sf1_single_thread_q21_madracks-mnode5_20260314T231814Z_2017190/runs/duckdb_tpch/chiplet_x5/inst27/run.stdout.log	/home/seunghyun/ycsb/results/chiplet_duckdb_tpch_sf1_single_thread_q21_madracks-mnode5_20260314T231814Z_2017190/runs/duckdb_tpch/chiplet_x5
2026-03-14T23:18:19Z	madracks-mnode5	amd	duckdb_tpch	analytic	per_instance_external	NO_RETIRED_INST_CYCLES	user	chiplet_x5	60	28	38	38	Q21	1	493131.6840229556	493131.6840229556	493131.6840229556	493131.6840229556	493131.6840229556	493131.6840229556	493131.6840229556	493131.6840229556	ok	/home/seunghyun/ycsb/results/chiplet_duckdb_tpch_sf1_single_thread_q21_madracks-mnode5_20260314T231814Z_2017190/runs/duckdb_tpch/chiplet_x5/inst28/run.stdout.log	/home/seunghyun/ycsb/results/chiplet_duckdb_tpch_sf1_single_thread_q21_madracks-mnode5_20260314T231814Z_2017190/runs/duckdb_tpch/chiplet_x5
2026-03-14T23:18:19Z	madracks-mnode5	amd	duckdb_tpch	analytic	per_instance_external	NO_RETIRED_INST_CYCLES	user	chiplet_x5	60	29	39	39	Q21	1	493873.22599068284	493873.22599068284	493873.22599068284	493873.22599068284	493873.22599068284	493873.22599068284	493873.22599068284	493873.22599068284	ok	/home/seunghyun/ycsb/results/chiplet_duckdb_tpch_sf1_single_thread_q21_madracks-mnode5_20260314T231814Z_2017190/runs/duckdb_tpch/chiplet_x5/inst29/run.stdout.log	/home/seunghyun/ycsb/results/chiplet_duckdb_tpch_sf1_single_thread_q21_madracks-mnode5_20260314T231814Z_2017190/runs/duckdb_tpch/chiplet_x5
2026-03-14T23:18:19Z	madracks-mnode5	amd	duckdb_tpch	analytic	per_instance_external	NO_RETIRED_INST_CYCLES	user	chiplet_x5	60	30	42	42	Q21	1	487708.03300431	487708.03300431	487708.03300431	487708.03300431	487708.03300431	487708.03300431	487708.03300431	487708.03300431	ok	/home/seunghyun/ycsb/results/chiplet_duckdb_tpch_sf1_single_thread_q21_madracks-mnode5_20260314T231814Z_2017190/runs/duckdb_tpch/chiplet_x5/inst30/run.stdout.log	/home/seunghyun/ycsb/results/chiplet_duckdb_tpch_sf1_single_thread_q21_madracks-mnode5_20260314T231814Z_2017190/runs/duckdb_tpch/chiplet_x5
2026-03-14T23:18:19Z	madracks-mnode5	amd	duckdb_tpch	analytic	per_instance_external	NO_RETIRED_INST_CYCLES	user	chiplet_x5	60	31	43	43	Q21	1	488760.5599942617	488760.5599942617	488760.5599942617	488760.5599942617	488760.5599942617	488760.5599942617	488760.5599942617	488760.5599942617	ok	/home/seunghyun/ycsb/results/chiplet_duckdb_tpch_sf1_single_thread_q21_madracks-mnode5_20260314T231814Z_2017190/runs/duckdb_tpch/chiplet_x5/inst31/run.stdout.log	/home/seunghyun/ycsb/results/chiplet_duckdb_tpch_sf1_single_thread_q21_madracks-mnode5_20260314T231814Z_2017190/runs/duckdb_tpch/chiplet_x5
2026-03-14T23:18:19Z	madracks-mnode5	amd	duckdb_tpch	analytic	per_instance_external	NO_RETIRED_INST_CYCLES	user	chiplet_x5	60	32	44	44	Q21	1	495363.0469972268	495363.0469972268	495363.0469972268	495363.0469972268	495363.0469972268	495363.0469972268	495363.0469972268	495363.0469972268	ok	/home/seunghyun/ycsb/results/chiplet_duckdb_tpch_sf1_single_thread_q21_madracks-mnode5_20260314T231814Z_2017190/runs/duckdb_tpch/chiplet_x5/inst32/run.stdout.log	/home/seunghyun/ycsb/results/chiplet_duckdb_tpch_sf1_single_thread_q21_madracks-mnode5_20260314T231814Z_2017190/runs/duckdb_tpch/chiplet_x5
2026-03-14T23:18:19Z	madracks-mnode5	amd	duckdb_tpch	analytic	per_instance_external	NO_RETIRED_INST_CYCLES	user	chiplet_x5	60	33	45	45	Q21	1	493230.4440299049	493230.4440299049	493230.4440299049	493230.4440299049	493230.4440299049	493230.4440299049	493230.4440299049	493230.4440299049	ok	/home/seunghyun/ycsb/results/chiplet_duckdb_tpch_sf1_single_thread_q21_madracks-mnode5_20260314T231814Z_2017190/runs/duckdb_tpch/chiplet_x5/inst33/run.stdout.log	/home/seunghyun/ycsb/results/chiplet_duckdb_tpch_sf1_single_thread_q21_madracks-mnode5_20260314T231814Z_2017190/runs/duckdb_tpch/chiplet_x5
2026-03-14T23:18:19Z	madracks-mnode5	amd	duckdb_tpch	analytic	per_instance_external	NO_RETIRED_INST_CYCLES	user	chiplet_x5	60	34	46	46	Q21	1	496629.8409854062	496629.8409854062	496629.8409854062	496629.8409854062	496629.8409854062	496629.8409854062	496629.8409854062	496629.8409854062	ok	/home/seunghyun/ycsb/results/chiplet_duckdb_tpch_sf1_single_thread_q21_madracks-mnode5_20260314T231814Z_2017190/runs/duckdb_tpch/chiplet_x5/inst34/run.stdout.log	/home/seunghyun/ycsb/results/chiplet_duckdb_tpch_sf1_single_thread_q21_madracks-mnode5_20260314T231814Z_2017190/runs/duckdb_tpch/chiplet_x5
2026-03-14T23:18:19Z	madracks-mnode5	amd	duckdb_tpch	analytic	per_instance_external	NO_RETIRED_INST_CYCLES	user	chiplet_x5	60	35	49	49	Q21	1	486104.5140423812	486104.5140423812	486104.5140423812	486104.5140423812	486104.5140423812	486104.5140423812	486104.5140423812	486104.5140423812	ok	/home/seunghyun/ycsb/results/chiplet_duckdb_tpch_sf1_single_thread_q21_madracks-mnode5_20260314T231814Z_2017190/runs/duckdb_tpch/chiplet_x5/inst35/run.stdout.log	/home/seunghyun/ycsb/results/chiplet_duckdb_tpch_sf1_single_thread_q21_madracks-mnode5_20260314T231814Z_2017190/runs/duckdb_tpch/chiplet_x5
2026-03-14T23:18:19Z	madracks-mnode5	amd	duckdb_tpch	analytic	per_instance_external	NO_RETIRED_INST_CYCLES	user	chiplet_x5	60	36	50	50	Q21	1	490698.7060094252	490698.7060094252	490698.7060094252	490698.7060094252	490698.7060094252	490698.7060094252	490698.7060094252	490698.7060094252	ok	/home/seunghyun/ycsb/results/chiplet_duckdb_tpch_sf1_single_thread_q21_madracks-mnode5_20260314T231814Z_2017190/runs/duckdb_tpch/chiplet_x5/inst36/run.stdout.log	/home/seunghyun/ycsb/results/chiplet_duckdb_tpch_sf1_single_thread_q21_madracks-mnode5_20260314T231814Z_2017190/runs/duckdb_tpch/chiplet_x5
2026-03-14T23:18:19Z	madracks-mnode5	amd	duckdb_tpch	analytic	per_instance_external	NO_RETIRED_INST_CYCLES	user	chiplet_x5	60	37	51	51	Q21	1	494519.8770146817	494519.8770146817	494519.8770146817	494519.8770146817	494519.8770146817	494519.8770146817	494519.8770146817	494519.8770146817	ok	/home/seunghyun/ycsb/results/chiplet_duckdb_tpch_sf1_single_thread_q21_madracks-mnode5_20260314T231814Z_2017190/runs/duckdb_tpch/chiplet_x5/inst37/run.stdout.log	/home/seunghyun/ycsb/results/chiplet_duckdb_tpch_sf1_single_thread_q21_madracks-mnode5_20260314T231814Z_2017190/runs/duckdb_tpch/chiplet_x5
2026-03-14T23:18:19Z	madracks-mnode5	amd	duckdb_tpch	analytic	per_instance_external	NO_RETIRED_INST_CYCLES	user	chiplet_x5	60	38	52	52	Q21	1	489604.64901756495	489604.64901756495	489604.64901756495	489604.64901756495	489604.64901756495	489604.64901756495	489604.64901756495	489604.64901756495	ok	/home/seunghyun/ycsb/results/chiplet_duckdb_tpch_sf1_single_thread_q21_madracks-mnode5_20260314T231814Z_2017190/runs/duckdb_tpch/chiplet_x5/inst38/run.stdout.log	/home/seunghyun/ycsb/results/chiplet_duckdb_tpch_sf1_single_thread_q21_madracks-mnode5_20260314T231814Z_2017190/runs/duckdb_tpch/chiplet_x5
2026-03-14T23:18:19Z	madracks-mnode5	amd	duckdb_tpch	analytic	per_instance_external	NO_RETIRED_INST_CYCLES	user	chiplet_x5	60	39	53	53	Q21	1	493235.92404834926	493235.92404834926	493235.92404834926	493235.92404834926	493235.92404834926	493235.92404834926	493235.92404834926	493235.92404834926	ok	/home/seunghyun/ycsb/results/chiplet_duckdb_tpch_sf1_single_thread_q21_madracks-mnode5_20260314T231814Z_2017190/runs/duckdb_tpch/chiplet_x5/inst39/run.stdout.log	/home/seunghyun/ycsb/results/chiplet_duckdb_tpch_sf1_single_thread_q21_madracks-mnode5_20260314T231814Z_2017190/runs/duckdb_tpch/chiplet_x5
2026-03-14T23:18:19Z	madracks-mnode5	amd	duckdb_tpch	analytic	per_instance_external	NO_RETIRED_INST_CYCLES	user	chiplet_x5	60	40	56	56	Q21	1	494133.3520109765	494133.3520109765	494133.3520109765	494133.3520109765	494133.3520109765	494133.3520109765	494133.3520109765	494133.3520109765	ok	/home/seunghyun/ycsb/results/chiplet_duckdb_tpch_sf1_single_thread_q21_madracks-mnode5_20260314T231814Z_2017190/runs/duckdb_tpch/chiplet_x5/inst40/run.stdout.log	/home/seunghyun/ycsb/results/chiplet_duckdb_tpch_sf1_single_thread_q21_madracks-mnode5_20260314T231814Z_2017190/runs/duckdb_tpch/chiplet_x5
2026-03-14T23:18:19Z	madracks-mnode5	amd	duckdb_tpch	analytic	per_instance_external	NO_RETIRED_INST_CYCLES	user	chiplet_x5	60	41	57	57	Q21	1	485016.14801352844	485016.14801352844	485016.14801352844	485016.14801352844	485016.14801352844	485016.14801352844	485016.14801352844	485016.14801352844	ok	/home/seunghyun/ycsb/results/chiplet_duckdb_tpch_sf1_single_thread_q21_madracks-mnode5_20260314T231814Z_2017190/runs/duckdb_tpch/chiplet_x5/inst41/run.stdout.log	/home/seunghyun/ycsb/results/chiplet_duckdb_tpch_sf1_single_thread_q21_madracks-mnode5_20260314T231814Z_2017190/runs/duckdb_tpch/chiplet_x5
2026-03-14T23:18:19Z	madracks-mnode5	amd	duckdb_tpch	analytic	per_instance_external	NO_RETIRED_INST_CYCLES	user	chiplet_x5	60	42	58	58	Q21	1	493953.4349832684	493953.4349832684	493953.4349832684	493953.4349832684	493953.4349832684	493953.4349832684	493953.4349832684	493953.4349832684	ok	/home/seunghyun/ycsb/results/chiplet_duckdb_tpch_sf1_single_thread_q21_madracks-mnode5_20260314T231814Z_2017190/runs/duckdb_tpch/chiplet_x5/inst42/run.stdout.log	/home/seunghyun/ycsb/results/chiplet_duckdb_tpch_sf1_single_thread_q21_madracks-mnode5_20260314T231814Z_2017190/runs/duckdb_tpch/chiplet_x5
2026-03-14T23:18:19Z	madracks-mnode5	amd	duckdb_tpch	analytic	per_instance_external	NO_RETIRED_INST_CYCLES	user	chiplet_x5	60	43	59	59	Q21	1	485971.8960360624	485971.8960360624	485971.8960360624	485971.8960360624	485971.8960360624	485971.8960360624	485971.8960360624	485971.8960360624	ok	/home/seunghyun/ycsb/results/chiplet_duckdb_tpch_sf1_single_thread_q21_madracks-mnode5_20260314T231814Z_2017190/runs/duckdb_tpch/chiplet_x5/inst43/run.stdout.log	/home/seunghyun/ycsb/results/chiplet_duckdb_tpch_sf1_single_thread_q21_madracks-mnode5_20260314T231814Z_2017190/runs/duckdb_tpch/chiplet_x5
2026-03-14T23:18:19Z	madracks-mnode5	amd	duckdb_tpch	analytic	per_instance_external	NO_RETIRED_INST_CYCLES	user	chiplet_x5	60	44	60	60	Q21	1	483485.57797726244	483485.57797726244	483485.57797726244	483485.57797726244	483485.57797726244	483485.57797726244	483485.57797726244	483485.57797726244	ok	/home/seunghyun/ycsb/results/chiplet_duckdb_tpch_sf1_single_thread_q21_madracks-mnode5_20260314T231814Z_2017190/runs/duckdb_tpch/chiplet_x5/inst44/run.stdout.log	/home/seunghyun/ycsb/results/chiplet_duckdb_tpch_sf1_single_thread_q21_madracks-mnode5_20260314T231814Z_2017190/runs/duckdb_tpch/chiplet_x5
2026-03-14T23:18:19Z	madracks-mnode5	amd	duckdb_tpch	analytic	per_instance_external	NO_RETIRED_INST_CYCLES	user	chiplet_x5	60	45	63	63	Q21	1	485292.4150181934	485292.4150181934	485292.4150181934	485292.4150181934	485292.4150181934	485292.4150181934	485292.4150181934	485292.4150181934	ok	/home/seunghyun/ycsb/results/chiplet_duckdb_tpch_sf1_single_thread_q21_madracks-mnode5_20260314T231814Z_2017190/runs/duckdb_tpch/chiplet_x5/inst45/run.stdout.log	/home/seunghyun/ycsb/results/chiplet_duckdb_tpch_sf1_single_thread_q21_madracks-mnode5_20260314T231814Z_2017190/runs/duckdb_tpch/chiplet_x5
2026-03-14T23:18:19Z	madracks-mnode5	amd	duckdb_tpch	analytic	per_instance_external	NO_RETIRED_INST_CYCLES	user	chiplet_x5	60	46	64	64	Q21	1	485468.59400812536	485468.59400812536	485468.59400812536	485468.59400812536	485468.59400812536	485468.59400812536	485468.59400812536	485468.59400812536	ok	/home/seunghyun/ycsb/results/chiplet_duckdb_tpch_sf1_single_thread_q21_madracks-mnode5_20260314T231814Z_2017190/runs/duckdb_tpch/chiplet_x5/inst46/run.stdout.log	/home/seunghyun/ycsb/results/chiplet_duckdb_tpch_sf1_single_thread_q21_madracks-mnode5_20260314T231814Z_2017190/runs/duckdb_tpch/chiplet_x5
2026-03-14T23:18:19Z	madracks-mnode5	amd	duckdb_tpch	analytic	per_instance_external	NO_RETIRED_INST_CYCLES	user	chiplet_x5	60	47	65	65	Q21	1	489792.9480066523	489792.9480066523	489792.9480066523	489792.9480066523	489792.9480066523	489792.9480066523	489792.9480066523	489792.9480066523	ok	/home/seunghyun/ycsb/results/chiplet_duckdb_tpch_sf1_single_thread_q21_madracks-mnode5_20260314T231814Z_2017190/runs/duckdb_tpch/chiplet_x5/inst47/run.stdout.log	/home/seunghyun/ycsb/results/chiplet_duckdb_tpch_sf1_single_thread_q21_madracks-mnode5_20260314T231814Z_2017190/runs/duckdb_tpch/chiplet_x5
2026-03-14T23:18:19Z	madracks-mnode5	amd	duckdb_tpch	analytic	per_instance_external	NO_RETIRED_INST_CYCLES	user	chiplet_x5	60	48	66	66	Q21	1	483519.16699903086	483519.16699903086	483519.16699903086	483519.16699903086	483519.16699903086	483519.16699903086	483519.16699903086	483519.16699903086	ok	/home/seunghyun/ycsb/results/chiplet_duckdb_tpch_sf1_single_thread_q21_madracks-mnode5_20260314T231814Z_2017190/runs/duckdb_tpch/chiplet_x5/inst48/run.stdout.log	/home/seunghyun/ycsb/results/chiplet_duckdb_tpch_sf1_single_thread_q21_madracks-mnode5_20260314T231814Z_2017190/runs/duckdb_tpch/chiplet_x5
2026-03-14T23:18:19Z	madracks-mnode5	amd	duckdb_tpch	analytic	per_instance_external	NO_RETIRED_INST_CYCLES	user	chiplet_x5	60	49	67	67	Q21	1	488363.8159953989	488363.8159953989	488363.8159953989	488363.8159953989	488363.8159953989	488363.8159953989	488363.8159953989	488363.8159953989	ok	/home/seunghyun/ycsb/results/chiplet_duckdb_tpch_sf1_single_thread_q21_madracks-mnode5_20260314T231814Z_2017190/runs/duckdb_tpch/chiplet_x5/inst49/run.stdout.log	/home/seunghyun/ycsb/results/chiplet_duckdb_tpch_sf1_single_thread_q21_madracks-mnode5_20260314T231814Z_2017190/runs/duckdb_tpch/chiplet_x5
2026-03-14T23:18:19Z	madracks-mnode5	amd	duckdb_tpch	analytic	per_instance_external	NO_RETIRED_INST_CYCLES	user	chiplet_x5	60	50	70	70	Q21	1	485925.4970215261	485925.4970215261	485925.4970215261	485925.4970215261	485925.4970215261	485925.4970215261	485925.4970215261	485925.4970215261	ok	/home/seunghyun/ycsb/results/chiplet_duckdb_tpch_sf1_single_thread_q21_madracks-mnode5_20260314T231814Z_2017190/runs/duckdb_tpch/chiplet_x5/inst50/run.stdout.log	/home/seunghyun/ycsb/results/chiplet_duckdb_tpch_sf1_single_thread_q21_madracks-mnode5_20260314T231814Z_2017190/runs/duckdb_tpch/chiplet_x5
2026-03-14T23:18:19Z	madracks-mnode5	amd	duckdb_tpch	analytic	per_instance_external	NO_RETIRED_INST_CYCLES	user	chiplet_x5	60	51	71	71	Q21	1	479599.4370360859	479599.4370360859	479599.4370360859	479599.4370360859	479599.4370360859	479599.4370360859	479599.4370360859	479599.4370360859	ok	/home/seunghyun/ycsb/results/chiplet_duckdb_tpch_sf1_single_thread_q21_madracks-mnode5_20260314T231814Z_2017190/runs/duckdb_tpch/chiplet_x5/inst51/run.stdout.log	/home/seunghyun/ycsb/results/chiplet_duckdb_tpch_sf1_single_thread_q21_madracks-mnode5_20260314T231814Z_2017190/runs/duckdb_tpch/chiplet_x5
2026-03-14T23:18:19Z	madracks-mnode5	amd	duckdb_tpch	analytic	per_instance_external	NO_RETIRED_INST_CYCLES	user	chiplet_x5	60	52	72	72	Q21	1	486164.7030338645	486164.7030338645	486164.7030338645	486164.7030338645	486164.7030338645	486164.7030338645	486164.7030338645	486164.7030338645	ok	/home/seunghyun/ycsb/results/chiplet_duckdb_tpch_sf1_single_thread_q21_madracks-mnode5_20260314T231814Z_2017190/runs/duckdb_tpch/chiplet_x5/inst52/run.stdout.log	/home/seunghyun/ycsb/results/chiplet_duckdb_tpch_sf1_single_thread_q21_madracks-mnode5_20260314T231814Z_2017190/runs/duckdb_tpch/chiplet_x5
2026-03-14T23:18:19Z	madracks-mnode5	amd	duckdb_tpch	analytic	per_instance_external	NO_RETIRED_INST_CYCLES	user	chiplet_x5	60	53	73	73	Q21	1	485748.7690169364	485748.7690169364	485748.7690169364	485748.7690169364	485748.7690169364	485748.7690169364	485748.7690169364	485748.7690169364	ok	/home/seunghyun/ycsb/results/chiplet_duckdb_tpch_sf1_single_thread_q21_madracks-mnode5_20260314T231814Z_2017190/runs/duckdb_tpch/chiplet_x5/inst53/run.stdout.log	/home/seunghyun/ycsb/results/chiplet_duckdb_tpch_sf1_single_thread_q21_madracks-mnode5_20260314T231814Z_2017190/runs/duckdb_tpch/chiplet_x5
2026-03-14T23:18:19Z	madracks-mnode5	amd	duckdb_tpch	analytic	per_instance_external	NO_RETIRED_INST_CYCLES	user	chiplet_x5	60	54	74	74	Q21	1	484909.36000598595	484909.36000598595	484909.36000598595	484909.36000598595	484909.36000598595	484909.36000598595	484909.36000598595	484909.36000598595	ok	/home/seunghyun/ycsb/results/chiplet_duckdb_tpch_sf1_single_thread_q21_madracks-mnode5_20260314T231814Z_2017190/runs/duckdb_tpch/chiplet_x5/inst54/run.stdout.log	/home/seunghyun/ycsb/results/chiplet_duckdb_tpch_sf1_single_thread_q21_madracks-mnode5_20260314T231814Z_2017190/runs/duckdb_tpch/chiplet_x5
2026-03-14T23:18:19Z	madracks-mnode5	amd	duckdb_tpch	analytic	per_instance_external	NO_RETIRED_INST_CYCLES	user	chiplet_x5	60	55	77	77	Q21	1	494502.06803157926	494502.06803157926	494502.06803157926	494502.06803157926	494502.06803157926	494502.06803157926	494502.06803157926	494502.06803157926	ok	/home/seunghyun/ycsb/results/chiplet_duckdb_tpch_sf1_single_thread_q21_madracks-mnode5_20260314T231814Z_2017190/runs/duckdb_tpch/chiplet_x5/inst55/run.stdout.log	/home/seunghyun/ycsb/results/chiplet_duckdb_tpch_sf1_single_thread_q21_madracks-mnode5_20260314T231814Z_2017190/runs/duckdb_tpch/chiplet_x5
2026-03-14T23:18:19Z	madracks-mnode5	amd	duckdb_tpch	analytic	per_instance_external	NO_RETIRED_INST_CYCLES	user	chiplet_x5	60	56	78	78	Q21	1	478436.0029734671	478436.0029734671	478436.0029734671	478436.0029734671	478436.0029734671	478436.0029734671	478436.0029734671	478436.0029734671	ok	/home/seunghyun/ycsb/results/chiplet_duckdb_tpch_sf1_single_thread_q21_madracks-mnode5_20260314T231814Z_2017190/runs/duckdb_tpch/chiplet_x5/inst56/run.stdout.log	/home/seunghyun/ycsb/results/chiplet_duckdb_tpch_sf1_single_thread_q21_madracks-mnode5_20260314T231814Z_2017190/runs/duckdb_tpch/chiplet_x5
2026-03-14T23:18:19Z	madracks-mnode5	amd	duckdb_tpch	analytic	per_instance_external	NO_RETIRED_INST_CYCLES	user	chiplet_x5	60	57	79	79	Q21	1	494522.5569535978	494522.5569535978	494522.5569535978	494522.5569535978	494522.5569535978	494522.5569535978	494522.5569535978	494522.5569535978	ok	/home/seunghyun/ycsb/results/chiplet_duckdb_tpch_sf1_single_thread_q21_madracks-mnode5_20260314T231814Z_2017190/runs/duckdb_tpch/chiplet_x5/inst57/run.stdout.log	/home/seunghyun/ycsb/results/chiplet_duckdb_tpch_sf1_single_thread_q21_madracks-mnode5_20260314T231814Z_2017190/runs/duckdb_tpch/chiplet_x5
2026-03-14T23:18:19Z	madracks-mnode5	amd	duckdb_tpch	analytic	per_instance_external	NO_RETIRED_INST_CYCLES	user	chiplet_x5	60	58	80	80	Q21	1	487940.201011952	487940.201011952	487940.201011952	487940.201011952	487940.201011952	487940.201011952	487940.201011952	487940.201011952	ok	/home/seunghyun/ycsb/results/chiplet_duckdb_tpch_sf1_single_thread_q21_madracks-mnode5_20260314T231814Z_2017190/runs/duckdb_tpch/chiplet_x5/inst58/run.stdout.log	/home/seunghyun/ycsb/results/chiplet_duckdb_tpch_sf1_single_thread_q21_madracks-mnode5_20260314T231814Z_2017190/runs/duckdb_tpch/chiplet_x5
2026-03-14T23:18:19Z	madracks-mnode5	amd	duckdb_tpch	analytic	per_instance_external	NO_RETIRED_INST_CYCLES	user	chiplet_x5	60	59	81	81	Q21	1	498248.42903763056	498248.42903763056	498248.42903763056	498248.42903763056	498248.42903763056	498248.42903763056	498248.42903763056	498248.42903763056	ok	/home/seunghyun/ycsb/results/chiplet_duckdb_tpch_sf1_single_thread_q21_madracks-mnode5_20260314T231814Z_2017190/runs/duckdb_tpch/chiplet_x5/inst59/run.stdout.log	/home/seunghyun/ycsb/results/chiplet_duckdb_tpch_sf1_single_thread_q21_madracks-mnode5_20260314T231814Z_2017190/runs/duckdb_tpch/chiplet_x5
2026-03-14T23:18:20Z	madracks-mnode5	amd	duckdb_tpch	analytic	per_instance_external	NO_RETIRED_INST_CYCLES	user	chiplet_x6	72	0	0	0	Q21	1	525933.3269787021	525933.3269787021	525933.3269787021	525933.3269787021	525933.3269787021	525933.3269787021	525933.3269787021	525933.3269787021	ok	/home/seunghyun/ycsb/results/chiplet_duckdb_tpch_sf1_single_thread_q21_madracks-mnode5_20260314T231814Z_2017190/runs/duckdb_tpch/chiplet_x6/inst00/run.stdout.log	/home/seunghyun/ycsb/results/chiplet_duckdb_tpch_sf1_single_thread_q21_madracks-mnode5_20260314T231814Z_2017190/runs/duckdb_tpch/chiplet_x6
2026-03-14T23:18:20Z	madracks-mnode5	amd	duckdb_tpch	analytic	per_instance_external	NO_RETIRED_INST_CYCLES	user	chiplet_x6	72	1	1	1	Q21	1	525047.717965208	525047.717965208	525047.717965208	525047.717965208	525047.717965208	525047.717965208	525047.717965208	525047.717965208	ok	/home/seunghyun/ycsb/results/chiplet_duckdb_tpch_sf1_single_thread_q21_madracks-mnode5_20260314T231814Z_2017190/runs/duckdb_tpch/chiplet_x6/inst01/run.stdout.log	/home/seunghyun/ycsb/results/chiplet_duckdb_tpch_sf1_single_thread_q21_madracks-mnode5_20260314T231814Z_2017190/runs/duckdb_tpch/chiplet_x6
2026-03-14T23:18:20Z	madracks-mnode5	amd	duckdb_tpch	analytic	per_instance_external	NO_RETIRED_INST_CYCLES	user	chiplet_x6	72	2	2	2	Q21	1	519826.7440428026	519826.7440428026	519826.7440428026	519826.7440428026	519826.7440428026	519826.7440428026	519826.7440428026	519826.7440428026	ok	/home/seunghyun/ycsb/results/chiplet_duckdb_tpch_sf1_single_thread_q21_madracks-mnode5_20260314T231814Z_2017190/runs/duckdb_tpch/chiplet_x6/inst02/run.stdout.log	/home/seunghyun/ycsb/results/chiplet_duckdb_tpch_sf1_single_thread_q21_madracks-mnode5_20260314T231814Z_2017190/runs/duckdb_tpch/chiplet_x6
2026-03-14T23:18:20Z	madracks-mnode5	amd	duckdb_tpch	analytic	per_instance_external	NO_RETIRED_INST_CYCLES	user	chiplet_x6	72	3	3	3	Q21	1	531862.5919753686	531862.5919753686	531862.5919753686	531862.5919753686	531862.5919753686	531862.5919753686	531862.5919753686	531862.5919753686	ok	/home/seunghyun/ycsb/results/chiplet_duckdb_tpch_sf1_single_thread_q21_madracks-mnode5_20260314T231814Z_2017190/runs/duckdb_tpch/chiplet_x6/inst03/run.stdout.log	/home/seunghyun/ycsb/results/chiplet_duckdb_tpch_sf1_single_thread_q21_madracks-mnode5_20260314T231814Z_2017190/runs/duckdb_tpch/chiplet_x6
2026-03-14T23:18:20Z	madracks-mnode5	amd	duckdb_tpch	analytic	per_instance_external	NO_RETIRED_INST_CYCLES	user	chiplet_x6	72	4	4	4	Q21	1	536455.1930106245	536455.1930106245	536455.1930106245	536455.1930106245	536455.1930106245	536455.1930106245	536455.1930106245	536455.1930106245	ok	/home/seunghyun/ycsb/results/chiplet_duckdb_tpch_sf1_single_thread_q21_madracks-mnode5_20260314T231814Z_2017190/runs/duckdb_tpch/chiplet_x6/inst04/run.stdout.log	/home/seunghyun/ycsb/results/chiplet_duckdb_tpch_sf1_single_thread_q21_madracks-mnode5_20260314T231814Z_2017190/runs/duckdb_tpch/chiplet_x6
2026-03-14T23:18:20Z	madracks-mnode5	amd	duckdb_tpch	analytic	per_instance_external	NO_RETIRED_INST_CYCLES	user	chiplet_x6	72	5	5	5	Q21	1	523690.5950005166	523690.5950005166	523690.5950005166	523690.5950005166	523690.5950005166	523690.5950005166	523690.5950005166	523690.5950005166	ok	/home/seunghyun/ycsb/results/chiplet_duckdb_tpch_sf1_single_thread_q21_madracks-mnode5_20260314T231814Z_2017190/runs/duckdb_tpch/chiplet_x6/inst05/run.stdout.log	/home/seunghyun/ycsb/results/chiplet_duckdb_tpch_sf1_single_thread_q21_madracks-mnode5_20260314T231814Z_2017190/runs/duckdb_tpch/chiplet_x6
2026-03-14T23:18:20Z	madracks-mnode5	amd	duckdb_tpch	analytic	per_instance_external	NO_RETIRED_INST_CYCLES	user	chiplet_x6	72	6	7	7	Q21	1	514150.5359788425	514150.5359788425	514150.5359788425	514150.5359788425	514150.5359788425	514150.5359788425	514150.5359788425	514150.5359788425	ok	/home/seunghyun/ycsb/results/chiplet_duckdb_tpch_sf1_single_thread_q21_madracks-mnode5_20260314T231814Z_2017190/runs/duckdb_tpch/chiplet_x6/inst06/run.stdout.log	/home/seunghyun/ycsb/results/chiplet_duckdb_tpch_sf1_single_thread_q21_madracks-mnode5_20260314T231814Z_2017190/runs/duckdb_tpch/chiplet_x6
2026-03-14T23:18:20Z	madracks-mnode5	amd	duckdb_tpch	analytic	per_instance_external	NO_RETIRED_INST_CYCLES	user	chiplet_x6	72	7	8	8	Q21	1	511366.20301986113	511366.20301986113	511366.20301986113	511366.20301986113	511366.20301986113	511366.20301986113	511366.20301986113	511366.20301986113	ok	/home/seunghyun/ycsb/results/chiplet_duckdb_tpch_sf1_single_thread_q21_madracks-mnode5_20260314T231814Z_2017190/runs/duckdb_tpch/chiplet_x6/inst07/run.stdout.log	/home/seunghyun/ycsb/results/chiplet_duckdb_tpch_sf1_single_thread_q21_madracks-mnode5_20260314T231814Z_2017190/runs/duckdb_tpch/chiplet_x6
2026-03-14T23:18:20Z	madracks-mnode5	amd	duckdb_tpch	analytic	per_instance_external	NO_RETIRED_INST_CYCLES	user	chiplet_x6	72	8	9	9	Q21	1	515107.0050196722	515107.0050196722	515107.0050196722	515107.0050196722	515107.0050196722	515107.0050196722	515107.0050196722	515107.0050196722	ok	/home/seunghyun/ycsb/results/chiplet_duckdb_tpch_sf1_single_thread_q21_madracks-mnode5_20260314T231814Z_2017190/runs/duckdb_tpch/chiplet_x6/inst08/run.stdout.log	/home/seunghyun/ycsb/results/chiplet_duckdb_tpch_sf1_single_thread_q21_madracks-mnode5_20260314T231814Z_2017190/runs/duckdb_tpch/chiplet_x6
2026-03-14T23:18:20Z	madracks-mnode5	amd	duckdb_tpch	analytic	per_instance_external	NO_RETIRED_INST_CYCLES	user	chiplet_x6	72	9	10	10	Q21	1	519005.6249848567	519005.6249848567	519005.6249848567	519005.6249848567	519005.6249848567	519005.6249848567	519005.6249848567	519005.6249848567	ok	/home/seunghyun/ycsb/results/chiplet_duckdb_tpch_sf1_single_thread_q21_madracks-mnode5_20260314T231814Z_2017190/runs/duckdb_tpch/chiplet_x6/inst09/run.stdout.log	/home/seunghyun/ycsb/results/chiplet_duckdb_tpch_sf1_single_thread_q21_madracks-mnode5_20260314T231814Z_2017190/runs/duckdb_tpch/chiplet_x6
2026-03-14T23:18:20Z	madracks-mnode5	amd	duckdb_tpch	analytic	per_instance_external	NO_RETIRED_INST_CYCLES	user	chiplet_x6	72	10	11	11	Q21	1	517353.8260278292	517353.8260278292	517353.8260278292	517353.8260278292	517353.8260278292	517353.8260278292	517353.8260278292	517353.8260278292	ok	/home/seunghyun/ycsb/results/chiplet_duckdb_tpch_sf1_single_thread_q21_madracks-mnode5_20260314T231814Z_2017190/runs/duckdb_tpch/chiplet_x6/inst10/run.stdout.log	/home/seunghyun/ycsb/results/chiplet_duckdb_tpch_sf1_single_thread_q21_madracks-mnode5_20260314T231814Z_2017190/runs/duckdb_tpch/chiplet_x6
2026-03-14T23:18:20Z	madracks-mnode5	amd	duckdb_tpch	analytic	per_instance_external	NO_RETIRED_INST_CYCLES	user	chiplet_x6	72	11	12	12	Q21	1	515994.4229526445	515994.4229526445	515994.4229526445	515994.4229526445	515994.4229526445	515994.4229526445	515994.4229526445	515994.4229526445	ok	/home/seunghyun/ycsb/results/chiplet_duckdb_tpch_sf1_single_thread_q21_madracks-mnode5_20260314T231814Z_2017190/runs/duckdb_tpch/chiplet_x6/inst11/run.stdout.log	/home/seunghyun/ycsb/results/chiplet_duckdb_tpch_sf1_single_thread_q21_madracks-mnode5_20260314T231814Z_2017190/runs/duckdb_tpch/chiplet_x6
2026-03-14T23:18:20Z	madracks-mnode5	amd	duckdb_tpch	analytic	per_instance_external	NO_RETIRED_INST_CYCLES	user	chiplet_x6	72	12	14	14	Q21	1	519503.68902180344	519503.68902180344	519503.68902180344	519503.68902180344	519503.68902180344	519503.68902180344	519503.68902180344	519503.68902180344	ok	/home/seunghyun/ycsb/results/chiplet_duckdb_tpch_sf1_single_thread_q21_madracks-mnode5_20260314T231814Z_2017190/runs/duckdb_tpch/chiplet_x6/inst12/run.stdout.log	/home/seunghyun/ycsb/results/chiplet_duckdb_tpch_sf1_single_thread_q21_madracks-mnode5_20260314T231814Z_2017190/runs/duckdb_tpch/chiplet_x6
2026-03-14T23:18:20Z	madracks-mnode5	amd	duckdb_tpch	analytic	per_instance_external	NO_RETIRED_INST_CYCLES	user	chiplet_x6	72	13	15	15	Q21	1	522957.3049582541	522957.3049582541	522957.3049582541	522957.3049582541	522957.3049582541	522957.3049582541	522957.3049582541	522957.3049582541	ok	/home/seunghyun/ycsb/results/chiplet_duckdb_tpch_sf1_single_thread_q21_madracks-mnode5_20260314T231814Z_2017190/runs/duckdb_tpch/chiplet_x6/inst13/run.stdout.log	/home/seunghyun/ycsb/results/chiplet_duckdb_tpch_sf1_single_thread_q21_madracks-mnode5_20260314T231814Z_2017190/runs/duckdb_tpch/chiplet_x6
2026-03-14T23:18:20Z	madracks-mnode5	amd	duckdb_tpch	analytic	per_instance_external	NO_RETIRED_INST_CYCLES	user	chiplet_x6	72	14	16	16	Q21	1	517805.84099469706	517805.84099469706	517805.84099469706	517805.84099469706	517805.84099469706	517805.84099469706	517805.84099469706	517805.84099469706	ok	/home/seunghyun/ycsb/results/chiplet_duckdb_tpch_sf1_single_thread_q21_madracks-mnode5_20260314T231814Z_2017190/runs/duckdb_tpch/chiplet_x6/inst14/run.stdout.log	/home/seunghyun/ycsb/results/chiplet_duckdb_tpch_sf1_single_thread_q21_madracks-mnode5_20260314T231814Z_2017190/runs/duckdb_tpch/chiplet_x6
2026-03-14T23:18:20Z	madracks-mnode5	amd	duckdb_tpch	analytic	per_instance_external	NO_RETIRED_INST_CYCLES	user	chiplet_x6	72	15	17	17	Q21	1	516173.8710012287	516173.8710012287	516173.8710012287	516173.8710012287	516173.8710012287	516173.8710012287	516173.8710012287	516173.8710012287	ok	/home/seunghyun/ycsb/results/chiplet_duckdb_tpch_sf1_single_thread_q21_madracks-mnode5_20260314T231814Z_2017190/runs/duckdb_tpch/chiplet_x6/inst15/run.stdout.log	/home/seunghyun/ycsb/results/chiplet_duckdb_tpch_sf1_single_thread_q21_madracks-mnode5_20260314T231814Z_2017190/runs/duckdb_tpch/chiplet_x6
2026-03-14T23:18:20Z	madracks-mnode5	amd	duckdb_tpch	analytic	per_instance_external	NO_RETIRED_INST_CYCLES	user	chiplet_x6	72	16	18	18	Q21	1	519185.3219876066	519185.3219876066	519185.3219876066	519185.3219876066	519185.3219876066	519185.3219876066	519185.3219876066	519185.3219876066	ok	/home/seunghyun/ycsb/results/chiplet_duckdb_tpch_sf1_single_thread_q21_madracks-mnode5_20260314T231814Z_2017190/runs/duckdb_tpch/chiplet_x6/inst16/run.stdout.log	/home/seunghyun/ycsb/results/chiplet_duckdb_tpch_sf1_single_thread_q21_madracks-mnode5_20260314T231814Z_2017190/runs/duckdb_tpch/chiplet_x6
2026-03-14T23:18:20Z	madracks-mnode5	amd	duckdb_tpch	analytic	per_instance_external	NO_RETIRED_INST_CYCLES	user	chiplet_x6	72	17	19	19	Q21	1	519189.92202263325	519189.92202263325	519189.92202263325	519189.92202263325	519189.92202263325	519189.92202263325	519189.92202263325	519189.92202263325	ok	/home/seunghyun/ycsb/results/chiplet_duckdb_tpch_sf1_single_thread_q21_madracks-mnode5_20260314T231814Z_2017190/runs/duckdb_tpch/chiplet_x6/inst17/run.stdout.log	/home/seunghyun/ycsb/results/chiplet_duckdb_tpch_sf1_single_thread_q21_madracks-mnode5_20260314T231814Z_2017190/runs/duckdb_tpch/chiplet_x6
2026-03-14T23:18:20Z	madracks-mnode5	amd	duckdb_tpch	analytic	per_instance_external	NO_RETIRED_INST_CYCLES	user	chiplet_x6	72	18	21	21	Q21	1	515132.67401605844	515132.67401605844	515132.67401605844	515132.67401605844	515132.67401605844	515132.67401605844	515132.67401605844	515132.67401605844	ok	/home/seunghyun/ycsb/results/chiplet_duckdb_tpch_sf1_single_thread_q21_madracks-mnode5_20260314T231814Z_2017190/runs/duckdb_tpch/chiplet_x6/inst18/run.stdout.log	/home/seunghyun/ycsb/results/chiplet_duckdb_tpch_sf1_single_thread_q21_madracks-mnode5_20260314T231814Z_2017190/runs/duckdb_tpch/chiplet_x6
2026-03-14T23:18:20Z	madracks-mnode5	amd	duckdb_tpch	analytic	per_instance_external	NO_RETIRED_INST_CYCLES	user	chiplet_x6	72	19	22	22	Q21	1	522772.19702955335	522772.19702955335	522772.19702955335	522772.19702955335	522772.19702955335	522772.19702955335	522772.19702955335	522772.19702955335	ok	/home/seunghyun/ycsb/results/chiplet_duckdb_tpch_sf1_single_thread_q21_madracks-mnode5_20260314T231814Z_2017190/runs/duckdb_tpch/chiplet_x6/inst19/run.stdout.log	/home/seunghyun/ycsb/results/chiplet_duckdb_tpch_sf1_single_thread_q21_madracks-mnode5_20260314T231814Z_2017190/runs/duckdb_tpch/chiplet_x6
2026-03-14T23:18:20Z	madracks-mnode5	amd	duckdb_tpch	analytic	per_instance_external	NO_RETIRED_INST_CYCLES	user	chiplet_x6	72	20	23	23	Q21	1	518044.667027425	518044.667027425	518044.667027425	518044.667027425	518044.667027425	518044.667027425	518044.667027425	518044.667027425	ok	/home/seunghyun/ycsb/results/chiplet_duckdb_tpch_sf1_single_thread_q21_madracks-mnode5_20260314T231814Z_2017190/runs/duckdb_tpch/chiplet_x6/inst20/run.stdout.log	/home/seunghyun/ycsb/results/chiplet_duckdb_tpch_sf1_single_thread_q21_madracks-mnode5_20260314T231814Z_2017190/runs/duckdb_tpch/chiplet_x6
2026-03-14T23:18:20Z	madracks-mnode5	amd	duckdb_tpch	analytic	per_instance_external	NO_RETIRED_INST_CYCLES	user	chiplet_x6	72	21	24	24	Q21	1	523707.97499315813	523707.97499315813	523707.97499315813	523707.97499315813	523707.97499315813	523707.97499315813	523707.97499315813	523707.97499315813	ok	/home/seunghyun/ycsb/results/chiplet_duckdb_tpch_sf1_single_thread_q21_madracks-mnode5_20260314T231814Z_2017190/runs/duckdb_tpch/chiplet_x6/inst21/run.stdout.log	/home/seunghyun/ycsb/results/chiplet_duckdb_tpch_sf1_single_thread_q21_madracks-mnode5_20260314T231814Z_2017190/runs/duckdb_tpch/chiplet_x6
2026-03-14T23:18:20Z	madracks-mnode5	amd	duckdb_tpch	analytic	per_instance_external	NO_RETIRED_INST_CYCLES	user	chiplet_x6	72	22	25	25	Q21	1	517411.13496245816	517411.13496245816	517411.13496245816	517411.13496245816	517411.13496245816	517411.13496245816	517411.13496245816	517411.13496245816	ok	/home/seunghyun/ycsb/results/chiplet_duckdb_tpch_sf1_single_thread_q21_madracks-mnode5_20260314T231814Z_2017190/runs/duckdb_tpch/chiplet_x6/inst22/run.stdout.log	/home/seunghyun/ycsb/results/chiplet_duckdb_tpch_sf1_single_thread_q21_madracks-mnode5_20260314T231814Z_2017190/runs/duckdb_tpch/chiplet_x6
2026-03-14T23:18:20Z	madracks-mnode5	amd	duckdb_tpch	analytic	per_instance_external	NO_RETIRED_INST_CYCLES	user	chiplet_x6	72	23	26	26	Q21	1	516015.56298555806	516015.56298555806	516015.56298555806	516015.56298555806	516015.56298555806	516015.56298555806	516015.56298555806	516015.56298555806	ok	/home/seunghyun/ycsb/results/chiplet_duckdb_tpch_sf1_single_thread_q21_madracks-mnode5_20260314T231814Z_2017190/runs/duckdb_tpch/chiplet_x6/inst23/run.stdout.log	/home/seunghyun/ycsb/results/chiplet_duckdb_tpch_sf1_single_thread_q21_madracks-mnode5_20260314T231814Z_2017190/runs/duckdb_tpch/chiplet_x6
2026-03-14T23:18:20Z	madracks-mnode5	amd	duckdb_tpch	analytic	per_instance_external	NO_RETIRED_INST_CYCLES	user	chiplet_x6	72	24	28	28	Q21	1	515195.12402592227	515195.12402592227	515195.12402592227	515195.12402592227	515195.12402592227	515195.12402592227	515195.12402592227	515195.12402592227	ok	/home/seunghyun/ycsb/results/chiplet_duckdb_tpch_sf1_single_thread_q21_madracks-mnode5_20260314T231814Z_2017190/runs/duckdb_tpch/chiplet_x6/inst24/run.stdout.log	/home/seunghyun/ycsb/results/chiplet_duckdb_tpch_sf1_single_thread_q21_madracks-mnode5_20260314T231814Z_2017190/runs/duckdb_tpch/chiplet_x6
2026-03-14T23:18:20Z	madracks-mnode5	amd	duckdb_tpch	analytic	per_instance_external	NO_RETIRED_INST_CYCLES	user	chiplet_x6	72	25	29	29	Q21	1	522411.061974708	522411.061974708	522411.061974708	522411.061974708	522411.061974708	522411.061974708	522411.061974708	522411.061974708	ok	/home/seunghyun/ycsb/results/chiplet_duckdb_tpch_sf1_single_thread_q21_madracks-mnode5_20260314T231814Z_2017190/runs/duckdb_tpch/chiplet_x6/inst25/run.stdout.log	/home/seunghyun/ycsb/results/chiplet_duckdb_tpch_sf1_single_thread_q21_madracks-mnode5_20260314T231814Z_2017190/runs/duckdb_tpch/chiplet_x6
2026-03-14T23:18:20Z	madracks-mnode5	amd	duckdb_tpch	analytic	per_instance_external	NO_RETIRED_INST_CYCLES	user	chiplet_x6	72	26	30	30	Q21	1	523916.9329870492	523916.9329870492	523916.9329870492	523916.9329870492	523916.9329870492	523916.9329870492	523916.9329870492	523916.9329870492	ok	/home/seunghyun/ycsb/results/chiplet_duckdb_tpch_sf1_single_thread_q21_madracks-mnode5_20260314T231814Z_2017190/runs/duckdb_tpch/chiplet_x6/inst26/run.stdout.log	/home/seunghyun/ycsb/results/chiplet_duckdb_tpch_sf1_single_thread_q21_madracks-mnode5_20260314T231814Z_2017190/runs/duckdb_tpch/chiplet_x6
2026-03-14T23:18:20Z	madracks-mnode5	amd	duckdb_tpch	analytic	per_instance_external	NO_RETIRED_INST_CYCLES	user	chiplet_x6	72	27	31	31	Q21	1	521172.02698718756	521172.02698718756	521172.02698718756	521172.02698718756	521172.02698718756	521172.02698718756	521172.02698718756	521172.02698718756	ok	/home/seunghyun/ycsb/results/chiplet_duckdb_tpch_sf1_single_thread_q21_madracks-mnode5_20260314T231814Z_2017190/runs/duckdb_tpch/chiplet_x6/inst27/run.stdout.log	/home/seunghyun/ycsb/results/chiplet_duckdb_tpch_sf1_single_thread_q21_madracks-mnode5_20260314T231814Z_2017190/runs/duckdb_tpch/chiplet_x6
2026-03-14T23:18:20Z	madracks-mnode5	amd	duckdb_tpch	analytic	per_instance_external	NO_RETIRED_INST_CYCLES	user	chiplet_x6	72	28	32	32	Q21	1	527062.9629958421	527062.9629958421	527062.9629958421	527062.9629958421	527062.9629958421	527062.9629958421	527062.9629958421	527062.9629958421	ok	/home/seunghyun/ycsb/results/chiplet_duckdb_tpch_sf1_single_thread_q21_madracks-mnode5_20260314T231814Z_2017190/runs/duckdb_tpch/chiplet_x6/inst28/run.stdout.log	/home/seunghyun/ycsb/results/chiplet_duckdb_tpch_sf1_single_thread_q21_madracks-mnode5_20260314T231814Z_2017190/runs/duckdb_tpch/chiplet_x6
2026-03-14T23:18:20Z	madracks-mnode5	amd	duckdb_tpch	analytic	per_instance_external	NO_RETIRED_INST_CYCLES	user	chiplet_x6	72	29	33	33	Q21	1	521782.8690074384	521782.8690074384	521782.8690074384	521782.8690074384	521782.8690074384	521782.8690074384	521782.8690074384	521782.8690074384	ok	/home/seunghyun/ycsb/results/chiplet_duckdb_tpch_sf1_single_thread_q21_madracks-mnode5_20260314T231814Z_2017190/runs/duckdb_tpch/chiplet_x6/inst29/run.stdout.log	/home/seunghyun/ycsb/results/chiplet_duckdb_tpch_sf1_single_thread_q21_madracks-mnode5_20260314T231814Z_2017190/runs/duckdb_tpch/chiplet_x6
2026-03-14T23:18:20Z	madracks-mnode5	amd	duckdb_tpch	analytic	per_instance_external	NO_RETIRED_INST_CYCLES	user	chiplet_x6	72	30	35	35	Q21	1	518662.53901971504	518662.53901971504	518662.53901971504	518662.53901971504	518662.53901971504	518662.53901971504	518662.53901971504	518662.53901971504	ok	/home/seunghyun/ycsb/results/chiplet_duckdb_tpch_sf1_single_thread_q21_madracks-mnode5_20260314T231814Z_2017190/runs/duckdb_tpch/chiplet_x6/inst30/run.stdout.log	/home/seunghyun/ycsb/results/chiplet_duckdb_tpch_sf1_single_thread_q21_madracks-mnode5_20260314T231814Z_2017190/runs/duckdb_tpch/chiplet_x6
2026-03-14T23:18:20Z	madracks-mnode5	amd	duckdb_tpch	analytic	per_instance_external	NO_RETIRED_INST_CYCLES	user	chiplet_x6	72	31	36	36	Q21	1	516531.46697208285	516531.46697208285	516531.46697208285	516531.46697208285	516531.46697208285	516531.46697208285	516531.46697208285	516531.46697208285	ok	/home/seunghyun/ycsb/results/chiplet_duckdb_tpch_sf1_single_thread_q21_madracks-mnode5_20260314T231814Z_2017190/runs/duckdb_tpch/chiplet_x6/inst31/run.stdout.log	/home/seunghyun/ycsb/results/chiplet_duckdb_tpch_sf1_single_thread_q21_madracks-mnode5_20260314T231814Z_2017190/runs/duckdb_tpch/chiplet_x6
2026-03-14T23:18:20Z	madracks-mnode5	amd	duckdb_tpch	analytic	per_instance_external	NO_RETIRED_INST_CYCLES	user	chiplet_x6	72	32	37	37	Q21	1	517221.42699873075	517221.42699873075	517221.42699873075	517221.42699873075	517221.42699873075	517221.42699873075	517221.42699873075	517221.42699873075	ok	/home/seunghyun/ycsb/results/chiplet_duckdb_tpch_sf1_single_thread_q21_madracks-mnode5_20260314T231814Z_2017190/runs/duckdb_tpch/chiplet_x6/inst32/run.stdout.log	/home/seunghyun/ycsb/results/chiplet_duckdb_tpch_sf1_single_thread_q21_madracks-mnode5_20260314T231814Z_2017190/runs/duckdb_tpch/chiplet_x6
2026-03-14T23:18:20Z	madracks-mnode5	amd	duckdb_tpch	analytic	per_instance_external	NO_RETIRED_INST_CYCLES	user	chiplet_x6	72	33	38	38	Q21	1	521269.176970236	521269.176970236	521269.176970236	521269.176970236	521269.176970236	521269.176970236	521269.176970236	521269.176970236	ok	/home/seunghyun/ycsb/results/chiplet_duckdb_tpch_sf1_single_thread_q21_madracks-mnode5_20260314T231814Z_2017190/runs/duckdb_tpch/chiplet_x6/inst33/run.stdout.log	/home/seunghyun/ycsb/results/chiplet_duckdb_tpch_sf1_single_thread_q21_madracks-mnode5_20260314T231814Z_2017190/runs/duckdb_tpch/chiplet_x6
2026-03-14T23:18:20Z	madracks-mnode5	amd	duckdb_tpch	analytic	per_instance_external	NO_RETIRED_INST_CYCLES	user	chiplet_x6	72	34	39	39	Q21	1	525266.655953601	525266.655953601	525266.655953601	525266.655953601	525266.655953601	525266.655953601	525266.655953601	525266.655953601	ok	/home/seunghyun/ycsb/results/chiplet_duckdb_tpch_sf1_single_thread_q21_madracks-mnode5_20260314T231814Z_2017190/runs/duckdb_tpch/chiplet_x6/inst34/run.stdout.log	/home/seunghyun/ycsb/results/chiplet_duckdb_tpch_sf1_single_thread_q21_madracks-mnode5_20260314T231814Z_2017190/runs/duckdb_tpch/chiplet_x6
2026-03-14T23:18:20Z	madracks-mnode5	amd	duckdb_tpch	analytic	per_instance_external	NO_RETIRED_INST_CYCLES	user	chiplet_x6	72	35	40	40	Q21	1	518593.44996046275	518593.44996046275	518593.44996046275	518593.44996046275	518593.44996046275	518593.44996046275	518593.44996046275	518593.44996046275	ok	/home/seunghyun/ycsb/results/chiplet_duckdb_tpch_sf1_single_thread_q21_madracks-mnode5_20260314T231814Z_2017190/runs/duckdb_tpch/chiplet_x6/inst35/run.stdout.log	/home/seunghyun/ycsb/results/chiplet_duckdb_tpch_sf1_single_thread_q21_madracks-mnode5_20260314T231814Z_2017190/runs/duckdb_tpch/chiplet_x6
2026-03-14T23:18:20Z	madracks-mnode5	amd	duckdb_tpch	analytic	per_instance_external	NO_RETIRED_INST_CYCLES	user	chiplet_x6	72	36	42	42	Q21	1	522566.7000049725	522566.7000049725	522566.7000049725	522566.7000049725	522566.7000049725	522566.7000049725	522566.7000049725	522566.7000049725	ok	/home/seunghyun/ycsb/results/chiplet_duckdb_tpch_sf1_single_thread_q21_madracks-mnode5_20260314T231814Z_2017190/runs/duckdb_tpch/chiplet_x6/inst36/run.stdout.log	/home/seunghyun/ycsb/results/chiplet_duckdb_tpch_sf1_single_thread_q21_madracks-mnode5_20260314T231814Z_2017190/runs/duckdb_tpch/chiplet_x6
2026-03-14T23:18:20Z	madracks-mnode5	amd	duckdb_tpch	analytic	per_instance_external	NO_RETIRED_INST_CYCLES	user	chiplet_x6	72	37	43	43	Q21	1	509575.49503073096	509575.49503073096	509575.49503073096	509575.49503073096	509575.49503073096	509575.49503073096	509575.49503073096	509575.49503073096	ok	/home/seunghyun/ycsb/results/chiplet_duckdb_tpch_sf1_single_thread_q21_madracks-mnode5_20260314T231814Z_2017190/runs/duckdb_tpch/chiplet_x6/inst37/run.stdout.log	/home/seunghyun/ycsb/results/chiplet_duckdb_tpch_sf1_single_thread_q21_madracks-mnode5_20260314T231814Z_2017190/runs/duckdb_tpch/chiplet_x6
2026-03-14T23:18:20Z	madracks-mnode5	amd	duckdb_tpch	analytic	per_instance_external	NO_RETIRED_INST_CYCLES	user	chiplet_x6	72	38	44	44	Q21	1	523065.4929764569	523065.4929764569	523065.4929764569	523065.4929764569	523065.4929764569	523065.4929764569	523065.4929764569	523065.4929764569	ok	/home/seunghyun/ycsb/results/chiplet_duckdb_tpch_sf1_single_thread_q21_madracks-mnode5_20260314T231814Z_2017190/runs/duckdb_tpch/chiplet_x6/inst38/run.stdout.log	/home/seunghyun/ycsb/results/chiplet_duckdb_tpch_sf1_single_thread_q21_madracks-mnode5_20260314T231814Z_2017190/runs/duckdb_tpch/chiplet_x6
2026-03-14T23:18:20Z	madracks-mnode5	amd	duckdb_tpch	analytic	per_instance_external	NO_RETIRED_INST_CYCLES	user	chiplet_x6	72	39	45	45	Q21	1	525087.1679745615	525087.1679745615	525087.1679745615	525087.1679745615	525087.1679745615	525087.1679745615	525087.1679745615	525087.1679745615	ok	/home/seunghyun/ycsb/results/chiplet_duckdb_tpch_sf1_single_thread_q21_madracks-mnode5_20260314T231814Z_2017190/runs/duckdb_tpch/chiplet_x6/inst39/run.stdout.log	/home/seunghyun/ycsb/results/chiplet_duckdb_tpch_sf1_single_thread_q21_madracks-mnode5_20260314T231814Z_2017190/runs/duckdb_tpch/chiplet_x6
2026-03-14T23:18:20Z	madracks-mnode5	amd	duckdb_tpch	analytic	per_instance_external	NO_RETIRED_INST_CYCLES	user	chiplet_x6	72	40	46	46	Q21	1	512105.7140058838	512105.7140058838	512105.7140058838	512105.7140058838	512105.7140058838	512105.7140058838	512105.7140058838	512105.7140058838	ok	/home/seunghyun/ycsb/results/chiplet_duckdb_tpch_sf1_single_thread_q21_madracks-mnode5_20260314T231814Z_2017190/runs/duckdb_tpch/chiplet_x6/inst40/run.stdout.log	/home/seunghyun/ycsb/results/chiplet_duckdb_tpch_sf1_single_thread_q21_madracks-mnode5_20260314T231814Z_2017190/runs/duckdb_tpch/chiplet_x6
2026-03-14T23:18:20Z	madracks-mnode5	amd	duckdb_tpch	analytic	per_instance_external	NO_RETIRED_INST_CYCLES	user	chiplet_x6	72	41	47	47	Q21	1	524697.4719921127	524697.4719921127	524697.4719921127	524697.4719921127	524697.4719921127	524697.4719921127	524697.4719921127	524697.4719921127	ok	/home/seunghyun/ycsb/results/chiplet_duckdb_tpch_sf1_single_thread_q21_madracks-mnode5_20260314T231814Z_2017190/runs/duckdb_tpch/chiplet_x6/inst41/run.stdout.log	/home/seunghyun/ycsb/results/chiplet_duckdb_tpch_sf1_single_thread_q21_madracks-mnode5_20260314T231814Z_2017190/runs/duckdb_tpch/chiplet_x6
2026-03-14T23:18:20Z	madracks-mnode5	amd	duckdb_tpch	analytic	per_instance_external	NO_RETIRED_INST_CYCLES	user	chiplet_x6	72	42	49	49	Q21	1	516411.8380052969	516411.8380052969	516411.8380052969	516411.8380052969	516411.8380052969	516411.8380052969	516411.8380052969	516411.8380052969	ok	/home/seunghyun/ycsb/results/chiplet_duckdb_tpch_sf1_single_thread_q21_madracks-mnode5_20260314T231814Z_2017190/runs/duckdb_tpch/chiplet_x6/inst42/run.stdout.log	/home/seunghyun/ycsb/results/chiplet_duckdb_tpch_sf1_single_thread_q21_madracks-mnode5_20260314T231814Z_2017190/runs/duckdb_tpch/chiplet_x6
2026-03-14T23:18:20Z	madracks-mnode5	amd	duckdb_tpch	analytic	per_instance_external	NO_RETIRED_INST_CYCLES	user	chiplet_x6	72	43	50	50	Q21	1	514210.7660067268	514210.7660067268	514210.7660067268	514210.7660067268	514210.7660067268	514210.7660067268	514210.7660067268	514210.7660067268	ok	/home/seunghyun/ycsb/results/chiplet_duckdb_tpch_sf1_single_thread_q21_madracks-mnode5_20260314T231814Z_2017190/runs/duckdb_tpch/chiplet_x6/inst43/run.stdout.log	/home/seunghyun/ycsb/results/chiplet_duckdb_tpch_sf1_single_thread_q21_madracks-mnode5_20260314T231814Z_2017190/runs/duckdb_tpch/chiplet_x6
2026-03-14T23:18:20Z	madracks-mnode5	amd	duckdb_tpch	analytic	per_instance_external	NO_RETIRED_INST_CYCLES	user	chiplet_x6	72	44	51	51	Q21	1	520080.67100541666	520080.67100541666	520080.67100541666	520080.67100541666	520080.67100541666	520080.67100541666	520080.67100541666	520080.67100541666	ok	/home/seunghyun/ycsb/results/chiplet_duckdb_tpch_sf1_single_thread_q21_madracks-mnode5_20260314T231814Z_2017190/runs/duckdb_tpch/chiplet_x6/inst44/run.stdout.log	/home/seunghyun/ycsb/results/chiplet_duckdb_tpch_sf1_single_thread_q21_madracks-mnode5_20260314T231814Z_2017190/runs/duckdb_tpch/chiplet_x6
2026-03-14T23:18:20Z	madracks-mnode5	amd	duckdb_tpch	analytic	per_instance_external	NO_RETIRED_INST_CYCLES	user	chiplet_x6	72	45	52	52	Q21	1	515283.7230125442	515283.7230125442	515283.7230125442	515283.7230125442	515283.7230125442	515283.7230125442	515283.7230125442	515283.7230125442	ok	/home/seunghyun/ycsb/results/chiplet_duckdb_tpch_sf1_single_thread_q21_madracks-mnode5_20260314T231814Z_2017190/runs/duckdb_tpch/chiplet_x6/inst45/run.stdout.log	/home/seunghyun/ycsb/results/chiplet_duckdb_tpch_sf1_single_thread_q21_madracks-mnode5_20260314T231814Z_2017190/runs/duckdb_tpch/chiplet_x6
2026-03-14T23:18:20Z	madracks-mnode5	amd	duckdb_tpch	analytic	per_instance_external	NO_RETIRED_INST_CYCLES	user	chiplet_x6	72	46	53	53	Q21	1	520244.06898999587	520244.06898999587	520244.06898999587	520244.06898999587	520244.06898999587	520244.06898999587	520244.06898999587	520244.06898999587	ok	/home/seunghyun/ycsb/results/chiplet_duckdb_tpch_sf1_single_thread_q21_madracks-mnode5_20260314T231814Z_2017190/runs/duckdb_tpch/chiplet_x6/inst46/run.stdout.log	/home/seunghyun/ycsb/results/chiplet_duckdb_tpch_sf1_single_thread_q21_madracks-mnode5_20260314T231814Z_2017190/runs/duckdb_tpch/chiplet_x6
2026-03-14T23:18:20Z	madracks-mnode5	amd	duckdb_tpch	analytic	per_instance_external	NO_RETIRED_INST_CYCLES	user	chiplet_x6	72	47	54	54	Q21	1	519587.2680051252	519587.2680051252	519587.2680051252	519587.2680051252	519587.2680051252	519587.2680051252	519587.2680051252	519587.2680051252	ok	/home/seunghyun/ycsb/results/chiplet_duckdb_tpch_sf1_single_thread_q21_madracks-mnode5_20260314T231814Z_2017190/runs/duckdb_tpch/chiplet_x6/inst47/run.stdout.log	/home/seunghyun/ycsb/results/chiplet_duckdb_tpch_sf1_single_thread_q21_madracks-mnode5_20260314T231814Z_2017190/runs/duckdb_tpch/chiplet_x6
2026-03-14T23:18:20Z	madracks-mnode5	amd	duckdb_tpch	analytic	per_instance_external	NO_RETIRED_INST_CYCLES	user	chiplet_x6	72	48	56	56	Q21	1	524017.7509840578	524017.7509840578	524017.7509840578	524017.7509840578	524017.7509840578	524017.7509840578	524017.7509840578	524017.7509840578	ok	/home/seunghyun/ycsb/results/chiplet_duckdb_tpch_sf1_single_thread_q21_madracks-mnode5_20260314T231814Z_2017190/runs/duckdb_tpch/chiplet_x6/inst48/run.stdout.log	/home/seunghyun/ycsb/results/chiplet_duckdb_tpch_sf1_single_thread_q21_madracks-mnode5_20260314T231814Z_2017190/runs/duckdb_tpch/chiplet_x6
2026-03-14T23:18:20Z	madracks-mnode5	amd	duckdb_tpch	analytic	per_instance_external	NO_RETIRED_INST_CYCLES	user	chiplet_x6	72	49	57	57	Q21	1	516612.0360372588	516612.0360372588	516612.0360372588	516612.0360372588	516612.0360372588	516612.0360372588	516612.0360372588	516612.0360372588	ok	/home/seunghyun/ycsb/results/chiplet_duckdb_tpch_sf1_single_thread_q21_madracks-mnode5_20260314T231814Z_2017190/runs/duckdb_tpch/chiplet_x6/inst49/run.stdout.log	/home/seunghyun/ycsb/results/chiplet_duckdb_tpch_sf1_single_thread_q21_madracks-mnode5_20260314T231814Z_2017190/runs/duckdb_tpch/chiplet_x6
2026-03-14T23:18:20Z	madracks-mnode5	amd	duckdb_tpch	analytic	per_instance_external	NO_RETIRED_INST_CYCLES	user	chiplet_x6	72	50	58	58	Q21	1	510603.47200836986	510603.47200836986	510603.47200836986	510603.47200836986	510603.47200836986	510603.47200836986	510603.47200836986	510603.47200836986	ok	/home/seunghyun/ycsb/results/chiplet_duckdb_tpch_sf1_single_thread_q21_madracks-mnode5_20260314T231814Z_2017190/runs/duckdb_tpch/chiplet_x6/inst50/run.stdout.log	/home/seunghyun/ycsb/results/chiplet_duckdb_tpch_sf1_single_thread_q21_madracks-mnode5_20260314T231814Z_2017190/runs/duckdb_tpch/chiplet_x6
2026-03-14T23:18:20Z	madracks-mnode5	amd	duckdb_tpch	analytic	per_instance_external	NO_RETIRED_INST_CYCLES	user	chiplet_x6	72	51	59	59	Q21	1	519103.0339919962	519103.0339919962	519103.0339919962	519103.0339919962	519103.0339919962	519103.0339919962	519103.0339919962	519103.0339919962	ok	/home/seunghyun/ycsb/results/chiplet_duckdb_tpch_sf1_single_thread_q21_madracks-mnode5_20260314T231814Z_2017190/runs/duckdb_tpch/chiplet_x6/inst51/run.stdout.log	/home/seunghyun/ycsb/results/chiplet_duckdb_tpch_sf1_single_thread_q21_madracks-mnode5_20260314T231814Z_2017190/runs/duckdb_tpch/chiplet_x6
2026-03-14T23:18:20Z	madracks-mnode5	amd	duckdb_tpch	analytic	per_instance_external	NO_RETIRED_INST_CYCLES	user	chiplet_x6	72	52	60	60	Q21	1	523071.92399166524	523071.92399166524	523071.92399166524	523071.92399166524	523071.92399166524	523071.92399166524	523071.92399166524	523071.92399166524	ok	/home/seunghyun/ycsb/results/chiplet_duckdb_tpch_sf1_single_thread_q21_madracks-mnode5_20260314T231814Z_2017190/runs/duckdb_tpch/chiplet_x6/inst52/run.stdout.log	/home/seunghyun/ycsb/results/chiplet_duckdb_tpch_sf1_single_thread_q21_madracks-mnode5_20260314T231814Z_2017190/runs/duckdb_tpch/chiplet_x6
2026-03-14T23:18:20Z	madracks-mnode5	amd	duckdb_tpch	analytic	per_instance_external	NO_RETIRED_INST_CYCLES	user	chiplet_x6	72	53	61	61	Q21	1	524277.69801579416	524277.69801579416	524277.69801579416	524277.69801579416	524277.69801579416	524277.69801579416	524277.69801579416	524277.69801579416	ok	/home/seunghyun/ycsb/results/chiplet_duckdb_tpch_sf1_single_thread_q21_madracks-mnode5_20260314T231814Z_2017190/runs/duckdb_tpch/chiplet_x6/inst53/run.stdout.log	/home/seunghyun/ycsb/results/chiplet_duckdb_tpch_sf1_single_thread_q21_madracks-mnode5_20260314T231814Z_2017190/runs/duckdb_tpch/chiplet_x6
2026-03-14T23:18:20Z	madracks-mnode5	amd	duckdb_tpch	analytic	per_instance_external	NO_RETIRED_INST_CYCLES	user	chiplet_x6	72	54	63	63	Q21	1	514340.84394713864	514340.84394713864	514340.84394713864	514340.84394713864	514340.84394713864	514340.84394713864	514340.84394713864	514340.84394713864	ok	/home/seunghyun/ycsb/results/chiplet_duckdb_tpch_sf1_single_thread_q21_madracks-mnode5_20260314T231814Z_2017190/runs/duckdb_tpch/chiplet_x6/inst54/run.stdout.log	/home/seunghyun/ycsb/results/chiplet_duckdb_tpch_sf1_single_thread_q21_madracks-mnode5_20260314T231814Z_2017190/runs/duckdb_tpch/chiplet_x6
2026-03-14T23:18:20Z	madracks-mnode5	amd	duckdb_tpch	analytic	per_instance_external	NO_RETIRED_INST_CYCLES	user	chiplet_x6	72	55	64	64	Q21	1	512757.63497687876	512757.63497687876	512757.63497687876	512757.63497687876	512757.63497687876	512757.63497687876	512757.63497687876	512757.63497687876	ok	/home/seunghyun/ycsb/results/chiplet_duckdb_tpch_sf1_single_thread_q21_madracks-mnode5_20260314T231814Z_2017190/runs/duckdb_tpch/chiplet_x6/inst55/run.stdout.log	/home/seunghyun/ycsb/results/chiplet_duckdb_tpch_sf1_single_thread_q21_madracks-mnode5_20260314T231814Z_2017190/runs/duckdb_tpch/chiplet_x6
2026-03-14T23:18:20Z	madracks-mnode5	amd	duckdb_tpch	analytic	per_instance_external	NO_RETIRED_INST_CYCLES	user	chiplet_x6	72	56	65	65	Q21	1	514987.90603363886	514987.90603363886	514987.90603363886	514987.90603363886	514987.90603363886	514987.90603363886	514987.90603363886	514987.90603363886	ok	/home/seunghyun/ycsb/results/chiplet_duckdb_tpch_sf1_single_thread_q21_madracks-mnode5_20260314T231814Z_2017190/runs/duckdb_tpch/chiplet_x6/inst56/run.stdout.log	/home/seunghyun/ycsb/results/chiplet_duckdb_tpch_sf1_single_thread_q21_madracks-mnode5_20260314T231814Z_2017190/runs/duckdb_tpch/chiplet_x6
2026-03-14T23:18:20Z	madracks-mnode5	amd	duckdb_tpch	analytic	per_instance_external	NO_RETIRED_INST_CYCLES	user	chiplet_x6	72	57	66	66	Q21	1	511612.7090295777	511612.7090295777	511612.7090295777	511612.7090295777	511612.7090295777	511612.7090295777	511612.7090295777	511612.7090295777	ok	/home/seunghyun/ycsb/results/chiplet_duckdb_tpch_sf1_single_thread_q21_madracks-mnode5_20260314T231814Z_2017190/runs/duckdb_tpch/chiplet_x6/inst57/run.stdout.log	/home/seunghyun/ycsb/results/chiplet_duckdb_tpch_sf1_single_thread_q21_madracks-mnode5_20260314T231814Z_2017190/runs/duckdb_tpch/chiplet_x6
2026-03-14T23:18:20Z	madracks-mnode5	amd	duckdb_tpch	analytic	per_instance_external	NO_RETIRED_INST_CYCLES	user	chiplet_x6	72	58	67	67	Q21	1	513220.6089911051	513220.6089911051	513220.6089911051	513220.6089911051	513220.6089911051	513220.6089911051	513220.6089911051	513220.6089911051	ok	/home/seunghyun/ycsb/results/chiplet_duckdb_tpch_sf1_single_thread_q21_madracks-mnode5_20260314T231814Z_2017190/runs/duckdb_tpch/chiplet_x6/inst58/run.stdout.log	/home/seunghyun/ycsb/results/chiplet_duckdb_tpch_sf1_single_thread_q21_madracks-mnode5_20260314T231814Z_2017190/runs/duckdb_tpch/chiplet_x6
2026-03-14T23:18:20Z	madracks-mnode5	amd	duckdb_tpch	analytic	per_instance_external	NO_RETIRED_INST_CYCLES	user	chiplet_x6	72	59	68	68	Q21	1	516269.0000142902	516269.0000142902	516269.0000142902	516269.0000142902	516269.0000142902	516269.0000142902	516269.0000142902	516269.0000142902	ok	/home/seunghyun/ycsb/results/chiplet_duckdb_tpch_sf1_single_thread_q21_madracks-mnode5_20260314T231814Z_2017190/runs/duckdb_tpch/chiplet_x6/inst59/run.stdout.log	/home/seunghyun/ycsb/results/chiplet_duckdb_tpch_sf1_single_thread_q21_madracks-mnode5_20260314T231814Z_2017190/runs/duckdb_tpch/chiplet_x6
2026-03-14T23:18:20Z	madracks-mnode5	amd	duckdb_tpch	analytic	per_instance_external	NO_RETIRED_INST_CYCLES	user	chiplet_x6	72	60	70	70	Q21	1	530718.2770338841	530718.2770338841	530718.2770338841	530718.2770338841	530718.2770338841	530718.2770338841	530718.2770338841	530718.2770338841	ok	/home/seunghyun/ycsb/results/chiplet_duckdb_tpch_sf1_single_thread_q21_madracks-mnode5_20260314T231814Z_2017190/runs/duckdb_tpch/chiplet_x6/inst60/run.stdout.log	/home/seunghyun/ycsb/results/chiplet_duckdb_tpch_sf1_single_thread_q21_madracks-mnode5_20260314T231814Z_2017190/runs/duckdb_tpch/chiplet_x6
2026-03-14T23:18:20Z	madracks-mnode5	amd	duckdb_tpch	analytic	per_instance_external	NO_RETIRED_INST_CYCLES	user	chiplet_x6	72	61	71	71	Q21	1	521290.8560060896	521290.8560060896	521290.8560060896	521290.8560060896	521290.8560060896	521290.8560060896	521290.8560060896	521290.8560060896	ok	/home/seunghyun/ycsb/results/chiplet_duckdb_tpch_sf1_single_thread_q21_madracks-mnode5_20260314T231814Z_2017190/runs/duckdb_tpch/chiplet_x6/inst61/run.stdout.log	/home/seunghyun/ycsb/results/chiplet_duckdb_tpch_sf1_single_thread_q21_madracks-mnode5_20260314T231814Z_2017190/runs/duckdb_tpch/chiplet_x6
2026-03-14T23:18:20Z	madracks-mnode5	amd	duckdb_tpch	analytic	per_instance_external	NO_RETIRED_INST_CYCLES	user	chiplet_x6	72	62	72	72	Q21	1	518383.97298706695	518383.97298706695	518383.97298706695	518383.97298706695	518383.97298706695	518383.97298706695	518383.97298706695	518383.97298706695	ok	/home/seunghyun/ycsb/results/chiplet_duckdb_tpch_sf1_single_thread_q21_madracks-mnode5_20260314T231814Z_2017190/runs/duckdb_tpch/chiplet_x6/inst62/run.stdout.log	/home/seunghyun/ycsb/results/chiplet_duckdb_tpch_sf1_single_thread_q21_madracks-mnode5_20260314T231814Z_2017190/runs/duckdb_tpch/chiplet_x6
2026-03-14T23:18:20Z	madracks-mnode5	amd	duckdb_tpch	analytic	per_instance_external	NO_RETIRED_INST_CYCLES	user	chiplet_x6	72	63	73	73	Q21	1	513807.31200333685	513807.31200333685	513807.31200333685	513807.31200333685	513807.31200333685	513807.31200333685	513807.31200333685	513807.31200333685	ok	/home/seunghyun/ycsb/results/chiplet_duckdb_tpch_sf1_single_thread_q21_madracks-mnode5_20260314T231814Z_2017190/runs/duckdb_tpch/chiplet_x6/inst63/run.stdout.log	/home/seunghyun/ycsb/results/chiplet_duckdb_tpch_sf1_single_thread_q21_madracks-mnode5_20260314T231814Z_2017190/runs/duckdb_tpch/chiplet_x6
2026-03-14T23:18:20Z	madracks-mnode5	amd	duckdb_tpch	analytic	per_instance_external	NO_RETIRED_INST_CYCLES	user	chiplet_x6	72	64	74	74	Q21	1	519092.3640038818	519092.3640038818	519092.3640038818	519092.3640038818	519092.3640038818	519092.3640038818	519092.3640038818	519092.3640038818	ok	/home/seunghyun/ycsb/results/chiplet_duckdb_tpch_sf1_single_thread_q21_madracks-mnode5_20260314T231814Z_2017190/runs/duckdb_tpch/chiplet_x6/inst64/run.stdout.log	/home/seunghyun/ycsb/results/chiplet_duckdb_tpch_sf1_single_thread_q21_madracks-mnode5_20260314T231814Z_2017190/runs/duckdb_tpch/chiplet_x6
2026-03-14T23:18:20Z	madracks-mnode5	amd	duckdb_tpch	analytic	per_instance_external	NO_RETIRED_INST_CYCLES	user	chiplet_x6	72	65	75	75	Q21	1	514314.6349582821	514314.6349582821	514314.6349582821	514314.6349582821	514314.6349582821	514314.6349582821	514314.6349582821	514314.6349582821	ok	/home/seunghyun/ycsb/results/chiplet_duckdb_tpch_sf1_single_thread_q21_madracks-mnode5_20260314T231814Z_2017190/runs/duckdb_tpch/chiplet_x6/inst65/run.stdout.log	/home/seunghyun/ycsb/results/chiplet_duckdb_tpch_sf1_single_thread_q21_madracks-mnode5_20260314T231814Z_2017190/runs/duckdb_tpch/chiplet_x6
2026-03-14T23:18:20Z	madracks-mnode5	amd	duckdb_tpch	analytic	per_instance_external	NO_RETIRED_INST_CYCLES	user	chiplet_x6	72	66	77	77	Q21	1	514726.19001287967	514726.19001287967	514726.19001287967	514726.19001287967	514726.19001287967	514726.19001287967	514726.19001287967	514726.19001287967	ok	/home/seunghyun/ycsb/results/chiplet_duckdb_tpch_sf1_single_thread_q21_madracks-mnode5_20260314T231814Z_2017190/runs/duckdb_tpch/chiplet_x6/inst66/run.stdout.log	/home/seunghyun/ycsb/results/chiplet_duckdb_tpch_sf1_single_thread_q21_madracks-mnode5_20260314T231814Z_2017190/runs/duckdb_tpch/chiplet_x6
2026-03-14T23:18:20Z	madracks-mnode5	amd	duckdb_tpch	analytic	per_instance_external	NO_RETIRED_INST_CYCLES	user	chiplet_x6	72	67	78	78	Q21	1	515906.51500737295	515906.51500737295	515906.51500737295	515906.51500737295	515906.51500737295	515906.51500737295	515906.51500737295	515906.51500737295	ok	/home/seunghyun/ycsb/results/chiplet_duckdb_tpch_sf1_single_thread_q21_madracks-mnode5_20260314T231814Z_2017190/runs/duckdb_tpch/chiplet_x6/inst67/run.stdout.log	/home/seunghyun/ycsb/results/chiplet_duckdb_tpch_sf1_single_thread_q21_madracks-mnode5_20260314T231814Z_2017190/runs/duckdb_tpch/chiplet_x6
2026-03-14T23:18:20Z	madracks-mnode5	amd	duckdb_tpch	analytic	per_instance_external	NO_RETIRED_INST_CYCLES	user	chiplet_x6	72	68	79	79	Q21	1	518245.0250140391	518245.0250140391	518245.0250140391	518245.0250140391	518245.0250140391	518245.0250140391	518245.0250140391	518245.0250140391	ok	/home/seunghyun/ycsb/results/chiplet_duckdb_tpch_sf1_single_thread_q21_madracks-mnode5_20260314T231814Z_2017190/runs/duckdb_tpch/chiplet_x6/inst68/run.stdout.log	/home/seunghyun/ycsb/results/chiplet_duckdb_tpch_sf1_single_thread_q21_madracks-mnode5_20260314T231814Z_2017190/runs/duckdb_tpch/chiplet_x6
2026-03-14T23:18:20Z	madracks-mnode5	amd	duckdb_tpch	analytic	per_instance_external	NO_RETIRED_INST_CYCLES	user	chiplet_x6	72	69	80	80	Q21	1	522926.95501819253	522926.95501819253	522926.95501819253	522926.95501819253	522926.95501819253	522926.95501819253	522926.95501819253	522926.95501819253	ok	/home/seunghyun/ycsb/results/chiplet_duckdb_tpch_sf1_single_thread_q21_madracks-mnode5_20260314T231814Z_2017190/runs/duckdb_tpch/chiplet_x6/inst69/run.stdout.log	/home/seunghyun/ycsb/results/chiplet_duckdb_tpch_sf1_single_thread_q21_madracks-mnode5_20260314T231814Z_2017190/runs/duckdb_tpch/chiplet_x6
2026-03-14T23:18:20Z	madracks-mnode5	amd	duckdb_tpch	analytic	per_instance_external	NO_RETIRED_INST_CYCLES	user	chiplet_x6	72	70	81	81	Q21	1	522227.17396216467	522227.17396216467	522227.17396216467	522227.17396216467	522227.17396216467	522227.17396216467	522227.17396216467	522227.17396216467	ok	/home/seunghyun/ycsb/results/chiplet_duckdb_tpch_sf1_single_thread_q21_madracks-mnode5_20260314T231814Z_2017190/runs/duckdb_tpch/chiplet_x6/inst70/run.stdout.log	/home/seunghyun/ycsb/results/chiplet_duckdb_tpch_sf1_single_thread_q21_madracks-mnode5_20260314T231814Z_2017190/runs/duckdb_tpch/chiplet_x6
2026-03-14T23:18:20Z	madracks-mnode5	amd	duckdb_tpch	analytic	per_instance_external	NO_RETIRED_INST_CYCLES	user	chiplet_x6	72	71	82	82	Q21	1	519551.0690100491	519551.0690100491	519551.0690100491	519551.0690100491	519551.0690100491	519551.0690100491	519551.0690100491	519551.0690100491	ok	/home/seunghyun/ycsb/results/chiplet_duckdb_tpch_sf1_single_thread_q21_madracks-mnode5_20260314T231814Z_2017190/runs/duckdb_tpch/chiplet_x6/inst71/run.stdout.log	/home/seunghyun/ycsb/results/chiplet_duckdb_tpch_sf1_single_thread_q21_madracks-mnode5_20260314T231814Z_2017190/runs/duckdb_tpch/chiplet_x6
2026-03-14T23:18:22Z	madracks-mnode5	amd	duckdb_tpch	analytic	per_instance_external	NO_RETIRED_INST_CYCLES	user	chiplet_x7	84	0	0	0	Q21	1	520870.07998488843	520870.07998488843	520870.07998488843	520870.07998488843	520870.07998488843	520870.07998488843	520870.07998488843	520870.07998488843	ok	/home/seunghyun/ycsb/results/chiplet_duckdb_tpch_sf1_single_thread_q21_madracks-mnode5_20260314T231814Z_2017190/runs/duckdb_tpch/chiplet_x7/inst00/run.stdout.log	/home/seunghyun/ycsb/results/chiplet_duckdb_tpch_sf1_single_thread_q21_madracks-mnode5_20260314T231814Z_2017190/runs/duckdb_tpch/chiplet_x7
2026-03-14T23:18:22Z	madracks-mnode5	amd	duckdb_tpch	analytic	per_instance_external	NO_RETIRED_INST_CYCLES	user	chiplet_x7	84	1	1	1	Q21	1	541761.304019019	541761.304019019	541761.304019019	541761.304019019	541761.304019019	541761.304019019	541761.304019019	541761.304019019	ok	/home/seunghyun/ycsb/results/chiplet_duckdb_tpch_sf1_single_thread_q21_madracks-mnode5_20260314T231814Z_2017190/runs/duckdb_tpch/chiplet_x7/inst01/run.stdout.log	/home/seunghyun/ycsb/results/chiplet_duckdb_tpch_sf1_single_thread_q21_madracks-mnode5_20260314T231814Z_2017190/runs/duckdb_tpch/chiplet_x7
2026-03-14T23:18:22Z	madracks-mnode5	amd	duckdb_tpch	analytic	per_instance_external	NO_RETIRED_INST_CYCLES	user	chiplet_x7	84	2	2	2	Q21	1	536046.4560217224	536046.4560217224	536046.4560217224	536046.4560217224	536046.4560217224	536046.4560217224	536046.4560217224	536046.4560217224	ok	/home/seunghyun/ycsb/results/chiplet_duckdb_tpch_sf1_single_thread_q21_madracks-mnode5_20260314T231814Z_2017190/runs/duckdb_tpch/chiplet_x7/inst02/run.stdout.log	/home/seunghyun/ycsb/results/chiplet_duckdb_tpch_sf1_single_thread_q21_madracks-mnode5_20260314T231814Z_2017190/runs/duckdb_tpch/chiplet_x7
2026-03-14T23:18:22Z	madracks-mnode5	amd	duckdb_tpch	analytic	per_instance_external	NO_RETIRED_INST_CYCLES	user	chiplet_x7	84	3	3	3	Q21	1	548575.0979860313	548575.0979860313	548575.0979860313	548575.0979860313	548575.0979860313	548575.0979860313	548575.0979860313	548575.0979860313	ok	/home/seunghyun/ycsb/results/chiplet_duckdb_tpch_sf1_single_thread_q21_madracks-mnode5_20260314T231814Z_2017190/runs/duckdb_tpch/chiplet_x7/inst03/run.stdout.log	/home/seunghyun/ycsb/results/chiplet_duckdb_tpch_sf1_single_thread_q21_madracks-mnode5_20260314T231814Z_2017190/runs/duckdb_tpch/chiplet_x7
2026-03-14T23:18:22Z	madracks-mnode5	amd	duckdb_tpch	analytic	per_instance_external	NO_RETIRED_INST_CYCLES	user	chiplet_x7	84	4	4	4	Q21	1	578120.3309888951	578120.3309888951	578120.3309888951	578120.3309888951	578120.3309888951	578120.3309888951	578120.3309888951	578120.3309888951	ok	/home/seunghyun/ycsb/results/chiplet_duckdb_tpch_sf1_single_thread_q21_madracks-mnode5_20260314T231814Z_2017190/runs/duckdb_tpch/chiplet_x7/inst04/run.stdout.log	/home/seunghyun/ycsb/results/chiplet_duckdb_tpch_sf1_single_thread_q21_madracks-mnode5_20260314T231814Z_2017190/runs/duckdb_tpch/chiplet_x7
2026-03-14T23:18:22Z	madracks-mnode5	amd	duckdb_tpch	analytic	per_instance_external	NO_RETIRED_INST_CYCLES	user	chiplet_x7	84	5	5	5	Q21	1	560420.5860290676	560420.5860290676	560420.5860290676	560420.5860290676	560420.5860290676	560420.5860290676	560420.5860290676	560420.5860290676	ok	/home/seunghyun/ycsb/results/chiplet_duckdb_tpch_sf1_single_thread_q21_madracks-mnode5_20260314T231814Z_2017190/runs/duckdb_tpch/chiplet_x7/inst05/run.stdout.log	/home/seunghyun/ycsb/results/chiplet_duckdb_tpch_sf1_single_thread_q21_madracks-mnode5_20260314T231814Z_2017190/runs/duckdb_tpch/chiplet_x7
2026-03-14T23:18:22Z	madracks-mnode5	amd	duckdb_tpch	analytic	per_instance_external	NO_RETIRED_INST_CYCLES	user	chiplet_x7	84	6	6	6	Q21	1	553208.9379848912	553208.9379848912	553208.9379848912	553208.9379848912	553208.9379848912	553208.9379848912	553208.9379848912	553208.9379848912	ok	/home/seunghyun/ycsb/results/chiplet_duckdb_tpch_sf1_single_thread_q21_madracks-mnode5_20260314T231814Z_2017190/runs/duckdb_tpch/chiplet_x7/inst06/run.stdout.log	/home/seunghyun/ycsb/results/chiplet_duckdb_tpch_sf1_single_thread_q21_madracks-mnode5_20260314T231814Z_2017190/runs/duckdb_tpch/chiplet_x7
2026-03-14T23:18:22Z	madracks-mnode5	amd	duckdb_tpch	analytic	per_instance_external	NO_RETIRED_INST_CYCLES	user	chiplet_x7	84	7	7	7	Q21	1	546251.3459497131	546251.3459497131	546251.3459497131	546251.3459497131	546251.3459497131	546251.3459497131	546251.3459497131	546251.3459497131	ok	/home/seunghyun/ycsb/results/chiplet_duckdb_tpch_sf1_single_thread_q21_madracks-mnode5_20260314T231814Z_2017190/runs/duckdb_tpch/chiplet_x7/inst07/run.stdout.log	/home/seunghyun/ycsb/results/chiplet_duckdb_tpch_sf1_single_thread_q21_madracks-mnode5_20260314T231814Z_2017190/runs/duckdb_tpch/chiplet_x7
2026-03-14T23:18:22Z	madracks-mnode5	amd	duckdb_tpch	analytic	per_instance_external	NO_RETIRED_INST_CYCLES	user	chiplet_x7	84	8	8	8	Q21	1	553662.782011088	553662.782011088	553662.782011088	553662.782011088	553662.782011088	553662.782011088	553662.782011088	553662.782011088	ok	/home/seunghyun/ycsb/results/chiplet_duckdb_tpch_sf1_single_thread_q21_madracks-mnode5_20260314T231814Z_2017190/runs/duckdb_tpch/chiplet_x7/inst08/run.stdout.log	/home/seunghyun/ycsb/results/chiplet_duckdb_tpch_sf1_single_thread_q21_madracks-mnode5_20260314T231814Z_2017190/runs/duckdb_tpch/chiplet_x7
2026-03-14T23:18:22Z	madracks-mnode5	amd	duckdb_tpch	analytic	per_instance_external	NO_RETIRED_INST_CYCLES	user	chiplet_x7	84	9	9	9	Q21	1	548850.144026801	548850.144026801	548850.144026801	548850.144026801	548850.144026801	548850.144026801	548850.144026801	548850.144026801	ok	/home/seunghyun/ycsb/results/chiplet_duckdb_tpch_sf1_single_thread_q21_madracks-mnode5_20260314T231814Z_2017190/runs/duckdb_tpch/chiplet_x7/inst09/run.stdout.log	/home/seunghyun/ycsb/results/chiplet_duckdb_tpch_sf1_single_thread_q21_madracks-mnode5_20260314T231814Z_2017190/runs/duckdb_tpch/chiplet_x7
2026-03-14T23:18:22Z	madracks-mnode5	amd	duckdb_tpch	analytic	per_instance_external	NO_RETIRED_INST_CYCLES	user	chiplet_x7	84	10	10	10	Q21	1	551326.701999642	551326.701999642	551326.701999642	551326.701999642	551326.701999642	551326.701999642	551326.701999642	551326.701999642	ok	/home/seunghyun/ycsb/results/chiplet_duckdb_tpch_sf1_single_thread_q21_madracks-mnode5_20260314T231814Z_2017190/runs/duckdb_tpch/chiplet_x7/inst10/run.stdout.log	/home/seunghyun/ycsb/results/chiplet_duckdb_tpch_sf1_single_thread_q21_madracks-mnode5_20260314T231814Z_2017190/runs/duckdb_tpch/chiplet_x7
2026-03-14T23:18:22Z	madracks-mnode5	amd	duckdb_tpch	analytic	per_instance_external	NO_RETIRED_INST_CYCLES	user	chiplet_x7	84	11	11	11	Q21	1	549036.5409641527	549036.5409641527	549036.5409641527	549036.5409641527	549036.5409641527	549036.5409641527	549036.5409641527	549036.5409641527	ok	/home/seunghyun/ycsb/results/chiplet_duckdb_tpch_sf1_single_thread_q21_madracks-mnode5_20260314T231814Z_2017190/runs/duckdb_tpch/chiplet_x7/inst11/run.stdout.log	/home/seunghyun/ycsb/results/chiplet_duckdb_tpch_sf1_single_thread_q21_madracks-mnode5_20260314T231814Z_2017190/runs/duckdb_tpch/chiplet_x7
2026-03-14T23:18:22Z	madracks-mnode5	amd	duckdb_tpch	analytic	per_instance_external	NO_RETIRED_INST_CYCLES	user	chiplet_x7	84	12	12	12	Q21	1	550336.5849726833	550336.5849726833	550336.5849726833	550336.5849726833	550336.5849726833	550336.5849726833	550336.5849726833	550336.5849726833	ok	/home/seunghyun/ycsb/results/chiplet_duckdb_tpch_sf1_single_thread_q21_madracks-mnode5_20260314T231814Z_2017190/runs/duckdb_tpch/chiplet_x7/inst12/run.stdout.log	/home/seunghyun/ycsb/results/chiplet_duckdb_tpch_sf1_single_thread_q21_madracks-mnode5_20260314T231814Z_2017190/runs/duckdb_tpch/chiplet_x7
2026-03-14T23:18:22Z	madracks-mnode5	amd	duckdb_tpch	analytic	per_instance_external	NO_RETIRED_INST_CYCLES	user	chiplet_x7	84	13	13	13	Q21	1	552138.252009172	552138.252009172	552138.252009172	552138.252009172	552138.252009172	552138.252009172	552138.252009172	552138.252009172	ok	/home/seunghyun/ycsb/results/chiplet_duckdb_tpch_sf1_single_thread_q21_madracks-mnode5_20260314T231814Z_2017190/runs/duckdb_tpch/chiplet_x7/inst13/run.stdout.log	/home/seunghyun/ycsb/results/chiplet_duckdb_tpch_sf1_single_thread_q21_madracks-mnode5_20260314T231814Z_2017190/runs/duckdb_tpch/chiplet_x7
2026-03-14T23:18:22Z	madracks-mnode5	amd	duckdb_tpch	analytic	per_instance_external	NO_RETIRED_INST_CYCLES	user	chiplet_x7	84	14	14	14	Q21	1	545955.6400310248	545955.6400310248	545955.6400310248	545955.6400310248	545955.6400310248	545955.6400310248	545955.6400310248	545955.6400310248	ok	/home/seunghyun/ycsb/results/chiplet_duckdb_tpch_sf1_single_thread_q21_madracks-mnode5_20260314T231814Z_2017190/runs/duckdb_tpch/chiplet_x7/inst14/run.stdout.log	/home/seunghyun/ycsb/results/chiplet_duckdb_tpch_sf1_single_thread_q21_madracks-mnode5_20260314T231814Z_2017190/runs/duckdb_tpch/chiplet_x7
2026-03-14T23:18:22Z	madracks-mnode5	amd	duckdb_tpch	analytic	per_instance_external	NO_RETIRED_INST_CYCLES	user	chiplet_x7	84	15	15	15	Q21	1	548298.2699759305	548298.2699759305	548298.2699759305	548298.2699759305	548298.2699759305	548298.2699759305	548298.2699759305	548298.2699759305	ok	/home/seunghyun/ycsb/results/chiplet_duckdb_tpch_sf1_single_thread_q21_madracks-mnode5_20260314T231814Z_2017190/runs/duckdb_tpch/chiplet_x7/inst15/run.stdout.log	/home/seunghyun/ycsb/results/chiplet_duckdb_tpch_sf1_single_thread_q21_madracks-mnode5_20260314T231814Z_2017190/runs/duckdb_tpch/chiplet_x7
2026-03-14T23:18:22Z	madracks-mnode5	amd	duckdb_tpch	analytic	per_instance_external	NO_RETIRED_INST_CYCLES	user	chiplet_x7	84	16	16	16	Q21	1	554775.2290149219	554775.2290149219	554775.2290149219	554775.2290149219	554775.2290149219	554775.2290149219	554775.2290149219	554775.2290149219	ok	/home/seunghyun/ycsb/results/chiplet_duckdb_tpch_sf1_single_thread_q21_madracks-mnode5_20260314T231814Z_2017190/runs/duckdb_tpch/chiplet_x7/inst16/run.stdout.log	/home/seunghyun/ycsb/results/chiplet_duckdb_tpch_sf1_single_thread_q21_madracks-mnode5_20260314T231814Z_2017190/runs/duckdb_tpch/chiplet_x7
2026-03-14T23:18:22Z	madracks-mnode5	amd	duckdb_tpch	analytic	per_instance_external	NO_RETIRED_INST_CYCLES	user	chiplet_x7	84	17	17	17	Q21	1	553052.689996548	553052.689996548	553052.689996548	553052.689996548	553052.689996548	553052.689996548	553052.689996548	553052.689996548	ok	/home/seunghyun/ycsb/results/chiplet_duckdb_tpch_sf1_single_thread_q21_madracks-mnode5_20260314T231814Z_2017190/runs/duckdb_tpch/chiplet_x7/inst17/run.stdout.log	/home/seunghyun/ycsb/results/chiplet_duckdb_tpch_sf1_single_thread_q21_madracks-mnode5_20260314T231814Z_2017190/runs/duckdb_tpch/chiplet_x7
2026-03-14T23:18:22Z	madracks-mnode5	amd	duckdb_tpch	analytic	per_instance_external	NO_RETIRED_INST_CYCLES	user	chiplet_x7	84	18	18	18	Q21	1	550806.6590409726	550806.6590409726	550806.6590409726	550806.6590409726	550806.6590409726	550806.6590409726	550806.6590409726	550806.6590409726	ok	/home/seunghyun/ycsb/results/chiplet_duckdb_tpch_sf1_single_thread_q21_madracks-mnode5_20260314T231814Z_2017190/runs/duckdb_tpch/chiplet_x7/inst18/run.stdout.log	/home/seunghyun/ycsb/results/chiplet_duckdb_tpch_sf1_single_thread_q21_madracks-mnode5_20260314T231814Z_2017190/runs/duckdb_tpch/chiplet_x7
2026-03-14T23:18:22Z	madracks-mnode5	amd	duckdb_tpch	analytic	per_instance_external	NO_RETIRED_INST_CYCLES	user	chiplet_x7	84	19	19	19	Q21	1	550803.3790392801	550803.3790392801	550803.3790392801	550803.3790392801	550803.3790392801	550803.3790392801	550803.3790392801	550803.3790392801	ok	/home/seunghyun/ycsb/results/chiplet_duckdb_tpch_sf1_single_thread_q21_madracks-mnode5_20260314T231814Z_2017190/runs/duckdb_tpch/chiplet_x7/inst19/run.stdout.log	/home/seunghyun/ycsb/results/chiplet_duckdb_tpch_sf1_single_thread_q21_madracks-mnode5_20260314T231814Z_2017190/runs/duckdb_tpch/chiplet_x7
2026-03-14T23:18:22Z	madracks-mnode5	amd	duckdb_tpch	analytic	per_instance_external	NO_RETIRED_INST_CYCLES	user	chiplet_x7	84	20	20	20	Q21	1	598092.7780037746	598092.7780037746	598092.7780037746	598092.7780037746	598092.7780037746	598092.7780037746	598092.7780037746	598092.7780037746	ok	/home/seunghyun/ycsb/results/chiplet_duckdb_tpch_sf1_single_thread_q21_madracks-mnode5_20260314T231814Z_2017190/runs/duckdb_tpch/chiplet_x7/inst20/run.stdout.log	/home/seunghyun/ycsb/results/chiplet_duckdb_tpch_sf1_single_thread_q21_madracks-mnode5_20260314T231814Z_2017190/runs/duckdb_tpch/chiplet_x7
2026-03-14T23:18:22Z	madracks-mnode5	amd	duckdb_tpch	analytic	per_instance_external	NO_RETIRED_INST_CYCLES	user	chiplet_x7	84	21	21	21	Q21	1	548239.2010162584	548239.2010162584	548239.2010162584	548239.2010162584	548239.2010162584	548239.2010162584	548239.2010162584	548239.2010162584	ok	/home/seunghyun/ycsb/results/chiplet_duckdb_tpch_sf1_single_thread_q21_madracks-mnode5_20260314T231814Z_2017190/runs/duckdb_tpch/chiplet_x7/inst21/run.stdout.log	/home/seunghyun/ycsb/results/chiplet_duckdb_tpch_sf1_single_thread_q21_madracks-mnode5_20260314T231814Z_2017190/runs/duckdb_tpch/chiplet_x7
2026-03-14T23:18:22Z	madracks-mnode5	amd	duckdb_tpch	analytic	per_instance_external	NO_RETIRED_INST_CYCLES	user	chiplet_x7	84	22	22	22	Q21	1	544819.2240437493	544819.2240437493	544819.2240437493	544819.2240437493	544819.2240437493	544819.2240437493	544819.2240437493	544819.2240437493	ok	/home/seunghyun/ycsb/results/chiplet_duckdb_tpch_sf1_single_thread_q21_madracks-mnode5_20260314T231814Z_2017190/runs/duckdb_tpch/chiplet_x7/inst22/run.stdout.log	/home/seunghyun/ycsb/results/chiplet_duckdb_tpch_sf1_single_thread_q21_madracks-mnode5_20260314T231814Z_2017190/runs/duckdb_tpch/chiplet_x7
2026-03-14T23:18:22Z	madracks-mnode5	amd	duckdb_tpch	analytic	per_instance_external	NO_RETIRED_INST_CYCLES	user	chiplet_x7	84	23	23	23	Q21	1	543499.1609654389	543499.1609654389	543499.1609654389	543499.1609654389	543499.1609654389	543499.1609654389	543499.1609654389	543499.1609654389	ok	/home/seunghyun/ycsb/results/chiplet_duckdb_tpch_sf1_single_thread_q21_madracks-mnode5_20260314T231814Z_2017190/runs/duckdb_tpch/chiplet_x7/inst23/run.stdout.log	/home/seunghyun/ycsb/results/chiplet_duckdb_tpch_sf1_single_thread_q21_madracks-mnode5_20260314T231814Z_2017190/runs/duckdb_tpch/chiplet_x7
2026-03-14T23:18:22Z	madracks-mnode5	amd	duckdb_tpch	analytic	per_instance_external	NO_RETIRED_INST_CYCLES	user	chiplet_x7	84	24	24	24	Q21	1	552590.876002796	552590.876002796	552590.876002796	552590.876002796	552590.876002796	552590.876002796	552590.876002796	552590.876002796	ok	/home/seunghyun/ycsb/results/chiplet_duckdb_tpch_sf1_single_thread_q21_madracks-mnode5_20260314T231814Z_2017190/runs/duckdb_tpch/chiplet_x7/inst24/run.stdout.log	/home/seunghyun/ycsb/results/chiplet_duckdb_tpch_sf1_single_thread_q21_madracks-mnode5_20260314T231814Z_2017190/runs/duckdb_tpch/chiplet_x7
2026-03-14T23:18:22Z	madracks-mnode5	amd	duckdb_tpch	analytic	per_instance_external	NO_RETIRED_INST_CYCLES	user	chiplet_x7	84	25	25	25	Q21	1	545633.1050372683	545633.1050372683	545633.1050372683	545633.1050372683	545633.1050372683	545633.1050372683	545633.1050372683	545633.1050372683	ok	/home/seunghyun/ycsb/results/chiplet_duckdb_tpch_sf1_single_thread_q21_madracks-mnode5_20260314T231814Z_2017190/runs/duckdb_tpch/chiplet_x7/inst25/run.stdout.log	/home/seunghyun/ycsb/results/chiplet_duckdb_tpch_sf1_single_thread_q21_madracks-mnode5_20260314T231814Z_2017190/runs/duckdb_tpch/chiplet_x7
2026-03-14T23:18:22Z	madracks-mnode5	amd	duckdb_tpch	analytic	per_instance_external	NO_RETIRED_INST_CYCLES	user	chiplet_x7	84	26	26	26	Q21	1	553076.0900001042	553076.0900001042	553076.0900001042	553076.0900001042	553076.0900001042	553076.0900001042	553076.0900001042	553076.0900001042	ok	/home/seunghyun/ycsb/results/chiplet_duckdb_tpch_sf1_single_thread_q21_madracks-mnode5_20260314T231814Z_2017190/runs/duckdb_tpch/chiplet_x7/inst26/run.stdout.log	/home/seunghyun/ycsb/results/chiplet_duckdb_tpch_sf1_single_thread_q21_madracks-mnode5_20260314T231814Z_2017190/runs/duckdb_tpch/chiplet_x7
2026-03-14T23:18:22Z	madracks-mnode5	amd	duckdb_tpch	analytic	per_instance_external	NO_RETIRED_INST_CYCLES	user	chiplet_x7	84	27	27	27	Q21	1	552591.4159952663	552591.4159952663	552591.4159952663	552591.4159952663	552591.4159952663	552591.4159952663	552591.4159952663	552591.4159952663	ok	/home/seunghyun/ycsb/results/chiplet_duckdb_tpch_sf1_single_thread_q21_madracks-mnode5_20260314T231814Z_2017190/runs/duckdb_tpch/chiplet_x7/inst27/run.stdout.log	/home/seunghyun/ycsb/results/chiplet_duckdb_tpch_sf1_single_thread_q21_madracks-mnode5_20260314T231814Z_2017190/runs/duckdb_tpch/chiplet_x7
2026-03-14T23:18:22Z	madracks-mnode5	amd	duckdb_tpch	analytic	per_instance_external	NO_RETIRED_INST_CYCLES	user	chiplet_x7	84	28	28	28	Q21	1	548725.9959918447	548725.9959918447	548725.9959918447	548725.9959918447	548725.9959918447	548725.9959918447	548725.9959918447	548725.9959918447	ok	/home/seunghyun/ycsb/results/chiplet_duckdb_tpch_sf1_single_thread_q21_madracks-mnode5_20260314T231814Z_2017190/runs/duckdb_tpch/chiplet_x7/inst28/run.stdout.log	/home/seunghyun/ycsb/results/chiplet_duckdb_tpch_sf1_single_thread_q21_madracks-mnode5_20260314T231814Z_2017190/runs/duckdb_tpch/chiplet_x7
2026-03-14T23:18:22Z	madracks-mnode5	amd	duckdb_tpch	analytic	per_instance_external	NO_RETIRED_INST_CYCLES	user	chiplet_x7	84	29	29	29	Q21	1	548250.2119848505	548250.2119848505	548250.2119848505	548250.2119848505	548250.2119848505	548250.2119848505	548250.2119848505	548250.2119848505	ok	/home/seunghyun/ycsb/results/chiplet_duckdb_tpch_sf1_single_thread_q21_madracks-mnode5_20260314T231814Z_2017190/runs/duckdb_tpch/chiplet_x7/inst29/run.stdout.log	/home/seunghyun/ycsb/results/chiplet_duckdb_tpch_sf1_single_thread_q21_madracks-mnode5_20260314T231814Z_2017190/runs/duckdb_tpch/chiplet_x7
2026-03-14T23:18:22Z	madracks-mnode5	amd	duckdb_tpch	analytic	per_instance_external	NO_RETIRED_INST_CYCLES	user	chiplet_x7	84	30	30	30	Q21	1	547458.8709766977	547458.8709766977	547458.8709766977	547458.8709766977	547458.8709766977	547458.8709766977	547458.8709766977	547458.8709766977	ok	/home/seunghyun/ycsb/results/chiplet_duckdb_tpch_sf1_single_thread_q21_madracks-mnode5_20260314T231814Z_2017190/runs/duckdb_tpch/chiplet_x7/inst30/run.stdout.log	/home/seunghyun/ycsb/results/chiplet_duckdb_tpch_sf1_single_thread_q21_madracks-mnode5_20260314T231814Z_2017190/runs/duckdb_tpch/chiplet_x7
2026-03-14T23:18:22Z	madracks-mnode5	amd	duckdb_tpch	analytic	per_instance_external	NO_RETIRED_INST_CYCLES	user	chiplet_x7	84	31	31	31	Q21	1	549513.6749814264	549513.6749814264	549513.6749814264	549513.6749814264	549513.6749814264	549513.6749814264	549513.6749814264	549513.6749814264	ok	/home/seunghyun/ycsb/results/chiplet_duckdb_tpch_sf1_single_thread_q21_madracks-mnode5_20260314T231814Z_2017190/runs/duckdb_tpch/chiplet_x7/inst31/run.stdout.log	/home/seunghyun/ycsb/results/chiplet_duckdb_tpch_sf1_single_thread_q21_madracks-mnode5_20260314T231814Z_2017190/runs/duckdb_tpch/chiplet_x7
2026-03-14T23:18:22Z	madracks-mnode5	amd	duckdb_tpch	analytic	per_instance_external	NO_RETIRED_INST_CYCLES	user	chiplet_x7	84	32	32	32	Q21	1	546811.9289726019	546811.9289726019	546811.9289726019	546811.9289726019	546811.9289726019	546811.9289726019	546811.9289726019	546811.9289726019	ok	/home/seunghyun/ycsb/results/chiplet_duckdb_tpch_sf1_single_thread_q21_madracks-mnode5_20260314T231814Z_2017190/runs/duckdb_tpch/chiplet_x7/inst32/run.stdout.log	/home/seunghyun/ycsb/results/chiplet_duckdb_tpch_sf1_single_thread_q21_madracks-mnode5_20260314T231814Z_2017190/runs/duckdb_tpch/chiplet_x7
2026-03-14T23:18:22Z	madracks-mnode5	amd	duckdb_tpch	analytic	per_instance_external	NO_RETIRED_INST_CYCLES	user	chiplet_x7	84	33	33	33	Q21	1	550696.9399866648	550696.9399866648	550696.9399866648	550696.9399866648	550696.9399866648	550696.9399866648	550696.9399866648	550696.9399866648	ok	/home/seunghyun/ycsb/results/chiplet_duckdb_tpch_sf1_single_thread_q21_madracks-mnode5_20260314T231814Z_2017190/runs/duckdb_tpch/chiplet_x7/inst33/run.stdout.log	/home/seunghyun/ycsb/results/chiplet_duckdb_tpch_sf1_single_thread_q21_madracks-mnode5_20260314T231814Z_2017190/runs/duckdb_tpch/chiplet_x7
2026-03-14T23:18:22Z	madracks-mnode5	amd	duckdb_tpch	analytic	per_instance_external	NO_RETIRED_INST_CYCLES	user	chiplet_x7	84	34	34	34	Q21	1	549752.063001506	549752.063001506	549752.063001506	549752.063001506	549752.063001506	549752.063001506	549752.063001506	549752.063001506	ok	/home/seunghyun/ycsb/results/chiplet_duckdb_tpch_sf1_single_thread_q21_madracks-mnode5_20260314T231814Z_2017190/runs/duckdb_tpch/chiplet_x7/inst34/run.stdout.log	/home/seunghyun/ycsb/results/chiplet_duckdb_tpch_sf1_single_thread_q21_madracks-mnode5_20260314T231814Z_2017190/runs/duckdb_tpch/chiplet_x7
2026-03-14T23:18:22Z	madracks-mnode5	amd	duckdb_tpch	analytic	per_instance_external	NO_RETIRED_INST_CYCLES	user	chiplet_x7	84	35	35	35	Q21	1	556969.6400198154	556969.6400198154	556969.6400198154	556969.6400198154	556969.6400198154	556969.6400198154	556969.6400198154	556969.6400198154	ok	/home/seunghyun/ycsb/results/chiplet_duckdb_tpch_sf1_single_thread_q21_madracks-mnode5_20260314T231814Z_2017190/runs/duckdb_tpch/chiplet_x7/inst35/run.stdout.log	/home/seunghyun/ycsb/results/chiplet_duckdb_tpch_sf1_single_thread_q21_madracks-mnode5_20260314T231814Z_2017190/runs/duckdb_tpch/chiplet_x7
2026-03-14T23:18:22Z	madracks-mnode5	amd	duckdb_tpch	analytic	per_instance_external	NO_RETIRED_INST_CYCLES	user	chiplet_x7	84	36	36	36	Q21	1	551419.9109748006	551419.9109748006	551419.9109748006	551419.9109748006	551419.9109748006	551419.9109748006	551419.9109748006	551419.9109748006	ok	/home/seunghyun/ycsb/results/chiplet_duckdb_tpch_sf1_single_thread_q21_madracks-mnode5_20260314T231814Z_2017190/runs/duckdb_tpch/chiplet_x7/inst36/run.stdout.log	/home/seunghyun/ycsb/results/chiplet_duckdb_tpch_sf1_single_thread_q21_madracks-mnode5_20260314T231814Z_2017190/runs/duckdb_tpch/chiplet_x7
2026-03-14T23:18:22Z	madracks-mnode5	amd	duckdb_tpch	analytic	per_instance_external	NO_RETIRED_INST_CYCLES	user	chiplet_x7	84	37	37	37	Q21	1	561015.1389846578	561015.1389846578	561015.1389846578	561015.1389846578	561015.1389846578	561015.1389846578	561015.1389846578	561015.1389846578	ok	/home/seunghyun/ycsb/results/chiplet_duckdb_tpch_sf1_single_thread_q21_madracks-mnode5_20260314T231814Z_2017190/runs/duckdb_tpch/chiplet_x7/inst37/run.stdout.log	/home/seunghyun/ycsb/results/chiplet_duckdb_tpch_sf1_single_thread_q21_madracks-mnode5_20260314T231814Z_2017190/runs/duckdb_tpch/chiplet_x7
2026-03-14T23:18:22Z	madracks-mnode5	amd	duckdb_tpch	analytic	per_instance_external	NO_RETIRED_INST_CYCLES	user	chiplet_x7	84	38	38	38	Q21	1	558268.663007766	558268.663007766	558268.663007766	558268.663007766	558268.663007766	558268.663007766	558268.663007766	558268.663007766	ok	/home/seunghyun/ycsb/results/chiplet_duckdb_tpch_sf1_single_thread_q21_madracks-mnode5_20260314T231814Z_2017190/runs/duckdb_tpch/chiplet_x7/inst38/run.stdout.log	/home/seunghyun/ycsb/results/chiplet_duckdb_tpch_sf1_single_thread_q21_madracks-mnode5_20260314T231814Z_2017190/runs/duckdb_tpch/chiplet_x7
2026-03-14T23:18:22Z	madracks-mnode5	amd	duckdb_tpch	analytic	per_instance_external	NO_RETIRED_INST_CYCLES	user	chiplet_x7	84	39	39	39	Q21	1	553573.3139840886	553573.3139840886	553573.3139840886	553573.3139840886	553573.3139840886	553573.3139840886	553573.3139840886	553573.3139840886	ok	/home/seunghyun/ycsb/results/chiplet_duckdb_tpch_sf1_single_thread_q21_madracks-mnode5_20260314T231814Z_2017190/runs/duckdb_tpch/chiplet_x7/inst39/run.stdout.log	/home/seunghyun/ycsb/results/chiplet_duckdb_tpch_sf1_single_thread_q21_madracks-mnode5_20260314T231814Z_2017190/runs/duckdb_tpch/chiplet_x7
2026-03-14T23:18:22Z	madracks-mnode5	amd	duckdb_tpch	analytic	per_instance_external	NO_RETIRED_INST_CYCLES	user	chiplet_x7	84	40	40	40	Q21	1	548790.0539883412	548790.0539883412	548790.0539883412	548790.0539883412	548790.0539883412	548790.0539883412	548790.0539883412	548790.0539883412	ok	/home/seunghyun/ycsb/results/chiplet_duckdb_tpch_sf1_single_thread_q21_madracks-mnode5_20260314T231814Z_2017190/runs/duckdb_tpch/chiplet_x7/inst40/run.stdout.log	/home/seunghyun/ycsb/results/chiplet_duckdb_tpch_sf1_single_thread_q21_madracks-mnode5_20260314T231814Z_2017190/runs/duckdb_tpch/chiplet_x7
2026-03-14T23:18:22Z	madracks-mnode5	amd	duckdb_tpch	analytic	per_instance_external	NO_RETIRED_INST_CYCLES	user	chiplet_x7	84	41	41	41	Q21	1	549571.7649464495	549571.7649464495	549571.7649464495	549571.7649464495	549571.7649464495	549571.7649464495	549571.7649464495	549571.7649464495	ok	/home/seunghyun/ycsb/results/chiplet_duckdb_tpch_sf1_single_thread_q21_madracks-mnode5_20260314T231814Z_2017190/runs/duckdb_tpch/chiplet_x7/inst41/run.stdout.log	/home/seunghyun/ycsb/results/chiplet_duckdb_tpch_sf1_single_thread_q21_madracks-mnode5_20260314T231814Z_2017190/runs/duckdb_tpch/chiplet_x7
2026-03-14T23:18:22Z	madracks-mnode5	amd	duckdb_tpch	analytic	per_instance_external	NO_RETIRED_INST_CYCLES	user	chiplet_x7	84	42	42	42	Q21	1	632999.6839631349	632999.6839631349	632999.6839631349	632999.6839631349	632999.6839631349	632999.6839631349	632999.6839631349	632999.6839631349	ok	/home/seunghyun/ycsb/results/chiplet_duckdb_tpch_sf1_single_thread_q21_madracks-mnode5_20260314T231814Z_2017190/runs/duckdb_tpch/chiplet_x7/inst42/run.stdout.log	/home/seunghyun/ycsb/results/chiplet_duckdb_tpch_sf1_single_thread_q21_madracks-mnode5_20260314T231814Z_2017190/runs/duckdb_tpch/chiplet_x7
2026-03-14T23:18:22Z	madracks-mnode5	amd	duckdb_tpch	analytic	per_instance_external	NO_RETIRED_INST_CYCLES	user	chiplet_x7	84	43	43	43	Q21	1	553145.7789475098	553145.7789475098	553145.7789475098	553145.7789475098	553145.7789475098	553145.7789475098	553145.7789475098	553145.7789475098	ok	/home/seunghyun/ycsb/results/chiplet_duckdb_tpch_sf1_single_thread_q21_madracks-mnode5_20260314T231814Z_2017190/runs/duckdb_tpch/chiplet_x7/inst43/run.stdout.log	/home/seunghyun/ycsb/results/chiplet_duckdb_tpch_sf1_single_thread_q21_madracks-mnode5_20260314T231814Z_2017190/runs/duckdb_tpch/chiplet_x7
2026-03-14T23:18:22Z	madracks-mnode5	amd	duckdb_tpch	analytic	per_instance_external	NO_RETIRED_INST_CYCLES	user	chiplet_x7	84	44	44	44	Q21	1	547962.2649727389	547962.2649727389	547962.2649727389	547962.2649727389	547962.2649727389	547962.2649727389	547962.2649727389	547962.2649727389	ok	/home/seunghyun/ycsb/results/chiplet_duckdb_tpch_sf1_single_thread_q21_madracks-mnode5_20260314T231814Z_2017190/runs/duckdb_tpch/chiplet_x7/inst44/run.stdout.log	/home/seunghyun/ycsb/results/chiplet_duckdb_tpch_sf1_single_thread_q21_madracks-mnode5_20260314T231814Z_2017190/runs/duckdb_tpch/chiplet_x7
2026-03-14T23:18:22Z	madracks-mnode5	amd	duckdb_tpch	analytic	per_instance_external	NO_RETIRED_INST_CYCLES	user	chiplet_x7	84	45	45	45	Q21	1	558474.4319785386	558474.4319785386	558474.4319785386	558474.4319785386	558474.4319785386	558474.4319785386	558474.4319785386	558474.4319785386	ok	/home/seunghyun/ycsb/results/chiplet_duckdb_tpch_sf1_single_thread_q21_madracks-mnode5_20260314T231814Z_2017190/runs/duckdb_tpch/chiplet_x7/inst45/run.stdout.log	/home/seunghyun/ycsb/results/chiplet_duckdb_tpch_sf1_single_thread_q21_madracks-mnode5_20260314T231814Z_2017190/runs/duckdb_tpch/chiplet_x7
2026-03-14T23:18:22Z	madracks-mnode5	amd	duckdb_tpch	analytic	per_instance_external	NO_RETIRED_INST_CYCLES	user	chiplet_x7	84	46	46	46	Q21	1	548596.5260304511	548596.5260304511	548596.5260304511	548596.5260304511	548596.5260304511	548596.5260304511	548596.5260304511	548596.5260304511	ok	/home/seunghyun/ycsb/results/chiplet_duckdb_tpch_sf1_single_thread_q21_madracks-mnode5_20260314T231814Z_2017190/runs/duckdb_tpch/chiplet_x7/inst46/run.stdout.log	/home/seunghyun/ycsb/results/chiplet_duckdb_tpch_sf1_single_thread_q21_madracks-mnode5_20260314T231814Z_2017190/runs/duckdb_tpch/chiplet_x7
2026-03-14T23:18:22Z	madracks-mnode5	amd	duckdb_tpch	analytic	per_instance_external	NO_RETIRED_INST_CYCLES	user	chiplet_x7	84	47	47	47	Q21	1	553977.1789917722	553977.1789917722	553977.1789917722	553977.1789917722	553977.1789917722	553977.1789917722	553977.1789917722	553977.1789917722	ok	/home/seunghyun/ycsb/results/chiplet_duckdb_tpch_sf1_single_thread_q21_madracks-mnode5_20260314T231814Z_2017190/runs/duckdb_tpch/chiplet_x7/inst47/run.stdout.log	/home/seunghyun/ycsb/results/chiplet_duckdb_tpch_sf1_single_thread_q21_madracks-mnode5_20260314T231814Z_2017190/runs/duckdb_tpch/chiplet_x7
2026-03-14T23:18:22Z	madracks-mnode5	amd	duckdb_tpch	analytic	per_instance_external	NO_RETIRED_INST_CYCLES	user	chiplet_x7	84	48	48	48	Q21	1	556605.8559925295	556605.8559925295	556605.8559925295	556605.8559925295	556605.8559925295	556605.8559925295	556605.8559925295	556605.8559925295	ok	/home/seunghyun/ycsb/results/chiplet_duckdb_tpch_sf1_single_thread_q21_madracks-mnode5_20260314T231814Z_2017190/runs/duckdb_tpch/chiplet_x7/inst48/run.stdout.log	/home/seunghyun/ycsb/results/chiplet_duckdb_tpch_sf1_single_thread_q21_madracks-mnode5_20260314T231814Z_2017190/runs/duckdb_tpch/chiplet_x7
2026-03-14T23:18:22Z	madracks-mnode5	amd	duckdb_tpch	analytic	per_instance_external	NO_RETIRED_INST_CYCLES	user	chiplet_x7	84	49	49	49	Q21	1	549861.3910167478	549861.3910167478	549861.3910167478	549861.3910167478	549861.3910167478	549861.3910167478	549861.3910167478	549861.3910167478	ok	/home/seunghyun/ycsb/results/chiplet_duckdb_tpch_sf1_single_thread_q21_madracks-mnode5_20260314T231814Z_2017190/runs/duckdb_tpch/chiplet_x7/inst49/run.stdout.log	/home/seunghyun/ycsb/results/chiplet_duckdb_tpch_sf1_single_thread_q21_madracks-mnode5_20260314T231814Z_2017190/runs/duckdb_tpch/chiplet_x7
2026-03-14T23:18:22Z	madracks-mnode5	amd	duckdb_tpch	analytic	per_instance_external	NO_RETIRED_INST_CYCLES	user	chiplet_x7	84	50	50	50	Q21	1	550742.0090143569	550742.0090143569	550742.0090143569	550742.0090143569	550742.0090143569	550742.0090143569	550742.0090143569	550742.0090143569	ok	/home/seunghyun/ycsb/results/chiplet_duckdb_tpch_sf1_single_thread_q21_madracks-mnode5_20260314T231814Z_2017190/runs/duckdb_tpch/chiplet_x7/inst50/run.stdout.log	/home/seunghyun/ycsb/results/chiplet_duckdb_tpch_sf1_single_thread_q21_madracks-mnode5_20260314T231814Z_2017190/runs/duckdb_tpch/chiplet_x7
2026-03-14T23:18:22Z	madracks-mnode5	amd	duckdb_tpch	analytic	per_instance_external	NO_RETIRED_INST_CYCLES	user	chiplet_x7	84	51	51	51	Q21	1	550962.3269899748	550962.3269899748	550962.3269899748	550962.3269899748	550962.3269899748	550962.3269899748	550962.3269899748	550962.3269899748	ok	/home/seunghyun/ycsb/results/chiplet_duckdb_tpch_sf1_single_thread_q21_madracks-mnode5_20260314T231814Z_2017190/runs/duckdb_tpch/chiplet_x7/inst51/run.stdout.log	/home/seunghyun/ycsb/results/chiplet_duckdb_tpch_sf1_single_thread_q21_madracks-mnode5_20260314T231814Z_2017190/runs/duckdb_tpch/chiplet_x7
2026-03-14T23:18:22Z	madracks-mnode5	amd	duckdb_tpch	analytic	per_instance_external	NO_RETIRED_INST_CYCLES	user	chiplet_x7	84	52	52	52	Q21	1	560450.5959781818	560450.5959781818	560450.5959781818	560450.5959781818	560450.5959781818	560450.5959781818	560450.5959781818	560450.5959781818	ok	/home/seunghyun/ycsb/results/chiplet_duckdb_tpch_sf1_single_thread_q21_madracks-mnode5_20260314T231814Z_2017190/runs/duckdb_tpch/chiplet_x7/inst52/run.stdout.log	/home/seunghyun/ycsb/results/chiplet_duckdb_tpch_sf1_single_thread_q21_madracks-mnode5_20260314T231814Z_2017190/runs/duckdb_tpch/chiplet_x7
2026-03-14T23:18:22Z	madracks-mnode5	amd	duckdb_tpch	analytic	per_instance_external	NO_RETIRED_INST_CYCLES	user	chiplet_x7	84	53	53	53	Q21	1	550461.5129902959	550461.5129902959	550461.5129902959	550461.5129902959	550461.5129902959	550461.5129902959	550461.5129902959	550461.5129902959	ok	/home/seunghyun/ycsb/results/chiplet_duckdb_tpch_sf1_single_thread_q21_madracks-mnode5_20260314T231814Z_2017190/runs/duckdb_tpch/chiplet_x7/inst53/run.stdout.log	/home/seunghyun/ycsb/results/chiplet_duckdb_tpch_sf1_single_thread_q21_madracks-mnode5_20260314T231814Z_2017190/runs/duckdb_tpch/chiplet_x7
2026-03-14T23:18:22Z	madracks-mnode5	amd	duckdb_tpch	analytic	per_instance_external	NO_RETIRED_INST_CYCLES	user	chiplet_x7	84	54	54	54	Q21	1	550709.0799510479	550709.0799510479	550709.0799510479	550709.0799510479	550709.0799510479	550709.0799510479	550709.0799510479	550709.0799510479	ok	/home/seunghyun/ycsb/results/chiplet_duckdb_tpch_sf1_single_thread_q21_madracks-mnode5_20260314T231814Z_2017190/runs/duckdb_tpch/chiplet_x7/inst54/run.stdout.log	/home/seunghyun/ycsb/results/chiplet_duckdb_tpch_sf1_single_thread_q21_madracks-mnode5_20260314T231814Z_2017190/runs/duckdb_tpch/chiplet_x7
2026-03-14T23:18:22Z	madracks-mnode5	amd	duckdb_tpch	analytic	per_instance_external	NO_RETIRED_INST_CYCLES	user	chiplet_x7	84	55	55	55	Q21	1	601827.0709901117	601827.0709901117	601827.0709901117	601827.0709901117	601827.0709901117	601827.0709901117	601827.0709901117	601827.0709901117	ok	/home/seunghyun/ycsb/results/chiplet_duckdb_tpch_sf1_single_thread_q21_madracks-mnode5_20260314T231814Z_2017190/runs/duckdb_tpch/chiplet_x7/inst55/run.stdout.log	/home/seunghyun/ycsb/results/chiplet_duckdb_tpch_sf1_single_thread_q21_madracks-mnode5_20260314T231814Z_2017190/runs/duckdb_tpch/chiplet_x7
2026-03-14T23:18:22Z	madracks-mnode5	amd	duckdb_tpch	analytic	per_instance_external	NO_RETIRED_INST_CYCLES	user	chiplet_x7	84	56	56	56	Q21	1	547998.8839942962	547998.8839942962	547998.8839942962	547998.8839942962	547998.8839942962	547998.8839942962	547998.8839942962	547998.8839942962	ok	/home/seunghyun/ycsb/results/chiplet_duckdb_tpch_sf1_single_thread_q21_madracks-mnode5_20260314T231814Z_2017190/runs/duckdb_tpch/chiplet_x7/inst56/run.stdout.log	/home/seunghyun/ycsb/results/chiplet_duckdb_tpch_sf1_single_thread_q21_madracks-mnode5_20260314T231814Z_2017190/runs/duckdb_tpch/chiplet_x7
2026-03-14T23:18:22Z	madracks-mnode5	amd	duckdb_tpch	analytic	per_instance_external	NO_RETIRED_INST_CYCLES	user	chiplet_x7	84	57	57	57	Q21	1	551695.0180171989	551695.0180171989	551695.0180171989	551695.0180171989	551695.0180171989	551695.0180171989	551695.0180171989	551695.0180171989	ok	/home/seunghyun/ycsb/results/chiplet_duckdb_tpch_sf1_single_thread_q21_madracks-mnode5_20260314T231814Z_2017190/runs/duckdb_tpch/chiplet_x7/inst57/run.stdout.log	/home/seunghyun/ycsb/results/chiplet_duckdb_tpch_sf1_single_thread_q21_madracks-mnode5_20260314T231814Z_2017190/runs/duckdb_tpch/chiplet_x7
2026-03-14T23:18:22Z	madracks-mnode5	amd	duckdb_tpch	analytic	per_instance_external	NO_RETIRED_INST_CYCLES	user	chiplet_x7	84	58	58	58	Q21	1	549299.1979699582	549299.1979699582	549299.1979699582	549299.1979699582	549299.1979699582	549299.1979699582	549299.1979699582	549299.1979699582	ok	/home/seunghyun/ycsb/results/chiplet_duckdb_tpch_sf1_single_thread_q21_madracks-mnode5_20260314T231814Z_2017190/runs/duckdb_tpch/chiplet_x7/inst58/run.stdout.log	/home/seunghyun/ycsb/results/chiplet_duckdb_tpch_sf1_single_thread_q21_madracks-mnode5_20260314T231814Z_2017190/runs/duckdb_tpch/chiplet_x7
2026-03-14T23:18:22Z	madracks-mnode5	amd	duckdb_tpch	analytic	per_instance_external	NO_RETIRED_INST_CYCLES	user	chiplet_x7	84	59	59	59	Q21	1	551735.4870098643	551735.4870098643	551735.4870098643	551735.4870098643	551735.4870098643	551735.4870098643	551735.4870098643	551735.4870098643	ok	/home/seunghyun/ycsb/results/chiplet_duckdb_tpch_sf1_single_thread_q21_madracks-mnode5_20260314T231814Z_2017190/runs/duckdb_tpch/chiplet_x7/inst59/run.stdout.log	/home/seunghyun/ycsb/results/chiplet_duckdb_tpch_sf1_single_thread_q21_madracks-mnode5_20260314T231814Z_2017190/runs/duckdb_tpch/chiplet_x7
2026-03-14T23:18:22Z	madracks-mnode5	amd	duckdb_tpch	analytic	per_instance_external	NO_RETIRED_INST_CYCLES	user	chiplet_x7	84	60	60	60	Q21	1	551327.3119577207	551327.3119577207	551327.3119577207	551327.3119577207	551327.3119577207	551327.3119577207	551327.3119577207	551327.3119577207	ok	/home/seunghyun/ycsb/results/chiplet_duckdb_tpch_sf1_single_thread_q21_madracks-mnode5_20260314T231814Z_2017190/runs/duckdb_tpch/chiplet_x7/inst60/run.stdout.log	/home/seunghyun/ycsb/results/chiplet_duckdb_tpch_sf1_single_thread_q21_madracks-mnode5_20260314T231814Z_2017190/runs/duckdb_tpch/chiplet_x7
2026-03-14T23:18:22Z	madracks-mnode5	amd	duckdb_tpch	analytic	per_instance_external	NO_RETIRED_INST_CYCLES	user	chiplet_x7	84	61	61	61	Q21	1	543688.40000825	543688.40000825	543688.40000825	543688.40000825	543688.40000825	543688.40000825	543688.40000825	543688.40000825	ok	/home/seunghyun/ycsb/results/chiplet_duckdb_tpch_sf1_single_thread_q21_madracks-mnode5_20260314T231814Z_2017190/runs/duckdb_tpch/chiplet_x7/inst61/run.stdout.log	/home/seunghyun/ycsb/results/chiplet_duckdb_tpch_sf1_single_thread_q21_madracks-mnode5_20260314T231814Z_2017190/runs/duckdb_tpch/chiplet_x7
2026-03-14T23:18:22Z	madracks-mnode5	amd	duckdb_tpch	analytic	per_instance_external	NO_RETIRED_INST_CYCLES	user	chiplet_x7	84	62	62	62	Q21	1	551282.5629557483	551282.5629557483	551282.5629557483	551282.5629557483	551282.5629557483	551282.5629557483	551282.5629557483	551282.5629557483	ok	/home/seunghyun/ycsb/results/chiplet_duckdb_tpch_sf1_single_thread_q21_madracks-mnode5_20260314T231814Z_2017190/runs/duckdb_tpch/chiplet_x7/inst62/run.stdout.log	/home/seunghyun/ycsb/results/chiplet_duckdb_tpch_sf1_single_thread_q21_madracks-mnode5_20260314T231814Z_2017190/runs/duckdb_tpch/chiplet_x7
2026-03-14T23:18:22Z	madracks-mnode5	amd	duckdb_tpch	analytic	per_instance_external	NO_RETIRED_INST_CYCLES	user	chiplet_x7	84	63	63	63	Q21	1	547134.1949887574	547134.1949887574	547134.1949887574	547134.1949887574	547134.1949887574	547134.1949887574	547134.1949887574	547134.1949887574	ok	/home/seunghyun/ycsb/results/chiplet_duckdb_tpch_sf1_single_thread_q21_madracks-mnode5_20260314T231814Z_2017190/runs/duckdb_tpch/chiplet_x7/inst63/run.stdout.log	/home/seunghyun/ycsb/results/chiplet_duckdb_tpch_sf1_single_thread_q21_madracks-mnode5_20260314T231814Z_2017190/runs/duckdb_tpch/chiplet_x7
2026-03-14T23:18:22Z	madracks-mnode5	amd	duckdb_tpch	analytic	per_instance_external	NO_RETIRED_INST_CYCLES	user	chiplet_x7	84	64	64	64	Q21	1	547622.2190191038	547622.2190191038	547622.2190191038	547622.2190191038	547622.2190191038	547622.2190191038	547622.2190191038	547622.2190191038	ok	/home/seunghyun/ycsb/results/chiplet_duckdb_tpch_sf1_single_thread_q21_madracks-mnode5_20260314T231814Z_2017190/runs/duckdb_tpch/chiplet_x7/inst64/run.stdout.log	/home/seunghyun/ycsb/results/chiplet_duckdb_tpch_sf1_single_thread_q21_madracks-mnode5_20260314T231814Z_2017190/runs/duckdb_tpch/chiplet_x7
2026-03-14T23:18:22Z	madracks-mnode5	amd	duckdb_tpch	analytic	per_instance_external	NO_RETIRED_INST_CYCLES	user	chiplet_x7	84	65	65	65	Q21	1	547001.6770414077	547001.6770414077	547001.6770414077	547001.6770414077	547001.6770414077	547001.6770414077	547001.6770414077	547001.6770414077	ok	/home/seunghyun/ycsb/results/chiplet_duckdb_tpch_sf1_single_thread_q21_madracks-mnode5_20260314T231814Z_2017190/runs/duckdb_tpch/chiplet_x7/inst65/run.stdout.log	/home/seunghyun/ycsb/results/chiplet_duckdb_tpch_sf1_single_thread_q21_madracks-mnode5_20260314T231814Z_2017190/runs/duckdb_tpch/chiplet_x7
2026-03-14T23:18:22Z	madracks-mnode5	amd	duckdb_tpch	analytic	per_instance_external	NO_RETIRED_INST_CYCLES	user	chiplet_x7	84	66	66	66	Q21	1	552356.5990151837	552356.5990151837	552356.5990151837	552356.5990151837	552356.5990151837	552356.5990151837	552356.5990151837	552356.5990151837	ok	/home/seunghyun/ycsb/results/chiplet_duckdb_tpch_sf1_single_thread_q21_madracks-mnode5_20260314T231814Z_2017190/runs/duckdb_tpch/chiplet_x7/inst66/run.stdout.log	/home/seunghyun/ycsb/results/chiplet_duckdb_tpch_sf1_single_thread_q21_madracks-mnode5_20260314T231814Z_2017190/runs/duckdb_tpch/chiplet_x7
2026-03-14T23:18:22Z	madracks-mnode5	amd	duckdb_tpch	analytic	per_instance_external	NO_RETIRED_INST_CYCLES	user	chiplet_x7	84	67	67	67	Q21	1	558517.8000037558	558517.8000037558	558517.8000037558	558517.8000037558	558517.8000037558	558517.8000037558	558517.8000037558	558517.8000037558	ok	/home/seunghyun/ycsb/results/chiplet_duckdb_tpch_sf1_single_thread_q21_madracks-mnode5_20260314T231814Z_2017190/runs/duckdb_tpch/chiplet_x7/inst67/run.stdout.log	/home/seunghyun/ycsb/results/chiplet_duckdb_tpch_sf1_single_thread_q21_madracks-mnode5_20260314T231814Z_2017190/runs/duckdb_tpch/chiplet_x7
2026-03-14T23:18:22Z	madracks-mnode5	amd	duckdb_tpch	analytic	per_instance_external	NO_RETIRED_INST_CYCLES	user	chiplet_x7	84	68	68	68	Q21	1	553447.394981049	553447.394981049	553447.394981049	553447.394981049	553447.394981049	553447.394981049	553447.394981049	553447.394981049	ok	/home/seunghyun/ycsb/results/chiplet_duckdb_tpch_sf1_single_thread_q21_madracks-mnode5_20260314T231814Z_2017190/runs/duckdb_tpch/chiplet_x7/inst68/run.stdout.log	/home/seunghyun/ycsb/results/chiplet_duckdb_tpch_sf1_single_thread_q21_madracks-mnode5_20260314T231814Z_2017190/runs/duckdb_tpch/chiplet_x7
2026-03-14T23:18:22Z	madracks-mnode5	amd	duckdb_tpch	analytic	per_instance_external	NO_RETIRED_INST_CYCLES	user	chiplet_x7	84	69	69	69	Q21	1	557755.8799996041	557755.8799996041	557755.8799996041	557755.8799996041	557755.8799996041	557755.8799996041	557755.8799996041	557755.8799996041	ok	/home/seunghyun/ycsb/results/chiplet_duckdb_tpch_sf1_single_thread_q21_madracks-mnode5_20260314T231814Z_2017190/runs/duckdb_tpch/chiplet_x7/inst69/run.stdout.log	/home/seunghyun/ycsb/results/chiplet_duckdb_tpch_sf1_single_thread_q21_madracks-mnode5_20260314T231814Z_2017190/runs/duckdb_tpch/chiplet_x7
2026-03-14T23:18:22Z	madracks-mnode5	amd	duckdb_tpch	analytic	per_instance_external	NO_RETIRED_INST_CYCLES	user	chiplet_x7	84	70	70	70	Q21	1	843807.4159785174	843807.4159785174	843807.4159785174	843807.4159785174	843807.4159785174	843807.4159785174	843807.4159785174	843807.4159785174	ok	/home/seunghyun/ycsb/results/chiplet_duckdb_tpch_sf1_single_thread_q21_madracks-mnode5_20260314T231814Z_2017190/runs/duckdb_tpch/chiplet_x7/inst70/run.stdout.log	/home/seunghyun/ycsb/results/chiplet_duckdb_tpch_sf1_single_thread_q21_madracks-mnode5_20260314T231814Z_2017190/runs/duckdb_tpch/chiplet_x7
2026-03-14T23:18:22Z	madracks-mnode5	amd	duckdb_tpch	analytic	per_instance_external	NO_RETIRED_INST_CYCLES	user	chiplet_x7	84	71	71	71	Q21	1	550669.871037826	550669.871037826	550669.871037826	550669.871037826	550669.871037826	550669.871037826	550669.871037826	550669.871037826	ok	/home/seunghyun/ycsb/results/chiplet_duckdb_tpch_sf1_single_thread_q21_madracks-mnode5_20260314T231814Z_2017190/runs/duckdb_tpch/chiplet_x7/inst71/run.stdout.log	/home/seunghyun/ycsb/results/chiplet_duckdb_tpch_sf1_single_thread_q21_madracks-mnode5_20260314T231814Z_2017190/runs/duckdb_tpch/chiplet_x7
2026-03-14T23:18:22Z	madracks-mnode5	amd	duckdb_tpch	analytic	per_instance_external	NO_RETIRED_INST_CYCLES	user	chiplet_x7	84	72	72	72	Q21	1	558581.9900152273	558581.9900152273	558581.9900152273	558581.9900152273	558581.9900152273	558581.9900152273	558581.9900152273	558581.9900152273	ok	/home/seunghyun/ycsb/results/chiplet_duckdb_tpch_sf1_single_thread_q21_madracks-mnode5_20260314T231814Z_2017190/runs/duckdb_tpch/chiplet_x7/inst72/run.stdout.log	/home/seunghyun/ycsb/results/chiplet_duckdb_tpch_sf1_single_thread_q21_madracks-mnode5_20260314T231814Z_2017190/runs/duckdb_tpch/chiplet_x7
2026-03-14T23:18:22Z	madracks-mnode5	amd	duckdb_tpch	analytic	per_instance_external	NO_RETIRED_INST_CYCLES	user	chiplet_x7	84	73	73	73	Q21	1	546109.7989464179	546109.7989464179	546109.7989464179	546109.7989464179	546109.7989464179	546109.7989464179	546109.7989464179	546109.7989464179	ok	/home/seunghyun/ycsb/results/chiplet_duckdb_tpch_sf1_single_thread_q21_madracks-mnode5_20260314T231814Z_2017190/runs/duckdb_tpch/chiplet_x7/inst73/run.stdout.log	/home/seunghyun/ycsb/results/chiplet_duckdb_tpch_sf1_single_thread_q21_madracks-mnode5_20260314T231814Z_2017190/runs/duckdb_tpch/chiplet_x7
2026-03-14T23:18:22Z	madracks-mnode5	amd	duckdb_tpch	analytic	per_instance_external	NO_RETIRED_INST_CYCLES	user	chiplet_x7	84	74	74	74	Q21	1	544378.8900156505	544378.8900156505	544378.8900156505	544378.8900156505	544378.8900156505	544378.8900156505	544378.8900156505	544378.8900156505	ok	/home/seunghyun/ycsb/results/chiplet_duckdb_tpch_sf1_single_thread_q21_madracks-mnode5_20260314T231814Z_2017190/runs/duckdb_tpch/chiplet_x7/inst74/run.stdout.log	/home/seunghyun/ycsb/results/chiplet_duckdb_tpch_sf1_single_thread_q21_madracks-mnode5_20260314T231814Z_2017190/runs/duckdb_tpch/chiplet_x7
2026-03-14T23:18:22Z	madracks-mnode5	amd	duckdb_tpch	analytic	per_instance_external	NO_RETIRED_INST_CYCLES	user	chiplet_x7	84	75	75	75	Q21	1	546171.8479637057	546171.8479637057	546171.8479637057	546171.8479637057	546171.8479637057	546171.8479637057	546171.8479637057	546171.8479637057	ok	/home/seunghyun/ycsb/results/chiplet_duckdb_tpch_sf1_single_thread_q21_madracks-mnode5_20260314T231814Z_2017190/runs/duckdb_tpch/chiplet_x7/inst75/run.stdout.log	/home/seunghyun/ycsb/results/chiplet_duckdb_tpch_sf1_single_thread_q21_madracks-mnode5_20260314T231814Z_2017190/runs/duckdb_tpch/chiplet_x7
2026-03-14T23:18:22Z	madracks-mnode5	amd	duckdb_tpch	analytic	per_instance_external	NO_RETIRED_INST_CYCLES	user	chiplet_x7	84	76	76	76	Q21	1	553842.0000229962	553842.0000229962	553842.0000229962	553842.0000229962	553842.0000229962	553842.0000229962	553842.0000229962	553842.0000229962	ok	/home/seunghyun/ycsb/results/chiplet_duckdb_tpch_sf1_single_thread_q21_madracks-mnode5_20260314T231814Z_2017190/runs/duckdb_tpch/chiplet_x7/inst76/run.stdout.log	/home/seunghyun/ycsb/results/chiplet_duckdb_tpch_sf1_single_thread_q21_madracks-mnode5_20260314T231814Z_2017190/runs/duckdb_tpch/chiplet_x7
2026-03-14T23:18:22Z	madracks-mnode5	amd	duckdb_tpch	analytic	per_instance_external	NO_RETIRED_INST_CYCLES	user	chiplet_x7	84	77	77	77	Q21	1	590886.5790115669	590886.5790115669	590886.5790115669	590886.5790115669	590886.5790115669	590886.5790115669	590886.5790115669	590886.5790115669	ok	/home/seunghyun/ycsb/results/chiplet_duckdb_tpch_sf1_single_thread_q21_madracks-mnode5_20260314T231814Z_2017190/runs/duckdb_tpch/chiplet_x7/inst77/run.stdout.log	/home/seunghyun/ycsb/results/chiplet_duckdb_tpch_sf1_single_thread_q21_madracks-mnode5_20260314T231814Z_2017190/runs/duckdb_tpch/chiplet_x7
2026-03-14T23:18:22Z	madracks-mnode5	amd	duckdb_tpch	analytic	per_instance_external	NO_RETIRED_INST_CYCLES	user	chiplet_x7	84	78	78	78	Q21	1	555669.8669679463	555669.8669679463	555669.8669679463	555669.8669679463	555669.8669679463	555669.8669679463	555669.8669679463	555669.8669679463	ok	/home/seunghyun/ycsb/results/chiplet_duckdb_tpch_sf1_single_thread_q21_madracks-mnode5_20260314T231814Z_2017190/runs/duckdb_tpch/chiplet_x7/inst78/run.stdout.log	/home/seunghyun/ycsb/results/chiplet_duckdb_tpch_sf1_single_thread_q21_madracks-mnode5_20260314T231814Z_2017190/runs/duckdb_tpch/chiplet_x7
2026-03-14T23:18:22Z	madracks-mnode5	amd	duckdb_tpch	analytic	per_instance_external	NO_RETIRED_INST_CYCLES	user	chiplet_x7	84	79	79	79	Q21	1	555594.2580103874	555594.2580103874	555594.2580103874	555594.2580103874	555594.2580103874	555594.2580103874	555594.2580103874	555594.2580103874	ok	/home/seunghyun/ycsb/results/chiplet_duckdb_tpch_sf1_single_thread_q21_madracks-mnode5_20260314T231814Z_2017190/runs/duckdb_tpch/chiplet_x7/inst79/run.stdout.log	/home/seunghyun/ycsb/results/chiplet_duckdb_tpch_sf1_single_thread_q21_madracks-mnode5_20260314T231814Z_2017190/runs/duckdb_tpch/chiplet_x7
2026-03-14T23:18:22Z	madracks-mnode5	amd	duckdb_tpch	analytic	per_instance_external	NO_RETIRED_INST_CYCLES	user	chiplet_x7	84	80	80	80	Q21	1	555318.9420024864	555318.9420024864	555318.9420024864	555318.9420024864	555318.9420024864	555318.9420024864	555318.9420024864	555318.9420024864	ok	/home/seunghyun/ycsb/results/chiplet_duckdb_tpch_sf1_single_thread_q21_madracks-mnode5_20260314T231814Z_2017190/runs/duckdb_tpch/chiplet_x7/inst80/run.stdout.log	/home/seunghyun/ycsb/results/chiplet_duckdb_tpch_sf1_single_thread_q21_madracks-mnode5_20260314T231814Z_2017190/runs/duckdb_tpch/chiplet_x7
2026-03-14T23:18:22Z	madracks-mnode5	amd	duckdb_tpch	analytic	per_instance_external	NO_RETIRED_INST_CYCLES	user	chiplet_x7	84	81	81	81	Q21	1	558992.4049563706	558992.4049563706	558992.4049563706	558992.4049563706	558992.4049563706	558992.4049563706	558992.4049563706	558992.4049563706	ok	/home/seunghyun/ycsb/results/chiplet_duckdb_tpch_sf1_single_thread_q21_madracks-mnode5_20260314T231814Z_2017190/runs/duckdb_tpch/chiplet_x7/inst81/run.stdout.log	/home/seunghyun/ycsb/results/chiplet_duckdb_tpch_sf1_single_thread_q21_madracks-mnode5_20260314T231814Z_2017190/runs/duckdb_tpch/chiplet_x7
2026-03-14T23:18:22Z	madracks-mnode5	amd	duckdb_tpch	analytic	per_instance_external	NO_RETIRED_INST_CYCLES	user	chiplet_x7	84	82	82	82	Q21	1	543362.683034502	543362.683034502	543362.683034502	543362.683034502	543362.683034502	543362.683034502	543362.683034502	543362.683034502	ok	/home/seunghyun/ycsb/results/chiplet_duckdb_tpch_sf1_single_thread_q21_madracks-mnode5_20260314T231814Z_2017190/runs/duckdb_tpch/chiplet_x7/inst82/run.stdout.log	/home/seunghyun/ycsb/results/chiplet_duckdb_tpch_sf1_single_thread_q21_madracks-mnode5_20260314T231814Z_2017190/runs/duckdb_tpch/chiplet_x7
2026-03-14T23:18:22Z	madracks-mnode5	amd	duckdb_tpch	analytic	per_instance_external	NO_RETIRED_INST_CYCLES	user	chiplet_x7	84	83	83	83	Q21	1	576963.7459889054	576963.7459889054	576963.7459889054	576963.7459889054	576963.7459889054	576963.7459889054	576963.7459889054	576963.7459889054	ok	/home/seunghyun/ycsb/results/chiplet_duckdb_tpch_sf1_single_thread_q21_madracks-mnode5_20260314T231814Z_2017190/runs/duckdb_tpch/chiplet_x7/inst83/run.stdout.log	/home/seunghyun/ycsb/results/chiplet_duckdb_tpch_sf1_single_thread_q21_madracks-mnode5_20260314T231814Z_2017190/runs/duckdb_tpch/chiplet_x7
