timestamp_utc	host	arch	backend	mode	execution_model	event_name	perf_scope	assignment_label	instance_count	instance_id	cpu_core	cpu_core_list	numa_node	numa_list	selected_cpu_count	numa_binding_applied	working_set_mb_per_instance	recordcount	operationcount	threads_per_instance	java_active_processor_count_per_instance	load_threads	fieldcount	fieldlength	approx_value_bytes_per_record	primary_operation	benchmark_name	benchmark_class	benchmark_time_s	benchmark_rate	benchmark_rate_unit	benchmark_verification	latency_operations	latency_average_us	latency_min_us	latency_max_us	latency_p50_us	latency_p95_us	latency_p99_us	latency_p99_9_us	latency_p99_99_us	throughput_ops_per_sec	stall_cycles	cycles	instructions	task_clock_ms	ServerPerfUserTimeMs	ServerPerfKernelTimeMs	ServerPerfCacheRefs	ServerPerfCacheMisses	ServerPerfLLCHitRatio	status	perf_event	workload_file	db_target	load_stdout_log	load_stderr_log	run_stdout_log	run_stderr_log	perf_stat_file	time_file	hdr_dir	result_dir
2026-03-14T23:18:15Z	madracks-mnode5	amd	duckdb_tpch	analytic	per_instance_external	NO_RETIRED_INST_CYCLES	user	chiplet_x1	12	0	0	0	0	0	1	False				1						Q21	DUCKDB_TPCH	SF1	0.44485225598327816	2.2479373467257173	queries/s	SUCCESSFUL	1	444812.05695774406	444812.05695774406	444812.05695774406	444812.05695774406	444812.05695774406	444812.05695774406	444812.05695774406	444812.05695774406	2.2479373467257173	1184856768	1933166990	4673731127	898.03	710.0	220.0	99581071	17039318		ok	cpu/event=0xc0,cmask=1,inv=1/		/home/seunghyun/ycsb/.cache/duckdb_tpch/tpch_sf1.duckdb	/home/seunghyun/ycsb/results/chiplet_duckdb_tpch_sf1_single_thread_q21_madracks-mnode5_20260314T231814Z_2017190/runs/duckdb_tpch/chiplet_x1/inst00/load.stdout.log	/home/seunghyun/ycsb/results/chiplet_duckdb_tpch_sf1_single_thread_q21_madracks-mnode5_20260314T231814Z_2017190/runs/duckdb_tpch/chiplet_x1/inst00/load.stderr.log	/home/seunghyun/ycsb/results/chiplet_duckdb_tpch_sf1_single_thread_q21_madracks-mnode5_20260314T231814Z_2017190/runs/duckdb_tpch/chiplet_x1/inst00/run.stdout.log	/home/seunghyun/ycsb/results/chiplet_duckdb_tpch_sf1_single_thread_q21_madracks-mnode5_20260314T231814Z_2017190/runs/duckdb_tpch/chiplet_x1/inst00/run.stderr.log	/home/seunghyun/ycsb/results/chiplet_duckdb_tpch_sf1_single_thread_q21_madracks-mnode5_20260314T231814Z_2017190/runs/duckdb_tpch/chiplet_x1/inst00/perf.stat	/home/seunghyun/ycsb/results/chiplet_duckdb_tpch_sf1_single_thread_q21_madracks-mnode5_20260314T231814Z_2017190/runs/duckdb_tpch/chiplet_x1/inst00/time.txt		/home/seunghyun/ycsb/results/chiplet_duckdb_tpch_sf1_single_thread_q21_madracks-mnode5_20260314T231814Z_2017190/runs/duckdb_tpch/chiplet_x1
2026-03-14T23:18:15Z	madracks-mnode5	amd	duckdb_tpch	analytic	per_instance_external	NO_RETIRED_INST_CYCLES	user	chiplet_x1	12	1	7	7	0	0	1	False				1						Q21	DUCKDB_TPCH	SF1	0.44488698500208557	2.2477618669723776	queries/s	SUCCESSFUL	1	444847.5660174154	444847.5660174154	444847.5660174154	444847.5660174154	444847.5660174154	444847.5660174154	444847.5660174154	444847.5660174154	2.2477618669723776	1137844046	1887922425	4671128772	866.16	730.0	160.0	98782383	15933562		ok	cpu/event=0xc0,cmask=1,inv=1/		/home/seunghyun/ycsb/.cache/duckdb_tpch/tpch_sf1.duckdb	/home/seunghyun/ycsb/results/chiplet_duckdb_tpch_sf1_single_thread_q21_madracks-mnode5_20260314T231814Z_2017190/runs/duckdb_tpch/chiplet_x1/inst01/load.stdout.log	/home/seunghyun/ycsb/results/chiplet_duckdb_tpch_sf1_single_thread_q21_madracks-mnode5_20260314T231814Z_2017190/runs/duckdb_tpch/chiplet_x1/inst01/load.stderr.log	/home/seunghyun/ycsb/results/chiplet_duckdb_tpch_sf1_single_thread_q21_madracks-mnode5_20260314T231814Z_2017190/runs/duckdb_tpch/chiplet_x1/inst01/run.stdout.log	/home/seunghyun/ycsb/results/chiplet_duckdb_tpch_sf1_single_thread_q21_madracks-mnode5_20260314T231814Z_2017190/runs/duckdb_tpch/chiplet_x1/inst01/run.stderr.log	/home/seunghyun/ycsb/results/chiplet_duckdb_tpch_sf1_single_thread_q21_madracks-mnode5_20260314T231814Z_2017190/runs/duckdb_tpch/chiplet_x1/inst01/perf.stat	/home/seunghyun/ycsb/results/chiplet_duckdb_tpch_sf1_single_thread_q21_madracks-mnode5_20260314T231814Z_2017190/runs/duckdb_tpch/chiplet_x1/inst01/time.txt		/home/seunghyun/ycsb/results/chiplet_duckdb_tpch_sf1_single_thread_q21_madracks-mnode5_20260314T231814Z_2017190/runs/duckdb_tpch/chiplet_x1
2026-03-14T23:18:15Z	madracks-mnode5	amd	duckdb_tpch	analytic	per_instance_external	NO_RETIRED_INST_CYCLES	user	chiplet_x1	12	2	14	14	0	0	1	False				1						Q21	DUCKDB_TPCH	SF1	0.44508343399502337	2.2467697596023792	queries/s	SUCCESSFUL	1	445044.9339929037	445044.9339929037	445044.9339929037	445044.9339929037	445044.9339929037	445044.9339929037	445044.9339929037	445044.9339929037	2.2467697596023792	1133287696	1881181342	4669155691	860.23	700.0	190.0	99644371	15905043		ok	cpu/event=0xc0,cmask=1,inv=1/		/home/seunghyun/ycsb/.cache/duckdb_tpch/tpch_sf1.duckdb	/home/seunghyun/ycsb/results/chiplet_duckdb_tpch_sf1_single_thread_q21_madracks-mnode5_20260314T231814Z_2017190/runs/duckdb_tpch/chiplet_x1/inst02/load.stdout.log	/home/seunghyun/ycsb/results/chiplet_duckdb_tpch_sf1_single_thread_q21_madracks-mnode5_20260314T231814Z_2017190/runs/duckdb_tpch/chiplet_x1/inst02/load.stderr.log	/home/seunghyun/ycsb/results/chiplet_duckdb_tpch_sf1_single_thread_q21_madracks-mnode5_20260314T231814Z_2017190/runs/duckdb_tpch/chiplet_x1/inst02/run.stdout.log	/home/seunghyun/ycsb/results/chiplet_duckdb_tpch_sf1_single_thread_q21_madracks-mnode5_20260314T231814Z_2017190/runs/duckdb_tpch/chiplet_x1/inst02/run.stderr.log	/home/seunghyun/ycsb/results/chiplet_duckdb_tpch_sf1_single_thread_q21_madracks-mnode5_20260314T231814Z_2017190/runs/duckdb_tpch/chiplet_x1/inst02/perf.stat	/home/seunghyun/ycsb/results/chiplet_duckdb_tpch_sf1_single_thread_q21_madracks-mnode5_20260314T231814Z_2017190/runs/duckdb_tpch/chiplet_x1/inst02/time.txt		/home/seunghyun/ycsb/results/chiplet_duckdb_tpch_sf1_single_thread_q21_madracks-mnode5_20260314T231814Z_2017190/runs/duckdb_tpch/chiplet_x1
2026-03-14T23:18:15Z	madracks-mnode5	amd	duckdb_tpch	analytic	per_instance_external	NO_RETIRED_INST_CYCLES	user	chiplet_x1	12	3	21	21	0	0	1	False				1						Q21	DUCKDB_TPCH	SF1	0.44689332001144066	2.2376705026031707	queries/s	SUCCESSFUL	1	446853.6500353366	446853.6500353366	446853.6500353366	446853.6500353366	446853.6500353366	446853.6500353366	446853.6500353366	446853.6500353366	2.2376705026031707	1148285821	1897673558	4669914676	871.17	740.0	160.0	99644876	15990890		ok	cpu/event=0xc0,cmask=1,inv=1/		/home/seunghyun/ycsb/.cache/duckdb_tpch/tpch_sf1.duckdb	/home/seunghyun/ycsb/results/chiplet_duckdb_tpch_sf1_single_thread_q21_madracks-mnode5_20260314T231814Z_2017190/runs/duckdb_tpch/chiplet_x1/inst03/load.stdout.log	/home/seunghyun/ycsb/results/chiplet_duckdb_tpch_sf1_single_thread_q21_madracks-mnode5_20260314T231814Z_2017190/runs/duckdb_tpch/chiplet_x1/inst03/load.stderr.log	/home/seunghyun/ycsb/results/chiplet_duckdb_tpch_sf1_single_thread_q21_madracks-mnode5_20260314T231814Z_2017190/runs/duckdb_tpch/chiplet_x1/inst03/run.stdout.log	/home/seunghyun/ycsb/results/chiplet_duckdb_tpch_sf1_single_thread_q21_madracks-mnode5_20260314T231814Z_2017190/runs/duckdb_tpch/chiplet_x1/inst03/run.stderr.log	/home/seunghyun/ycsb/results/chiplet_duckdb_tpch_sf1_single_thread_q21_madracks-mnode5_20260314T231814Z_2017190/runs/duckdb_tpch/chiplet_x1/inst03/perf.stat	/home/seunghyun/ycsb/results/chiplet_duckdb_tpch_sf1_single_thread_q21_madracks-mnode5_20260314T231814Z_2017190/runs/duckdb_tpch/chiplet_x1/inst03/time.txt		/home/seunghyun/ycsb/results/chiplet_duckdb_tpch_sf1_single_thread_q21_madracks-mnode5_20260314T231814Z_2017190/runs/duckdb_tpch/chiplet_x1
2026-03-14T23:18:15Z	madracks-mnode5	amd	duckdb_tpch	analytic	per_instance_external	NO_RETIRED_INST_CYCLES	user	chiplet_x1	12	4	28	28	0	0	1	False				1						Q21	DUCKDB_TPCH	SF1	0.4528547340305522	2.2082136386202253	queries/s	SUCCESSFUL	1	452814.85497253016	452814.85497253016	452814.85497253016	452814.85497253016	452814.85497253016	452814.85497253016	452814.85497253016	452814.85497253016	2.2082136386202253	1134212334	1882912261	4669174589	878.73	690.0	210.0	98884031	15858730		ok	cpu/event=0xc0,cmask=1,inv=1/		/home/seunghyun/ycsb/.cache/duckdb_tpch/tpch_sf1.duckdb	/home/seunghyun/ycsb/results/chiplet_duckdb_tpch_sf1_single_thread_q21_madracks-mnode5_20260314T231814Z_2017190/runs/duckdb_tpch/chiplet_x1/inst04/load.stdout.log	/home/seunghyun/ycsb/results/chiplet_duckdb_tpch_sf1_single_thread_q21_madracks-mnode5_20260314T231814Z_2017190/runs/duckdb_tpch/chiplet_x1/inst04/load.stderr.log	/home/seunghyun/ycsb/results/chiplet_duckdb_tpch_sf1_single_thread_q21_madracks-mnode5_20260314T231814Z_2017190/runs/duckdb_tpch/chiplet_x1/inst04/run.stdout.log	/home/seunghyun/ycsb/results/chiplet_duckdb_tpch_sf1_single_thread_q21_madracks-mnode5_20260314T231814Z_2017190/runs/duckdb_tpch/chiplet_x1/inst04/run.stderr.log	/home/seunghyun/ycsb/results/chiplet_duckdb_tpch_sf1_single_thread_q21_madracks-mnode5_20260314T231814Z_2017190/runs/duckdb_tpch/chiplet_x1/inst04/perf.stat	/home/seunghyun/ycsb/results/chiplet_duckdb_tpch_sf1_single_thread_q21_madracks-mnode5_20260314T231814Z_2017190/runs/duckdb_tpch/chiplet_x1/inst04/time.txt		/home/seunghyun/ycsb/results/chiplet_duckdb_tpch_sf1_single_thread_q21_madracks-mnode5_20260314T231814Z_2017190/runs/duckdb_tpch/chiplet_x1
2026-03-14T23:18:15Z	madracks-mnode5	amd	duckdb_tpch	analytic	per_instance_external	NO_RETIRED_INST_CYCLES	user	chiplet_x1	12	5	35	35	0	0	1	False				1						Q21	DUCKDB_TPCH	SF1	0.4461069100070745	2.2416151320860322	queries/s	SUCCESSFUL	1	446068.2810167782	446068.2810167782	446068.2810167782	446068.2810167782	446068.2810167782	446068.2810167782	446068.2810167782	446068.2810167782	2.2416151320860322	1168635138	1916446020	4669630986	884.22	710.0	210.0	99358004	15870112		ok	cpu/event=0xc0,cmask=1,inv=1/		/home/seunghyun/ycsb/.cache/duckdb_tpch/tpch_sf1.duckdb	/home/seunghyun/ycsb/results/chiplet_duckdb_tpch_sf1_single_thread_q21_madracks-mnode5_20260314T231814Z_2017190/runs/duckdb_tpch/chiplet_x1/inst05/load.stdout.log	/home/seunghyun/ycsb/results/chiplet_duckdb_tpch_sf1_single_thread_q21_madracks-mnode5_20260314T231814Z_2017190/runs/duckdb_tpch/chiplet_x1/inst05/load.stderr.log	/home/seunghyun/ycsb/results/chiplet_duckdb_tpch_sf1_single_thread_q21_madracks-mnode5_20260314T231814Z_2017190/runs/duckdb_tpch/chiplet_x1/inst05/run.stdout.log	/home/seunghyun/ycsb/results/chiplet_duckdb_tpch_sf1_single_thread_q21_madracks-mnode5_20260314T231814Z_2017190/runs/duckdb_tpch/chiplet_x1/inst05/run.stderr.log	/home/seunghyun/ycsb/results/chiplet_duckdb_tpch_sf1_single_thread_q21_madracks-mnode5_20260314T231814Z_2017190/runs/duckdb_tpch/chiplet_x1/inst05/perf.stat	/home/seunghyun/ycsb/results/chiplet_duckdb_tpch_sf1_single_thread_q21_madracks-mnode5_20260314T231814Z_2017190/runs/duckdb_tpch/chiplet_x1/inst05/time.txt		/home/seunghyun/ycsb/results/chiplet_duckdb_tpch_sf1_single_thread_q21_madracks-mnode5_20260314T231814Z_2017190/runs/duckdb_tpch/chiplet_x1
2026-03-14T23:18:15Z	madracks-mnode5	amd	duckdb_tpch	analytic	per_instance_external	NO_RETIRED_INST_CYCLES	user	chiplet_x1	12	6	42	42	0	0	1	False				1						Q21	DUCKDB_TPCH	SF1	0.44395850697765127	2.252462751097457	queries/s	SUCCESSFUL	1	443918.43798803166	443918.43798803166	443918.43798803166	443918.43798803166	443918.43798803166	443918.43798803166	443918.43798803166	443918.43798803166	2.252462751097457	1140240109	1887563469	4669719208	863.46	730.0	160.0	99442602	15980476		ok	cpu/event=0xc0,cmask=1,inv=1/		/home/seunghyun/ycsb/.cache/duckdb_tpch/tpch_sf1.duckdb	/home/seunghyun/ycsb/results/chiplet_duckdb_tpch_sf1_single_thread_q21_madracks-mnode5_20260314T231814Z_2017190/runs/duckdb_tpch/chiplet_x1/inst06/load.stdout.log	/home/seunghyun/ycsb/results/chiplet_duckdb_tpch_sf1_single_thread_q21_madracks-mnode5_20260314T231814Z_2017190/runs/duckdb_tpch/chiplet_x1/inst06/load.stderr.log	/home/seunghyun/ycsb/results/chiplet_duckdb_tpch_sf1_single_thread_q21_madracks-mnode5_20260314T231814Z_2017190/runs/duckdb_tpch/chiplet_x1/inst06/run.stdout.log	/home/seunghyun/ycsb/results/chiplet_duckdb_tpch_sf1_single_thread_q21_madracks-mnode5_20260314T231814Z_2017190/runs/duckdb_tpch/chiplet_x1/inst06/run.stderr.log	/home/seunghyun/ycsb/results/chiplet_duckdb_tpch_sf1_single_thread_q21_madracks-mnode5_20260314T231814Z_2017190/runs/duckdb_tpch/chiplet_x1/inst06/perf.stat	/home/seunghyun/ycsb/results/chiplet_duckdb_tpch_sf1_single_thread_q21_madracks-mnode5_20260314T231814Z_2017190/runs/duckdb_tpch/chiplet_x1/inst06/time.txt		/home/seunghyun/ycsb/results/chiplet_duckdb_tpch_sf1_single_thread_q21_madracks-mnode5_20260314T231814Z_2017190/runs/duckdb_tpch/chiplet_x1
2026-03-14T23:18:15Z	madracks-mnode5	amd	duckdb_tpch	analytic	per_instance_external	NO_RETIRED_INST_CYCLES	user	chiplet_x1	12	7	49	49	0	0	1	False				1						Q21	DUCKDB_TPCH	SF1	0.443801079003606	2.253261759176288	queries/s	SUCCESSFUL	1	443760.1510435343	443760.1510435343	443760.1510435343	443760.1510435343	443760.1510435343	443760.1510435343	443760.1510435343	443760.1510435343	2.253261759176288	1140926254	1889536943	4671110447	867.53	740.0	150.0	99010214	15797802		ok	cpu/event=0xc0,cmask=1,inv=1/		/home/seunghyun/ycsb/.cache/duckdb_tpch/tpch_sf1.duckdb	/home/seunghyun/ycsb/results/chiplet_duckdb_tpch_sf1_single_thread_q21_madracks-mnode5_20260314T231814Z_2017190/runs/duckdb_tpch/chiplet_x1/inst07/load.stdout.log	/home/seunghyun/ycsb/results/chiplet_duckdb_tpch_sf1_single_thread_q21_madracks-mnode5_20260314T231814Z_2017190/runs/duckdb_tpch/chiplet_x1/inst07/load.stderr.log	/home/seunghyun/ycsb/results/chiplet_duckdb_tpch_sf1_single_thread_q21_madracks-mnode5_20260314T231814Z_2017190/runs/duckdb_tpch/chiplet_x1/inst07/run.stdout.log	/home/seunghyun/ycsb/results/chiplet_duckdb_tpch_sf1_single_thread_q21_madracks-mnode5_20260314T231814Z_2017190/runs/duckdb_tpch/chiplet_x1/inst07/run.stderr.log	/home/seunghyun/ycsb/results/chiplet_duckdb_tpch_sf1_single_thread_q21_madracks-mnode5_20260314T231814Z_2017190/runs/duckdb_tpch/chiplet_x1/inst07/perf.stat	/home/seunghyun/ycsb/results/chiplet_duckdb_tpch_sf1_single_thread_q21_madracks-mnode5_20260314T231814Z_2017190/runs/duckdb_tpch/chiplet_x1/inst07/time.txt		/home/seunghyun/ycsb/results/chiplet_duckdb_tpch_sf1_single_thread_q21_madracks-mnode5_20260314T231814Z_2017190/runs/duckdb_tpch/chiplet_x1
2026-03-14T23:18:15Z	madracks-mnode5	amd	duckdb_tpch	analytic	per_instance_external	NO_RETIRED_INST_CYCLES	user	chiplet_x1	12	8	56	56	0	0	1	False				1						Q21	DUCKDB_TPCH	SF1	0.4449368749628775	2.2475098295312863	queries/s	SUCCESSFUL	1	444896.53600612655	444896.53600612655	444896.53600612655	444896.53600612655	444896.53600612655	444896.53600612655	444896.53600612655	444896.53600612655	2.2475098295312863	1129947617	1877317957	4670185087	860.04	710.0	180.0	99417092	15766681		ok	cpu/event=0xc0,cmask=1,inv=1/		/home/seunghyun/ycsb/.cache/duckdb_tpch/tpch_sf1.duckdb	/home/seunghyun/ycsb/results/chiplet_duckdb_tpch_sf1_single_thread_q21_madracks-mnode5_20260314T231814Z_2017190/runs/duckdb_tpch/chiplet_x1/inst08/load.stdout.log	/home/seunghyun/ycsb/results/chiplet_duckdb_tpch_sf1_single_thread_q21_madracks-mnode5_20260314T231814Z_2017190/runs/duckdb_tpch/chiplet_x1/inst08/load.stderr.log	/home/seunghyun/ycsb/results/chiplet_duckdb_tpch_sf1_single_thread_q21_madracks-mnode5_20260314T231814Z_2017190/runs/duckdb_tpch/chiplet_x1/inst08/run.stdout.log	/home/seunghyun/ycsb/results/chiplet_duckdb_tpch_sf1_single_thread_q21_madracks-mnode5_20260314T231814Z_2017190/runs/duckdb_tpch/chiplet_x1/inst08/run.stderr.log	/home/seunghyun/ycsb/results/chiplet_duckdb_tpch_sf1_single_thread_q21_madracks-mnode5_20260314T231814Z_2017190/runs/duckdb_tpch/chiplet_x1/inst08/perf.stat	/home/seunghyun/ycsb/results/chiplet_duckdb_tpch_sf1_single_thread_q21_madracks-mnode5_20260314T231814Z_2017190/runs/duckdb_tpch/chiplet_x1/inst08/time.txt		/home/seunghyun/ycsb/results/chiplet_duckdb_tpch_sf1_single_thread_q21_madracks-mnode5_20260314T231814Z_2017190/runs/duckdb_tpch/chiplet_x1
2026-03-14T23:18:15Z	madracks-mnode5	amd	duckdb_tpch	analytic	per_instance_external	NO_RETIRED_INST_CYCLES	user	chiplet_x1	12	9	63	63	0	0	1	False				1						Q21	DUCKDB_TPCH	SF1	0.44365459197433665	2.2540057470155643	queries/s	SUCCESSFUL	1	443615.06204586476	443615.06204586476	443615.06204586476	443615.06204586476	443615.06204586476	443615.06204586476	443615.06204586476	443615.06204586476	2.2540057470155643	1185691027	1934611566	4673455957	894.59	740.0	180.0	99440385	15993108		ok	cpu/event=0xc0,cmask=1,inv=1/		/home/seunghyun/ycsb/.cache/duckdb_tpch/tpch_sf1.duckdb	/home/seunghyun/ycsb/results/chiplet_duckdb_tpch_sf1_single_thread_q21_madracks-mnode5_20260314T231814Z_2017190/runs/duckdb_tpch/chiplet_x1/inst09/load.stdout.log	/home/seunghyun/ycsb/results/chiplet_duckdb_tpch_sf1_single_thread_q21_madracks-mnode5_20260314T231814Z_2017190/runs/duckdb_tpch/chiplet_x1/inst09/load.stderr.log	/home/seunghyun/ycsb/results/chiplet_duckdb_tpch_sf1_single_thread_q21_madracks-mnode5_20260314T231814Z_2017190/runs/duckdb_tpch/chiplet_x1/inst09/run.stdout.log	/home/seunghyun/ycsb/results/chiplet_duckdb_tpch_sf1_single_thread_q21_madracks-mnode5_20260314T231814Z_2017190/runs/duckdb_tpch/chiplet_x1/inst09/run.stderr.log	/home/seunghyun/ycsb/results/chiplet_duckdb_tpch_sf1_single_thread_q21_madracks-mnode5_20260314T231814Z_2017190/runs/duckdb_tpch/chiplet_x1/inst09/perf.stat	/home/seunghyun/ycsb/results/chiplet_duckdb_tpch_sf1_single_thread_q21_madracks-mnode5_20260314T231814Z_2017190/runs/duckdb_tpch/chiplet_x1/inst09/time.txt		/home/seunghyun/ycsb/results/chiplet_duckdb_tpch_sf1_single_thread_q21_madracks-mnode5_20260314T231814Z_2017190/runs/duckdb_tpch/chiplet_x1
2026-03-14T23:18:15Z	madracks-mnode5	amd	duckdb_tpch	analytic	per_instance_external	NO_RETIRED_INST_CYCLES	user	chiplet_x1	12	10	70	70	0	0	1	False				1						Q21	DUCKDB_TPCH	SF1	0.44220847001997754	2.2613768568359247	queries/s	SUCCESSFUL	1	442167.620989494	442167.620989494	442167.620989494	442167.620989494	442167.620989494	442167.620989494	442167.620989494	442167.620989494	2.2613768568359247	1154533091	1902551904	4672286678	875.6	700.0	200.0	99213030	15864300		ok	cpu/event=0xc0,cmask=1,inv=1/		/home/seunghyun/ycsb/.cache/duckdb_tpch/tpch_sf1.duckdb	/home/seunghyun/ycsb/results/chiplet_duckdb_tpch_sf1_single_thread_q21_madracks-mnode5_20260314T231814Z_2017190/runs/duckdb_tpch/chiplet_x1/inst10/load.stdout.log	/home/seunghyun/ycsb/results/chiplet_duckdb_tpch_sf1_single_thread_q21_madracks-mnode5_20260314T231814Z_2017190/runs/duckdb_tpch/chiplet_x1/inst10/load.stderr.log	/home/seunghyun/ycsb/results/chiplet_duckdb_tpch_sf1_single_thread_q21_madracks-mnode5_20260314T231814Z_2017190/runs/duckdb_tpch/chiplet_x1/inst10/run.stdout.log	/home/seunghyun/ycsb/results/chiplet_duckdb_tpch_sf1_single_thread_q21_madracks-mnode5_20260314T231814Z_2017190/runs/duckdb_tpch/chiplet_x1/inst10/run.stderr.log	/home/seunghyun/ycsb/results/chiplet_duckdb_tpch_sf1_single_thread_q21_madracks-mnode5_20260314T231814Z_2017190/runs/duckdb_tpch/chiplet_x1/inst10/perf.stat	/home/seunghyun/ycsb/results/chiplet_duckdb_tpch_sf1_single_thread_q21_madracks-mnode5_20260314T231814Z_2017190/runs/duckdb_tpch/chiplet_x1/inst10/time.txt		/home/seunghyun/ycsb/results/chiplet_duckdb_tpch_sf1_single_thread_q21_madracks-mnode5_20260314T231814Z_2017190/runs/duckdb_tpch/chiplet_x1
2026-03-14T23:18:15Z	madracks-mnode5	amd	duckdb_tpch	analytic	per_instance_external	NO_RETIRED_INST_CYCLES	user	chiplet_x1	12	11	77	77	0	0	1	False				1						Q21	DUCKDB_TPCH	SF1	0.443622910999693	2.2541667150294953	queries/s	SUCCESSFUL	1	443584.19300988317	443584.19300988317	443584.19300988317	443584.19300988317	443584.19300988317	443584.19300988317	443584.19300988317	443584.19300988317	2.2541667150294953	1204135929	1952276004	4674175521	909.0	750.0	180.0	99933606	15852622		ok	cpu/event=0xc0,cmask=1,inv=1/		/home/seunghyun/ycsb/.cache/duckdb_tpch/tpch_sf1.duckdb	/home/seunghyun/ycsb/results/chiplet_duckdb_tpch_sf1_single_thread_q21_madracks-mnode5_20260314T231814Z_2017190/runs/duckdb_tpch/chiplet_x1/inst11/load.stdout.log	/home/seunghyun/ycsb/results/chiplet_duckdb_tpch_sf1_single_thread_q21_madracks-mnode5_20260314T231814Z_2017190/runs/duckdb_tpch/chiplet_x1/inst11/load.stderr.log	/home/seunghyun/ycsb/results/chiplet_duckdb_tpch_sf1_single_thread_q21_madracks-mnode5_20260314T231814Z_2017190/runs/duckdb_tpch/chiplet_x1/inst11/run.stdout.log	/home/seunghyun/ycsb/results/chiplet_duckdb_tpch_sf1_single_thread_q21_madracks-mnode5_20260314T231814Z_2017190/runs/duckdb_tpch/chiplet_x1/inst11/run.stderr.log	/home/seunghyun/ycsb/results/chiplet_duckdb_tpch_sf1_single_thread_q21_madracks-mnode5_20260314T231814Z_2017190/runs/duckdb_tpch/chiplet_x1/inst11/perf.stat	/home/seunghyun/ycsb/results/chiplet_duckdb_tpch_sf1_single_thread_q21_madracks-mnode5_20260314T231814Z_2017190/runs/duckdb_tpch/chiplet_x1/inst11/time.txt		/home/seunghyun/ycsb/results/chiplet_duckdb_tpch_sf1_single_thread_q21_madracks-mnode5_20260314T231814Z_2017190/runs/duckdb_tpch/chiplet_x1
2026-03-14T23:18:16Z	madracks-mnode5	amd	duckdb_tpch	analytic	per_instance_external	NO_RETIRED_INST_CYCLES	user	chiplet_x2	24	0	0	0	0	0	1	False				1						Q21	DUCKDB_TPCH	SF1	0.45926093502203	2.1774114098165818	queries/s	SUCCESSFUL	1	459229.61697215214	459229.61697215214	459229.61697215214	459229.61697215214	459229.61697215214	459229.61697215214	459229.61697215214	459229.61697215214	2.1774114098165818	1207537562	1958262186	4675683934	892.43	700.0	230.0	99940904	16473899		ok	cpu/event=0xc0,cmask=1,inv=1/		/home/seunghyun/ycsb/.cache/duckdb_tpch/tpch_sf1.duckdb	/home/seunghyun/ycsb/results/chiplet_duckdb_tpch_sf1_single_thread_q21_madracks-mnode5_20260314T231814Z_2017190/runs/duckdb_tpch/chiplet_x2/inst00/load.stdout.log	/home/seunghyun/ycsb/results/chiplet_duckdb_tpch_sf1_single_thread_q21_madracks-mnode5_20260314T231814Z_2017190/runs/duckdb_tpch/chiplet_x2/inst00/load.stderr.log	/home/seunghyun/ycsb/results/chiplet_duckdb_tpch_sf1_single_thread_q21_madracks-mnode5_20260314T231814Z_2017190/runs/duckdb_tpch/chiplet_x2/inst00/run.stdout.log	/home/seunghyun/ycsb/results/chiplet_duckdb_tpch_sf1_single_thread_q21_madracks-mnode5_20260314T231814Z_2017190/runs/duckdb_tpch/chiplet_x2/inst00/run.stderr.log	/home/seunghyun/ycsb/results/chiplet_duckdb_tpch_sf1_single_thread_q21_madracks-mnode5_20260314T231814Z_2017190/runs/duckdb_tpch/chiplet_x2/inst00/perf.stat	/home/seunghyun/ycsb/results/chiplet_duckdb_tpch_sf1_single_thread_q21_madracks-mnode5_20260314T231814Z_2017190/runs/duckdb_tpch/chiplet_x2/inst00/time.txt		/home/seunghyun/ycsb/results/chiplet_duckdb_tpch_sf1_single_thread_q21_madracks-mnode5_20260314T231814Z_2017190/runs/duckdb_tpch/chiplet_x2
2026-03-14T23:18:16Z	madracks-mnode5	amd	duckdb_tpch	analytic	per_instance_external	NO_RETIRED_INST_CYCLES	user	chiplet_x2	24	1	1	1	0	0	1	False				1						Q21	DUCKDB_TPCH	SF1	0.4562298139790073	2.1918777978986124	queries/s	SUCCESSFUL	1	456190.3839930892	456190.3839930892	456190.3839930892	456190.3839930892	456190.3839930892	456190.3839930892	456190.3839930892	456190.3839930892	2.1918777978986124	1270887181	2023795146	4678581394	930.92	730.0	230.0	99355014	16754220		ok	cpu/event=0xc0,cmask=1,inv=1/		/home/seunghyun/ycsb/.cache/duckdb_tpch/tpch_sf1.duckdb	/home/seunghyun/ycsb/results/chiplet_duckdb_tpch_sf1_single_thread_q21_madracks-mnode5_20260314T231814Z_2017190/runs/duckdb_tpch/chiplet_x2/inst01/load.stdout.log	/home/seunghyun/ycsb/results/chiplet_duckdb_tpch_sf1_single_thread_q21_madracks-mnode5_20260314T231814Z_2017190/runs/duckdb_tpch/chiplet_x2/inst01/load.stderr.log	/home/seunghyun/ycsb/results/chiplet_duckdb_tpch_sf1_single_thread_q21_madracks-mnode5_20260314T231814Z_2017190/runs/duckdb_tpch/chiplet_x2/inst01/run.stdout.log	/home/seunghyun/ycsb/results/chiplet_duckdb_tpch_sf1_single_thread_q21_madracks-mnode5_20260314T231814Z_2017190/runs/duckdb_tpch/chiplet_x2/inst01/run.stderr.log	/home/seunghyun/ycsb/results/chiplet_duckdb_tpch_sf1_single_thread_q21_madracks-mnode5_20260314T231814Z_2017190/runs/duckdb_tpch/chiplet_x2/inst01/perf.stat	/home/seunghyun/ycsb/results/chiplet_duckdb_tpch_sf1_single_thread_q21_madracks-mnode5_20260314T231814Z_2017190/runs/duckdb_tpch/chiplet_x2/inst01/time.txt		/home/seunghyun/ycsb/results/chiplet_duckdb_tpch_sf1_single_thread_q21_madracks-mnode5_20260314T231814Z_2017190/runs/duckdb_tpch/chiplet_x2
2026-03-14T23:18:16Z	madracks-mnode5	amd	duckdb_tpch	analytic	per_instance_external	NO_RETIRED_INST_CYCLES	user	chiplet_x2	24	2	7	7	0	0	1	False				1						Q21	DUCKDB_TPCH	SF1	0.4566832890268415	2.189701318239444	queries/s	SUCCESSFUL	1	456650.678999722	456650.678999722	456650.678999722	456650.678999722	456650.678999722	456650.678999722	456650.678999722	456650.678999722	2.189701318239444	1212692416	1963862260	4677202378	895.18	740.0	190.0	99567864	16032089		ok	cpu/event=0xc0,cmask=1,inv=1/		/home/seunghyun/ycsb/.cache/duckdb_tpch/tpch_sf1.duckdb	/home/seunghyun/ycsb/results/chiplet_duckdb_tpch_sf1_single_thread_q21_madracks-mnode5_20260314T231814Z_2017190/runs/duckdb_tpch/chiplet_x2/inst02/load.stdout.log	/home/seunghyun/ycsb/results/chiplet_duckdb_tpch_sf1_single_thread_q21_madracks-mnode5_20260314T231814Z_2017190/runs/duckdb_tpch/chiplet_x2/inst02/load.stderr.log	/home/seunghyun/ycsb/results/chiplet_duckdb_tpch_sf1_single_thread_q21_madracks-mnode5_20260314T231814Z_2017190/runs/duckdb_tpch/chiplet_x2/inst02/run.stdout.log	/home/seunghyun/ycsb/results/chiplet_duckdb_tpch_sf1_single_thread_q21_madracks-mnode5_20260314T231814Z_2017190/runs/duckdb_tpch/chiplet_x2/inst02/run.stderr.log	/home/seunghyun/ycsb/results/chiplet_duckdb_tpch_sf1_single_thread_q21_madracks-mnode5_20260314T231814Z_2017190/runs/duckdb_tpch/chiplet_x2/inst02/perf.stat	/home/seunghyun/ycsb/results/chiplet_duckdb_tpch_sf1_single_thread_q21_madracks-mnode5_20260314T231814Z_2017190/runs/duckdb_tpch/chiplet_x2/inst02/time.txt		/home/seunghyun/ycsb/results/chiplet_duckdb_tpch_sf1_single_thread_q21_madracks-mnode5_20260314T231814Z_2017190/runs/duckdb_tpch/chiplet_x2
2026-03-14T23:18:16Z	madracks-mnode5	amd	duckdb_tpch	analytic	per_instance_external	NO_RETIRED_INST_CYCLES	user	chiplet_x2	24	3	8	8	0	0	1	False				1						Q21	DUCKDB_TPCH	SF1	0.4553165660472587	2.1962741410471915	queries/s	SUCCESSFUL	1	455268.05700501427	455268.05700501427	455268.05700501427	455268.05700501427	455268.05700501427	455268.05700501427	455268.05700501427	455268.05700501427	2.1962741410471915	1208457420	1960891917	4674653308	893.19	690.0	230.0	99860276	16200399		ok	cpu/event=0xc0,cmask=1,inv=1/		/home/seunghyun/ycsb/.cache/duckdb_tpch/tpch_sf1.duckdb	/home/seunghyun/ycsb/results/chiplet_duckdb_tpch_sf1_single_thread_q21_madracks-mnode5_20260314T231814Z_2017190/runs/duckdb_tpch/chiplet_x2/inst03/load.stdout.log	/home/seunghyun/ycsb/results/chiplet_duckdb_tpch_sf1_single_thread_q21_madracks-mnode5_20260314T231814Z_2017190/runs/duckdb_tpch/chiplet_x2/inst03/load.stderr.log	/home/seunghyun/ycsb/results/chiplet_duckdb_tpch_sf1_single_thread_q21_madracks-mnode5_20260314T231814Z_2017190/runs/duckdb_tpch/chiplet_x2/inst03/run.stdout.log	/home/seunghyun/ycsb/results/chiplet_duckdb_tpch_sf1_single_thread_q21_madracks-mnode5_20260314T231814Z_2017190/runs/duckdb_tpch/chiplet_x2/inst03/run.stderr.log	/home/seunghyun/ycsb/results/chiplet_duckdb_tpch_sf1_single_thread_q21_madracks-mnode5_20260314T231814Z_2017190/runs/duckdb_tpch/chiplet_x2/inst03/perf.stat	/home/seunghyun/ycsb/results/chiplet_duckdb_tpch_sf1_single_thread_q21_madracks-mnode5_20260314T231814Z_2017190/runs/duckdb_tpch/chiplet_x2/inst03/time.txt		/home/seunghyun/ycsb/results/chiplet_duckdb_tpch_sf1_single_thread_q21_madracks-mnode5_20260314T231814Z_2017190/runs/duckdb_tpch/chiplet_x2
2026-03-14T23:18:16Z	madracks-mnode5	amd	duckdb_tpch	analytic	per_instance_external	NO_RETIRED_INST_CYCLES	user	chiplet_x2	24	4	14	14	0	0	1	False				1						Q21	DUCKDB_TPCH	SF1	0.4541672909981571	2.201831835582492	queries/s	SUCCESSFUL	1	454137.61102827266	454137.61102827266	454137.61102827266	454137.61102827266	454137.61102827266	454137.61102827266	454137.61102827266	454137.61102827266	2.201831835582492	1217187104	1968747469	4677042342	898.35	730.0	210.0	99133032	16154048		ok	cpu/event=0xc0,cmask=1,inv=1/		/home/seunghyun/ycsb/.cache/duckdb_tpch/tpch_sf1.duckdb	/home/seunghyun/ycsb/results/chiplet_duckdb_tpch_sf1_single_thread_q21_madracks-mnode5_20260314T231814Z_2017190/runs/duckdb_tpch/chiplet_x2/inst04/load.stdout.log	/home/seunghyun/ycsb/results/chiplet_duckdb_tpch_sf1_single_thread_q21_madracks-mnode5_20260314T231814Z_2017190/runs/duckdb_tpch/chiplet_x2/inst04/load.stderr.log	/home/seunghyun/ycsb/results/chiplet_duckdb_tpch_sf1_single_thread_q21_madracks-mnode5_20260314T231814Z_2017190/runs/duckdb_tpch/chiplet_x2/inst04/run.stdout.log	/home/seunghyun/ycsb/results/chiplet_duckdb_tpch_sf1_single_thread_q21_madracks-mnode5_20260314T231814Z_2017190/runs/duckdb_tpch/chiplet_x2/inst04/run.stderr.log	/home/seunghyun/ycsb/results/chiplet_duckdb_tpch_sf1_single_thread_q21_madracks-mnode5_20260314T231814Z_2017190/runs/duckdb_tpch/chiplet_x2/inst04/perf.stat	/home/seunghyun/ycsb/results/chiplet_duckdb_tpch_sf1_single_thread_q21_madracks-mnode5_20260314T231814Z_2017190/runs/duckdb_tpch/chiplet_x2/inst04/time.txt		/home/seunghyun/ycsb/results/chiplet_duckdb_tpch_sf1_single_thread_q21_madracks-mnode5_20260314T231814Z_2017190/runs/duckdb_tpch/chiplet_x2
2026-03-14T23:18:16Z	madracks-mnode5	amd	duckdb_tpch	analytic	per_instance_external	NO_RETIRED_INST_CYCLES	user	chiplet_x2	24	5	15	15	0	0	1	False				1						Q21	DUCKDB_TPCH	SF1	0.453901274013333	2.203122258631567	queries/s	SUCCESSFUL	1	453860.4050176218	453860.4050176218	453860.4050176218	453860.4050176218	453860.4050176218	453860.4050176218	453860.4050176218	453860.4050176218	2.203122258631567	1203375147	1955363017	4676133581	893.07	690.0	230.0	99295111	16468506		ok	cpu/event=0xc0,cmask=1,inv=1/		/home/seunghyun/ycsb/.cache/duckdb_tpch/tpch_sf1.duckdb	/home/seunghyun/ycsb/results/chiplet_duckdb_tpch_sf1_single_thread_q21_madracks-mnode5_20260314T231814Z_2017190/runs/duckdb_tpch/chiplet_x2/inst05/load.stdout.log	/home/seunghyun/ycsb/results/chiplet_duckdb_tpch_sf1_single_thread_q21_madracks-mnode5_20260314T231814Z_2017190/runs/duckdb_tpch/chiplet_x2/inst05/load.stderr.log	/home/seunghyun/ycsb/results/chiplet_duckdb_tpch_sf1_single_thread_q21_madracks-mnode5_20260314T231814Z_2017190/runs/duckdb_tpch/chiplet_x2/inst05/run.stdout.log	/home/seunghyun/ycsb/results/chiplet_duckdb_tpch_sf1_single_thread_q21_madracks-mnode5_20260314T231814Z_2017190/runs/duckdb_tpch/chiplet_x2/inst05/run.stderr.log	/home/seunghyun/ycsb/results/chiplet_duckdb_tpch_sf1_single_thread_q21_madracks-mnode5_20260314T231814Z_2017190/runs/duckdb_tpch/chiplet_x2/inst05/perf.stat	/home/seunghyun/ycsb/results/chiplet_duckdb_tpch_sf1_single_thread_q21_madracks-mnode5_20260314T231814Z_2017190/runs/duckdb_tpch/chiplet_x2/inst05/time.txt		/home/seunghyun/ycsb/results/chiplet_duckdb_tpch_sf1_single_thread_q21_madracks-mnode5_20260314T231814Z_2017190/runs/duckdb_tpch/chiplet_x2
2026-03-14T23:18:16Z	madracks-mnode5	amd	duckdb_tpch	analytic	per_instance_external	NO_RETIRED_INST_CYCLES	user	chiplet_x2	24	6	21	21	0	0	1	False				1						Q21	DUCKDB_TPCH	SF1	0.45539133495185524	2.195913543470742	queries/s	SUCCESSFUL	1	455359.2560114339	455359.2560114339	455359.2560114339	455359.2560114339	455359.2560114339	455359.2560114339	455359.2560114339	455359.2560114339	2.195913543470742	1230949206	1980450299	4674408264	903.57	690.0	250.0	100141012	16110371		ok	cpu/event=0xc0,cmask=1,inv=1/		/home/seunghyun/ycsb/.cache/duckdb_tpch/tpch_sf1.duckdb	/home/seunghyun/ycsb/results/chiplet_duckdb_tpch_sf1_single_thread_q21_madracks-mnode5_20260314T231814Z_2017190/runs/duckdb_tpch/chiplet_x2/inst06/load.stdout.log	/home/seunghyun/ycsb/results/chiplet_duckdb_tpch_sf1_single_thread_q21_madracks-mnode5_20260314T231814Z_2017190/runs/duckdb_tpch/chiplet_x2/inst06/load.stderr.log	/home/seunghyun/ycsb/results/chiplet_duckdb_tpch_sf1_single_thread_q21_madracks-mnode5_20260314T231814Z_2017190/runs/duckdb_tpch/chiplet_x2/inst06/run.stdout.log	/home/seunghyun/ycsb/results/chiplet_duckdb_tpch_sf1_single_thread_q21_madracks-mnode5_20260314T231814Z_2017190/runs/duckdb_tpch/chiplet_x2/inst06/run.stderr.log	/home/seunghyun/ycsb/results/chiplet_duckdb_tpch_sf1_single_thread_q21_madracks-mnode5_20260314T231814Z_2017190/runs/duckdb_tpch/chiplet_x2/inst06/perf.stat	/home/seunghyun/ycsb/results/chiplet_duckdb_tpch_sf1_single_thread_q21_madracks-mnode5_20260314T231814Z_2017190/runs/duckdb_tpch/chiplet_x2/inst06/time.txt		/home/seunghyun/ycsb/results/chiplet_duckdb_tpch_sf1_single_thread_q21_madracks-mnode5_20260314T231814Z_2017190/runs/duckdb_tpch/chiplet_x2
2026-03-14T23:18:16Z	madracks-mnode5	amd	duckdb_tpch	analytic	per_instance_external	NO_RETIRED_INST_CYCLES	user	chiplet_x2	24	7	22	22	0	0	1	False				1						Q21	DUCKDB_TPCH	SF1	0.4537854159716517	2.203684747908405	queries/s	SUCCESSFUL	1	453746.4060122147	453746.4060122147	453746.4060122147	453746.4060122147	453746.4060122147	453746.4060122147	453746.4060122147	453746.4060122147	2.203684747908405	1208386707	1960324173	4675785867	893.58	730.0	210.0	99615332	16132960		ok	cpu/event=0xc0,cmask=1,inv=1/		/home/seunghyun/ycsb/.cache/duckdb_tpch/tpch_sf1.duckdb	/home/seunghyun/ycsb/results/chiplet_duckdb_tpch_sf1_single_thread_q21_madracks-mnode5_20260314T231814Z_2017190/runs/duckdb_tpch/chiplet_x2/inst07/load.stdout.log	/home/seunghyun/ycsb/results/chiplet_duckdb_tpch_sf1_single_thread_q21_madracks-mnode5_20260314T231814Z_2017190/runs/duckdb_tpch/chiplet_x2/inst07/load.stderr.log	/home/seunghyun/ycsb/results/chiplet_duckdb_tpch_sf1_single_thread_q21_madracks-mnode5_20260314T231814Z_2017190/runs/duckdb_tpch/chiplet_x2/inst07/run.stdout.log	/home/seunghyun/ycsb/results/chiplet_duckdb_tpch_sf1_single_thread_q21_madracks-mnode5_20260314T231814Z_2017190/runs/duckdb_tpch/chiplet_x2/inst07/run.stderr.log	/home/seunghyun/ycsb/results/chiplet_duckdb_tpch_sf1_single_thread_q21_madracks-mnode5_20260314T231814Z_2017190/runs/duckdb_tpch/chiplet_x2/inst07/perf.stat	/home/seunghyun/ycsb/results/chiplet_duckdb_tpch_sf1_single_thread_q21_madracks-mnode5_20260314T231814Z_2017190/runs/duckdb_tpch/chiplet_x2/inst07/time.txt		/home/seunghyun/ycsb/results/chiplet_duckdb_tpch_sf1_single_thread_q21_madracks-mnode5_20260314T231814Z_2017190/runs/duckdb_tpch/chiplet_x2
2026-03-14T23:18:16Z	madracks-mnode5	amd	duckdb_tpch	analytic	per_instance_external	NO_RETIRED_INST_CYCLES	user	chiplet_x2	24	8	28	28	0	0	1	False				1						Q21	DUCKDB_TPCH	SF1	0.4540260229841806	2.202516924971154	queries/s	SUCCESSFUL	1	453985.41301256046	453985.41301256046	453985.41301256046	453985.41301256046	453985.41301256046	453985.41301256046	453985.41301256046	453985.41301256046	2.202516924971154	1233117600	1984698069	4676311205	907.76	730.0	210.0	99351324	16163377		ok	cpu/event=0xc0,cmask=1,inv=1/		/home/seunghyun/ycsb/.cache/duckdb_tpch/tpch_sf1.duckdb	/home/seunghyun/ycsb/results/chiplet_duckdb_tpch_sf1_single_thread_q21_madracks-mnode5_20260314T231814Z_2017190/runs/duckdb_tpch/chiplet_x2/inst08/load.stdout.log	/home/seunghyun/ycsb/results/chiplet_duckdb_tpch_sf1_single_thread_q21_madracks-mnode5_20260314T231814Z_2017190/runs/duckdb_tpch/chiplet_x2/inst08/load.stderr.log	/home/seunghyun/ycsb/results/chiplet_duckdb_tpch_sf1_single_thread_q21_madracks-mnode5_20260314T231814Z_2017190/runs/duckdb_tpch/chiplet_x2/inst08/run.stdout.log	/home/seunghyun/ycsb/results/chiplet_duckdb_tpch_sf1_single_thread_q21_madracks-mnode5_20260314T231814Z_2017190/runs/duckdb_tpch/chiplet_x2/inst08/run.stderr.log	/home/seunghyun/ycsb/results/chiplet_duckdb_tpch_sf1_single_thread_q21_madracks-mnode5_20260314T231814Z_2017190/runs/duckdb_tpch/chiplet_x2/inst08/perf.stat	/home/seunghyun/ycsb/results/chiplet_duckdb_tpch_sf1_single_thread_q21_madracks-mnode5_20260314T231814Z_2017190/runs/duckdb_tpch/chiplet_x2/inst08/time.txt		/home/seunghyun/ycsb/results/chiplet_duckdb_tpch_sf1_single_thread_q21_madracks-mnode5_20260314T231814Z_2017190/runs/duckdb_tpch/chiplet_x2
2026-03-14T23:18:16Z	madracks-mnode5	amd	duckdb_tpch	analytic	per_instance_external	NO_RETIRED_INST_CYCLES	user	chiplet_x2	24	9	29	29	0	0	1	False				1						Q21	DUCKDB_TPCH	SF1	0.45726141100749373	2.1869328483168498	queries/s	SUCCESSFUL	1	457231.6010016948	457231.6010016948	457231.6010016948	457231.6010016948	457231.6010016948	457231.6010016948	457231.6010016948	457231.6010016948	2.1869328483168498	1224615729	1976515539	4676987323	901.71	740.0	200.0	99411636	16144426		ok	cpu/event=0xc0,cmask=1,inv=1/		/home/seunghyun/ycsb/.cache/duckdb_tpch/tpch_sf1.duckdb	/home/seunghyun/ycsb/results/chiplet_duckdb_tpch_sf1_single_thread_q21_madracks-mnode5_20260314T231814Z_2017190/runs/duckdb_tpch/chiplet_x2/inst09/load.stdout.log	/home/seunghyun/ycsb/results/chiplet_duckdb_tpch_sf1_single_thread_q21_madracks-mnode5_20260314T231814Z_2017190/runs/duckdb_tpch/chiplet_x2/inst09/load.stderr.log	/home/seunghyun/ycsb/results/chiplet_duckdb_tpch_sf1_single_thread_q21_madracks-mnode5_20260314T231814Z_2017190/runs/duckdb_tpch/chiplet_x2/inst09/run.stdout.log	/home/seunghyun/ycsb/results/chiplet_duckdb_tpch_sf1_single_thread_q21_madracks-mnode5_20260314T231814Z_2017190/runs/duckdb_tpch/chiplet_x2/inst09/run.stderr.log	/home/seunghyun/ycsb/results/chiplet_duckdb_tpch_sf1_single_thread_q21_madracks-mnode5_20260314T231814Z_2017190/runs/duckdb_tpch/chiplet_x2/inst09/perf.stat	/home/seunghyun/ycsb/results/chiplet_duckdb_tpch_sf1_single_thread_q21_madracks-mnode5_20260314T231814Z_2017190/runs/duckdb_tpch/chiplet_x2/inst09/time.txt		/home/seunghyun/ycsb/results/chiplet_duckdb_tpch_sf1_single_thread_q21_madracks-mnode5_20260314T231814Z_2017190/runs/duckdb_tpch/chiplet_x2
2026-03-14T23:18:16Z	madracks-mnode5	amd	duckdb_tpch	analytic	per_instance_external	NO_RETIRED_INST_CYCLES	user	chiplet_x2	24	10	35	35	0	0	1	False				1						Q21	DUCKDB_TPCH	SF1	0.4459019770147279	2.2426453605227468	queries/s	SUCCESSFUL	1	445864.07800670713	445864.07800670713	445864.07800670713	445864.07800670713	445864.07800670713	445864.07800670713	445864.07800670713	445864.07800670713	2.2426453605227468	1204078067	1953924638	4675212055	892.18	650.0	280.0	100485588	16108491		ok	cpu/event=0xc0,cmask=1,inv=1/		/home/seunghyun/ycsb/.cache/duckdb_tpch/tpch_sf1.duckdb	/home/seunghyun/ycsb/results/chiplet_duckdb_tpch_sf1_single_thread_q21_madracks-mnode5_20260314T231814Z_2017190/runs/duckdb_tpch/chiplet_x2/inst10/load.stdout.log	/home/seunghyun/ycsb/results/chiplet_duckdb_tpch_sf1_single_thread_q21_madracks-mnode5_20260314T231814Z_2017190/runs/duckdb_tpch/chiplet_x2/inst10/load.stderr.log	/home/seunghyun/ycsb/results/chiplet_duckdb_tpch_sf1_single_thread_q21_madracks-mnode5_20260314T231814Z_2017190/runs/duckdb_tpch/chiplet_x2/inst10/run.stdout.log	/home/seunghyun/ycsb/results/chiplet_duckdb_tpch_sf1_single_thread_q21_madracks-mnode5_20260314T231814Z_2017190/runs/duckdb_tpch/chiplet_x2/inst10/run.stderr.log	/home/seunghyun/ycsb/results/chiplet_duckdb_tpch_sf1_single_thread_q21_madracks-mnode5_20260314T231814Z_2017190/runs/duckdb_tpch/chiplet_x2/inst10/perf.stat	/home/seunghyun/ycsb/results/chiplet_duckdb_tpch_sf1_single_thread_q21_madracks-mnode5_20260314T231814Z_2017190/runs/duckdb_tpch/chiplet_x2/inst10/time.txt		/home/seunghyun/ycsb/results/chiplet_duckdb_tpch_sf1_single_thread_q21_madracks-mnode5_20260314T231814Z_2017190/runs/duckdb_tpch/chiplet_x2
2026-03-14T23:18:16Z	madracks-mnode5	amd	duckdb_tpch	analytic	per_instance_external	NO_RETIRED_INST_CYCLES	user	chiplet_x2	24	11	36	36	0	0	1	False				1						Q21	DUCKDB_TPCH	SF1	0.45215727598406374	2.2116198347657354	queries/s	SUCCESSFUL	1	452127.6869927533	452127.6869927533	452127.6869927533	452127.6869927533	452127.6869927533	452127.6869927533	452127.6869927533	452127.6869927533	2.2116198347657354	1208213811	1960003889	4674128717	893.14	680.0	250.0	99421292	16064034		ok	cpu/event=0xc0,cmask=1,inv=1/		/home/seunghyun/ycsb/.cache/duckdb_tpch/tpch_sf1.duckdb	/home/seunghyun/ycsb/results/chiplet_duckdb_tpch_sf1_single_thread_q21_madracks-mnode5_20260314T231814Z_2017190/runs/duckdb_tpch/chiplet_x2/inst11/load.stdout.log	/home/seunghyun/ycsb/results/chiplet_duckdb_tpch_sf1_single_thread_q21_madracks-mnode5_20260314T231814Z_2017190/runs/duckdb_tpch/chiplet_x2/inst11/load.stderr.log	/home/seunghyun/ycsb/results/chiplet_duckdb_tpch_sf1_single_thread_q21_madracks-mnode5_20260314T231814Z_2017190/runs/duckdb_tpch/chiplet_x2/inst11/run.stdout.log	/home/seunghyun/ycsb/results/chiplet_duckdb_tpch_sf1_single_thread_q21_madracks-mnode5_20260314T231814Z_2017190/runs/duckdb_tpch/chiplet_x2/inst11/run.stderr.log	/home/seunghyun/ycsb/results/chiplet_duckdb_tpch_sf1_single_thread_q21_madracks-mnode5_20260314T231814Z_2017190/runs/duckdb_tpch/chiplet_x2/inst11/perf.stat	/home/seunghyun/ycsb/results/chiplet_duckdb_tpch_sf1_single_thread_q21_madracks-mnode5_20260314T231814Z_2017190/runs/duckdb_tpch/chiplet_x2/inst11/time.txt		/home/seunghyun/ycsb/results/chiplet_duckdb_tpch_sf1_single_thread_q21_madracks-mnode5_20260314T231814Z_2017190/runs/duckdb_tpch/chiplet_x2
2026-03-14T23:18:16Z	madracks-mnode5	amd	duckdb_tpch	analytic	per_instance_external	NO_RETIRED_INST_CYCLES	user	chiplet_x2	24	12	42	42	0	0	1	False				1						Q21	DUCKDB_TPCH	SF1	0.45119756896747276	2.216323998128835	queries/s	SUCCESSFUL	1	451166.90994473174	451166.90994473174	451166.90994473174	451166.90994473174	451166.90994473174	451166.90994473174	451166.90994473174	451166.90994473174	2.216323998128835	1229567579	1981712468	4679301282	909.49	710.0	230.0	99217458	16054776		ok	cpu/event=0xc0,cmask=1,inv=1/		/home/seunghyun/ycsb/.cache/duckdb_tpch/tpch_sf1.duckdb	/home/seunghyun/ycsb/results/chiplet_duckdb_tpch_sf1_single_thread_q21_madracks-mnode5_20260314T231814Z_2017190/runs/duckdb_tpch/chiplet_x2/inst12/load.stdout.log	/home/seunghyun/ycsb/results/chiplet_duckdb_tpch_sf1_single_thread_q21_madracks-mnode5_20260314T231814Z_2017190/runs/duckdb_tpch/chiplet_x2/inst12/load.stderr.log	/home/seunghyun/ycsb/results/chiplet_duckdb_tpch_sf1_single_thread_q21_madracks-mnode5_20260314T231814Z_2017190/runs/duckdb_tpch/chiplet_x2/inst12/run.stdout.log	/home/seunghyun/ycsb/results/chiplet_duckdb_tpch_sf1_single_thread_q21_madracks-mnode5_20260314T231814Z_2017190/runs/duckdb_tpch/chiplet_x2/inst12/run.stderr.log	/home/seunghyun/ycsb/results/chiplet_duckdb_tpch_sf1_single_thread_q21_madracks-mnode5_20260314T231814Z_2017190/runs/duckdb_tpch/chiplet_x2/inst12/perf.stat	/home/seunghyun/ycsb/results/chiplet_duckdb_tpch_sf1_single_thread_q21_madracks-mnode5_20260314T231814Z_2017190/runs/duckdb_tpch/chiplet_x2/inst12/time.txt		/home/seunghyun/ycsb/results/chiplet_duckdb_tpch_sf1_single_thread_q21_madracks-mnode5_20260314T231814Z_2017190/runs/duckdb_tpch/chiplet_x2
2026-03-14T23:18:16Z	madracks-mnode5	amd	duckdb_tpch	analytic	per_instance_external	NO_RETIRED_INST_CYCLES	user	chiplet_x2	24	13	43	43	0	0	1	False				1						Q21	DUCKDB_TPCH	SF1	0.4512257589958608	2.216185534765034	queries/s	SUCCESSFUL	1	451186.22900918126	451186.22900918126	451186.22900918126	451186.22900918126	451186.22900918126	451186.22900918126	451186.22900918126	451186.22900918126	2.216185534765034	1243352108	1994930142	4676997458	916.12	660.0	290.0	100195775	16323982		ok	cpu/event=0xc0,cmask=1,inv=1/		/home/seunghyun/ycsb/.cache/duckdb_tpch/tpch_sf1.duckdb	/home/seunghyun/ycsb/results/chiplet_duckdb_tpch_sf1_single_thread_q21_madracks-mnode5_20260314T231814Z_2017190/runs/duckdb_tpch/chiplet_x2/inst13/load.stdout.log	/home/seunghyun/ycsb/results/chiplet_duckdb_tpch_sf1_single_thread_q21_madracks-mnode5_20260314T231814Z_2017190/runs/duckdb_tpch/chiplet_x2/inst13/load.stderr.log	/home/seunghyun/ycsb/results/chiplet_duckdb_tpch_sf1_single_thread_q21_madracks-mnode5_20260314T231814Z_2017190/runs/duckdb_tpch/chiplet_x2/inst13/run.stdout.log	/home/seunghyun/ycsb/results/chiplet_duckdb_tpch_sf1_single_thread_q21_madracks-mnode5_20260314T231814Z_2017190/runs/duckdb_tpch/chiplet_x2/inst13/run.stderr.log	/home/seunghyun/ycsb/results/chiplet_duckdb_tpch_sf1_single_thread_q21_madracks-mnode5_20260314T231814Z_2017190/runs/duckdb_tpch/chiplet_x2/inst13/perf.stat	/home/seunghyun/ycsb/results/chiplet_duckdb_tpch_sf1_single_thread_q21_madracks-mnode5_20260314T231814Z_2017190/runs/duckdb_tpch/chiplet_x2/inst13/time.txt		/home/seunghyun/ycsb/results/chiplet_duckdb_tpch_sf1_single_thread_q21_madracks-mnode5_20260314T231814Z_2017190/runs/duckdb_tpch/chiplet_x2
2026-03-14T23:18:16Z	madracks-mnode5	amd	duckdb_tpch	analytic	per_instance_external	NO_RETIRED_INST_CYCLES	user	chiplet_x2	24	14	49	49	0	0	1	False				1						Q21	DUCKDB_TPCH	SF1	0.45062808599323034	2.2191248860929247	queries/s	SUCCESSFUL	1	450596.99699049816	450596.99699049816	450596.99699049816	450596.99699049816	450596.99699049816	450596.99699049816	450596.99699049816	450596.99699049816	2.2191248860929247	1212878707	1962895931	4675062775	895.17	710.0	220.0	100570691	16208810		ok	cpu/event=0xc0,cmask=1,inv=1/		/home/seunghyun/ycsb/.cache/duckdb_tpch/tpch_sf1.duckdb	/home/seunghyun/ycsb/results/chiplet_duckdb_tpch_sf1_single_thread_q21_madracks-mnode5_20260314T231814Z_2017190/runs/duckdb_tpch/chiplet_x2/inst14/load.stdout.log	/home/seunghyun/ycsb/results/chiplet_duckdb_tpch_sf1_single_thread_q21_madracks-mnode5_20260314T231814Z_2017190/runs/duckdb_tpch/chiplet_x2/inst14/load.stderr.log	/home/seunghyun/ycsb/results/chiplet_duckdb_tpch_sf1_single_thread_q21_madracks-mnode5_20260314T231814Z_2017190/runs/duckdb_tpch/chiplet_x2/inst14/run.stdout.log	/home/seunghyun/ycsb/results/chiplet_duckdb_tpch_sf1_single_thread_q21_madracks-mnode5_20260314T231814Z_2017190/runs/duckdb_tpch/chiplet_x2/inst14/run.stderr.log	/home/seunghyun/ycsb/results/chiplet_duckdb_tpch_sf1_single_thread_q21_madracks-mnode5_20260314T231814Z_2017190/runs/duckdb_tpch/chiplet_x2/inst14/perf.stat	/home/seunghyun/ycsb/results/chiplet_duckdb_tpch_sf1_single_thread_q21_madracks-mnode5_20260314T231814Z_2017190/runs/duckdb_tpch/chiplet_x2/inst14/time.txt		/home/seunghyun/ycsb/results/chiplet_duckdb_tpch_sf1_single_thread_q21_madracks-mnode5_20260314T231814Z_2017190/runs/duckdb_tpch/chiplet_x2
2026-03-14T23:18:16Z	madracks-mnode5	amd	duckdb_tpch	analytic	per_instance_external	NO_RETIRED_INST_CYCLES	user	chiplet_x2	24	15	50	50	0	0	1	False				1						Q21	DUCKDB_TPCH	SF1	0.4488526880159043	2.2279024426039906	queries/s	SUCCESSFUL	1	448814.03900217265	448814.03900217265	448814.03900217265	448814.03900217265	448814.03900217265	448814.03900217265	448814.03900217265	448814.03900217265	2.2279024426039906	1207273473	1959133336	4675266205	893.46	690.0	240.0	99215162	16204536		ok	cpu/event=0xc0,cmask=1,inv=1/		/home/seunghyun/ycsb/.cache/duckdb_tpch/tpch_sf1.duckdb	/home/seunghyun/ycsb/results/chiplet_duckdb_tpch_sf1_single_thread_q21_madracks-mnode5_20260314T231814Z_2017190/runs/duckdb_tpch/chiplet_x2/inst15/load.stdout.log	/home/seunghyun/ycsb/results/chiplet_duckdb_tpch_sf1_single_thread_q21_madracks-mnode5_20260314T231814Z_2017190/runs/duckdb_tpch/chiplet_x2/inst15/load.stderr.log	/home/seunghyun/ycsb/results/chiplet_duckdb_tpch_sf1_single_thread_q21_madracks-mnode5_20260314T231814Z_2017190/runs/duckdb_tpch/chiplet_x2/inst15/run.stdout.log	/home/seunghyun/ycsb/results/chiplet_duckdb_tpch_sf1_single_thread_q21_madracks-mnode5_20260314T231814Z_2017190/runs/duckdb_tpch/chiplet_x2/inst15/run.stderr.log	/home/seunghyun/ycsb/results/chiplet_duckdb_tpch_sf1_single_thread_q21_madracks-mnode5_20260314T231814Z_2017190/runs/duckdb_tpch/chiplet_x2/inst15/perf.stat	/home/seunghyun/ycsb/results/chiplet_duckdb_tpch_sf1_single_thread_q21_madracks-mnode5_20260314T231814Z_2017190/runs/duckdb_tpch/chiplet_x2/inst15/time.txt		/home/seunghyun/ycsb/results/chiplet_duckdb_tpch_sf1_single_thread_q21_madracks-mnode5_20260314T231814Z_2017190/runs/duckdb_tpch/chiplet_x2
2026-03-14T23:18:16Z	madracks-mnode5	amd	duckdb_tpch	analytic	per_instance_external	NO_RETIRED_INST_CYCLES	user	chiplet_x2	24	16	56	56	0	0	1	False				1						Q21	DUCKDB_TPCH	SF1	0.4508115249918774	2.2182219055247483	queries/s	SUCCESSFUL	1	450772.3140413873	450772.3140413873	450772.3140413873	450772.3140413873	450772.3140413873	450772.3140413873	450772.3140413873	450772.3140413873	2.2182219055247483	1291630894	2042490853	4678187492	941.32	760.0	220.0	100001762	16015052		ok	cpu/event=0xc0,cmask=1,inv=1/		/home/seunghyun/ycsb/.cache/duckdb_tpch/tpch_sf1.duckdb	/home/seunghyun/ycsb/results/chiplet_duckdb_tpch_sf1_single_thread_q21_madracks-mnode5_20260314T231814Z_2017190/runs/duckdb_tpch/chiplet_x2/inst16/load.stdout.log	/home/seunghyun/ycsb/results/chiplet_duckdb_tpch_sf1_single_thread_q21_madracks-mnode5_20260314T231814Z_2017190/runs/duckdb_tpch/chiplet_x2/inst16/load.stderr.log	/home/seunghyun/ycsb/results/chiplet_duckdb_tpch_sf1_single_thread_q21_madracks-mnode5_20260314T231814Z_2017190/runs/duckdb_tpch/chiplet_x2/inst16/run.stdout.log	/home/seunghyun/ycsb/results/chiplet_duckdb_tpch_sf1_single_thread_q21_madracks-mnode5_20260314T231814Z_2017190/runs/duckdb_tpch/chiplet_x2/inst16/run.stderr.log	/home/seunghyun/ycsb/results/chiplet_duckdb_tpch_sf1_single_thread_q21_madracks-mnode5_20260314T231814Z_2017190/runs/duckdb_tpch/chiplet_x2/inst16/perf.stat	/home/seunghyun/ycsb/results/chiplet_duckdb_tpch_sf1_single_thread_q21_madracks-mnode5_20260314T231814Z_2017190/runs/duckdb_tpch/chiplet_x2/inst16/time.txt		/home/seunghyun/ycsb/results/chiplet_duckdb_tpch_sf1_single_thread_q21_madracks-mnode5_20260314T231814Z_2017190/runs/duckdb_tpch/chiplet_x2
2026-03-14T23:18:16Z	madracks-mnode5	amd	duckdb_tpch	analytic	per_instance_external	NO_RETIRED_INST_CYCLES	user	chiplet_x2	24	17	57	57	0	0	1	False				1						Q21	DUCKDB_TPCH	SF1	0.4557520719827153	2.1941754332560133	queries/s	SUCCESSFUL	1	455718.92196312547	455718.92196312547	455718.92196312547	455718.92196312547	455718.92196312547	455718.92196312547	455718.92196312547	455718.92196312547	2.1941754332560133	1189619725	1939691462	4673900917	889.31	690.0	230.0	100003990	16094360		ok	cpu/event=0xc0,cmask=1,inv=1/		/home/seunghyun/ycsb/.cache/duckdb_tpch/tpch_sf1.duckdb	/home/seunghyun/ycsb/results/chiplet_duckdb_tpch_sf1_single_thread_q21_madracks-mnode5_20260314T231814Z_2017190/runs/duckdb_tpch/chiplet_x2/inst17/load.stdout.log	/home/seunghyun/ycsb/results/chiplet_duckdb_tpch_sf1_single_thread_q21_madracks-mnode5_20260314T231814Z_2017190/runs/duckdb_tpch/chiplet_x2/inst17/load.stderr.log	/home/seunghyun/ycsb/results/chiplet_duckdb_tpch_sf1_single_thread_q21_madracks-mnode5_20260314T231814Z_2017190/runs/duckdb_tpch/chiplet_x2/inst17/run.stdout.log	/home/seunghyun/ycsb/results/chiplet_duckdb_tpch_sf1_single_thread_q21_madracks-mnode5_20260314T231814Z_2017190/runs/duckdb_tpch/chiplet_x2/inst17/run.stderr.log	/home/seunghyun/ycsb/results/chiplet_duckdb_tpch_sf1_single_thread_q21_madracks-mnode5_20260314T231814Z_2017190/runs/duckdb_tpch/chiplet_x2/inst17/perf.stat	/home/seunghyun/ycsb/results/chiplet_duckdb_tpch_sf1_single_thread_q21_madracks-mnode5_20260314T231814Z_2017190/runs/duckdb_tpch/chiplet_x2/inst17/time.txt		/home/seunghyun/ycsb/results/chiplet_duckdb_tpch_sf1_single_thread_q21_madracks-mnode5_20260314T231814Z_2017190/runs/duckdb_tpch/chiplet_x2
2026-03-14T23:18:16Z	madracks-mnode5	amd	duckdb_tpch	analytic	per_instance_external	NO_RETIRED_INST_CYCLES	user	chiplet_x2	24	18	63	63	0	0	1	False				1						Q21	DUCKDB_TPCH	SF1	0.44947579101426527	2.2248139276721632	queries/s	SUCCESSFUL	1	449444.8420009576	449444.8420009576	449444.8420009576	449444.8420009576	449444.8420009576	449444.8420009576	449444.8420009576	449444.8420009576	2.2248139276721632	1226742374	1978753727	4677162333	908.15	650.0	290.0	99628630	16197302		ok	cpu/event=0xc0,cmask=1,inv=1/		/home/seunghyun/ycsb/.cache/duckdb_tpch/tpch_sf1.duckdb	/home/seunghyun/ycsb/results/chiplet_duckdb_tpch_sf1_single_thread_q21_madracks-mnode5_20260314T231814Z_2017190/runs/duckdb_tpch/chiplet_x2/inst18/load.stdout.log	/home/seunghyun/ycsb/results/chiplet_duckdb_tpch_sf1_single_thread_q21_madracks-mnode5_20260314T231814Z_2017190/runs/duckdb_tpch/chiplet_x2/inst18/load.stderr.log	/home/seunghyun/ycsb/results/chiplet_duckdb_tpch_sf1_single_thread_q21_madracks-mnode5_20260314T231814Z_2017190/runs/duckdb_tpch/chiplet_x2/inst18/run.stdout.log	/home/seunghyun/ycsb/results/chiplet_duckdb_tpch_sf1_single_thread_q21_madracks-mnode5_20260314T231814Z_2017190/runs/duckdb_tpch/chiplet_x2/inst18/run.stderr.log	/home/seunghyun/ycsb/results/chiplet_duckdb_tpch_sf1_single_thread_q21_madracks-mnode5_20260314T231814Z_2017190/runs/duckdb_tpch/chiplet_x2/inst18/perf.stat	/home/seunghyun/ycsb/results/chiplet_duckdb_tpch_sf1_single_thread_q21_madracks-mnode5_20260314T231814Z_2017190/runs/duckdb_tpch/chiplet_x2/inst18/time.txt		/home/seunghyun/ycsb/results/chiplet_duckdb_tpch_sf1_single_thread_q21_madracks-mnode5_20260314T231814Z_2017190/runs/duckdb_tpch/chiplet_x2
2026-03-14T23:18:16Z	madracks-mnode5	amd	duckdb_tpch	analytic	per_instance_external	NO_RETIRED_INST_CYCLES	user	chiplet_x2	24	19	64	64	0	0	1	False				1						Q21	DUCKDB_TPCH	SF1	0.4507696849759668	2.218427798784463	queries/s	SUCCESSFUL	1	450728.0450197868	450728.0450197868	450728.0450197868	450728.0450197868	450728.0450197868	450728.0450197868	450728.0450197868	450728.0450197868	2.218427798784463	1226208795	1978247827	4678258876	904.34	730.0	210.0	99366188	16145316		ok	cpu/event=0xc0,cmask=1,inv=1/		/home/seunghyun/ycsb/.cache/duckdb_tpch/tpch_sf1.duckdb	/home/seunghyun/ycsb/results/chiplet_duckdb_tpch_sf1_single_thread_q21_madracks-mnode5_20260314T231814Z_2017190/runs/duckdb_tpch/chiplet_x2/inst19/load.stdout.log	/home/seunghyun/ycsb/results/chiplet_duckdb_tpch_sf1_single_thread_q21_madracks-mnode5_20260314T231814Z_2017190/runs/duckdb_tpch/chiplet_x2/inst19/load.stderr.log	/home/seunghyun/ycsb/results/chiplet_duckdb_tpch_sf1_single_thread_q21_madracks-mnode5_20260314T231814Z_2017190/runs/duckdb_tpch/chiplet_x2/inst19/run.stdout.log	/home/seunghyun/ycsb/results/chiplet_duckdb_tpch_sf1_single_thread_q21_madracks-mnode5_20260314T231814Z_2017190/runs/duckdb_tpch/chiplet_x2/inst19/run.stderr.log	/home/seunghyun/ycsb/results/chiplet_duckdb_tpch_sf1_single_thread_q21_madracks-mnode5_20260314T231814Z_2017190/runs/duckdb_tpch/chiplet_x2/inst19/perf.stat	/home/seunghyun/ycsb/results/chiplet_duckdb_tpch_sf1_single_thread_q21_madracks-mnode5_20260314T231814Z_2017190/runs/duckdb_tpch/chiplet_x2/inst19/time.txt		/home/seunghyun/ycsb/results/chiplet_duckdb_tpch_sf1_single_thread_q21_madracks-mnode5_20260314T231814Z_2017190/runs/duckdb_tpch/chiplet_x2
2026-03-14T23:18:16Z	madracks-mnode5	amd	duckdb_tpch	analytic	per_instance_external	NO_RETIRED_INST_CYCLES	user	chiplet_x2	24	20	70	70	0	0	1	False				1						Q21	DUCKDB_TPCH	SF1	0.44783308199839666	2.2329748296790193	queries/s	SUCCESSFUL	1	447793.49298914894	447793.49298914894	447793.49298914894	447793.49298914894	447793.49298914894	447793.49298914894	447793.49298914894	447793.49298914894	2.2329748296790193	1214367811	1964649200	4675781028	899.25	720.0	210.0	99577985	16037717		ok	cpu/event=0xc0,cmask=1,inv=1/		/home/seunghyun/ycsb/.cache/duckdb_tpch/tpch_sf1.duckdb	/home/seunghyun/ycsb/results/chiplet_duckdb_tpch_sf1_single_thread_q21_madracks-mnode5_20260314T231814Z_2017190/runs/duckdb_tpch/chiplet_x2/inst20/load.stdout.log	/home/seunghyun/ycsb/results/chiplet_duckdb_tpch_sf1_single_thread_q21_madracks-mnode5_20260314T231814Z_2017190/runs/duckdb_tpch/chiplet_x2/inst20/load.stderr.log	/home/seunghyun/ycsb/results/chiplet_duckdb_tpch_sf1_single_thread_q21_madracks-mnode5_20260314T231814Z_2017190/runs/duckdb_tpch/chiplet_x2/inst20/run.stdout.log	/home/seunghyun/ycsb/results/chiplet_duckdb_tpch_sf1_single_thread_q21_madracks-mnode5_20260314T231814Z_2017190/runs/duckdb_tpch/chiplet_x2/inst20/run.stderr.log	/home/seunghyun/ycsb/results/chiplet_duckdb_tpch_sf1_single_thread_q21_madracks-mnode5_20260314T231814Z_2017190/runs/duckdb_tpch/chiplet_x2/inst20/perf.stat	/home/seunghyun/ycsb/results/chiplet_duckdb_tpch_sf1_single_thread_q21_madracks-mnode5_20260314T231814Z_2017190/runs/duckdb_tpch/chiplet_x2/inst20/time.txt		/home/seunghyun/ycsb/results/chiplet_duckdb_tpch_sf1_single_thread_q21_madracks-mnode5_20260314T231814Z_2017190/runs/duckdb_tpch/chiplet_x2
2026-03-14T23:18:16Z	madracks-mnode5	amd	duckdb_tpch	analytic	per_instance_external	NO_RETIRED_INST_CYCLES	user	chiplet_x2	24	21	71	71	0	0	1	False				1						Q21	DUCKDB_TPCH	SF1	0.4507375149987638	2.2185861321144804	queries/s	SUCCESSFUL	1	450704.674993176	450704.674993176	450704.674993176	450704.674993176	450704.674993176	450704.674993176	450704.674993176	450704.674993176	2.2185861321144804	1210965693	1961482226	4676832869	902.43	700.0	230.0	100116111	16267160		ok	cpu/event=0xc0,cmask=1,inv=1/		/home/seunghyun/ycsb/.cache/duckdb_tpch/tpch_sf1.duckdb	/home/seunghyun/ycsb/results/chiplet_duckdb_tpch_sf1_single_thread_q21_madracks-mnode5_20260314T231814Z_2017190/runs/duckdb_tpch/chiplet_x2/inst21/load.stdout.log	/home/seunghyun/ycsb/results/chiplet_duckdb_tpch_sf1_single_thread_q21_madracks-mnode5_20260314T231814Z_2017190/runs/duckdb_tpch/chiplet_x2/inst21/load.stderr.log	/home/seunghyun/ycsb/results/chiplet_duckdb_tpch_sf1_single_thread_q21_madracks-mnode5_20260314T231814Z_2017190/runs/duckdb_tpch/chiplet_x2/inst21/run.stdout.log	/home/seunghyun/ycsb/results/chiplet_duckdb_tpch_sf1_single_thread_q21_madracks-mnode5_20260314T231814Z_2017190/runs/duckdb_tpch/chiplet_x2/inst21/run.stderr.log	/home/seunghyun/ycsb/results/chiplet_duckdb_tpch_sf1_single_thread_q21_madracks-mnode5_20260314T231814Z_2017190/runs/duckdb_tpch/chiplet_x2/inst21/perf.stat	/home/seunghyun/ycsb/results/chiplet_duckdb_tpch_sf1_single_thread_q21_madracks-mnode5_20260314T231814Z_2017190/runs/duckdb_tpch/chiplet_x2/inst21/time.txt		/home/seunghyun/ycsb/results/chiplet_duckdb_tpch_sf1_single_thread_q21_madracks-mnode5_20260314T231814Z_2017190/runs/duckdb_tpch/chiplet_x2
2026-03-14T23:18:16Z	madracks-mnode5	amd	duckdb_tpch	analytic	per_instance_external	NO_RETIRED_INST_CYCLES	user	chiplet_x2	24	22	77	77	0	0	1	False				1						Q21	DUCKDB_TPCH	SF1	0.44830937596270815	2.2306024669963254	queries/s	SUCCESSFUL	1	448281.1769703403	448281.1769703403	448281.1769703403	448281.1769703403	448281.1769703403	448281.1769703403	448281.1769703403	448281.1769703403	2.2306024669963254	1182637207	1933794546	4673856670	880.89	700.0	220.0	99183479	15968005		ok	cpu/event=0xc0,cmask=1,inv=1/		/home/seunghyun/ycsb/.cache/duckdb_tpch/tpch_sf1.duckdb	/home/seunghyun/ycsb/results/chiplet_duckdb_tpch_sf1_single_thread_q21_madracks-mnode5_20260314T231814Z_2017190/runs/duckdb_tpch/chiplet_x2/inst22/load.stdout.log	/home/seunghyun/ycsb/results/chiplet_duckdb_tpch_sf1_single_thread_q21_madracks-mnode5_20260314T231814Z_2017190/runs/duckdb_tpch/chiplet_x2/inst22/load.stderr.log	/home/seunghyun/ycsb/results/chiplet_duckdb_tpch_sf1_single_thread_q21_madracks-mnode5_20260314T231814Z_2017190/runs/duckdb_tpch/chiplet_x2/inst22/run.stdout.log	/home/seunghyun/ycsb/results/chiplet_duckdb_tpch_sf1_single_thread_q21_madracks-mnode5_20260314T231814Z_2017190/runs/duckdb_tpch/chiplet_x2/inst22/run.stderr.log	/home/seunghyun/ycsb/results/chiplet_duckdb_tpch_sf1_single_thread_q21_madracks-mnode5_20260314T231814Z_2017190/runs/duckdb_tpch/chiplet_x2/inst22/perf.stat	/home/seunghyun/ycsb/results/chiplet_duckdb_tpch_sf1_single_thread_q21_madracks-mnode5_20260314T231814Z_2017190/runs/duckdb_tpch/chiplet_x2/inst22/time.txt		/home/seunghyun/ycsb/results/chiplet_duckdb_tpch_sf1_single_thread_q21_madracks-mnode5_20260314T231814Z_2017190/runs/duckdb_tpch/chiplet_x2
2026-03-14T23:18:16Z	madracks-mnode5	amd	duckdb_tpch	analytic	per_instance_external	NO_RETIRED_INST_CYCLES	user	chiplet_x2	24	23	78	78	0	0	1	False				1						Q21	DUCKDB_TPCH	SF1	0.45227981597417966	2.2110206219264255	queries/s	SUCCESSFUL	1	452240.6859905459	452240.6859905459	452240.6859905459	452240.6859905459	452240.6859905459	452240.6859905459	452240.6859905459	452240.6859905459	2.2110206219264255	1241805233	1993895846	4674776197	915.47	750.0	200.0	99601942	16053466		ok	cpu/event=0xc0,cmask=1,inv=1/		/home/seunghyun/ycsb/.cache/duckdb_tpch/tpch_sf1.duckdb	/home/seunghyun/ycsb/results/chiplet_duckdb_tpch_sf1_single_thread_q21_madracks-mnode5_20260314T231814Z_2017190/runs/duckdb_tpch/chiplet_x2/inst23/load.stdout.log	/home/seunghyun/ycsb/results/chiplet_duckdb_tpch_sf1_single_thread_q21_madracks-mnode5_20260314T231814Z_2017190/runs/duckdb_tpch/chiplet_x2/inst23/load.stderr.log	/home/seunghyun/ycsb/results/chiplet_duckdb_tpch_sf1_single_thread_q21_madracks-mnode5_20260314T231814Z_2017190/runs/duckdb_tpch/chiplet_x2/inst23/run.stdout.log	/home/seunghyun/ycsb/results/chiplet_duckdb_tpch_sf1_single_thread_q21_madracks-mnode5_20260314T231814Z_2017190/runs/duckdb_tpch/chiplet_x2/inst23/run.stderr.log	/home/seunghyun/ycsb/results/chiplet_duckdb_tpch_sf1_single_thread_q21_madracks-mnode5_20260314T231814Z_2017190/runs/duckdb_tpch/chiplet_x2/inst23/perf.stat	/home/seunghyun/ycsb/results/chiplet_duckdb_tpch_sf1_single_thread_q21_madracks-mnode5_20260314T231814Z_2017190/runs/duckdb_tpch/chiplet_x2/inst23/time.txt		/home/seunghyun/ycsb/results/chiplet_duckdb_tpch_sf1_single_thread_q21_madracks-mnode5_20260314T231814Z_2017190/runs/duckdb_tpch/chiplet_x2
2026-03-14T23:18:17Z	madracks-mnode5	amd	duckdb_tpch	analytic	per_instance_external	NO_RETIRED_INST_CYCLES	user	chiplet_x3	36	0	0	0	0	0	1	False				1						Q21	DUCKDB_TPCH	SF1	0.4683968549943529	2.1349417472328165	queries/s	SUCCESSFUL	1	468366.89597694203	468366.89597694203	468366.89597694203	468366.89597694203	468366.89597694203	468366.89597694203	468366.89597694203	468366.89597694203	2.1349417472328165	1300228763	2054487754	4680757541	933.54	690.0	280.0	99406982	16967092		ok	cpu/event=0xc0,cmask=1,inv=1/		/home/seunghyun/ycsb/.cache/duckdb_tpch/tpch_sf1.duckdb	/home/seunghyun/ycsb/results/chiplet_duckdb_tpch_sf1_single_thread_q21_madracks-mnode5_20260314T231814Z_2017190/runs/duckdb_tpch/chiplet_x3/inst00/load.stdout.log	/home/seunghyun/ycsb/results/chiplet_duckdb_tpch_sf1_single_thread_q21_madracks-mnode5_20260314T231814Z_2017190/runs/duckdb_tpch/chiplet_x3/inst00/load.stderr.log	/home/seunghyun/ycsb/results/chiplet_duckdb_tpch_sf1_single_thread_q21_madracks-mnode5_20260314T231814Z_2017190/runs/duckdb_tpch/chiplet_x3/inst00/run.stdout.log	/home/seunghyun/ycsb/results/chiplet_duckdb_tpch_sf1_single_thread_q21_madracks-mnode5_20260314T231814Z_2017190/runs/duckdb_tpch/chiplet_x3/inst00/run.stderr.log	/home/seunghyun/ycsb/results/chiplet_duckdb_tpch_sf1_single_thread_q21_madracks-mnode5_20260314T231814Z_2017190/runs/duckdb_tpch/chiplet_x3/inst00/perf.stat	/home/seunghyun/ycsb/results/chiplet_duckdb_tpch_sf1_single_thread_q21_madracks-mnode5_20260314T231814Z_2017190/runs/duckdb_tpch/chiplet_x3/inst00/time.txt		/home/seunghyun/ycsb/results/chiplet_duckdb_tpch_sf1_single_thread_q21_madracks-mnode5_20260314T231814Z_2017190/runs/duckdb_tpch/chiplet_x3
2026-03-14T23:18:17Z	madracks-mnode5	amd	duckdb_tpch	analytic	per_instance_external	NO_RETIRED_INST_CYCLES	user	chiplet_x3	36	1	1	1	0	0	1	False				1						Q21	DUCKDB_TPCH	SF1	0.4682159169460647	2.135766777264843	queries/s	SUCCESSFUL	1	468175.1079624519	468175.1079624519	468175.1079624519	468175.1079624519	468175.1079624519	468175.1079624519	468175.1079624519	468175.1079624519	2.135766777264843	1298097493	2051785657	4682000724	930.33	710.0	260.0	99447293	16581921		ok	cpu/event=0xc0,cmask=1,inv=1/		/home/seunghyun/ycsb/.cache/duckdb_tpch/tpch_sf1.duckdb	/home/seunghyun/ycsb/results/chiplet_duckdb_tpch_sf1_single_thread_q21_madracks-mnode5_20260314T231814Z_2017190/runs/duckdb_tpch/chiplet_x3/inst01/load.stdout.log	/home/seunghyun/ycsb/results/chiplet_duckdb_tpch_sf1_single_thread_q21_madracks-mnode5_20260314T231814Z_2017190/runs/duckdb_tpch/chiplet_x3/inst01/load.stderr.log	/home/seunghyun/ycsb/results/chiplet_duckdb_tpch_sf1_single_thread_q21_madracks-mnode5_20260314T231814Z_2017190/runs/duckdb_tpch/chiplet_x3/inst01/run.stdout.log	/home/seunghyun/ycsb/results/chiplet_duckdb_tpch_sf1_single_thread_q21_madracks-mnode5_20260314T231814Z_2017190/runs/duckdb_tpch/chiplet_x3/inst01/run.stderr.log	/home/seunghyun/ycsb/results/chiplet_duckdb_tpch_sf1_single_thread_q21_madracks-mnode5_20260314T231814Z_2017190/runs/duckdb_tpch/chiplet_x3/inst01/perf.stat	/home/seunghyun/ycsb/results/chiplet_duckdb_tpch_sf1_single_thread_q21_madracks-mnode5_20260314T231814Z_2017190/runs/duckdb_tpch/chiplet_x3/inst01/time.txt		/home/seunghyun/ycsb/results/chiplet_duckdb_tpch_sf1_single_thread_q21_madracks-mnode5_20260314T231814Z_2017190/runs/duckdb_tpch/chiplet_x3
2026-03-14T23:18:17Z	madracks-mnode5	amd	duckdb_tpch	analytic	per_instance_external	NO_RETIRED_INST_CYCLES	user	chiplet_x3	36	2	2	2	0	0	1	False				1						Q21	DUCKDB_TPCH	SF1	0.4639978909981437	2.155182209662243	queries/s	SUCCESSFUL	1	463967.5320358947	463967.5320358947	463967.5320358947	463967.5320358947	463967.5320358947	463967.5320358947	463967.5320358947	463967.5320358947	2.155182209662243	1321967630	2092978368	4769881495	950.78	700.0	300.0	99716336	16539081		ok	cpu/event=0xc0,cmask=1,inv=1/		/home/seunghyun/ycsb/.cache/duckdb_tpch/tpch_sf1.duckdb	/home/seunghyun/ycsb/results/chiplet_duckdb_tpch_sf1_single_thread_q21_madracks-mnode5_20260314T231814Z_2017190/runs/duckdb_tpch/chiplet_x3/inst02/load.stdout.log	/home/seunghyun/ycsb/results/chiplet_duckdb_tpch_sf1_single_thread_q21_madracks-mnode5_20260314T231814Z_2017190/runs/duckdb_tpch/chiplet_x3/inst02/load.stderr.log	/home/seunghyun/ycsb/results/chiplet_duckdb_tpch_sf1_single_thread_q21_madracks-mnode5_20260314T231814Z_2017190/runs/duckdb_tpch/chiplet_x3/inst02/run.stdout.log	/home/seunghyun/ycsb/results/chiplet_duckdb_tpch_sf1_single_thread_q21_madracks-mnode5_20260314T231814Z_2017190/runs/duckdb_tpch/chiplet_x3/inst02/run.stderr.log	/home/seunghyun/ycsb/results/chiplet_duckdb_tpch_sf1_single_thread_q21_madracks-mnode5_20260314T231814Z_2017190/runs/duckdb_tpch/chiplet_x3/inst02/perf.stat	/home/seunghyun/ycsb/results/chiplet_duckdb_tpch_sf1_single_thread_q21_madracks-mnode5_20260314T231814Z_2017190/runs/duckdb_tpch/chiplet_x3/inst02/time.txt		/home/seunghyun/ycsb/results/chiplet_duckdb_tpch_sf1_single_thread_q21_madracks-mnode5_20260314T231814Z_2017190/runs/duckdb_tpch/chiplet_x3
2026-03-14T23:18:17Z	madracks-mnode5	amd	duckdb_tpch	analytic	per_instance_external	NO_RETIRED_INST_CYCLES	user	chiplet_x3	36	3	7	7	0	0	1	False				1						Q21	DUCKDB_TPCH	SF1	0.45943508902564645	2.17658603769417	queries/s	SUCCESSFUL	1	459404.2599783279	459404.2599783279	459404.2599783279	459404.2599783279	459404.2599783279	459404.2599783279	459404.2599783279	459404.2599783279	2.17658603769417	1295445576	2049835366	4681703841	930.62	730.0	240.0	99917428	16199845		ok	cpu/event=0xc0,cmask=1,inv=1/		/home/seunghyun/ycsb/.cache/duckdb_tpch/tpch_sf1.duckdb	/home/seunghyun/ycsb/results/chiplet_duckdb_tpch_sf1_single_thread_q21_madracks-mnode5_20260314T231814Z_2017190/runs/duckdb_tpch/chiplet_x3/inst03/load.stdout.log	/home/seunghyun/ycsb/results/chiplet_duckdb_tpch_sf1_single_thread_q21_madracks-mnode5_20260314T231814Z_2017190/runs/duckdb_tpch/chiplet_x3/inst03/load.stderr.log	/home/seunghyun/ycsb/results/chiplet_duckdb_tpch_sf1_single_thread_q21_madracks-mnode5_20260314T231814Z_2017190/runs/duckdb_tpch/chiplet_x3/inst03/run.stdout.log	/home/seunghyun/ycsb/results/chiplet_duckdb_tpch_sf1_single_thread_q21_madracks-mnode5_20260314T231814Z_2017190/runs/duckdb_tpch/chiplet_x3/inst03/run.stderr.log	/home/seunghyun/ycsb/results/chiplet_duckdb_tpch_sf1_single_thread_q21_madracks-mnode5_20260314T231814Z_2017190/runs/duckdb_tpch/chiplet_x3/inst03/perf.stat	/home/seunghyun/ycsb/results/chiplet_duckdb_tpch_sf1_single_thread_q21_madracks-mnode5_20260314T231814Z_2017190/runs/duckdb_tpch/chiplet_x3/inst03/time.txt		/home/seunghyun/ycsb/results/chiplet_duckdb_tpch_sf1_single_thread_q21_madracks-mnode5_20260314T231814Z_2017190/runs/duckdb_tpch/chiplet_x3
2026-03-14T23:18:17Z	madracks-mnode5	amd	duckdb_tpch	analytic	per_instance_external	NO_RETIRED_INST_CYCLES	user	chiplet_x3	36	4	8	8	0	0	1	False				1						Q21	DUCKDB_TPCH	SF1	0.46626095299143344	2.144721734865868	queries/s	SUCCESSFUL	1	466219.61396886036	466219.61396886036	466219.61396886036	466219.61396886036	466219.61396886036	466219.61396886036	466219.61396886036	466219.61396886036	2.144721734865868	1313755765	2068749929	4682136473	939.61	650.0	330.0	100182977	16562428		ok	cpu/event=0xc0,cmask=1,inv=1/		/home/seunghyun/ycsb/.cache/duckdb_tpch/tpch_sf1.duckdb	/home/seunghyun/ycsb/results/chiplet_duckdb_tpch_sf1_single_thread_q21_madracks-mnode5_20260314T231814Z_2017190/runs/duckdb_tpch/chiplet_x3/inst04/load.stdout.log	/home/seunghyun/ycsb/results/chiplet_duckdb_tpch_sf1_single_thread_q21_madracks-mnode5_20260314T231814Z_2017190/runs/duckdb_tpch/chiplet_x3/inst04/load.stderr.log	/home/seunghyun/ycsb/results/chiplet_duckdb_tpch_sf1_single_thread_q21_madracks-mnode5_20260314T231814Z_2017190/runs/duckdb_tpch/chiplet_x3/inst04/run.stdout.log	/home/seunghyun/ycsb/results/chiplet_duckdb_tpch_sf1_single_thread_q21_madracks-mnode5_20260314T231814Z_2017190/runs/duckdb_tpch/chiplet_x3/inst04/run.stderr.log	/home/seunghyun/ycsb/results/chiplet_duckdb_tpch_sf1_single_thread_q21_madracks-mnode5_20260314T231814Z_2017190/runs/duckdb_tpch/chiplet_x3/inst04/perf.stat	/home/seunghyun/ycsb/results/chiplet_duckdb_tpch_sf1_single_thread_q21_madracks-mnode5_20260314T231814Z_2017190/runs/duckdb_tpch/chiplet_x3/inst04/time.txt		/home/seunghyun/ycsb/results/chiplet_duckdb_tpch_sf1_single_thread_q21_madracks-mnode5_20260314T231814Z_2017190/runs/duckdb_tpch/chiplet_x3
2026-03-14T23:18:17Z	madracks-mnode5	amd	duckdb_tpch	analytic	per_instance_external	NO_RETIRED_INST_CYCLES	user	chiplet_x3	36	5	9	9	0	0	1	False				1						Q21	DUCKDB_TPCH	SF1	0.46545282402075827	2.1484454457953874	queries/s	SUCCESSFUL	1	465422.2739627585	465422.2739627585	465422.2739627585	465422.2739627585	465422.2739627585	465422.2739627585	465422.2739627585	465422.2739627585	2.1484454457953874	1302919830	2056919603	4682498697	933.83	720.0	260.0	99701423	16530884		ok	cpu/event=0xc0,cmask=1,inv=1/		/home/seunghyun/ycsb/.cache/duckdb_tpch/tpch_sf1.duckdb	/home/seunghyun/ycsb/results/chiplet_duckdb_tpch_sf1_single_thread_q21_madracks-mnode5_20260314T231814Z_2017190/runs/duckdb_tpch/chiplet_x3/inst05/load.stdout.log	/home/seunghyun/ycsb/results/chiplet_duckdb_tpch_sf1_single_thread_q21_madracks-mnode5_20260314T231814Z_2017190/runs/duckdb_tpch/chiplet_x3/inst05/load.stderr.log	/home/seunghyun/ycsb/results/chiplet_duckdb_tpch_sf1_single_thread_q21_madracks-mnode5_20260314T231814Z_2017190/runs/duckdb_tpch/chiplet_x3/inst05/run.stdout.log	/home/seunghyun/ycsb/results/chiplet_duckdb_tpch_sf1_single_thread_q21_madracks-mnode5_20260314T231814Z_2017190/runs/duckdb_tpch/chiplet_x3/inst05/run.stderr.log	/home/seunghyun/ycsb/results/chiplet_duckdb_tpch_sf1_single_thread_q21_madracks-mnode5_20260314T231814Z_2017190/runs/duckdb_tpch/chiplet_x3/inst05/perf.stat	/home/seunghyun/ycsb/results/chiplet_duckdb_tpch_sf1_single_thread_q21_madracks-mnode5_20260314T231814Z_2017190/runs/duckdb_tpch/chiplet_x3/inst05/time.txt		/home/seunghyun/ycsb/results/chiplet_duckdb_tpch_sf1_single_thread_q21_madracks-mnode5_20260314T231814Z_2017190/runs/duckdb_tpch/chiplet_x3
2026-03-14T23:18:17Z	madracks-mnode5	amd	duckdb_tpch	analytic	per_instance_external	NO_RETIRED_INST_CYCLES	user	chiplet_x3	36	6	14	14	0	0	1	False				1						Q21	DUCKDB_TPCH	SF1	0.46306053298758343	2.1595448732116718	queries/s	SUCCESSFUL	1	463018.16403865814	463018.16403865814	463018.16403865814	463018.16403865814	463018.16403865814	463018.16403865814	463018.16403865814	463018.16403865814	2.1595448732116718	1264958506	2017668336	4680452976	915.06	740.0	230.0	99879014	16542378		ok	cpu/event=0xc0,cmask=1,inv=1/		/home/seunghyun/ycsb/.cache/duckdb_tpch/tpch_sf1.duckdb	/home/seunghyun/ycsb/results/chiplet_duckdb_tpch_sf1_single_thread_q21_madracks-mnode5_20260314T231814Z_2017190/runs/duckdb_tpch/chiplet_x3/inst06/load.stdout.log	/home/seunghyun/ycsb/results/chiplet_duckdb_tpch_sf1_single_thread_q21_madracks-mnode5_20260314T231814Z_2017190/runs/duckdb_tpch/chiplet_x3/inst06/load.stderr.log	/home/seunghyun/ycsb/results/chiplet_duckdb_tpch_sf1_single_thread_q21_madracks-mnode5_20260314T231814Z_2017190/runs/duckdb_tpch/chiplet_x3/inst06/run.stdout.log	/home/seunghyun/ycsb/results/chiplet_duckdb_tpch_sf1_single_thread_q21_madracks-mnode5_20260314T231814Z_2017190/runs/duckdb_tpch/chiplet_x3/inst06/run.stderr.log	/home/seunghyun/ycsb/results/chiplet_duckdb_tpch_sf1_single_thread_q21_madracks-mnode5_20260314T231814Z_2017190/runs/duckdb_tpch/chiplet_x3/inst06/perf.stat	/home/seunghyun/ycsb/results/chiplet_duckdb_tpch_sf1_single_thread_q21_madracks-mnode5_20260314T231814Z_2017190/runs/duckdb_tpch/chiplet_x3/inst06/time.txt		/home/seunghyun/ycsb/results/chiplet_duckdb_tpch_sf1_single_thread_q21_madracks-mnode5_20260314T231814Z_2017190/runs/duckdb_tpch/chiplet_x3
2026-03-14T23:18:17Z	madracks-mnode5	amd	duckdb_tpch	analytic	per_instance_external	NO_RETIRED_INST_CYCLES	user	chiplet_x3	36	7	15	15	0	0	1	False				1						Q21	DUCKDB_TPCH	SF1	0.45897381502436474	2.1787735318776624	queries/s	SUCCESSFUL	1	458944.245998282	458944.245998282	458944.245998282	458944.245998282	458944.245998282	458944.245998282	458944.245998282	458944.245998282	2.1787735318776624	1300009905	2053794481	4682937585	934.78	700.0	260.0	99718558	16382324		ok	cpu/event=0xc0,cmask=1,inv=1/		/home/seunghyun/ycsb/.cache/duckdb_tpch/tpch_sf1.duckdb	/home/seunghyun/ycsb/results/chiplet_duckdb_tpch_sf1_single_thread_q21_madracks-mnode5_20260314T231814Z_2017190/runs/duckdb_tpch/chiplet_x3/inst07/load.stdout.log	/home/seunghyun/ycsb/results/chiplet_duckdb_tpch_sf1_single_thread_q21_madracks-mnode5_20260314T231814Z_2017190/runs/duckdb_tpch/chiplet_x3/inst07/load.stderr.log	/home/seunghyun/ycsb/results/chiplet_duckdb_tpch_sf1_single_thread_q21_madracks-mnode5_20260314T231814Z_2017190/runs/duckdb_tpch/chiplet_x3/inst07/run.stdout.log	/home/seunghyun/ycsb/results/chiplet_duckdb_tpch_sf1_single_thread_q21_madracks-mnode5_20260314T231814Z_2017190/runs/duckdb_tpch/chiplet_x3/inst07/run.stderr.log	/home/seunghyun/ycsb/results/chiplet_duckdb_tpch_sf1_single_thread_q21_madracks-mnode5_20260314T231814Z_2017190/runs/duckdb_tpch/chiplet_x3/inst07/perf.stat	/home/seunghyun/ycsb/results/chiplet_duckdb_tpch_sf1_single_thread_q21_madracks-mnode5_20260314T231814Z_2017190/runs/duckdb_tpch/chiplet_x3/inst07/time.txt		/home/seunghyun/ycsb/results/chiplet_duckdb_tpch_sf1_single_thread_q21_madracks-mnode5_20260314T231814Z_2017190/runs/duckdb_tpch/chiplet_x3
2026-03-14T23:18:17Z	madracks-mnode5	amd	duckdb_tpch	analytic	per_instance_external	NO_RETIRED_INST_CYCLES	user	chiplet_x3	36	8	16	16	0	0	1	False				1						Q21	DUCKDB_TPCH	SF1	0.45390505000250414	2.2031039310853298	queries/s	SUCCESSFUL	1	453875.47998689115	453875.47998689115	453875.47998689115	453875.47998689115	453875.47998689115	453875.47998689115	453875.47998689115	453875.47998689115	2.2031039310853298	1290086457	2044446270	4681101895	928.91	720.0	240.0	99606706	16323777		ok	cpu/event=0xc0,cmask=1,inv=1/		/home/seunghyun/ycsb/.cache/duckdb_tpch/tpch_sf1.duckdb	/home/seunghyun/ycsb/results/chiplet_duckdb_tpch_sf1_single_thread_q21_madracks-mnode5_20260314T231814Z_2017190/runs/duckdb_tpch/chiplet_x3/inst08/load.stdout.log	/home/seunghyun/ycsb/results/chiplet_duckdb_tpch_sf1_single_thread_q21_madracks-mnode5_20260314T231814Z_2017190/runs/duckdb_tpch/chiplet_x3/inst08/load.stderr.log	/home/seunghyun/ycsb/results/chiplet_duckdb_tpch_sf1_single_thread_q21_madracks-mnode5_20260314T231814Z_2017190/runs/duckdb_tpch/chiplet_x3/inst08/run.stdout.log	/home/seunghyun/ycsb/results/chiplet_duckdb_tpch_sf1_single_thread_q21_madracks-mnode5_20260314T231814Z_2017190/runs/duckdb_tpch/chiplet_x3/inst08/run.stderr.log	/home/seunghyun/ycsb/results/chiplet_duckdb_tpch_sf1_single_thread_q21_madracks-mnode5_20260314T231814Z_2017190/runs/duckdb_tpch/chiplet_x3/inst08/perf.stat	/home/seunghyun/ycsb/results/chiplet_duckdb_tpch_sf1_single_thread_q21_madracks-mnode5_20260314T231814Z_2017190/runs/duckdb_tpch/chiplet_x3/inst08/time.txt		/home/seunghyun/ycsb/results/chiplet_duckdb_tpch_sf1_single_thread_q21_madracks-mnode5_20260314T231814Z_2017190/runs/duckdb_tpch/chiplet_x3
2026-03-14T23:18:17Z	madracks-mnode5	amd	duckdb_tpch	analytic	per_instance_external	NO_RETIRED_INST_CYCLES	user	chiplet_x3	36	9	21	21	0	0	1	False				1						Q21	DUCKDB_TPCH	SF1	0.46281557698966935	2.1606878629807253	queries/s	SUCCESSFUL	1	462784.8970121704	462784.8970121704	462784.8970121704	462784.8970121704	462784.8970121704	462784.8970121704	462784.8970121704	462784.8970121704	2.1606878629807253	1294352885	2048837406	4681958633	929.57	720.0	240.0	99444022	16348903		ok	cpu/event=0xc0,cmask=1,inv=1/		/home/seunghyun/ycsb/.cache/duckdb_tpch/tpch_sf1.duckdb	/home/seunghyun/ycsb/results/chiplet_duckdb_tpch_sf1_single_thread_q21_madracks-mnode5_20260314T231814Z_2017190/runs/duckdb_tpch/chiplet_x3/inst09/load.stdout.log	/home/seunghyun/ycsb/results/chiplet_duckdb_tpch_sf1_single_thread_q21_madracks-mnode5_20260314T231814Z_2017190/runs/duckdb_tpch/chiplet_x3/inst09/load.stderr.log	/home/seunghyun/ycsb/results/chiplet_duckdb_tpch_sf1_single_thread_q21_madracks-mnode5_20260314T231814Z_2017190/runs/duckdb_tpch/chiplet_x3/inst09/run.stdout.log	/home/seunghyun/ycsb/results/chiplet_duckdb_tpch_sf1_single_thread_q21_madracks-mnode5_20260314T231814Z_2017190/runs/duckdb_tpch/chiplet_x3/inst09/run.stderr.log	/home/seunghyun/ycsb/results/chiplet_duckdb_tpch_sf1_single_thread_q21_madracks-mnode5_20260314T231814Z_2017190/runs/duckdb_tpch/chiplet_x3/inst09/perf.stat	/home/seunghyun/ycsb/results/chiplet_duckdb_tpch_sf1_single_thread_q21_madracks-mnode5_20260314T231814Z_2017190/runs/duckdb_tpch/chiplet_x3/inst09/time.txt		/home/seunghyun/ycsb/results/chiplet_duckdb_tpch_sf1_single_thread_q21_madracks-mnode5_20260314T231814Z_2017190/runs/duckdb_tpch/chiplet_x3
2026-03-14T23:18:17Z	madracks-mnode5	amd	duckdb_tpch	analytic	per_instance_external	NO_RETIRED_INST_CYCLES	user	chiplet_x3	36	10	22	22	0	0	1	False				1						Q21	DUCKDB_TPCH	SF1	0.4640652309753932	2.1548694736258414	queries/s	SUCCESSFUL	1	464037.11097082123	464037.11097082123	464037.11097082123	464037.11097082123	464037.11097082123	464037.11097082123	464037.11097082123	464037.11097082123	2.1548694736258414	1314438797	2069230013	4685067904	940.11	720.0	260.0	99726510	16396244		ok	cpu/event=0xc0,cmask=1,inv=1/		/home/seunghyun/ycsb/.cache/duckdb_tpch/tpch_sf1.duckdb	/home/seunghyun/ycsb/results/chiplet_duckdb_tpch_sf1_single_thread_q21_madracks-mnode5_20260314T231814Z_2017190/runs/duckdb_tpch/chiplet_x3/inst10/load.stdout.log	/home/seunghyun/ycsb/results/chiplet_duckdb_tpch_sf1_single_thread_q21_madracks-mnode5_20260314T231814Z_2017190/runs/duckdb_tpch/chiplet_x3/inst10/load.stderr.log	/home/seunghyun/ycsb/results/chiplet_duckdb_tpch_sf1_single_thread_q21_madracks-mnode5_20260314T231814Z_2017190/runs/duckdb_tpch/chiplet_x3/inst10/run.stdout.log	/home/seunghyun/ycsb/results/chiplet_duckdb_tpch_sf1_single_thread_q21_madracks-mnode5_20260314T231814Z_2017190/runs/duckdb_tpch/chiplet_x3/inst10/run.stderr.log	/home/seunghyun/ycsb/results/chiplet_duckdb_tpch_sf1_single_thread_q21_madracks-mnode5_20260314T231814Z_2017190/runs/duckdb_tpch/chiplet_x3/inst10/perf.stat	/home/seunghyun/ycsb/results/chiplet_duckdb_tpch_sf1_single_thread_q21_madracks-mnode5_20260314T231814Z_2017190/runs/duckdb_tpch/chiplet_x3/inst10/time.txt		/home/seunghyun/ycsb/results/chiplet_duckdb_tpch_sf1_single_thread_q21_madracks-mnode5_20260314T231814Z_2017190/runs/duckdb_tpch/chiplet_x3
2026-03-14T23:18:17Z	madracks-mnode5	amd	duckdb_tpch	analytic	per_instance_external	NO_RETIRED_INST_CYCLES	user	chiplet_x3	36	11	23	23	0	0	1	False				1						Q21	DUCKDB_TPCH	SF1	0.46484403999056667	2.151259162148865	queries/s	SUCCESSFUL	1	464801.4209815301	464801.4209815301	464801.4209815301	464801.4209815301	464801.4209815301	464801.4209815301	464801.4209815301	464801.4209815301	2.151259162148865	1317918642	2072722388	4682577012	942.7	720.0	250.0	99723783	16424631		ok	cpu/event=0xc0,cmask=1,inv=1/		/home/seunghyun/ycsb/.cache/duckdb_tpch/tpch_sf1.duckdb	/home/seunghyun/ycsb/results/chiplet_duckdb_tpch_sf1_single_thread_q21_madracks-mnode5_20260314T231814Z_2017190/runs/duckdb_tpch/chiplet_x3/inst11/load.stdout.log	/home/seunghyun/ycsb/results/chiplet_duckdb_tpch_sf1_single_thread_q21_madracks-mnode5_20260314T231814Z_2017190/runs/duckdb_tpch/chiplet_x3/inst11/load.stderr.log	/home/seunghyun/ycsb/results/chiplet_duckdb_tpch_sf1_single_thread_q21_madracks-mnode5_20260314T231814Z_2017190/runs/duckdb_tpch/chiplet_x3/inst11/run.stdout.log	/home/seunghyun/ycsb/results/chiplet_duckdb_tpch_sf1_single_thread_q21_madracks-mnode5_20260314T231814Z_2017190/runs/duckdb_tpch/chiplet_x3/inst11/run.stderr.log	/home/seunghyun/ycsb/results/chiplet_duckdb_tpch_sf1_single_thread_q21_madracks-mnode5_20260314T231814Z_2017190/runs/duckdb_tpch/chiplet_x3/inst11/perf.stat	/home/seunghyun/ycsb/results/chiplet_duckdb_tpch_sf1_single_thread_q21_madracks-mnode5_20260314T231814Z_2017190/runs/duckdb_tpch/chiplet_x3/inst11/time.txt		/home/seunghyun/ycsb/results/chiplet_duckdb_tpch_sf1_single_thread_q21_madracks-mnode5_20260314T231814Z_2017190/runs/duckdb_tpch/chiplet_x3
2026-03-14T23:18:17Z	madracks-mnode5	amd	duckdb_tpch	analytic	per_instance_external	NO_RETIRED_INST_CYCLES	user	chiplet_x3	36	12	28	28	0	0	1	False				1						Q21	DUCKDB_TPCH	SF1	0.4578349199728109	2.184193377078765	queries/s	SUCCESSFUL	1	457795.47101119533	457795.47101119533	457795.47101119533	457795.47101119533	457795.47101119533	457795.47101119533	457795.47101119533	457795.47101119533	2.184193377078765	1295454086	2050484523	4682513660	931.18	730.0	250.0	100026698	16316057		ok	cpu/event=0xc0,cmask=1,inv=1/		/home/seunghyun/ycsb/.cache/duckdb_tpch/tpch_sf1.duckdb	/home/seunghyun/ycsb/results/chiplet_duckdb_tpch_sf1_single_thread_q21_madracks-mnode5_20260314T231814Z_2017190/runs/duckdb_tpch/chiplet_x3/inst12/load.stdout.log	/home/seunghyun/ycsb/results/chiplet_duckdb_tpch_sf1_single_thread_q21_madracks-mnode5_20260314T231814Z_2017190/runs/duckdb_tpch/chiplet_x3/inst12/load.stderr.log	/home/seunghyun/ycsb/results/chiplet_duckdb_tpch_sf1_single_thread_q21_madracks-mnode5_20260314T231814Z_2017190/runs/duckdb_tpch/chiplet_x3/inst12/run.stdout.log	/home/seunghyun/ycsb/results/chiplet_duckdb_tpch_sf1_single_thread_q21_madracks-mnode5_20260314T231814Z_2017190/runs/duckdb_tpch/chiplet_x3/inst12/run.stderr.log	/home/seunghyun/ycsb/results/chiplet_duckdb_tpch_sf1_single_thread_q21_madracks-mnode5_20260314T231814Z_2017190/runs/duckdb_tpch/chiplet_x3/inst12/perf.stat	/home/seunghyun/ycsb/results/chiplet_duckdb_tpch_sf1_single_thread_q21_madracks-mnode5_20260314T231814Z_2017190/runs/duckdb_tpch/chiplet_x3/inst12/time.txt		/home/seunghyun/ycsb/results/chiplet_duckdb_tpch_sf1_single_thread_q21_madracks-mnode5_20260314T231814Z_2017190/runs/duckdb_tpch/chiplet_x3
2026-03-14T23:18:17Z	madracks-mnode5	amd	duckdb_tpch	analytic	per_instance_external	NO_RETIRED_INST_CYCLES	user	chiplet_x3	36	13	29	29	0	0	1	False				1						Q21	DUCKDB_TPCH	SF1	0.4627137280185707	2.161163456900647	queries/s	SUCCESSFUL	1	462682.8180043958	462682.8180043958	462682.8180043958	462682.8180043958	462682.8180043958	462682.8180043958	462682.8180043958	462682.8180043958	2.161163456900647	1299765689	2054462296	4683317354	932.62	700.0	280.0	99790443	16261050		ok	cpu/event=0xc0,cmask=1,inv=1/		/home/seunghyun/ycsb/.cache/duckdb_tpch/tpch_sf1.duckdb	/home/seunghyun/ycsb/results/chiplet_duckdb_tpch_sf1_single_thread_q21_madracks-mnode5_20260314T231814Z_2017190/runs/duckdb_tpch/chiplet_x3/inst13/load.stdout.log	/home/seunghyun/ycsb/results/chiplet_duckdb_tpch_sf1_single_thread_q21_madracks-mnode5_20260314T231814Z_2017190/runs/duckdb_tpch/chiplet_x3/inst13/load.stderr.log	/home/seunghyun/ycsb/results/chiplet_duckdb_tpch_sf1_single_thread_q21_madracks-mnode5_20260314T231814Z_2017190/runs/duckdb_tpch/chiplet_x3/inst13/run.stdout.log	/home/seunghyun/ycsb/results/chiplet_duckdb_tpch_sf1_single_thread_q21_madracks-mnode5_20260314T231814Z_2017190/runs/duckdb_tpch/chiplet_x3/inst13/run.stderr.log	/home/seunghyun/ycsb/results/chiplet_duckdb_tpch_sf1_single_thread_q21_madracks-mnode5_20260314T231814Z_2017190/runs/duckdb_tpch/chiplet_x3/inst13/perf.stat	/home/seunghyun/ycsb/results/chiplet_duckdb_tpch_sf1_single_thread_q21_madracks-mnode5_20260314T231814Z_2017190/runs/duckdb_tpch/chiplet_x3/inst13/time.txt		/home/seunghyun/ycsb/results/chiplet_duckdb_tpch_sf1_single_thread_q21_madracks-mnode5_20260314T231814Z_2017190/runs/duckdb_tpch/chiplet_x3
2026-03-14T23:18:17Z	madracks-mnode5	amd	duckdb_tpch	analytic	per_instance_external	NO_RETIRED_INST_CYCLES	user	chiplet_x3	36	14	30	30	0	0	1	False				1						Q21	DUCKDB_TPCH	SF1	0.46638574096141383	2.1441478848358155	queries/s	SUCCESSFUL	1	466355.17198592424	466355.17198592424	466355.17198592424	466355.17198592424	466355.17198592424	466355.17198592424	466355.17198592424	466355.17198592424	2.1441478848358155	1310078737	2064546866	4682596513	937.99	720.0	260.0	99819257	16262849		ok	cpu/event=0xc0,cmask=1,inv=1/		/home/seunghyun/ycsb/.cache/duckdb_tpch/tpch_sf1.duckdb	/home/seunghyun/ycsb/results/chiplet_duckdb_tpch_sf1_single_thread_q21_madracks-mnode5_20260314T231814Z_2017190/runs/duckdb_tpch/chiplet_x3/inst14/load.stdout.log	/home/seunghyun/ycsb/results/chiplet_duckdb_tpch_sf1_single_thread_q21_madracks-mnode5_20260314T231814Z_2017190/runs/duckdb_tpch/chiplet_x3/inst14/load.stderr.log	/home/seunghyun/ycsb/results/chiplet_duckdb_tpch_sf1_single_thread_q21_madracks-mnode5_20260314T231814Z_2017190/runs/duckdb_tpch/chiplet_x3/inst14/run.stdout.log	/home/seunghyun/ycsb/results/chiplet_duckdb_tpch_sf1_single_thread_q21_madracks-mnode5_20260314T231814Z_2017190/runs/duckdb_tpch/chiplet_x3/inst14/run.stderr.log	/home/seunghyun/ycsb/results/chiplet_duckdb_tpch_sf1_single_thread_q21_madracks-mnode5_20260314T231814Z_2017190/runs/duckdb_tpch/chiplet_x3/inst14/perf.stat	/home/seunghyun/ycsb/results/chiplet_duckdb_tpch_sf1_single_thread_q21_madracks-mnode5_20260314T231814Z_2017190/runs/duckdb_tpch/chiplet_x3/inst14/time.txt		/home/seunghyun/ycsb/results/chiplet_duckdb_tpch_sf1_single_thread_q21_madracks-mnode5_20260314T231814Z_2017190/runs/duckdb_tpch/chiplet_x3
2026-03-14T23:18:17Z	madracks-mnode5	amd	duckdb_tpch	analytic	per_instance_external	NO_RETIRED_INST_CYCLES	user	chiplet_x3	36	15	35	35	0	0	1	False				1						Q21	DUCKDB_TPCH	SF1	0.4656675700098276	2.1474546745415313	queries/s	SUCCESSFUL	1	465628.8009718992	465628.8009718992	465628.8009718992	465628.8009718992	465628.8009718992	465628.8009718992	465628.8009718992	465628.8009718992	2.1474546745415313	1310125273	2064338338	4683109690	937.29	690.0	290.0	100250181	16270191		ok	cpu/event=0xc0,cmask=1,inv=1/		/home/seunghyun/ycsb/.cache/duckdb_tpch/tpch_sf1.duckdb	/home/seunghyun/ycsb/results/chiplet_duckdb_tpch_sf1_single_thread_q21_madracks-mnode5_20260314T231814Z_2017190/runs/duckdb_tpch/chiplet_x3/inst15/load.stdout.log	/home/seunghyun/ycsb/results/chiplet_duckdb_tpch_sf1_single_thread_q21_madracks-mnode5_20260314T231814Z_2017190/runs/duckdb_tpch/chiplet_x3/inst15/load.stderr.log	/home/seunghyun/ycsb/results/chiplet_duckdb_tpch_sf1_single_thread_q21_madracks-mnode5_20260314T231814Z_2017190/runs/duckdb_tpch/chiplet_x3/inst15/run.stdout.log	/home/seunghyun/ycsb/results/chiplet_duckdb_tpch_sf1_single_thread_q21_madracks-mnode5_20260314T231814Z_2017190/runs/duckdb_tpch/chiplet_x3/inst15/run.stderr.log	/home/seunghyun/ycsb/results/chiplet_duckdb_tpch_sf1_single_thread_q21_madracks-mnode5_20260314T231814Z_2017190/runs/duckdb_tpch/chiplet_x3/inst15/perf.stat	/home/seunghyun/ycsb/results/chiplet_duckdb_tpch_sf1_single_thread_q21_madracks-mnode5_20260314T231814Z_2017190/runs/duckdb_tpch/chiplet_x3/inst15/time.txt		/home/seunghyun/ycsb/results/chiplet_duckdb_tpch_sf1_single_thread_q21_madracks-mnode5_20260314T231814Z_2017190/runs/duckdb_tpch/chiplet_x3
2026-03-14T23:18:17Z	madracks-mnode5	amd	duckdb_tpch	analytic	per_instance_external	NO_RETIRED_INST_CYCLES	user	chiplet_x3	36	16	36	36	0	0	1	False				1						Q21	DUCKDB_TPCH	SF1	0.4582542760181241	2.182194585698639	queries/s	SUCCESSFUL	1	458224.84500240535	458224.84500240535	458224.84500240535	458224.84500240535	458224.84500240535	458224.84500240535	458224.84500240535	458224.84500240535	2.182194585698639	1305928128	2061176144	4685845488	936.39	680.0	300.0	99205256	16219806		ok	cpu/event=0xc0,cmask=1,inv=1/		/home/seunghyun/ycsb/.cache/duckdb_tpch/tpch_sf1.duckdb	/home/seunghyun/ycsb/results/chiplet_duckdb_tpch_sf1_single_thread_q21_madracks-mnode5_20260314T231814Z_2017190/runs/duckdb_tpch/chiplet_x3/inst16/load.stdout.log	/home/seunghyun/ycsb/results/chiplet_duckdb_tpch_sf1_single_thread_q21_madracks-mnode5_20260314T231814Z_2017190/runs/duckdb_tpch/chiplet_x3/inst16/load.stderr.log	/home/seunghyun/ycsb/results/chiplet_duckdb_tpch_sf1_single_thread_q21_madracks-mnode5_20260314T231814Z_2017190/runs/duckdb_tpch/chiplet_x3/inst16/run.stdout.log	/home/seunghyun/ycsb/results/chiplet_duckdb_tpch_sf1_single_thread_q21_madracks-mnode5_20260314T231814Z_2017190/runs/duckdb_tpch/chiplet_x3/inst16/run.stderr.log	/home/seunghyun/ycsb/results/chiplet_duckdb_tpch_sf1_single_thread_q21_madracks-mnode5_20260314T231814Z_2017190/runs/duckdb_tpch/chiplet_x3/inst16/perf.stat	/home/seunghyun/ycsb/results/chiplet_duckdb_tpch_sf1_single_thread_q21_madracks-mnode5_20260314T231814Z_2017190/runs/duckdb_tpch/chiplet_x3/inst16/time.txt		/home/seunghyun/ycsb/results/chiplet_duckdb_tpch_sf1_single_thread_q21_madracks-mnode5_20260314T231814Z_2017190/runs/duckdb_tpch/chiplet_x3
2026-03-14T23:18:17Z	madracks-mnode5	amd	duckdb_tpch	analytic	per_instance_external	NO_RETIRED_INST_CYCLES	user	chiplet_x3	36	17	37	37	0	0	1	False				1						Q21	DUCKDB_TPCH	SF1	0.45893794600851834	2.178943817344402	queries/s	SUCCESSFUL	1	458899.1869823076	458899.1869823076	458899.1869823076	458899.1869823076	458899.1869823076	458899.1869823076	458899.1869823076	458899.1869823076	2.178943817344402	1338574621	2092787173	4681003917	953.48	730.0	270.0	99486024	16318083		ok	cpu/event=0xc0,cmask=1,inv=1/		/home/seunghyun/ycsb/.cache/duckdb_tpch/tpch_sf1.duckdb	/home/seunghyun/ycsb/results/chiplet_duckdb_tpch_sf1_single_thread_q21_madracks-mnode5_20260314T231814Z_2017190/runs/duckdb_tpch/chiplet_x3/inst17/load.stdout.log	/home/seunghyun/ycsb/results/chiplet_duckdb_tpch_sf1_single_thread_q21_madracks-mnode5_20260314T231814Z_2017190/runs/duckdb_tpch/chiplet_x3/inst17/load.stderr.log	/home/seunghyun/ycsb/results/chiplet_duckdb_tpch_sf1_single_thread_q21_madracks-mnode5_20260314T231814Z_2017190/runs/duckdb_tpch/chiplet_x3/inst17/run.stdout.log	/home/seunghyun/ycsb/results/chiplet_duckdb_tpch_sf1_single_thread_q21_madracks-mnode5_20260314T231814Z_2017190/runs/duckdb_tpch/chiplet_x3/inst17/run.stderr.log	/home/seunghyun/ycsb/results/chiplet_duckdb_tpch_sf1_single_thread_q21_madracks-mnode5_20260314T231814Z_2017190/runs/duckdb_tpch/chiplet_x3/inst17/perf.stat	/home/seunghyun/ycsb/results/chiplet_duckdb_tpch_sf1_single_thread_q21_madracks-mnode5_20260314T231814Z_2017190/runs/duckdb_tpch/chiplet_x3/inst17/time.txt		/home/seunghyun/ycsb/results/chiplet_duckdb_tpch_sf1_single_thread_q21_madracks-mnode5_20260314T231814Z_2017190/runs/duckdb_tpch/chiplet_x3
2026-03-14T23:18:17Z	madracks-mnode5	amd	duckdb_tpch	analytic	per_instance_external	NO_RETIRED_INST_CYCLES	user	chiplet_x3	36	18	42	42	0	0	1	False				1						Q21	DUCKDB_TPCH	SF1	0.45857828098814934	2.1806527728378007	queries/s	SUCCESSFUL	1	458547.04099474475	458547.04099474475	458547.04099474475	458547.04099474475	458547.04099474475	458547.04099474475	458547.04099474475	458547.04099474475	2.1806527728378007	1298809326	2054307374	4681320046	932.0	680.0	300.0	99460889	16297768		ok	cpu/event=0xc0,cmask=1,inv=1/		/home/seunghyun/ycsb/.cache/duckdb_tpch/tpch_sf1.duckdb	/home/seunghyun/ycsb/results/chiplet_duckdb_tpch_sf1_single_thread_q21_madracks-mnode5_20260314T231814Z_2017190/runs/duckdb_tpch/chiplet_x3/inst18/load.stdout.log	/home/seunghyun/ycsb/results/chiplet_duckdb_tpch_sf1_single_thread_q21_madracks-mnode5_20260314T231814Z_2017190/runs/duckdb_tpch/chiplet_x3/inst18/load.stderr.log	/home/seunghyun/ycsb/results/chiplet_duckdb_tpch_sf1_single_thread_q21_madracks-mnode5_20260314T231814Z_2017190/runs/duckdb_tpch/chiplet_x3/inst18/run.stdout.log	/home/seunghyun/ycsb/results/chiplet_duckdb_tpch_sf1_single_thread_q21_madracks-mnode5_20260314T231814Z_2017190/runs/duckdb_tpch/chiplet_x3/inst18/run.stderr.log	/home/seunghyun/ycsb/results/chiplet_duckdb_tpch_sf1_single_thread_q21_madracks-mnode5_20260314T231814Z_2017190/runs/duckdb_tpch/chiplet_x3/inst18/perf.stat	/home/seunghyun/ycsb/results/chiplet_duckdb_tpch_sf1_single_thread_q21_madracks-mnode5_20260314T231814Z_2017190/runs/duckdb_tpch/chiplet_x3/inst18/time.txt		/home/seunghyun/ycsb/results/chiplet_duckdb_tpch_sf1_single_thread_q21_madracks-mnode5_20260314T231814Z_2017190/runs/duckdb_tpch/chiplet_x3
2026-03-14T23:18:17Z	madracks-mnode5	amd	duckdb_tpch	analytic	per_instance_external	NO_RETIRED_INST_CYCLES	user	chiplet_x3	36	19	43	43	0	0	1	False				1						Q21	DUCKDB_TPCH	SF1	0.45708210999146104	2.187790723243755	queries/s	SUCCESSFUL	1	457041.3309847936	457041.3309847936	457041.3309847936	457041.3309847936	457041.3309847936	457041.3309847936	457041.3309847936	457041.3309847936	2.187790723243755	1297540163	2050876880	4681643522	930.6	700.0	280.0	99953408	16179873		ok	cpu/event=0xc0,cmask=1,inv=1/		/home/seunghyun/ycsb/.cache/duckdb_tpch/tpch_sf1.duckdb	/home/seunghyun/ycsb/results/chiplet_duckdb_tpch_sf1_single_thread_q21_madracks-mnode5_20260314T231814Z_2017190/runs/duckdb_tpch/chiplet_x3/inst19/load.stdout.log	/home/seunghyun/ycsb/results/chiplet_duckdb_tpch_sf1_single_thread_q21_madracks-mnode5_20260314T231814Z_2017190/runs/duckdb_tpch/chiplet_x3/inst19/load.stderr.log	/home/seunghyun/ycsb/results/chiplet_duckdb_tpch_sf1_single_thread_q21_madracks-mnode5_20260314T231814Z_2017190/runs/duckdb_tpch/chiplet_x3/inst19/run.stdout.log	/home/seunghyun/ycsb/results/chiplet_duckdb_tpch_sf1_single_thread_q21_madracks-mnode5_20260314T231814Z_2017190/runs/duckdb_tpch/chiplet_x3/inst19/run.stderr.log	/home/seunghyun/ycsb/results/chiplet_duckdb_tpch_sf1_single_thread_q21_madracks-mnode5_20260314T231814Z_2017190/runs/duckdb_tpch/chiplet_x3/inst19/perf.stat	/home/seunghyun/ycsb/results/chiplet_duckdb_tpch_sf1_single_thread_q21_madracks-mnode5_20260314T231814Z_2017190/runs/duckdb_tpch/chiplet_x3/inst19/time.txt		/home/seunghyun/ycsb/results/chiplet_duckdb_tpch_sf1_single_thread_q21_madracks-mnode5_20260314T231814Z_2017190/runs/duckdb_tpch/chiplet_x3
2026-03-14T23:18:17Z	madracks-mnode5	amd	duckdb_tpch	analytic	per_instance_external	NO_RETIRED_INST_CYCLES	user	chiplet_x3	36	20	44	44	0	0	1	False				1						Q21	DUCKDB_TPCH	SF1	0.46167414099909365	2.1660299141639885	queries/s	SUCCESSFUL	1	461642.8220178932	461642.8220178932	461642.8220178932	461642.8220178932	461642.8220178932	461642.8220178932	461642.8220178932	461642.8220178932	2.1660299141639885	1311299723	2063719568	4684006908	937.83	700.0	280.0	99405881	16232336		ok	cpu/event=0xc0,cmask=1,inv=1/		/home/seunghyun/ycsb/.cache/duckdb_tpch/tpch_sf1.duckdb	/home/seunghyun/ycsb/results/chiplet_duckdb_tpch_sf1_single_thread_q21_madracks-mnode5_20260314T231814Z_2017190/runs/duckdb_tpch/chiplet_x3/inst20/load.stdout.log	/home/seunghyun/ycsb/results/chiplet_duckdb_tpch_sf1_single_thread_q21_madracks-mnode5_20260314T231814Z_2017190/runs/duckdb_tpch/chiplet_x3/inst20/load.stderr.log	/home/seunghyun/ycsb/results/chiplet_duckdb_tpch_sf1_single_thread_q21_madracks-mnode5_20260314T231814Z_2017190/runs/duckdb_tpch/chiplet_x3/inst20/run.stdout.log	/home/seunghyun/ycsb/results/chiplet_duckdb_tpch_sf1_single_thread_q21_madracks-mnode5_20260314T231814Z_2017190/runs/duckdb_tpch/chiplet_x3/inst20/run.stderr.log	/home/seunghyun/ycsb/results/chiplet_duckdb_tpch_sf1_single_thread_q21_madracks-mnode5_20260314T231814Z_2017190/runs/duckdb_tpch/chiplet_x3/inst20/perf.stat	/home/seunghyun/ycsb/results/chiplet_duckdb_tpch_sf1_single_thread_q21_madracks-mnode5_20260314T231814Z_2017190/runs/duckdb_tpch/chiplet_x3/inst20/time.txt		/home/seunghyun/ycsb/results/chiplet_duckdb_tpch_sf1_single_thread_q21_madracks-mnode5_20260314T231814Z_2017190/runs/duckdb_tpch/chiplet_x3
2026-03-14T23:18:17Z	madracks-mnode5	amd	duckdb_tpch	analytic	per_instance_external	NO_RETIRED_INST_CYCLES	user	chiplet_x3	36	21	49	49	0	0	1	False				1						Q21	DUCKDB_TPCH	SF1	0.46178724005585536	2.1654994189078183	queries/s	SUCCESSFUL	1	461754.7999951057	461754.7999951057	461754.7999951057	461754.7999951057	461754.7999951057	461754.7999951057	461754.7999951057	461754.7999951057	2.1654994189078183	1250897171	2002968387	4680697333	911.1	720.0	230.0	100022546	16508013		ok	cpu/event=0xc0,cmask=1,inv=1/		/home/seunghyun/ycsb/.cache/duckdb_tpch/tpch_sf1.duckdb	/home/seunghyun/ycsb/results/chiplet_duckdb_tpch_sf1_single_thread_q21_madracks-mnode5_20260314T231814Z_2017190/runs/duckdb_tpch/chiplet_x3/inst21/load.stdout.log	/home/seunghyun/ycsb/results/chiplet_duckdb_tpch_sf1_single_thread_q21_madracks-mnode5_20260314T231814Z_2017190/runs/duckdb_tpch/chiplet_x3/inst21/load.stderr.log	/home/seunghyun/ycsb/results/chiplet_duckdb_tpch_sf1_single_thread_q21_madracks-mnode5_20260314T231814Z_2017190/runs/duckdb_tpch/chiplet_x3/inst21/run.stdout.log	/home/seunghyun/ycsb/results/chiplet_duckdb_tpch_sf1_single_thread_q21_madracks-mnode5_20260314T231814Z_2017190/runs/duckdb_tpch/chiplet_x3/inst21/run.stderr.log	/home/seunghyun/ycsb/results/chiplet_duckdb_tpch_sf1_single_thread_q21_madracks-mnode5_20260314T231814Z_2017190/runs/duckdb_tpch/chiplet_x3/inst21/perf.stat	/home/seunghyun/ycsb/results/chiplet_duckdb_tpch_sf1_single_thread_q21_madracks-mnode5_20260314T231814Z_2017190/runs/duckdb_tpch/chiplet_x3/inst21/time.txt		/home/seunghyun/ycsb/results/chiplet_duckdb_tpch_sf1_single_thread_q21_madracks-mnode5_20260314T231814Z_2017190/runs/duckdb_tpch/chiplet_x3
2026-03-14T23:18:17Z	madracks-mnode5	amd	duckdb_tpch	analytic	per_instance_external	NO_RETIRED_INST_CYCLES	user	chiplet_x3	36	22	50	50	0	0	1	False				1						Q21	DUCKDB_TPCH	SF1	0.45571214699884877	2.1943676651711597	queries/s	SUCCESSFUL	1	455680.58802746236	455680.58802746236	455680.58802746236	455680.58802746236	455680.58802746236	455680.58802746236	455680.58802746236	455680.58802746236	2.1943676651711597	1290941468	2045579365	4682615102	929.59	680.0	290.0	100071157	16165724		ok	cpu/event=0xc0,cmask=1,inv=1/		/home/seunghyun/ycsb/.cache/duckdb_tpch/tpch_sf1.duckdb	/home/seunghyun/ycsb/results/chiplet_duckdb_tpch_sf1_single_thread_q21_madracks-mnode5_20260314T231814Z_2017190/runs/duckdb_tpch/chiplet_x3/inst22/load.stdout.log	/home/seunghyun/ycsb/results/chiplet_duckdb_tpch_sf1_single_thread_q21_madracks-mnode5_20260314T231814Z_2017190/runs/duckdb_tpch/chiplet_x3/inst22/load.stderr.log	/home/seunghyun/ycsb/results/chiplet_duckdb_tpch_sf1_single_thread_q21_madracks-mnode5_20260314T231814Z_2017190/runs/duckdb_tpch/chiplet_x3/inst22/run.stdout.log	/home/seunghyun/ycsb/results/chiplet_duckdb_tpch_sf1_single_thread_q21_madracks-mnode5_20260314T231814Z_2017190/runs/duckdb_tpch/chiplet_x3/inst22/run.stderr.log	/home/seunghyun/ycsb/results/chiplet_duckdb_tpch_sf1_single_thread_q21_madracks-mnode5_20260314T231814Z_2017190/runs/duckdb_tpch/chiplet_x3/inst22/perf.stat	/home/seunghyun/ycsb/results/chiplet_duckdb_tpch_sf1_single_thread_q21_madracks-mnode5_20260314T231814Z_2017190/runs/duckdb_tpch/chiplet_x3/inst22/time.txt		/home/seunghyun/ycsb/results/chiplet_duckdb_tpch_sf1_single_thread_q21_madracks-mnode5_20260314T231814Z_2017190/runs/duckdb_tpch/chiplet_x3
2026-03-14T23:18:17Z	madracks-mnode5	amd	duckdb_tpch	analytic	per_instance_external	NO_RETIRED_INST_CYCLES	user	chiplet_x3	36	23	51	51	0	0	1	False				1						Q21	DUCKDB_TPCH	SF1	0.4635726370033808	2.157159245774696	queries/s	SUCCESSFUL	1	463533.1080062315	463533.1080062315	463533.1080062315	463533.1080062315	463533.1080062315	463533.1080062315	463533.1080062315	463533.1080062315	2.157159245774696	1333287133	2086400687	4683916390	950.98	740.0	250.0	100272107	16195415		ok	cpu/event=0xc0,cmask=1,inv=1/		/home/seunghyun/ycsb/.cache/duckdb_tpch/tpch_sf1.duckdb	/home/seunghyun/ycsb/results/chiplet_duckdb_tpch_sf1_single_thread_q21_madracks-mnode5_20260314T231814Z_2017190/runs/duckdb_tpch/chiplet_x3/inst23/load.stdout.log	/home/seunghyun/ycsb/results/chiplet_duckdb_tpch_sf1_single_thread_q21_madracks-mnode5_20260314T231814Z_2017190/runs/duckdb_tpch/chiplet_x3/inst23/load.stderr.log	/home/seunghyun/ycsb/results/chiplet_duckdb_tpch_sf1_single_thread_q21_madracks-mnode5_20260314T231814Z_2017190/runs/duckdb_tpch/chiplet_x3/inst23/run.stdout.log	/home/seunghyun/ycsb/results/chiplet_duckdb_tpch_sf1_single_thread_q21_madracks-mnode5_20260314T231814Z_2017190/runs/duckdb_tpch/chiplet_x3/inst23/run.stderr.log	/home/seunghyun/ycsb/results/chiplet_duckdb_tpch_sf1_single_thread_q21_madracks-mnode5_20260314T231814Z_2017190/runs/duckdb_tpch/chiplet_x3/inst23/perf.stat	/home/seunghyun/ycsb/results/chiplet_duckdb_tpch_sf1_single_thread_q21_madracks-mnode5_20260314T231814Z_2017190/runs/duckdb_tpch/chiplet_x3/inst23/time.txt		/home/seunghyun/ycsb/results/chiplet_duckdb_tpch_sf1_single_thread_q21_madracks-mnode5_20260314T231814Z_2017190/runs/duckdb_tpch/chiplet_x3
2026-03-14T23:18:17Z	madracks-mnode5	amd	duckdb_tpch	analytic	per_instance_external	NO_RETIRED_INST_CYCLES	user	chiplet_x3	36	24	56	56	0	0	1	False				1						Q21	DUCKDB_TPCH	SF1	0.4656059310073033	2.1477389642279157	queries/s	SUCCESSFUL	1	465574.8310033232	465574.8310033232	465574.8310033232	465574.8310033232	465574.8310033232	465574.8310033232	465574.8310033232	465574.8310033232	2.1477389642279157	1322839812	2077687513	4684211931	948.55	730.0	260.0	100011183	16335090		ok	cpu/event=0xc0,cmask=1,inv=1/		/home/seunghyun/ycsb/.cache/duckdb_tpch/tpch_sf1.duckdb	/home/seunghyun/ycsb/results/chiplet_duckdb_tpch_sf1_single_thread_q21_madracks-mnode5_20260314T231814Z_2017190/runs/duckdb_tpch/chiplet_x3/inst24/load.stdout.log	/home/seunghyun/ycsb/results/chiplet_duckdb_tpch_sf1_single_thread_q21_madracks-mnode5_20260314T231814Z_2017190/runs/duckdb_tpch/chiplet_x3/inst24/load.stderr.log	/home/seunghyun/ycsb/results/chiplet_duckdb_tpch_sf1_single_thread_q21_madracks-mnode5_20260314T231814Z_2017190/runs/duckdb_tpch/chiplet_x3/inst24/run.stdout.log	/home/seunghyun/ycsb/results/chiplet_duckdb_tpch_sf1_single_thread_q21_madracks-mnode5_20260314T231814Z_2017190/runs/duckdb_tpch/chiplet_x3/inst24/run.stderr.log	/home/seunghyun/ycsb/results/chiplet_duckdb_tpch_sf1_single_thread_q21_madracks-mnode5_20260314T231814Z_2017190/runs/duckdb_tpch/chiplet_x3/inst24/perf.stat	/home/seunghyun/ycsb/results/chiplet_duckdb_tpch_sf1_single_thread_q21_madracks-mnode5_20260314T231814Z_2017190/runs/duckdb_tpch/chiplet_x3/inst24/time.txt		/home/seunghyun/ycsb/results/chiplet_duckdb_tpch_sf1_single_thread_q21_madracks-mnode5_20260314T231814Z_2017190/runs/duckdb_tpch/chiplet_x3
2026-03-14T23:18:17Z	madracks-mnode5	amd	duckdb_tpch	analytic	per_instance_external	NO_RETIRED_INST_CYCLES	user	chiplet_x3	36	25	57	57	0	0	1	False				1						Q21	DUCKDB_TPCH	SF1	0.45895027596270666	2.178885278807977	queries/s	SUCCESSFUL	1	458913.24599506333	458913.24599506333	458913.24599506333	458913.24599506333	458913.24599506333	458913.24599506333	458913.24599506333	458913.24599506333	2.178885278807977	1310100227	2064499101	4683100055	942.02	700.0	280.0	99596783	16306844		ok	cpu/event=0xc0,cmask=1,inv=1/		/home/seunghyun/ycsb/.cache/duckdb_tpch/tpch_sf1.duckdb	/home/seunghyun/ycsb/results/chiplet_duckdb_tpch_sf1_single_thread_q21_madracks-mnode5_20260314T231814Z_2017190/runs/duckdb_tpch/chiplet_x3/inst25/load.stdout.log	/home/seunghyun/ycsb/results/chiplet_duckdb_tpch_sf1_single_thread_q21_madracks-mnode5_20260314T231814Z_2017190/runs/duckdb_tpch/chiplet_x3/inst25/load.stderr.log	/home/seunghyun/ycsb/results/chiplet_duckdb_tpch_sf1_single_thread_q21_madracks-mnode5_20260314T231814Z_2017190/runs/duckdb_tpch/chiplet_x3/inst25/run.stdout.log	/home/seunghyun/ycsb/results/chiplet_duckdb_tpch_sf1_single_thread_q21_madracks-mnode5_20260314T231814Z_2017190/runs/duckdb_tpch/chiplet_x3/inst25/run.stderr.log	/home/seunghyun/ycsb/results/chiplet_duckdb_tpch_sf1_single_thread_q21_madracks-mnode5_20260314T231814Z_2017190/runs/duckdb_tpch/chiplet_x3/inst25/perf.stat	/home/seunghyun/ycsb/results/chiplet_duckdb_tpch_sf1_single_thread_q21_madracks-mnode5_20260314T231814Z_2017190/runs/duckdb_tpch/chiplet_x3/inst25/time.txt		/home/seunghyun/ycsb/results/chiplet_duckdb_tpch_sf1_single_thread_q21_madracks-mnode5_20260314T231814Z_2017190/runs/duckdb_tpch/chiplet_x3
2026-03-14T23:18:17Z	madracks-mnode5	amd	duckdb_tpch	analytic	per_instance_external	NO_RETIRED_INST_CYCLES	user	chiplet_x3	36	26	58	58	0	0	1	False				1						Q21	DUCKDB_TPCH	SF1	0.4580636969767511	2.183102495570075	queries/s	SUCCESSFUL	1	458034.7770242952	458034.7770242952	458034.7770242952	458034.7770242952	458034.7770242952	458034.7770242952	458034.7770242952	458034.7770242952	2.183102495570075	1267352767	2020567141	4680417906	917.32	710.0	260.0	99718248	16331372		ok	cpu/event=0xc0,cmask=1,inv=1/		/home/seunghyun/ycsb/.cache/duckdb_tpch/tpch_sf1.duckdb	/home/seunghyun/ycsb/results/chiplet_duckdb_tpch_sf1_single_thread_q21_madracks-mnode5_20260314T231814Z_2017190/runs/duckdb_tpch/chiplet_x3/inst26/load.stdout.log	/home/seunghyun/ycsb/results/chiplet_duckdb_tpch_sf1_single_thread_q21_madracks-mnode5_20260314T231814Z_2017190/runs/duckdb_tpch/chiplet_x3/inst26/load.stderr.log	/home/seunghyun/ycsb/results/chiplet_duckdb_tpch_sf1_single_thread_q21_madracks-mnode5_20260314T231814Z_2017190/runs/duckdb_tpch/chiplet_x3/inst26/run.stdout.log	/home/seunghyun/ycsb/results/chiplet_duckdb_tpch_sf1_single_thread_q21_madracks-mnode5_20260314T231814Z_2017190/runs/duckdb_tpch/chiplet_x3/inst26/run.stderr.log	/home/seunghyun/ycsb/results/chiplet_duckdb_tpch_sf1_single_thread_q21_madracks-mnode5_20260314T231814Z_2017190/runs/duckdb_tpch/chiplet_x3/inst26/perf.stat	/home/seunghyun/ycsb/results/chiplet_duckdb_tpch_sf1_single_thread_q21_madracks-mnode5_20260314T231814Z_2017190/runs/duckdb_tpch/chiplet_x3/inst26/time.txt		/home/seunghyun/ycsb/results/chiplet_duckdb_tpch_sf1_single_thread_q21_madracks-mnode5_20260314T231814Z_2017190/runs/duckdb_tpch/chiplet_x3
2026-03-14T23:18:17Z	madracks-mnode5	amd	duckdb_tpch	analytic	per_instance_external	NO_RETIRED_INST_CYCLES	user	chiplet_x3	36	27	63	63	0	0	1	False				1						Q21	DUCKDB_TPCH	SF1	0.4618126699933782	2.1653801746373453	queries/s	SUCCESSFUL	1	461778.9199692197	461778.9199692197	461778.9199692197	461778.9199692197	461778.9199692197	461778.9199692197	461778.9199692197	461778.9199692197	2.1653801746373453	1294361662	2047911968	4680315435	931.36	700.0	280.0	99201192	16187925		ok	cpu/event=0xc0,cmask=1,inv=1/		/home/seunghyun/ycsb/.cache/duckdb_tpch/tpch_sf1.duckdb	/home/seunghyun/ycsb/results/chiplet_duckdb_tpch_sf1_single_thread_q21_madracks-mnode5_20260314T231814Z_2017190/runs/duckdb_tpch/chiplet_x3/inst27/load.stdout.log	/home/seunghyun/ycsb/results/chiplet_duckdb_tpch_sf1_single_thread_q21_madracks-mnode5_20260314T231814Z_2017190/runs/duckdb_tpch/chiplet_x3/inst27/load.stderr.log	/home/seunghyun/ycsb/results/chiplet_duckdb_tpch_sf1_single_thread_q21_madracks-mnode5_20260314T231814Z_2017190/runs/duckdb_tpch/chiplet_x3/inst27/run.stdout.log	/home/seunghyun/ycsb/results/chiplet_duckdb_tpch_sf1_single_thread_q21_madracks-mnode5_20260314T231814Z_2017190/runs/duckdb_tpch/chiplet_x3/inst27/run.stderr.log	/home/seunghyun/ycsb/results/chiplet_duckdb_tpch_sf1_single_thread_q21_madracks-mnode5_20260314T231814Z_2017190/runs/duckdb_tpch/chiplet_x3/inst27/perf.stat	/home/seunghyun/ycsb/results/chiplet_duckdb_tpch_sf1_single_thread_q21_madracks-mnode5_20260314T231814Z_2017190/runs/duckdb_tpch/chiplet_x3/inst27/time.txt		/home/seunghyun/ycsb/results/chiplet_duckdb_tpch_sf1_single_thread_q21_madracks-mnode5_20260314T231814Z_2017190/runs/duckdb_tpch/chiplet_x3
2026-03-14T23:18:17Z	madracks-mnode5	amd	duckdb_tpch	analytic	per_instance_external	NO_RETIRED_INST_CYCLES	user	chiplet_x3	36	28	64	64	0	0	1	False				1						Q21	DUCKDB_TPCH	SF1	0.4571606190293096	2.1874150099002465	queries/s	SUCCESSFUL	1	457120.6300170161	457120.6300170161	457120.6300170161	457120.6300170161	457120.6300170161	457120.6300170161	457120.6300170161	457120.6300170161	2.1874150099002465	1304736215	2059015871	4683987171	936.89	730.0	250.0	100073952	16469153		ok	cpu/event=0xc0,cmask=1,inv=1/		/home/seunghyun/ycsb/.cache/duckdb_tpch/tpch_sf1.duckdb	/home/seunghyun/ycsb/results/chiplet_duckdb_tpch_sf1_single_thread_q21_madracks-mnode5_20260314T231814Z_2017190/runs/duckdb_tpch/chiplet_x3/inst28/load.stdout.log	/home/seunghyun/ycsb/results/chiplet_duckdb_tpch_sf1_single_thread_q21_madracks-mnode5_20260314T231814Z_2017190/runs/duckdb_tpch/chiplet_x3/inst28/load.stderr.log	/home/seunghyun/ycsb/results/chiplet_duckdb_tpch_sf1_single_thread_q21_madracks-mnode5_20260314T231814Z_2017190/runs/duckdb_tpch/chiplet_x3/inst28/run.stdout.log	/home/seunghyun/ycsb/results/chiplet_duckdb_tpch_sf1_single_thread_q21_madracks-mnode5_20260314T231814Z_2017190/runs/duckdb_tpch/chiplet_x3/inst28/run.stderr.log	/home/seunghyun/ycsb/results/chiplet_duckdb_tpch_sf1_single_thread_q21_madracks-mnode5_20260314T231814Z_2017190/runs/duckdb_tpch/chiplet_x3/inst28/perf.stat	/home/seunghyun/ycsb/results/chiplet_duckdb_tpch_sf1_single_thread_q21_madracks-mnode5_20260314T231814Z_2017190/runs/duckdb_tpch/chiplet_x3/inst28/time.txt		/home/seunghyun/ycsb/results/chiplet_duckdb_tpch_sf1_single_thread_q21_madracks-mnode5_20260314T231814Z_2017190/runs/duckdb_tpch/chiplet_x3
2026-03-14T23:18:17Z	madracks-mnode5	amd	duckdb_tpch	analytic	per_instance_external	NO_RETIRED_INST_CYCLES	user	chiplet_x3	36	29	65	65	0	0	1	False				1						Q21	DUCKDB_TPCH	SF1	0.4634458689833991	2.1577493013230864	queries/s	SUCCESSFUL	1	463416.18901351467	463416.18901351467	463416.18901351467	463416.18901351467	463416.18901351467	463416.18901351467	463416.18901351467	463416.18901351467	2.1577493013230864	1294477613	2049259299	4682877155	930.81	700.0	280.0	99459789	16310962		ok	cpu/event=0xc0,cmask=1,inv=1/		/home/seunghyun/ycsb/.cache/duckdb_tpch/tpch_sf1.duckdb	/home/seunghyun/ycsb/results/chiplet_duckdb_tpch_sf1_single_thread_q21_madracks-mnode5_20260314T231814Z_2017190/runs/duckdb_tpch/chiplet_x3/inst29/load.stdout.log	/home/seunghyun/ycsb/results/chiplet_duckdb_tpch_sf1_single_thread_q21_madracks-mnode5_20260314T231814Z_2017190/runs/duckdb_tpch/chiplet_x3/inst29/load.stderr.log	/home/seunghyun/ycsb/results/chiplet_duckdb_tpch_sf1_single_thread_q21_madracks-mnode5_20260314T231814Z_2017190/runs/duckdb_tpch/chiplet_x3/inst29/run.stdout.log	/home/seunghyun/ycsb/results/chiplet_duckdb_tpch_sf1_single_thread_q21_madracks-mnode5_20260314T231814Z_2017190/runs/duckdb_tpch/chiplet_x3/inst29/run.stderr.log	/home/seunghyun/ycsb/results/chiplet_duckdb_tpch_sf1_single_thread_q21_madracks-mnode5_20260314T231814Z_2017190/runs/duckdb_tpch/chiplet_x3/inst29/perf.stat	/home/seunghyun/ycsb/results/chiplet_duckdb_tpch_sf1_single_thread_q21_madracks-mnode5_20260314T231814Z_2017190/runs/duckdb_tpch/chiplet_x3/inst29/time.txt		/home/seunghyun/ycsb/results/chiplet_duckdb_tpch_sf1_single_thread_q21_madracks-mnode5_20260314T231814Z_2017190/runs/duckdb_tpch/chiplet_x3
2026-03-14T23:18:17Z	madracks-mnode5	amd	duckdb_tpch	analytic	per_instance_external	NO_RETIRED_INST_CYCLES	user	chiplet_x3	36	30	70	70	0	0	1	False				1						Q21	DUCKDB_TPCH	SF1	0.4612805370124988	2.167878156049112	queries/s	SUCCESSFUL	1	461238.38698258623	461238.38698258623	461238.38698258623	461238.38698258623	461238.38698258623	461238.38698258623	461238.38698258623	461238.38698258623	2.167878156049112	1323209081	2077952084	4682087872	946.92	730.0	260.0	99915976	16277534		ok	cpu/event=0xc0,cmask=1,inv=1/		/home/seunghyun/ycsb/.cache/duckdb_tpch/tpch_sf1.duckdb	/home/seunghyun/ycsb/results/chiplet_duckdb_tpch_sf1_single_thread_q21_madracks-mnode5_20260314T231814Z_2017190/runs/duckdb_tpch/chiplet_x3/inst30/load.stdout.log	/home/seunghyun/ycsb/results/chiplet_duckdb_tpch_sf1_single_thread_q21_madracks-mnode5_20260314T231814Z_2017190/runs/duckdb_tpch/chiplet_x3/inst30/load.stderr.log	/home/seunghyun/ycsb/results/chiplet_duckdb_tpch_sf1_single_thread_q21_madracks-mnode5_20260314T231814Z_2017190/runs/duckdb_tpch/chiplet_x3/inst30/run.stdout.log	/home/seunghyun/ycsb/results/chiplet_duckdb_tpch_sf1_single_thread_q21_madracks-mnode5_20260314T231814Z_2017190/runs/duckdb_tpch/chiplet_x3/inst30/run.stderr.log	/home/seunghyun/ycsb/results/chiplet_duckdb_tpch_sf1_single_thread_q21_madracks-mnode5_20260314T231814Z_2017190/runs/duckdb_tpch/chiplet_x3/inst30/perf.stat	/home/seunghyun/ycsb/results/chiplet_duckdb_tpch_sf1_single_thread_q21_madracks-mnode5_20260314T231814Z_2017190/runs/duckdb_tpch/chiplet_x3/inst30/time.txt		/home/seunghyun/ycsb/results/chiplet_duckdb_tpch_sf1_single_thread_q21_madracks-mnode5_20260314T231814Z_2017190/runs/duckdb_tpch/chiplet_x3
2026-03-14T23:18:17Z	madracks-mnode5	amd	duckdb_tpch	analytic	per_instance_external	NO_RETIRED_INST_CYCLES	user	chiplet_x3	36	31	71	71	0	0	1	False				1						Q21	DUCKDB_TPCH	SF1	0.4556633780011907	2.194602525194348	queries/s	SUCCESSFUL	1	455633.8280090131	455633.8280090131	455633.8280090131	455633.8280090131	455633.8280090131	455633.8280090131	455633.8280090131	455633.8280090131	2.194602525194348	1278238953	2031897300	4681542155	923.65	660.0	310.0	99580675	16279199		ok	cpu/event=0xc0,cmask=1,inv=1/		/home/seunghyun/ycsb/.cache/duckdb_tpch/tpch_sf1.duckdb	/home/seunghyun/ycsb/results/chiplet_duckdb_tpch_sf1_single_thread_q21_madracks-mnode5_20260314T231814Z_2017190/runs/duckdb_tpch/chiplet_x3/inst31/load.stdout.log	/home/seunghyun/ycsb/results/chiplet_duckdb_tpch_sf1_single_thread_q21_madracks-mnode5_20260314T231814Z_2017190/runs/duckdb_tpch/chiplet_x3/inst31/load.stderr.log	/home/seunghyun/ycsb/results/chiplet_duckdb_tpch_sf1_single_thread_q21_madracks-mnode5_20260314T231814Z_2017190/runs/duckdb_tpch/chiplet_x3/inst31/run.stdout.log	/home/seunghyun/ycsb/results/chiplet_duckdb_tpch_sf1_single_thread_q21_madracks-mnode5_20260314T231814Z_2017190/runs/duckdb_tpch/chiplet_x3/inst31/run.stderr.log	/home/seunghyun/ycsb/results/chiplet_duckdb_tpch_sf1_single_thread_q21_madracks-mnode5_20260314T231814Z_2017190/runs/duckdb_tpch/chiplet_x3/inst31/perf.stat	/home/seunghyun/ycsb/results/chiplet_duckdb_tpch_sf1_single_thread_q21_madracks-mnode5_20260314T231814Z_2017190/runs/duckdb_tpch/chiplet_x3/inst31/time.txt		/home/seunghyun/ycsb/results/chiplet_duckdb_tpch_sf1_single_thread_q21_madracks-mnode5_20260314T231814Z_2017190/runs/duckdb_tpch/chiplet_x3
2026-03-14T23:18:17Z	madracks-mnode5	amd	duckdb_tpch	analytic	per_instance_external	NO_RETIRED_INST_CYCLES	user	chiplet_x3	36	32	72	72	0	0	1	False				1						Q21	DUCKDB_TPCH	SF1	0.46417996898526326	2.154336823680877	queries/s	SUCCESSFUL	1	464148.3000013977	464148.3000013977	464148.3000013977	464148.3000013977	464148.3000013977	464148.3000013977	464148.3000013977	464148.3000013977	2.154336823680877	1285578109	2039740429	4683617372	927.62	700.0	260.0	99899955	16370683		ok	cpu/event=0xc0,cmask=1,inv=1/		/home/seunghyun/ycsb/.cache/duckdb_tpch/tpch_sf1.duckdb	/home/seunghyun/ycsb/results/chiplet_duckdb_tpch_sf1_single_thread_q21_madracks-mnode5_20260314T231814Z_2017190/runs/duckdb_tpch/chiplet_x3/inst32/load.stdout.log	/home/seunghyun/ycsb/results/chiplet_duckdb_tpch_sf1_single_thread_q21_madracks-mnode5_20260314T231814Z_2017190/runs/duckdb_tpch/chiplet_x3/inst32/load.stderr.log	/home/seunghyun/ycsb/results/chiplet_duckdb_tpch_sf1_single_thread_q21_madracks-mnode5_20260314T231814Z_2017190/runs/duckdb_tpch/chiplet_x3/inst32/run.stdout.log	/home/seunghyun/ycsb/results/chiplet_duckdb_tpch_sf1_single_thread_q21_madracks-mnode5_20260314T231814Z_2017190/runs/duckdb_tpch/chiplet_x3/inst32/run.stderr.log	/home/seunghyun/ycsb/results/chiplet_duckdb_tpch_sf1_single_thread_q21_madracks-mnode5_20260314T231814Z_2017190/runs/duckdb_tpch/chiplet_x3/inst32/perf.stat	/home/seunghyun/ycsb/results/chiplet_duckdb_tpch_sf1_single_thread_q21_madracks-mnode5_20260314T231814Z_2017190/runs/duckdb_tpch/chiplet_x3/inst32/time.txt		/home/seunghyun/ycsb/results/chiplet_duckdb_tpch_sf1_single_thread_q21_madracks-mnode5_20260314T231814Z_2017190/runs/duckdb_tpch/chiplet_x3
2026-03-14T23:18:17Z	madracks-mnode5	amd	duckdb_tpch	analytic	per_instance_external	NO_RETIRED_INST_CYCLES	user	chiplet_x3	36	33	77	77	0	0	1	False				1						Q21	DUCKDB_TPCH	SF1	0.4588327980018221	2.179443153050338	queries/s	SUCCESSFUL	1	458804.37799496576	458804.37799496576	458804.37799496576	458804.37799496576	458804.37799496576	458804.37799496576	458804.37799496576	458804.37799496576	2.179443153050338	1291442929	2045582872	4681574412	930.64	680.0	290.0	99486001	16217857		ok	cpu/event=0xc0,cmask=1,inv=1/		/home/seunghyun/ycsb/.cache/duckdb_tpch/tpch_sf1.duckdb	/home/seunghyun/ycsb/results/chiplet_duckdb_tpch_sf1_single_thread_q21_madracks-mnode5_20260314T231814Z_2017190/runs/duckdb_tpch/chiplet_x3/inst33/load.stdout.log	/home/seunghyun/ycsb/results/chiplet_duckdb_tpch_sf1_single_thread_q21_madracks-mnode5_20260314T231814Z_2017190/runs/duckdb_tpch/chiplet_x3/inst33/load.stderr.log	/home/seunghyun/ycsb/results/chiplet_duckdb_tpch_sf1_single_thread_q21_madracks-mnode5_20260314T231814Z_2017190/runs/duckdb_tpch/chiplet_x3/inst33/run.stdout.log	/home/seunghyun/ycsb/results/chiplet_duckdb_tpch_sf1_single_thread_q21_madracks-mnode5_20260314T231814Z_2017190/runs/duckdb_tpch/chiplet_x3/inst33/run.stderr.log	/home/seunghyun/ycsb/results/chiplet_duckdb_tpch_sf1_single_thread_q21_madracks-mnode5_20260314T231814Z_2017190/runs/duckdb_tpch/chiplet_x3/inst33/perf.stat	/home/seunghyun/ycsb/results/chiplet_duckdb_tpch_sf1_single_thread_q21_madracks-mnode5_20260314T231814Z_2017190/runs/duckdb_tpch/chiplet_x3/inst33/time.txt		/home/seunghyun/ycsb/results/chiplet_duckdb_tpch_sf1_single_thread_q21_madracks-mnode5_20260314T231814Z_2017190/runs/duckdb_tpch/chiplet_x3
2026-03-14T23:18:17Z	madracks-mnode5	amd	duckdb_tpch	analytic	per_instance_external	NO_RETIRED_INST_CYCLES	user	chiplet_x3	36	34	78	78	0	0	1	False				1						Q21	DUCKDB_TPCH	SF1	0.4581120760412887	2.1828719483698396	queries/s	SUCCESSFUL	1	458071.7569915578	458071.7569915578	458071.7569915578	458071.7569915578	458071.7569915578	458071.7569915578	458071.7569915578	458071.7569915578	2.1828719483698396	1285424415	2036962090	4678661455	924.42	680.0	290.0	100095115	16227429		ok	cpu/event=0xc0,cmask=1,inv=1/		/home/seunghyun/ycsb/.cache/duckdb_tpch/tpch_sf1.duckdb	/home/seunghyun/ycsb/results/chiplet_duckdb_tpch_sf1_single_thread_q21_madracks-mnode5_20260314T231814Z_2017190/runs/duckdb_tpch/chiplet_x3/inst34/load.stdout.log	/home/seunghyun/ycsb/results/chiplet_duckdb_tpch_sf1_single_thread_q21_madracks-mnode5_20260314T231814Z_2017190/runs/duckdb_tpch/chiplet_x3/inst34/load.stderr.log	/home/seunghyun/ycsb/results/chiplet_duckdb_tpch_sf1_single_thread_q21_madracks-mnode5_20260314T231814Z_2017190/runs/duckdb_tpch/chiplet_x3/inst34/run.stdout.log	/home/seunghyun/ycsb/results/chiplet_duckdb_tpch_sf1_single_thread_q21_madracks-mnode5_20260314T231814Z_2017190/runs/duckdb_tpch/chiplet_x3/inst34/run.stderr.log	/home/seunghyun/ycsb/results/chiplet_duckdb_tpch_sf1_single_thread_q21_madracks-mnode5_20260314T231814Z_2017190/runs/duckdb_tpch/chiplet_x3/inst34/perf.stat	/home/seunghyun/ycsb/results/chiplet_duckdb_tpch_sf1_single_thread_q21_madracks-mnode5_20260314T231814Z_2017190/runs/duckdb_tpch/chiplet_x3/inst34/time.txt		/home/seunghyun/ycsb/results/chiplet_duckdb_tpch_sf1_single_thread_q21_madracks-mnode5_20260314T231814Z_2017190/runs/duckdb_tpch/chiplet_x3
2026-03-14T23:18:17Z	madracks-mnode5	amd	duckdb_tpch	analytic	per_instance_external	NO_RETIRED_INST_CYCLES	user	chiplet_x3	36	35	79	79	0	0	1	False				1						Q21	DUCKDB_TPCH	SF1	0.4586360999965109	2.1803778638611475	queries/s	SUCCESSFUL	1	458606.9310316816	458606.9310316816	458606.9310316816	458606.9310316816	458606.9310316816	458606.9310316816	458606.9310316816	458606.9310316816	2.1803778638611475	1288864291	2043733130	4683165467	929.13	660.0	300.0	99342524	16263882		ok	cpu/event=0xc0,cmask=1,inv=1/		/home/seunghyun/ycsb/.cache/duckdb_tpch/tpch_sf1.duckdb	/home/seunghyun/ycsb/results/chiplet_duckdb_tpch_sf1_single_thread_q21_madracks-mnode5_20260314T231814Z_2017190/runs/duckdb_tpch/chiplet_x3/inst35/load.stdout.log	/home/seunghyun/ycsb/results/chiplet_duckdb_tpch_sf1_single_thread_q21_madracks-mnode5_20260314T231814Z_2017190/runs/duckdb_tpch/chiplet_x3/inst35/load.stderr.log	/home/seunghyun/ycsb/results/chiplet_duckdb_tpch_sf1_single_thread_q21_madracks-mnode5_20260314T231814Z_2017190/runs/duckdb_tpch/chiplet_x3/inst35/run.stdout.log	/home/seunghyun/ycsb/results/chiplet_duckdb_tpch_sf1_single_thread_q21_madracks-mnode5_20260314T231814Z_2017190/runs/duckdb_tpch/chiplet_x3/inst35/run.stderr.log	/home/seunghyun/ycsb/results/chiplet_duckdb_tpch_sf1_single_thread_q21_madracks-mnode5_20260314T231814Z_2017190/runs/duckdb_tpch/chiplet_x3/inst35/perf.stat	/home/seunghyun/ycsb/results/chiplet_duckdb_tpch_sf1_single_thread_q21_madracks-mnode5_20260314T231814Z_2017190/runs/duckdb_tpch/chiplet_x3/inst35/time.txt		/home/seunghyun/ycsb/results/chiplet_duckdb_tpch_sf1_single_thread_q21_madracks-mnode5_20260314T231814Z_2017190/runs/duckdb_tpch/chiplet_x3
2026-03-14T23:18:18Z	madracks-mnode5	amd	duckdb_tpch	analytic	per_instance_external	NO_RETIRED_INST_CYCLES	user	chiplet_x4	48	0	0	0	0	0	1	False				1						Q21	DUCKDB_TPCH	SF1	0.4750771370017901	2.104921331956734	queries/s	SUCCESSFUL	1	475034.51799275354	475034.51799275354	475034.51799275354	475034.51799275354	475034.51799275354	475034.51799275354	475034.51799275354	475034.51799275354	2.104921331956734	1395549175	2151037393	4686054414	971.43	720.0	280.0	100133273	16555528		ok	cpu/event=0xc0,cmask=1,inv=1/		/home/seunghyun/ycsb/.cache/duckdb_tpch/tpch_sf1.duckdb	/home/seunghyun/ycsb/results/chiplet_duckdb_tpch_sf1_single_thread_q21_madracks-mnode5_20260314T231814Z_2017190/runs/duckdb_tpch/chiplet_x4/inst00/load.stdout.log	/home/seunghyun/ycsb/results/chiplet_duckdb_tpch_sf1_single_thread_q21_madracks-mnode5_20260314T231814Z_2017190/runs/duckdb_tpch/chiplet_x4/inst00/load.stderr.log	/home/seunghyun/ycsb/results/chiplet_duckdb_tpch_sf1_single_thread_q21_madracks-mnode5_20260314T231814Z_2017190/runs/duckdb_tpch/chiplet_x4/inst00/run.stdout.log	/home/seunghyun/ycsb/results/chiplet_duckdb_tpch_sf1_single_thread_q21_madracks-mnode5_20260314T231814Z_2017190/runs/duckdb_tpch/chiplet_x4/inst00/run.stderr.log	/home/seunghyun/ycsb/results/chiplet_duckdb_tpch_sf1_single_thread_q21_madracks-mnode5_20260314T231814Z_2017190/runs/duckdb_tpch/chiplet_x4/inst00/perf.stat	/home/seunghyun/ycsb/results/chiplet_duckdb_tpch_sf1_single_thread_q21_madracks-mnode5_20260314T231814Z_2017190/runs/duckdb_tpch/chiplet_x4/inst00/time.txt		/home/seunghyun/ycsb/results/chiplet_duckdb_tpch_sf1_single_thread_q21_madracks-mnode5_20260314T231814Z_2017190/runs/duckdb_tpch/chiplet_x4
2026-03-14T23:18:18Z	madracks-mnode5	amd	duckdb_tpch	analytic	per_instance_external	NO_RETIRED_INST_CYCLES	user	chiplet_x4	48	1	1	1	0	0	1	False				1						Q21	DUCKDB_TPCH	SF1	0.4777136129559949	2.0933043833777374	queries/s	SUCCESSFUL	1	477682.2730200365	477682.2730200365	477682.2730200365	477682.2730200365	477682.2730200365	477682.2730200365	477682.2730200365	477682.2730200365	2.0933043833777374	1426390248	2184303737	4687766598	988.86	710.0	330.0	99477867	16573946		ok	cpu/event=0xc0,cmask=1,inv=1/		/home/seunghyun/ycsb/.cache/duckdb_tpch/tpch_sf1.duckdb	/home/seunghyun/ycsb/results/chiplet_duckdb_tpch_sf1_single_thread_q21_madracks-mnode5_20260314T231814Z_2017190/runs/duckdb_tpch/chiplet_x4/inst01/load.stdout.log	/home/seunghyun/ycsb/results/chiplet_duckdb_tpch_sf1_single_thread_q21_madracks-mnode5_20260314T231814Z_2017190/runs/duckdb_tpch/chiplet_x4/inst01/load.stderr.log	/home/seunghyun/ycsb/results/chiplet_duckdb_tpch_sf1_single_thread_q21_madracks-mnode5_20260314T231814Z_2017190/runs/duckdb_tpch/chiplet_x4/inst01/run.stdout.log	/home/seunghyun/ycsb/results/chiplet_duckdb_tpch_sf1_single_thread_q21_madracks-mnode5_20260314T231814Z_2017190/runs/duckdb_tpch/chiplet_x4/inst01/run.stderr.log	/home/seunghyun/ycsb/results/chiplet_duckdb_tpch_sf1_single_thread_q21_madracks-mnode5_20260314T231814Z_2017190/runs/duckdb_tpch/chiplet_x4/inst01/perf.stat	/home/seunghyun/ycsb/results/chiplet_duckdb_tpch_sf1_single_thread_q21_madracks-mnode5_20260314T231814Z_2017190/runs/duckdb_tpch/chiplet_x4/inst01/time.txt		/home/seunghyun/ycsb/results/chiplet_duckdb_tpch_sf1_single_thread_q21_madracks-mnode5_20260314T231814Z_2017190/runs/duckdb_tpch/chiplet_x4
2026-03-14T23:18:18Z	madracks-mnode5	amd	duckdb_tpch	analytic	per_instance_external	NO_RETIRED_INST_CYCLES	user	chiplet_x4	48	2	2	2	0	0	1	False				1						Q21	DUCKDB_TPCH	SF1	0.4811145500279963	2.0785070830674512	queries/s	SUCCESSFUL	1	481080.48998983577	481080.48998983577	481080.48998983577	481080.48998983577	481080.48998983577	481080.48998983577	481080.48998983577	481080.48998983577	2.0785070830674512	1408792968	2164123649	4687222581	977.86	680.0	360.0	100805355	16587878		ok	cpu/event=0xc0,cmask=1,inv=1/		/home/seunghyun/ycsb/.cache/duckdb_tpch/tpch_sf1.duckdb	/home/seunghyun/ycsb/results/chiplet_duckdb_tpch_sf1_single_thread_q21_madracks-mnode5_20260314T231814Z_2017190/runs/duckdb_tpch/chiplet_x4/inst02/load.stdout.log	/home/seunghyun/ycsb/results/chiplet_duckdb_tpch_sf1_single_thread_q21_madracks-mnode5_20260314T231814Z_2017190/runs/duckdb_tpch/chiplet_x4/inst02/load.stderr.log	/home/seunghyun/ycsb/results/chiplet_duckdb_tpch_sf1_single_thread_q21_madracks-mnode5_20260314T231814Z_2017190/runs/duckdb_tpch/chiplet_x4/inst02/run.stdout.log	/home/seunghyun/ycsb/results/chiplet_duckdb_tpch_sf1_single_thread_q21_madracks-mnode5_20260314T231814Z_2017190/runs/duckdb_tpch/chiplet_x4/inst02/run.stderr.log	/home/seunghyun/ycsb/results/chiplet_duckdb_tpch_sf1_single_thread_q21_madracks-mnode5_20260314T231814Z_2017190/runs/duckdb_tpch/chiplet_x4/inst02/perf.stat	/home/seunghyun/ycsb/results/chiplet_duckdb_tpch_sf1_single_thread_q21_madracks-mnode5_20260314T231814Z_2017190/runs/duckdb_tpch/chiplet_x4/inst02/time.txt		/home/seunghyun/ycsb/results/chiplet_duckdb_tpch_sf1_single_thread_q21_madracks-mnode5_20260314T231814Z_2017190/runs/duckdb_tpch/chiplet_x4
2026-03-14T23:18:18Z	madracks-mnode5	amd	duckdb_tpch	analytic	per_instance_external	NO_RETIRED_INST_CYCLES	user	chiplet_x4	48	3	3	3	0	0	1	False				1						Q21	DUCKDB_TPCH	SF1	0.4798588550183922	2.083946121952197	queries/s	SUCCESSFUL	1	479826.9160091877	479826.9160091877	479826.9160091877	479826.9160091877	479826.9160091877	479826.9160091877	479826.9160091877	479826.9160091877	2.083946121952197	1401357254	2158125615	4687975656	974.5	710.0	320.0	99867761	16559919		ok	cpu/event=0xc0,cmask=1,inv=1/		/home/seunghyun/ycsb/.cache/duckdb_tpch/tpch_sf1.duckdb	/home/seunghyun/ycsb/results/chiplet_duckdb_tpch_sf1_single_thread_q21_madracks-mnode5_20260314T231814Z_2017190/runs/duckdb_tpch/chiplet_x4/inst03/load.stdout.log	/home/seunghyun/ycsb/results/chiplet_duckdb_tpch_sf1_single_thread_q21_madracks-mnode5_20260314T231814Z_2017190/runs/duckdb_tpch/chiplet_x4/inst03/load.stderr.log	/home/seunghyun/ycsb/results/chiplet_duckdb_tpch_sf1_single_thread_q21_madracks-mnode5_20260314T231814Z_2017190/runs/duckdb_tpch/chiplet_x4/inst03/run.stdout.log	/home/seunghyun/ycsb/results/chiplet_duckdb_tpch_sf1_single_thread_q21_madracks-mnode5_20260314T231814Z_2017190/runs/duckdb_tpch/chiplet_x4/inst03/run.stderr.log	/home/seunghyun/ycsb/results/chiplet_duckdb_tpch_sf1_single_thread_q21_madracks-mnode5_20260314T231814Z_2017190/runs/duckdb_tpch/chiplet_x4/inst03/perf.stat	/home/seunghyun/ycsb/results/chiplet_duckdb_tpch_sf1_single_thread_q21_madracks-mnode5_20260314T231814Z_2017190/runs/duckdb_tpch/chiplet_x4/inst03/time.txt		/home/seunghyun/ycsb/results/chiplet_duckdb_tpch_sf1_single_thread_q21_madracks-mnode5_20260314T231814Z_2017190/runs/duckdb_tpch/chiplet_x4
2026-03-14T23:18:18Z	madracks-mnode5	amd	duckdb_tpch	analytic	per_instance_external	NO_RETIRED_INST_CYCLES	user	chiplet_x4	48	4	7	7	0	0	1	False				1						Q21	DUCKDB_TPCH	SF1	0.47953971999231726	2.08533299393014	queries/s	SUCCESSFUL	1	479497.03101767227	479497.03101767227	479497.03101767227	479497.03101767227	479497.03101767227	479497.03101767227	479497.03101767227	479497.03101767227	2.08533299393014	1433398458	2189327250	4686520155	991.04	720.0	320.0	100246031	16433076		ok	cpu/event=0xc0,cmask=1,inv=1/		/home/seunghyun/ycsb/.cache/duckdb_tpch/tpch_sf1.duckdb	/home/seunghyun/ycsb/results/chiplet_duckdb_tpch_sf1_single_thread_q21_madracks-mnode5_20260314T231814Z_2017190/runs/duckdb_tpch/chiplet_x4/inst04/load.stdout.log	/home/seunghyun/ycsb/results/chiplet_duckdb_tpch_sf1_single_thread_q21_madracks-mnode5_20260314T231814Z_2017190/runs/duckdb_tpch/chiplet_x4/inst04/load.stderr.log	/home/seunghyun/ycsb/results/chiplet_duckdb_tpch_sf1_single_thread_q21_madracks-mnode5_20260314T231814Z_2017190/runs/duckdb_tpch/chiplet_x4/inst04/run.stdout.log	/home/seunghyun/ycsb/results/chiplet_duckdb_tpch_sf1_single_thread_q21_madracks-mnode5_20260314T231814Z_2017190/runs/duckdb_tpch/chiplet_x4/inst04/run.stderr.log	/home/seunghyun/ycsb/results/chiplet_duckdb_tpch_sf1_single_thread_q21_madracks-mnode5_20260314T231814Z_2017190/runs/duckdb_tpch/chiplet_x4/inst04/perf.stat	/home/seunghyun/ycsb/results/chiplet_duckdb_tpch_sf1_single_thread_q21_madracks-mnode5_20260314T231814Z_2017190/runs/duckdb_tpch/chiplet_x4/inst04/time.txt		/home/seunghyun/ycsb/results/chiplet_duckdb_tpch_sf1_single_thread_q21_madracks-mnode5_20260314T231814Z_2017190/runs/duckdb_tpch/chiplet_x4
2026-03-14T23:18:18Z	madracks-mnode5	amd	duckdb_tpch	analytic	per_instance_external	NO_RETIRED_INST_CYCLES	user	chiplet_x4	48	5	8	8	0	0	1	False				1						Q21	DUCKDB_TPCH	SF1	0.47562845901120454	2.102481424427218	queries/s	SUCCESSFUL	1	475595.95899656415	475595.95899656415	475595.95899656415	475595.95899656415	475595.95899656415	475595.95899656415	475595.95899656415	475595.95899656415	2.102481424427218	1413136618	2170464641	4687686690	983.03	720.0	320.0	99468060	16532421		ok	cpu/event=0xc0,cmask=1,inv=1/		/home/seunghyun/ycsb/.cache/duckdb_tpch/tpch_sf1.duckdb	/home/seunghyun/ycsb/results/chiplet_duckdb_tpch_sf1_single_thread_q21_madracks-mnode5_20260314T231814Z_2017190/runs/duckdb_tpch/chiplet_x4/inst05/load.stdout.log	/home/seunghyun/ycsb/results/chiplet_duckdb_tpch_sf1_single_thread_q21_madracks-mnode5_20260314T231814Z_2017190/runs/duckdb_tpch/chiplet_x4/inst05/load.stderr.log	/home/seunghyun/ycsb/results/chiplet_duckdb_tpch_sf1_single_thread_q21_madracks-mnode5_20260314T231814Z_2017190/runs/duckdb_tpch/chiplet_x4/inst05/run.stdout.log	/home/seunghyun/ycsb/results/chiplet_duckdb_tpch_sf1_single_thread_q21_madracks-mnode5_20260314T231814Z_2017190/runs/duckdb_tpch/chiplet_x4/inst05/run.stderr.log	/home/seunghyun/ycsb/results/chiplet_duckdb_tpch_sf1_single_thread_q21_madracks-mnode5_20260314T231814Z_2017190/runs/duckdb_tpch/chiplet_x4/inst05/perf.stat	/home/seunghyun/ycsb/results/chiplet_duckdb_tpch_sf1_single_thread_q21_madracks-mnode5_20260314T231814Z_2017190/runs/duckdb_tpch/chiplet_x4/inst05/time.txt		/home/seunghyun/ycsb/results/chiplet_duckdb_tpch_sf1_single_thread_q21_madracks-mnode5_20260314T231814Z_2017190/runs/duckdb_tpch/chiplet_x4
2026-03-14T23:18:18Z	madracks-mnode5	amd	duckdb_tpch	analytic	per_instance_external	NO_RETIRED_INST_CYCLES	user	chiplet_x4	48	6	9	9	0	0	1	False				1						Q21	DUCKDB_TPCH	SF1	0.4793160919798538	2.086305919480857	queries/s	SUCCESSFUL	1	479284.77404639125	479284.77404639125	479284.77404639125	479284.77404639125	479284.77404639125	479284.77404639125	479284.77404639125	479284.77404639125	2.086305919480857	1408512921	2166611514	4691978376	979.74	700.0	330.0	100456436	16579006		ok	cpu/event=0xc0,cmask=1,inv=1/		/home/seunghyun/ycsb/.cache/duckdb_tpch/tpch_sf1.duckdb	/home/seunghyun/ycsb/results/chiplet_duckdb_tpch_sf1_single_thread_q21_madracks-mnode5_20260314T231814Z_2017190/runs/duckdb_tpch/chiplet_x4/inst06/load.stdout.log	/home/seunghyun/ycsb/results/chiplet_duckdb_tpch_sf1_single_thread_q21_madracks-mnode5_20260314T231814Z_2017190/runs/duckdb_tpch/chiplet_x4/inst06/load.stderr.log	/home/seunghyun/ycsb/results/chiplet_duckdb_tpch_sf1_single_thread_q21_madracks-mnode5_20260314T231814Z_2017190/runs/duckdb_tpch/chiplet_x4/inst06/run.stdout.log	/home/seunghyun/ycsb/results/chiplet_duckdb_tpch_sf1_single_thread_q21_madracks-mnode5_20260314T231814Z_2017190/runs/duckdb_tpch/chiplet_x4/inst06/run.stderr.log	/home/seunghyun/ycsb/results/chiplet_duckdb_tpch_sf1_single_thread_q21_madracks-mnode5_20260314T231814Z_2017190/runs/duckdb_tpch/chiplet_x4/inst06/perf.stat	/home/seunghyun/ycsb/results/chiplet_duckdb_tpch_sf1_single_thread_q21_madracks-mnode5_20260314T231814Z_2017190/runs/duckdb_tpch/chiplet_x4/inst06/time.txt		/home/seunghyun/ycsb/results/chiplet_duckdb_tpch_sf1_single_thread_q21_madracks-mnode5_20260314T231814Z_2017190/runs/duckdb_tpch/chiplet_x4
2026-03-14T23:18:18Z	madracks-mnode5	amd	duckdb_tpch	analytic	per_instance_external	NO_RETIRED_INST_CYCLES	user	chiplet_x4	48	7	10	10	0	0	1	False				1						Q21	DUCKDB_TPCH	SF1	0.47932911198586226	2.0862492491995663	queries/s	SUCCESSFUL	1	479297.96297103167	479297.96297103167	479297.96297103167	479297.96297103167	479297.96297103167	479297.96297103167	479297.96297103167	479297.96297103167	2.0862492491995663	1406733640	2163610242	4688036993	976.73	710.0	320.0	99824740	16451444		ok	cpu/event=0xc0,cmask=1,inv=1/		/home/seunghyun/ycsb/.cache/duckdb_tpch/tpch_sf1.duckdb	/home/seunghyun/ycsb/results/chiplet_duckdb_tpch_sf1_single_thread_q21_madracks-mnode5_20260314T231814Z_2017190/runs/duckdb_tpch/chiplet_x4/inst07/load.stdout.log	/home/seunghyun/ycsb/results/chiplet_duckdb_tpch_sf1_single_thread_q21_madracks-mnode5_20260314T231814Z_2017190/runs/duckdb_tpch/chiplet_x4/inst07/load.stderr.log	/home/seunghyun/ycsb/results/chiplet_duckdb_tpch_sf1_single_thread_q21_madracks-mnode5_20260314T231814Z_2017190/runs/duckdb_tpch/chiplet_x4/inst07/run.stdout.log	/home/seunghyun/ycsb/results/chiplet_duckdb_tpch_sf1_single_thread_q21_madracks-mnode5_20260314T231814Z_2017190/runs/duckdb_tpch/chiplet_x4/inst07/run.stderr.log	/home/seunghyun/ycsb/results/chiplet_duckdb_tpch_sf1_single_thread_q21_madracks-mnode5_20260314T231814Z_2017190/runs/duckdb_tpch/chiplet_x4/inst07/perf.stat	/home/seunghyun/ycsb/results/chiplet_duckdb_tpch_sf1_single_thread_q21_madracks-mnode5_20260314T231814Z_2017190/runs/duckdb_tpch/chiplet_x4/inst07/time.txt		/home/seunghyun/ycsb/results/chiplet_duckdb_tpch_sf1_single_thread_q21_madracks-mnode5_20260314T231814Z_2017190/runs/duckdb_tpch/chiplet_x4
2026-03-14T23:18:18Z	madracks-mnode5	amd	duckdb_tpch	analytic	per_instance_external	NO_RETIRED_INST_CYCLES	user	chiplet_x4	48	8	14	14	0	0	1	False				1						Q21	DUCKDB_TPCH	SF1	0.48034710000501946	2.0818279115030576	queries/s	SUCCESSFUL	1	480307.33002815396	480307.33002815396	480307.33002815396	480307.33002815396	480307.33002815396	480307.33002815396	480307.33002815396	480307.33002815396	2.0818279115030576	1402604230	2159971081	4687147310	975.23	710.0	320.0	99992166	16274658		ok	cpu/event=0xc0,cmask=1,inv=1/		/home/seunghyun/ycsb/.cache/duckdb_tpch/tpch_sf1.duckdb	/home/seunghyun/ycsb/results/chiplet_duckdb_tpch_sf1_single_thread_q21_madracks-mnode5_20260314T231814Z_2017190/runs/duckdb_tpch/chiplet_x4/inst08/load.stdout.log	/home/seunghyun/ycsb/results/chiplet_duckdb_tpch_sf1_single_thread_q21_madracks-mnode5_20260314T231814Z_2017190/runs/duckdb_tpch/chiplet_x4/inst08/load.stderr.log	/home/seunghyun/ycsb/results/chiplet_duckdb_tpch_sf1_single_thread_q21_madracks-mnode5_20260314T231814Z_2017190/runs/duckdb_tpch/chiplet_x4/inst08/run.stdout.log	/home/seunghyun/ycsb/results/chiplet_duckdb_tpch_sf1_single_thread_q21_madracks-mnode5_20260314T231814Z_2017190/runs/duckdb_tpch/chiplet_x4/inst08/run.stderr.log	/home/seunghyun/ycsb/results/chiplet_duckdb_tpch_sf1_single_thread_q21_madracks-mnode5_20260314T231814Z_2017190/runs/duckdb_tpch/chiplet_x4/inst08/perf.stat	/home/seunghyun/ycsb/results/chiplet_duckdb_tpch_sf1_single_thread_q21_madracks-mnode5_20260314T231814Z_2017190/runs/duckdb_tpch/chiplet_x4/inst08/time.txt		/home/seunghyun/ycsb/results/chiplet_duckdb_tpch_sf1_single_thread_q21_madracks-mnode5_20260314T231814Z_2017190/runs/duckdb_tpch/chiplet_x4
2026-03-14T23:18:18Z	madracks-mnode5	amd	duckdb_tpch	analytic	per_instance_external	NO_RETIRED_INST_CYCLES	user	chiplet_x4	48	9	15	15	0	0	1	False				1						Q21	DUCKDB_TPCH	SF1	0.4827468079747632	2.071479258858771	queries/s	SUCCESSFUL	1	482716.06996422634	482716.06996422634	482716.06996422634	482716.06996422634	482716.06996422634	482716.06996422634	482716.06996422634	482716.06996422634	2.071479258858771	1410983615	2167236765	4687560212	979.57	680.0	350.0	100006067	16395982		ok	cpu/event=0xc0,cmask=1,inv=1/		/home/seunghyun/ycsb/.cache/duckdb_tpch/tpch_sf1.duckdb	/home/seunghyun/ycsb/results/chiplet_duckdb_tpch_sf1_single_thread_q21_madracks-mnode5_20260314T231814Z_2017190/runs/duckdb_tpch/chiplet_x4/inst09/load.stdout.log	/home/seunghyun/ycsb/results/chiplet_duckdb_tpch_sf1_single_thread_q21_madracks-mnode5_20260314T231814Z_2017190/runs/duckdb_tpch/chiplet_x4/inst09/load.stderr.log	/home/seunghyun/ycsb/results/chiplet_duckdb_tpch_sf1_single_thread_q21_madracks-mnode5_20260314T231814Z_2017190/runs/duckdb_tpch/chiplet_x4/inst09/run.stdout.log	/home/seunghyun/ycsb/results/chiplet_duckdb_tpch_sf1_single_thread_q21_madracks-mnode5_20260314T231814Z_2017190/runs/duckdb_tpch/chiplet_x4/inst09/run.stderr.log	/home/seunghyun/ycsb/results/chiplet_duckdb_tpch_sf1_single_thread_q21_madracks-mnode5_20260314T231814Z_2017190/runs/duckdb_tpch/chiplet_x4/inst09/perf.stat	/home/seunghyun/ycsb/results/chiplet_duckdb_tpch_sf1_single_thread_q21_madracks-mnode5_20260314T231814Z_2017190/runs/duckdb_tpch/chiplet_x4/inst09/time.txt		/home/seunghyun/ycsb/results/chiplet_duckdb_tpch_sf1_single_thread_q21_madracks-mnode5_20260314T231814Z_2017190/runs/duckdb_tpch/chiplet_x4
2026-03-14T23:18:18Z	madracks-mnode5	amd	duckdb_tpch	analytic	per_instance_external	NO_RETIRED_INST_CYCLES	user	chiplet_x4	48	10	16	16	0	0	1	False				1						Q21	DUCKDB_TPCH	SF1	0.4840667719836347	2.065830703277043	queries/s	SUCCESSFUL	1	484035.6530039571	484035.6530039571	484035.6530039571	484035.6530039571	484035.6530039571	484035.6530039571	484035.6530039571	484035.6530039571	2.065830703277043	1431700704	2188402331	4687447766	991.34	690.0	360.0	100085386	16451227		ok	cpu/event=0xc0,cmask=1,inv=1/		/home/seunghyun/ycsb/.cache/duckdb_tpch/tpch_sf1.duckdb	/home/seunghyun/ycsb/results/chiplet_duckdb_tpch_sf1_single_thread_q21_madracks-mnode5_20260314T231814Z_2017190/runs/duckdb_tpch/chiplet_x4/inst10/load.stdout.log	/home/seunghyun/ycsb/results/chiplet_duckdb_tpch_sf1_single_thread_q21_madracks-mnode5_20260314T231814Z_2017190/runs/duckdb_tpch/chiplet_x4/inst10/load.stderr.log	/home/seunghyun/ycsb/results/chiplet_duckdb_tpch_sf1_single_thread_q21_madracks-mnode5_20260314T231814Z_2017190/runs/duckdb_tpch/chiplet_x4/inst10/run.stdout.log	/home/seunghyun/ycsb/results/chiplet_duckdb_tpch_sf1_single_thread_q21_madracks-mnode5_20260314T231814Z_2017190/runs/duckdb_tpch/chiplet_x4/inst10/run.stderr.log	/home/seunghyun/ycsb/results/chiplet_duckdb_tpch_sf1_single_thread_q21_madracks-mnode5_20260314T231814Z_2017190/runs/duckdb_tpch/chiplet_x4/inst10/perf.stat	/home/seunghyun/ycsb/results/chiplet_duckdb_tpch_sf1_single_thread_q21_madracks-mnode5_20260314T231814Z_2017190/runs/duckdb_tpch/chiplet_x4/inst10/time.txt		/home/seunghyun/ycsb/results/chiplet_duckdb_tpch_sf1_single_thread_q21_madracks-mnode5_20260314T231814Z_2017190/runs/duckdb_tpch/chiplet_x4
2026-03-14T23:18:18Z	madracks-mnode5	amd	duckdb_tpch	analytic	per_instance_external	NO_RETIRED_INST_CYCLES	user	chiplet_x4	48	11	17	17	0	0	1	False				1						Q21	DUCKDB_TPCH	SF1	0.47954095900058746	2.0853276059757286	queries/s	SUCCESSFUL	1	479509.4890287146	479509.4890287146	479509.4890287146	479509.4890287146	479509.4890287146	479509.4890287146	479509.4890287146	479509.4890287146	2.0853276059757286	1408814339	2165976310	4688257422	978.07	670.0	360.0	100225774	16391217		ok	cpu/event=0xc0,cmask=1,inv=1/		/home/seunghyun/ycsb/.cache/duckdb_tpch/tpch_sf1.duckdb	/home/seunghyun/ycsb/results/chiplet_duckdb_tpch_sf1_single_thread_q21_madracks-mnode5_20260314T231814Z_2017190/runs/duckdb_tpch/chiplet_x4/inst11/load.stdout.log	/home/seunghyun/ycsb/results/chiplet_duckdb_tpch_sf1_single_thread_q21_madracks-mnode5_20260314T231814Z_2017190/runs/duckdb_tpch/chiplet_x4/inst11/load.stderr.log	/home/seunghyun/ycsb/results/chiplet_duckdb_tpch_sf1_single_thread_q21_madracks-mnode5_20260314T231814Z_2017190/runs/duckdb_tpch/chiplet_x4/inst11/run.stdout.log	/home/seunghyun/ycsb/results/chiplet_duckdb_tpch_sf1_single_thread_q21_madracks-mnode5_20260314T231814Z_2017190/runs/duckdb_tpch/chiplet_x4/inst11/run.stderr.log	/home/seunghyun/ycsb/results/chiplet_duckdb_tpch_sf1_single_thread_q21_madracks-mnode5_20260314T231814Z_2017190/runs/duckdb_tpch/chiplet_x4/inst11/perf.stat	/home/seunghyun/ycsb/results/chiplet_duckdb_tpch_sf1_single_thread_q21_madracks-mnode5_20260314T231814Z_2017190/runs/duckdb_tpch/chiplet_x4/inst11/time.txt		/home/seunghyun/ycsb/results/chiplet_duckdb_tpch_sf1_single_thread_q21_madracks-mnode5_20260314T231814Z_2017190/runs/duckdb_tpch/chiplet_x4
2026-03-14T23:18:18Z	madracks-mnode5	amd	duckdb_tpch	analytic	per_instance_external	NO_RETIRED_INST_CYCLES	user	chiplet_x4	48	12	21	21	0	0	1	False				1						Q21	DUCKDB_TPCH	SF1	0.4763250310206786	2.0994067808218695	queries/s	SUCCESSFUL	1	476284.4609795138	476284.4609795138	476284.4609795138	476284.4609795138	476284.4609795138	476284.4609795138	476284.4609795138	476284.4609795138	2.0994067808218695	1399913271	2154823750	4685656576	972.36	720.0	310.0	100325156	16475420		ok	cpu/event=0xc0,cmask=1,inv=1/		/home/seunghyun/ycsb/.cache/duckdb_tpch/tpch_sf1.duckdb	/home/seunghyun/ycsb/results/chiplet_duckdb_tpch_sf1_single_thread_q21_madracks-mnode5_20260314T231814Z_2017190/runs/duckdb_tpch/chiplet_x4/inst12/load.stdout.log	/home/seunghyun/ycsb/results/chiplet_duckdb_tpch_sf1_single_thread_q21_madracks-mnode5_20260314T231814Z_2017190/runs/duckdb_tpch/chiplet_x4/inst12/load.stderr.log	/home/seunghyun/ycsb/results/chiplet_duckdb_tpch_sf1_single_thread_q21_madracks-mnode5_20260314T231814Z_2017190/runs/duckdb_tpch/chiplet_x4/inst12/run.stdout.log	/home/seunghyun/ycsb/results/chiplet_duckdb_tpch_sf1_single_thread_q21_madracks-mnode5_20260314T231814Z_2017190/runs/duckdb_tpch/chiplet_x4/inst12/run.stderr.log	/home/seunghyun/ycsb/results/chiplet_duckdb_tpch_sf1_single_thread_q21_madracks-mnode5_20260314T231814Z_2017190/runs/duckdb_tpch/chiplet_x4/inst12/perf.stat	/home/seunghyun/ycsb/results/chiplet_duckdb_tpch_sf1_single_thread_q21_madracks-mnode5_20260314T231814Z_2017190/runs/duckdb_tpch/chiplet_x4/inst12/time.txt		/home/seunghyun/ycsb/results/chiplet_duckdb_tpch_sf1_single_thread_q21_madracks-mnode5_20260314T231814Z_2017190/runs/duckdb_tpch/chiplet_x4
2026-03-14T23:18:18Z	madracks-mnode5	amd	duckdb_tpch	analytic	per_instance_external	NO_RETIRED_INST_CYCLES	user	chiplet_x4	48	13	22	22	0	0	1	False				1						Q21	DUCKDB_TPCH	SF1	0.4764042000169866	2.0990579007581047	queries/s	SUCCESSFUL	1	476372.1600174904	476372.1600174904	476372.1600174904	476372.1600174904	476372.1600174904	476372.1600174904	476372.1600174904	476372.1600174904	2.0990579007581047	1410831966	2168633217	4688458290	980.83	680.0	350.0	100136065	16290531		ok	cpu/event=0xc0,cmask=1,inv=1/		/home/seunghyun/ycsb/.cache/duckdb_tpch/tpch_sf1.duckdb	/home/seunghyun/ycsb/results/chiplet_duckdb_tpch_sf1_single_thread_q21_madracks-mnode5_20260314T231814Z_2017190/runs/duckdb_tpch/chiplet_x4/inst13/load.stdout.log	/home/seunghyun/ycsb/results/chiplet_duckdb_tpch_sf1_single_thread_q21_madracks-mnode5_20260314T231814Z_2017190/runs/duckdb_tpch/chiplet_x4/inst13/load.stderr.log	/home/seunghyun/ycsb/results/chiplet_duckdb_tpch_sf1_single_thread_q21_madracks-mnode5_20260314T231814Z_2017190/runs/duckdb_tpch/chiplet_x4/inst13/run.stdout.log	/home/seunghyun/ycsb/results/chiplet_duckdb_tpch_sf1_single_thread_q21_madracks-mnode5_20260314T231814Z_2017190/runs/duckdb_tpch/chiplet_x4/inst13/run.stderr.log	/home/seunghyun/ycsb/results/chiplet_duckdb_tpch_sf1_single_thread_q21_madracks-mnode5_20260314T231814Z_2017190/runs/duckdb_tpch/chiplet_x4/inst13/perf.stat	/home/seunghyun/ycsb/results/chiplet_duckdb_tpch_sf1_single_thread_q21_madracks-mnode5_20260314T231814Z_2017190/runs/duckdb_tpch/chiplet_x4/inst13/time.txt		/home/seunghyun/ycsb/results/chiplet_duckdb_tpch_sf1_single_thread_q21_madracks-mnode5_20260314T231814Z_2017190/runs/duckdb_tpch/chiplet_x4
2026-03-14T23:18:18Z	madracks-mnode5	amd	duckdb_tpch	analytic	per_instance_external	NO_RETIRED_INST_CYCLES	user	chiplet_x4	48	14	23	23	0	0	1	False				1						Q21	DUCKDB_TPCH	SF1	0.4790329859824851	2.087538915402713	queries/s	SUCCESSFUL	1	478997.1769787371	478997.1769787371	478997.1769787371	478997.1769787371	478997.1769787371	478997.1769787371	478997.1769787371	478997.1769787371	2.087538915402713	1402204667	2159710271	4686420015	975.76	690.0	340.0	100010926	16277252		ok	cpu/event=0xc0,cmask=1,inv=1/		/home/seunghyun/ycsb/.cache/duckdb_tpch/tpch_sf1.duckdb	/home/seunghyun/ycsb/results/chiplet_duckdb_tpch_sf1_single_thread_q21_madracks-mnode5_20260314T231814Z_2017190/runs/duckdb_tpch/chiplet_x4/inst14/load.stdout.log	/home/seunghyun/ycsb/results/chiplet_duckdb_tpch_sf1_single_thread_q21_madracks-mnode5_20260314T231814Z_2017190/runs/duckdb_tpch/chiplet_x4/inst14/load.stderr.log	/home/seunghyun/ycsb/results/chiplet_duckdb_tpch_sf1_single_thread_q21_madracks-mnode5_20260314T231814Z_2017190/runs/duckdb_tpch/chiplet_x4/inst14/run.stdout.log	/home/seunghyun/ycsb/results/chiplet_duckdb_tpch_sf1_single_thread_q21_madracks-mnode5_20260314T231814Z_2017190/runs/duckdb_tpch/chiplet_x4/inst14/run.stderr.log	/home/seunghyun/ycsb/results/chiplet_duckdb_tpch_sf1_single_thread_q21_madracks-mnode5_20260314T231814Z_2017190/runs/duckdb_tpch/chiplet_x4/inst14/perf.stat	/home/seunghyun/ycsb/results/chiplet_duckdb_tpch_sf1_single_thread_q21_madracks-mnode5_20260314T231814Z_2017190/runs/duckdb_tpch/chiplet_x4/inst14/time.txt		/home/seunghyun/ycsb/results/chiplet_duckdb_tpch_sf1_single_thread_q21_madracks-mnode5_20260314T231814Z_2017190/runs/duckdb_tpch/chiplet_x4
2026-03-14T23:18:18Z	madracks-mnode5	amd	duckdb_tpch	analytic	per_instance_external	NO_RETIRED_INST_CYCLES	user	chiplet_x4	48	15	24	24	0	0	1	False				1						Q21	DUCKDB_TPCH	SF1	0.47962906799511984	2.0849445263608897	queries/s	SUCCESSFUL	1	479596.269025933	479596.269025933	479596.269025933	479596.269025933	479596.269025933	479596.269025933	479596.269025933	479596.269025933	2.0849445263608897	1401085032	2158218682	4688737807	975.49	670.0	360.0	99840812	16418854		ok	cpu/event=0xc0,cmask=1,inv=1/		/home/seunghyun/ycsb/.cache/duckdb_tpch/tpch_sf1.duckdb	/home/seunghyun/ycsb/results/chiplet_duckdb_tpch_sf1_single_thread_q21_madracks-mnode5_20260314T231814Z_2017190/runs/duckdb_tpch/chiplet_x4/inst15/load.stdout.log	/home/seunghyun/ycsb/results/chiplet_duckdb_tpch_sf1_single_thread_q21_madracks-mnode5_20260314T231814Z_2017190/runs/duckdb_tpch/chiplet_x4/inst15/load.stderr.log	/home/seunghyun/ycsb/results/chiplet_duckdb_tpch_sf1_single_thread_q21_madracks-mnode5_20260314T231814Z_2017190/runs/duckdb_tpch/chiplet_x4/inst15/run.stdout.log	/home/seunghyun/ycsb/results/chiplet_duckdb_tpch_sf1_single_thread_q21_madracks-mnode5_20260314T231814Z_2017190/runs/duckdb_tpch/chiplet_x4/inst15/run.stderr.log	/home/seunghyun/ycsb/results/chiplet_duckdb_tpch_sf1_single_thread_q21_madracks-mnode5_20260314T231814Z_2017190/runs/duckdb_tpch/chiplet_x4/inst15/perf.stat	/home/seunghyun/ycsb/results/chiplet_duckdb_tpch_sf1_single_thread_q21_madracks-mnode5_20260314T231814Z_2017190/runs/duckdb_tpch/chiplet_x4/inst15/time.txt		/home/seunghyun/ycsb/results/chiplet_duckdb_tpch_sf1_single_thread_q21_madracks-mnode5_20260314T231814Z_2017190/runs/duckdb_tpch/chiplet_x4
2026-03-14T23:18:18Z	madracks-mnode5	amd	duckdb_tpch	analytic	per_instance_external	NO_RETIRED_INST_CYCLES	user	chiplet_x4	48	16	28	28	0	0	1	False				1						Q21	DUCKDB_TPCH	SF1	0.47840401402208954	2.090283464790968	queries/s	SUCCESSFUL	1	478360.29395693913	478360.29395693913	478360.29395693913	478360.29395693913	478360.29395693913	478360.29395693913	478360.29395693913	478360.29395693913	2.090283464790968	1398589959	2155527026	4685385843	973.48	690.0	340.0	99599571	16263579		ok	cpu/event=0xc0,cmask=1,inv=1/		/home/seunghyun/ycsb/.cache/duckdb_tpch/tpch_sf1.duckdb	/home/seunghyun/ycsb/results/chiplet_duckdb_tpch_sf1_single_thread_q21_madracks-mnode5_20260314T231814Z_2017190/runs/duckdb_tpch/chiplet_x4/inst16/load.stdout.log	/home/seunghyun/ycsb/results/chiplet_duckdb_tpch_sf1_single_thread_q21_madracks-mnode5_20260314T231814Z_2017190/runs/duckdb_tpch/chiplet_x4/inst16/load.stderr.log	/home/seunghyun/ycsb/results/chiplet_duckdb_tpch_sf1_single_thread_q21_madracks-mnode5_20260314T231814Z_2017190/runs/duckdb_tpch/chiplet_x4/inst16/run.stdout.log	/home/seunghyun/ycsb/results/chiplet_duckdb_tpch_sf1_single_thread_q21_madracks-mnode5_20260314T231814Z_2017190/runs/duckdb_tpch/chiplet_x4/inst16/run.stderr.log	/home/seunghyun/ycsb/results/chiplet_duckdb_tpch_sf1_single_thread_q21_madracks-mnode5_20260314T231814Z_2017190/runs/duckdb_tpch/chiplet_x4/inst16/perf.stat	/home/seunghyun/ycsb/results/chiplet_duckdb_tpch_sf1_single_thread_q21_madracks-mnode5_20260314T231814Z_2017190/runs/duckdb_tpch/chiplet_x4/inst16/time.txt		/home/seunghyun/ycsb/results/chiplet_duckdb_tpch_sf1_single_thread_q21_madracks-mnode5_20260314T231814Z_2017190/runs/duckdb_tpch/chiplet_x4
2026-03-14T23:18:18Z	madracks-mnode5	amd	duckdb_tpch	analytic	per_instance_external	NO_RETIRED_INST_CYCLES	user	chiplet_x4	48	17	29	29	0	0	1	False				1						Q21	DUCKDB_TPCH	SF1	0.48267918900819495	2.0717694542720837	queries/s	SUCCESSFUL	1	482646.87001938	482646.87001938	482646.87001938	482646.87001938	482646.87001938	482646.87001938	482646.87001938	482646.87001938	2.0717694542720837	1405930956	2163495996	4687674969	977.83	700.0	330.0	99784365	16415827		ok	cpu/event=0xc0,cmask=1,inv=1/		/home/seunghyun/ycsb/.cache/duckdb_tpch/tpch_sf1.duckdb	/home/seunghyun/ycsb/results/chiplet_duckdb_tpch_sf1_single_thread_q21_madracks-mnode5_20260314T231814Z_2017190/runs/duckdb_tpch/chiplet_x4/inst17/load.stdout.log	/home/seunghyun/ycsb/results/chiplet_duckdb_tpch_sf1_single_thread_q21_madracks-mnode5_20260314T231814Z_2017190/runs/duckdb_tpch/chiplet_x4/inst17/load.stderr.log	/home/seunghyun/ycsb/results/chiplet_duckdb_tpch_sf1_single_thread_q21_madracks-mnode5_20260314T231814Z_2017190/runs/duckdb_tpch/chiplet_x4/inst17/run.stdout.log	/home/seunghyun/ycsb/results/chiplet_duckdb_tpch_sf1_single_thread_q21_madracks-mnode5_20260314T231814Z_2017190/runs/duckdb_tpch/chiplet_x4/inst17/run.stderr.log	/home/seunghyun/ycsb/results/chiplet_duckdb_tpch_sf1_single_thread_q21_madracks-mnode5_20260314T231814Z_2017190/runs/duckdb_tpch/chiplet_x4/inst17/perf.stat	/home/seunghyun/ycsb/results/chiplet_duckdb_tpch_sf1_single_thread_q21_madracks-mnode5_20260314T231814Z_2017190/runs/duckdb_tpch/chiplet_x4/inst17/time.txt		/home/seunghyun/ycsb/results/chiplet_duckdb_tpch_sf1_single_thread_q21_madracks-mnode5_20260314T231814Z_2017190/runs/duckdb_tpch/chiplet_x4
2026-03-14T23:18:18Z	madracks-mnode5	amd	duckdb_tpch	analytic	per_instance_external	NO_RETIRED_INST_CYCLES	user	chiplet_x4	48	18	30	30	0	0	1	False				1						Q21	DUCKDB_TPCH	SF1	0.48122570803388953	2.078026970100227	queries/s	SUCCESSFUL	1	481194.9979630299	481194.9979630299	481194.9979630299	481194.9979630299	481194.9979630299	481194.9979630299	481194.9979630299	481194.9979630299	2.078026970100227	1418824410	2176186919	4688502250	984.03	710.0	330.0	100144627	16257459		ok	cpu/event=0xc0,cmask=1,inv=1/		/home/seunghyun/ycsb/.cache/duckdb_tpch/tpch_sf1.duckdb	/home/seunghyun/ycsb/results/chiplet_duckdb_tpch_sf1_single_thread_q21_madracks-mnode5_20260314T231814Z_2017190/runs/duckdb_tpch/chiplet_x4/inst18/load.stdout.log	/home/seunghyun/ycsb/results/chiplet_duckdb_tpch_sf1_single_thread_q21_madracks-mnode5_20260314T231814Z_2017190/runs/duckdb_tpch/chiplet_x4/inst18/load.stderr.log	/home/seunghyun/ycsb/results/chiplet_duckdb_tpch_sf1_single_thread_q21_madracks-mnode5_20260314T231814Z_2017190/runs/duckdb_tpch/chiplet_x4/inst18/run.stdout.log	/home/seunghyun/ycsb/results/chiplet_duckdb_tpch_sf1_single_thread_q21_madracks-mnode5_20260314T231814Z_2017190/runs/duckdb_tpch/chiplet_x4/inst18/run.stderr.log	/home/seunghyun/ycsb/results/chiplet_duckdb_tpch_sf1_single_thread_q21_madracks-mnode5_20260314T231814Z_2017190/runs/duckdb_tpch/chiplet_x4/inst18/perf.stat	/home/seunghyun/ycsb/results/chiplet_duckdb_tpch_sf1_single_thread_q21_madracks-mnode5_20260314T231814Z_2017190/runs/duckdb_tpch/chiplet_x4/inst18/time.txt		/home/seunghyun/ycsb/results/chiplet_duckdb_tpch_sf1_single_thread_q21_madracks-mnode5_20260314T231814Z_2017190/runs/duckdb_tpch/chiplet_x4
2026-03-14T23:18:18Z	madracks-mnode5	amd	duckdb_tpch	analytic	per_instance_external	NO_RETIRED_INST_CYCLES	user	chiplet_x4	48	19	31	31	0	0	1	False				1						Q21	DUCKDB_TPCH	SF1	0.48255287198117003	2.0723117777631246	queries/s	SUCCESSFUL	1	482521.06201834977	482521.06201834977	482521.06201834977	482521.06201834977	482521.06201834977	482521.06201834977	482521.06201834977	482521.06201834977	2.0723117777631246	1430075659	2189349524	4689755261	991.59	730.0	310.0	100370787	16318857		ok	cpu/event=0xc0,cmask=1,inv=1/		/home/seunghyun/ycsb/.cache/duckdb_tpch/tpch_sf1.duckdb	/home/seunghyun/ycsb/results/chiplet_duckdb_tpch_sf1_single_thread_q21_madracks-mnode5_20260314T231814Z_2017190/runs/duckdb_tpch/chiplet_x4/inst19/load.stdout.log	/home/seunghyun/ycsb/results/chiplet_duckdb_tpch_sf1_single_thread_q21_madracks-mnode5_20260314T231814Z_2017190/runs/duckdb_tpch/chiplet_x4/inst19/load.stderr.log	/home/seunghyun/ycsb/results/chiplet_duckdb_tpch_sf1_single_thread_q21_madracks-mnode5_20260314T231814Z_2017190/runs/duckdb_tpch/chiplet_x4/inst19/run.stdout.log	/home/seunghyun/ycsb/results/chiplet_duckdb_tpch_sf1_single_thread_q21_madracks-mnode5_20260314T231814Z_2017190/runs/duckdb_tpch/chiplet_x4/inst19/run.stderr.log	/home/seunghyun/ycsb/results/chiplet_duckdb_tpch_sf1_single_thread_q21_madracks-mnode5_20260314T231814Z_2017190/runs/duckdb_tpch/chiplet_x4/inst19/perf.stat	/home/seunghyun/ycsb/results/chiplet_duckdb_tpch_sf1_single_thread_q21_madracks-mnode5_20260314T231814Z_2017190/runs/duckdb_tpch/chiplet_x4/inst19/time.txt		/home/seunghyun/ycsb/results/chiplet_duckdb_tpch_sf1_single_thread_q21_madracks-mnode5_20260314T231814Z_2017190/runs/duckdb_tpch/chiplet_x4
2026-03-14T23:18:18Z	madracks-mnode5	amd	duckdb_tpch	analytic	per_instance_external	NO_RETIRED_INST_CYCLES	user	chiplet_x4	48	20	35	35	0	0	1	False				1						Q21	DUCKDB_TPCH	SF1	0.4787259310251102	2.088877863496281	queries/s	SUCCESSFUL	1	478684.3809997663	478684.3809997663	478684.3809997663	478684.3809997663	478684.3809997663	478684.3809997663	478684.3809997663	478684.3809997663	2.088877863496281	1421498219	2179437413	4690026761	985.77	690.0	350.0	100288788	16364114		ok	cpu/event=0xc0,cmask=1,inv=1/		/home/seunghyun/ycsb/.cache/duckdb_tpch/tpch_sf1.duckdb	/home/seunghyun/ycsb/results/chiplet_duckdb_tpch_sf1_single_thread_q21_madracks-mnode5_20260314T231814Z_2017190/runs/duckdb_tpch/chiplet_x4/inst20/load.stdout.log	/home/seunghyun/ycsb/results/chiplet_duckdb_tpch_sf1_single_thread_q21_madracks-mnode5_20260314T231814Z_2017190/runs/duckdb_tpch/chiplet_x4/inst20/load.stderr.log	/home/seunghyun/ycsb/results/chiplet_duckdb_tpch_sf1_single_thread_q21_madracks-mnode5_20260314T231814Z_2017190/runs/duckdb_tpch/chiplet_x4/inst20/run.stdout.log	/home/seunghyun/ycsb/results/chiplet_duckdb_tpch_sf1_single_thread_q21_madracks-mnode5_20260314T231814Z_2017190/runs/duckdb_tpch/chiplet_x4/inst20/run.stderr.log	/home/seunghyun/ycsb/results/chiplet_duckdb_tpch_sf1_single_thread_q21_madracks-mnode5_20260314T231814Z_2017190/runs/duckdb_tpch/chiplet_x4/inst20/perf.stat	/home/seunghyun/ycsb/results/chiplet_duckdb_tpch_sf1_single_thread_q21_madracks-mnode5_20260314T231814Z_2017190/runs/duckdb_tpch/chiplet_x4/inst20/time.txt		/home/seunghyun/ycsb/results/chiplet_duckdb_tpch_sf1_single_thread_q21_madracks-mnode5_20260314T231814Z_2017190/runs/duckdb_tpch/chiplet_x4
2026-03-14T23:18:18Z	madracks-mnode5	amd	duckdb_tpch	analytic	per_instance_external	NO_RETIRED_INST_CYCLES	user	chiplet_x4	48	21	36	36	0	0	1	False				1						Q21	DUCKDB_TPCH	SF1	0.47653294901829213	2.0984907802495187	queries/s	SUCCESSFUL	1	476500.8789836429	476500.8789836429	476500.8789836429	476500.8789836429	476500.8789836429	476500.8789836429	476500.8789836429	476500.8789836429	2.0984907802495187	1415346073	2172747255	4686304678	982.3	700.0	340.0	99580682	16388077		ok	cpu/event=0xc0,cmask=1,inv=1/		/home/seunghyun/ycsb/.cache/duckdb_tpch/tpch_sf1.duckdb	/home/seunghyun/ycsb/results/chiplet_duckdb_tpch_sf1_single_thread_q21_madracks-mnode5_20260314T231814Z_2017190/runs/duckdb_tpch/chiplet_x4/inst21/load.stdout.log	/home/seunghyun/ycsb/results/chiplet_duckdb_tpch_sf1_single_thread_q21_madracks-mnode5_20260314T231814Z_2017190/runs/duckdb_tpch/chiplet_x4/inst21/load.stderr.log	/home/seunghyun/ycsb/results/chiplet_duckdb_tpch_sf1_single_thread_q21_madracks-mnode5_20260314T231814Z_2017190/runs/duckdb_tpch/chiplet_x4/inst21/run.stdout.log	/home/seunghyun/ycsb/results/chiplet_duckdb_tpch_sf1_single_thread_q21_madracks-mnode5_20260314T231814Z_2017190/runs/duckdb_tpch/chiplet_x4/inst21/run.stderr.log	/home/seunghyun/ycsb/results/chiplet_duckdb_tpch_sf1_single_thread_q21_madracks-mnode5_20260314T231814Z_2017190/runs/duckdb_tpch/chiplet_x4/inst21/perf.stat	/home/seunghyun/ycsb/results/chiplet_duckdb_tpch_sf1_single_thread_q21_madracks-mnode5_20260314T231814Z_2017190/runs/duckdb_tpch/chiplet_x4/inst21/time.txt		/home/seunghyun/ycsb/results/chiplet_duckdb_tpch_sf1_single_thread_q21_madracks-mnode5_20260314T231814Z_2017190/runs/duckdb_tpch/chiplet_x4
2026-03-14T23:18:18Z	madracks-mnode5	amd	duckdb_tpch	analytic	per_instance_external	NO_RETIRED_INST_CYCLES	user	chiplet_x4	48	22	37	37	0	0	1	False				1						Q21	DUCKDB_TPCH	SF1	0.4777451029513031	2.093166405730653	queries/s	SUCCESSFUL	1	477712.18296838924	477712.18296838924	477712.18296838924	477712.18296838924	477712.18296838924	477712.18296838924	477712.18296838924	477712.18296838924	2.093166405730653	1402648854	2159377820	4687911599	975.33	710.0	330.0	99346431	16284334		ok	cpu/event=0xc0,cmask=1,inv=1/		/home/seunghyun/ycsb/.cache/duckdb_tpch/tpch_sf1.duckdb	/home/seunghyun/ycsb/results/chiplet_duckdb_tpch_sf1_single_thread_q21_madracks-mnode5_20260314T231814Z_2017190/runs/duckdb_tpch/chiplet_x4/inst22/load.stdout.log	/home/seunghyun/ycsb/results/chiplet_duckdb_tpch_sf1_single_thread_q21_madracks-mnode5_20260314T231814Z_2017190/runs/duckdb_tpch/chiplet_x4/inst22/load.stderr.log	/home/seunghyun/ycsb/results/chiplet_duckdb_tpch_sf1_single_thread_q21_madracks-mnode5_20260314T231814Z_2017190/runs/duckdb_tpch/chiplet_x4/inst22/run.stdout.log	/home/seunghyun/ycsb/results/chiplet_duckdb_tpch_sf1_single_thread_q21_madracks-mnode5_20260314T231814Z_2017190/runs/duckdb_tpch/chiplet_x4/inst22/run.stderr.log	/home/seunghyun/ycsb/results/chiplet_duckdb_tpch_sf1_single_thread_q21_madracks-mnode5_20260314T231814Z_2017190/runs/duckdb_tpch/chiplet_x4/inst22/perf.stat	/home/seunghyun/ycsb/results/chiplet_duckdb_tpch_sf1_single_thread_q21_madracks-mnode5_20260314T231814Z_2017190/runs/duckdb_tpch/chiplet_x4/inst22/time.txt		/home/seunghyun/ycsb/results/chiplet_duckdb_tpch_sf1_single_thread_q21_madracks-mnode5_20260314T231814Z_2017190/runs/duckdb_tpch/chiplet_x4
2026-03-14T23:18:18Z	madracks-mnode5	amd	duckdb_tpch	analytic	per_instance_external	NO_RETIRED_INST_CYCLES	user	chiplet_x4	48	23	38	38	0	0	1	False				1						Q21	DUCKDB_TPCH	SF1	0.4817198620294221	2.0758953051824194	queries/s	SUCCESSFUL	1	481689.05201600865	481689.05201600865	481689.05201600865	481689.05201600865	481689.05201600865	481689.05201600865	481689.05201600865	481689.05201600865	2.0758953051824194	1402915497	2160374240	4688235883	975.26	710.0	320.0	100237311	16385485		ok	cpu/event=0xc0,cmask=1,inv=1/		/home/seunghyun/ycsb/.cache/duckdb_tpch/tpch_sf1.duckdb	/home/seunghyun/ycsb/results/chiplet_duckdb_tpch_sf1_single_thread_q21_madracks-mnode5_20260314T231814Z_2017190/runs/duckdb_tpch/chiplet_x4/inst23/load.stdout.log	/home/seunghyun/ycsb/results/chiplet_duckdb_tpch_sf1_single_thread_q21_madracks-mnode5_20260314T231814Z_2017190/runs/duckdb_tpch/chiplet_x4/inst23/load.stderr.log	/home/seunghyun/ycsb/results/chiplet_duckdb_tpch_sf1_single_thread_q21_madracks-mnode5_20260314T231814Z_2017190/runs/duckdb_tpch/chiplet_x4/inst23/run.stdout.log	/home/seunghyun/ycsb/results/chiplet_duckdb_tpch_sf1_single_thread_q21_madracks-mnode5_20260314T231814Z_2017190/runs/duckdb_tpch/chiplet_x4/inst23/run.stderr.log	/home/seunghyun/ycsb/results/chiplet_duckdb_tpch_sf1_single_thread_q21_madracks-mnode5_20260314T231814Z_2017190/runs/duckdb_tpch/chiplet_x4/inst23/perf.stat	/home/seunghyun/ycsb/results/chiplet_duckdb_tpch_sf1_single_thread_q21_madracks-mnode5_20260314T231814Z_2017190/runs/duckdb_tpch/chiplet_x4/inst23/time.txt		/home/seunghyun/ycsb/results/chiplet_duckdb_tpch_sf1_single_thread_q21_madracks-mnode5_20260314T231814Z_2017190/runs/duckdb_tpch/chiplet_x4
2026-03-14T23:18:18Z	madracks-mnode5	amd	duckdb_tpch	analytic	per_instance_external	NO_RETIRED_INST_CYCLES	user	chiplet_x4	48	24	42	42	0	0	1	False				1						Q21	DUCKDB_TPCH	SF1	0.47562529001152143	2.1024954328559278	queries/s	SUCCESSFUL	1	475584.5810286701	475584.5810286701	475584.5810286701	475584.5810286701	475584.5810286701	475584.5810286701	475584.5810286701	475584.5810286701	2.1024954328559278	1410363963	2167043329	4688227459	982.06	700.0	320.0	100119834	16602346		ok	cpu/event=0xc0,cmask=1,inv=1/		/home/seunghyun/ycsb/.cache/duckdb_tpch/tpch_sf1.duckdb	/home/seunghyun/ycsb/results/chiplet_duckdb_tpch_sf1_single_thread_q21_madracks-mnode5_20260314T231814Z_2017190/runs/duckdb_tpch/chiplet_x4/inst24/load.stdout.log	/home/seunghyun/ycsb/results/chiplet_duckdb_tpch_sf1_single_thread_q21_madracks-mnode5_20260314T231814Z_2017190/runs/duckdb_tpch/chiplet_x4/inst24/load.stderr.log	/home/seunghyun/ycsb/results/chiplet_duckdb_tpch_sf1_single_thread_q21_madracks-mnode5_20260314T231814Z_2017190/runs/duckdb_tpch/chiplet_x4/inst24/run.stdout.log	/home/seunghyun/ycsb/results/chiplet_duckdb_tpch_sf1_single_thread_q21_madracks-mnode5_20260314T231814Z_2017190/runs/duckdb_tpch/chiplet_x4/inst24/run.stderr.log	/home/seunghyun/ycsb/results/chiplet_duckdb_tpch_sf1_single_thread_q21_madracks-mnode5_20260314T231814Z_2017190/runs/duckdb_tpch/chiplet_x4/inst24/perf.stat	/home/seunghyun/ycsb/results/chiplet_duckdb_tpch_sf1_single_thread_q21_madracks-mnode5_20260314T231814Z_2017190/runs/duckdb_tpch/chiplet_x4/inst24/time.txt		/home/seunghyun/ycsb/results/chiplet_duckdb_tpch_sf1_single_thread_q21_madracks-mnode5_20260314T231814Z_2017190/runs/duckdb_tpch/chiplet_x4
2026-03-14T23:18:18Z	madracks-mnode5	amd	duckdb_tpch	analytic	per_instance_external	NO_RETIRED_INST_CYCLES	user	chiplet_x4	48	25	43	43	0	0	1	False				1						Q21	DUCKDB_TPCH	SF1	0.4747256219852716	2.1064799405982453	queries/s	SUCCESSFUL	1	474692.69199064	474692.69199064	474692.69199064	474692.69199064	474692.69199064	474692.69199064	474692.69199064	474692.69199064	2.1064799405982453	1403247994	2158348466	4688342926	975.32	690.0	330.0	100659580	16521268		ok	cpu/event=0xc0,cmask=1,inv=1/		/home/seunghyun/ycsb/.cache/duckdb_tpch/tpch_sf1.duckdb	/home/seunghyun/ycsb/results/chiplet_duckdb_tpch_sf1_single_thread_q21_madracks-mnode5_20260314T231814Z_2017190/runs/duckdb_tpch/chiplet_x4/inst25/load.stdout.log	/home/seunghyun/ycsb/results/chiplet_duckdb_tpch_sf1_single_thread_q21_madracks-mnode5_20260314T231814Z_2017190/runs/duckdb_tpch/chiplet_x4/inst25/load.stderr.log	/home/seunghyun/ycsb/results/chiplet_duckdb_tpch_sf1_single_thread_q21_madracks-mnode5_20260314T231814Z_2017190/runs/duckdb_tpch/chiplet_x4/inst25/run.stdout.log	/home/seunghyun/ycsb/results/chiplet_duckdb_tpch_sf1_single_thread_q21_madracks-mnode5_20260314T231814Z_2017190/runs/duckdb_tpch/chiplet_x4/inst25/run.stderr.log	/home/seunghyun/ycsb/results/chiplet_duckdb_tpch_sf1_single_thread_q21_madracks-mnode5_20260314T231814Z_2017190/runs/duckdb_tpch/chiplet_x4/inst25/perf.stat	/home/seunghyun/ycsb/results/chiplet_duckdb_tpch_sf1_single_thread_q21_madracks-mnode5_20260314T231814Z_2017190/runs/duckdb_tpch/chiplet_x4/inst25/time.txt		/home/seunghyun/ycsb/results/chiplet_duckdb_tpch_sf1_single_thread_q21_madracks-mnode5_20260314T231814Z_2017190/runs/duckdb_tpch/chiplet_x4
2026-03-14T23:18:18Z	madracks-mnode5	amd	duckdb_tpch	analytic	per_instance_external	NO_RETIRED_INST_CYCLES	user	chiplet_x4	48	26	44	44	0	0	1	False				1						Q21	DUCKDB_TPCH	SF1	0.47690327395685017	2.096861260152471	queries/s	SUCCESSFUL	1	476870.9230120294	476870.9230120294	476870.9230120294	476870.9230120294	476870.9230120294	476870.9230120294	476870.9230120294	476870.9230120294	2.096861260152471	1411369500	2169298193	4689458803	980.14	730.0	310.0	99762237	16472751		ok	cpu/event=0xc0,cmask=1,inv=1/		/home/seunghyun/ycsb/.cache/duckdb_tpch/tpch_sf1.duckdb	/home/seunghyun/ycsb/results/chiplet_duckdb_tpch_sf1_single_thread_q21_madracks-mnode5_20260314T231814Z_2017190/runs/duckdb_tpch/chiplet_x4/inst26/load.stdout.log	/home/seunghyun/ycsb/results/chiplet_duckdb_tpch_sf1_single_thread_q21_madracks-mnode5_20260314T231814Z_2017190/runs/duckdb_tpch/chiplet_x4/inst26/load.stderr.log	/home/seunghyun/ycsb/results/chiplet_duckdb_tpch_sf1_single_thread_q21_madracks-mnode5_20260314T231814Z_2017190/runs/duckdb_tpch/chiplet_x4/inst26/run.stdout.log	/home/seunghyun/ycsb/results/chiplet_duckdb_tpch_sf1_single_thread_q21_madracks-mnode5_20260314T231814Z_2017190/runs/duckdb_tpch/chiplet_x4/inst26/run.stderr.log	/home/seunghyun/ycsb/results/chiplet_duckdb_tpch_sf1_single_thread_q21_madracks-mnode5_20260314T231814Z_2017190/runs/duckdb_tpch/chiplet_x4/inst26/perf.stat	/home/seunghyun/ycsb/results/chiplet_duckdb_tpch_sf1_single_thread_q21_madracks-mnode5_20260314T231814Z_2017190/runs/duckdb_tpch/chiplet_x4/inst26/time.txt		/home/seunghyun/ycsb/results/chiplet_duckdb_tpch_sf1_single_thread_q21_madracks-mnode5_20260314T231814Z_2017190/runs/duckdb_tpch/chiplet_x4
2026-03-14T23:18:18Z	madracks-mnode5	amd	duckdb_tpch	analytic	per_instance_external	NO_RETIRED_INST_CYCLES	user	chiplet_x4	48	27	45	45	0	0	1	False				1						Q21	DUCKDB_TPCH	SF1	0.47859278199030086	2.08945900905849	queries/s	SUCCESSFUL	1	478561.44298566505	478561.44298566505	478561.44298566505	478561.44298566505	478561.44298566505	478561.44298566505	478561.44298566505	478561.44298566505	2.08945900905849	1408969265	2166181636	4687569066	978.69	690.0	350.0	99703622	16475717		ok	cpu/event=0xc0,cmask=1,inv=1/		/home/seunghyun/ycsb/.cache/duckdb_tpch/tpch_sf1.duckdb	/home/seunghyun/ycsb/results/chiplet_duckdb_tpch_sf1_single_thread_q21_madracks-mnode5_20260314T231814Z_2017190/runs/duckdb_tpch/chiplet_x4/inst27/load.stdout.log	/home/seunghyun/ycsb/results/chiplet_duckdb_tpch_sf1_single_thread_q21_madracks-mnode5_20260314T231814Z_2017190/runs/duckdb_tpch/chiplet_x4/inst27/load.stderr.log	/home/seunghyun/ycsb/results/chiplet_duckdb_tpch_sf1_single_thread_q21_madracks-mnode5_20260314T231814Z_2017190/runs/duckdb_tpch/chiplet_x4/inst27/run.stdout.log	/home/seunghyun/ycsb/results/chiplet_duckdb_tpch_sf1_single_thread_q21_madracks-mnode5_20260314T231814Z_2017190/runs/duckdb_tpch/chiplet_x4/inst27/run.stderr.log	/home/seunghyun/ycsb/results/chiplet_duckdb_tpch_sf1_single_thread_q21_madracks-mnode5_20260314T231814Z_2017190/runs/duckdb_tpch/chiplet_x4/inst27/perf.stat	/home/seunghyun/ycsb/results/chiplet_duckdb_tpch_sf1_single_thread_q21_madracks-mnode5_20260314T231814Z_2017190/runs/duckdb_tpch/chiplet_x4/inst27/time.txt		/home/seunghyun/ycsb/results/chiplet_duckdb_tpch_sf1_single_thread_q21_madracks-mnode5_20260314T231814Z_2017190/runs/duckdb_tpch/chiplet_x4
2026-03-14T23:18:18Z	madracks-mnode5	amd	duckdb_tpch	analytic	per_instance_external	NO_RETIRED_INST_CYCLES	user	chiplet_x4	48	28	49	49	0	0	1	False				1						Q21	DUCKDB_TPCH	SF1	0.47232391202123836	2.1171911363129	queries/s	SUCCESSFUL	1	472293.2929871604	472293.2929871604	472293.2929871604	472293.2929871604	472293.2929871604	472293.2929871604	472293.2929871604	472293.2929871604	2.1171911363129	1368439776	2124730150	4686424192	959.47	730.0	280.0	99299397	16314404		ok	cpu/event=0xc0,cmask=1,inv=1/		/home/seunghyun/ycsb/.cache/duckdb_tpch/tpch_sf1.duckdb	/home/seunghyun/ycsb/results/chiplet_duckdb_tpch_sf1_single_thread_q21_madracks-mnode5_20260314T231814Z_2017190/runs/duckdb_tpch/chiplet_x4/inst28/load.stdout.log	/home/seunghyun/ycsb/results/chiplet_duckdb_tpch_sf1_single_thread_q21_madracks-mnode5_20260314T231814Z_2017190/runs/duckdb_tpch/chiplet_x4/inst28/load.stderr.log	/home/seunghyun/ycsb/results/chiplet_duckdb_tpch_sf1_single_thread_q21_madracks-mnode5_20260314T231814Z_2017190/runs/duckdb_tpch/chiplet_x4/inst28/run.stdout.log	/home/seunghyun/ycsb/results/chiplet_duckdb_tpch_sf1_single_thread_q21_madracks-mnode5_20260314T231814Z_2017190/runs/duckdb_tpch/chiplet_x4/inst28/run.stderr.log	/home/seunghyun/ycsb/results/chiplet_duckdb_tpch_sf1_single_thread_q21_madracks-mnode5_20260314T231814Z_2017190/runs/duckdb_tpch/chiplet_x4/inst28/perf.stat	/home/seunghyun/ycsb/results/chiplet_duckdb_tpch_sf1_single_thread_q21_madracks-mnode5_20260314T231814Z_2017190/runs/duckdb_tpch/chiplet_x4/inst28/time.txt		/home/seunghyun/ycsb/results/chiplet_duckdb_tpch_sf1_single_thread_q21_madracks-mnode5_20260314T231814Z_2017190/runs/duckdb_tpch/chiplet_x4
2026-03-14T23:18:18Z	madracks-mnode5	amd	duckdb_tpch	analytic	per_instance_external	NO_RETIRED_INST_CYCLES	user	chiplet_x4	48	29	50	50	0	0	1	False				1						Q21	DUCKDB_TPCH	SF1	0.4721707249991596	2.117878019654395	queries/s	SUCCESSFUL	1	472129.8749791458	472129.8749791458	472129.8749791458	472129.8749791458	472129.8749791458	472129.8749791458	472129.8749791458	472129.8749791458	2.117878019654395	1359007266	2114618897	4682304961	954.3	740.0	280.0	99526546	16486810		ok	cpu/event=0xc0,cmask=1,inv=1/		/home/seunghyun/ycsb/.cache/duckdb_tpch/tpch_sf1.duckdb	/home/seunghyun/ycsb/results/chiplet_duckdb_tpch_sf1_single_thread_q21_madracks-mnode5_20260314T231814Z_2017190/runs/duckdb_tpch/chiplet_x4/inst29/load.stdout.log	/home/seunghyun/ycsb/results/chiplet_duckdb_tpch_sf1_single_thread_q21_madracks-mnode5_20260314T231814Z_2017190/runs/duckdb_tpch/chiplet_x4/inst29/load.stderr.log	/home/seunghyun/ycsb/results/chiplet_duckdb_tpch_sf1_single_thread_q21_madracks-mnode5_20260314T231814Z_2017190/runs/duckdb_tpch/chiplet_x4/inst29/run.stdout.log	/home/seunghyun/ycsb/results/chiplet_duckdb_tpch_sf1_single_thread_q21_madracks-mnode5_20260314T231814Z_2017190/runs/duckdb_tpch/chiplet_x4/inst29/run.stderr.log	/home/seunghyun/ycsb/results/chiplet_duckdb_tpch_sf1_single_thread_q21_madracks-mnode5_20260314T231814Z_2017190/runs/duckdb_tpch/chiplet_x4/inst29/perf.stat	/home/seunghyun/ycsb/results/chiplet_duckdb_tpch_sf1_single_thread_q21_madracks-mnode5_20260314T231814Z_2017190/runs/duckdb_tpch/chiplet_x4/inst29/time.txt		/home/seunghyun/ycsb/results/chiplet_duckdb_tpch_sf1_single_thread_q21_madracks-mnode5_20260314T231814Z_2017190/runs/duckdb_tpch/chiplet_x4
2026-03-14T23:18:18Z	madracks-mnode5	amd	duckdb_tpch	analytic	per_instance_external	NO_RETIRED_INST_CYCLES	user	chiplet_x4	48	30	51	51	0	0	1	False				1						Q21	DUCKDB_TPCH	SF1	0.4760118249687366	2.1007881475752788	queries/s	SUCCESSFUL	1	475978.625996504	475978.625996504	475978.625996504	475978.625996504	475978.625996504	475978.625996504	475978.625996504	475978.625996504	2.1007881475752788	1401741970	2158063066	4686059336	976.09	680.0	320.0	99884997	16387775		ok	cpu/event=0xc0,cmask=1,inv=1/		/home/seunghyun/ycsb/.cache/duckdb_tpch/tpch_sf1.duckdb	/home/seunghyun/ycsb/results/chiplet_duckdb_tpch_sf1_single_thread_q21_madracks-mnode5_20260314T231814Z_2017190/runs/duckdb_tpch/chiplet_x4/inst30/load.stdout.log	/home/seunghyun/ycsb/results/chiplet_duckdb_tpch_sf1_single_thread_q21_madracks-mnode5_20260314T231814Z_2017190/runs/duckdb_tpch/chiplet_x4/inst30/load.stderr.log	/home/seunghyun/ycsb/results/chiplet_duckdb_tpch_sf1_single_thread_q21_madracks-mnode5_20260314T231814Z_2017190/runs/duckdb_tpch/chiplet_x4/inst30/run.stdout.log	/home/seunghyun/ycsb/results/chiplet_duckdb_tpch_sf1_single_thread_q21_madracks-mnode5_20260314T231814Z_2017190/runs/duckdb_tpch/chiplet_x4/inst30/run.stderr.log	/home/seunghyun/ycsb/results/chiplet_duckdb_tpch_sf1_single_thread_q21_madracks-mnode5_20260314T231814Z_2017190/runs/duckdb_tpch/chiplet_x4/inst30/perf.stat	/home/seunghyun/ycsb/results/chiplet_duckdb_tpch_sf1_single_thread_q21_madracks-mnode5_20260314T231814Z_2017190/runs/duckdb_tpch/chiplet_x4/inst30/time.txt		/home/seunghyun/ycsb/results/chiplet_duckdb_tpch_sf1_single_thread_q21_madracks-mnode5_20260314T231814Z_2017190/runs/duckdb_tpch/chiplet_x4
2026-03-14T23:18:18Z	madracks-mnode5	amd	duckdb_tpch	analytic	per_instance_external	NO_RETIRED_INST_CYCLES	user	chiplet_x4	48	31	52	52	0	0	1	False				1						Q21	DUCKDB_TPCH	SF1	0.4760783439851366	2.100494619497375	queries/s	SUCCESSFUL	1	476047.76499792933	476047.76499792933	476047.76499792933	476047.76499792933	476047.76499792933	476047.76499792933	476047.76499792933	476047.76499792933	2.100494619497375	1406224817	2163607493	4688651171	977.45	690.0	310.0	99651942	16563744		ok	cpu/event=0xc0,cmask=1,inv=1/		/home/seunghyun/ycsb/.cache/duckdb_tpch/tpch_sf1.duckdb	/home/seunghyun/ycsb/results/chiplet_duckdb_tpch_sf1_single_thread_q21_madracks-mnode5_20260314T231814Z_2017190/runs/duckdb_tpch/chiplet_x4/inst31/load.stdout.log	/home/seunghyun/ycsb/results/chiplet_duckdb_tpch_sf1_single_thread_q21_madracks-mnode5_20260314T231814Z_2017190/runs/duckdb_tpch/chiplet_x4/inst31/load.stderr.log	/home/seunghyun/ycsb/results/chiplet_duckdb_tpch_sf1_single_thread_q21_madracks-mnode5_20260314T231814Z_2017190/runs/duckdb_tpch/chiplet_x4/inst31/run.stdout.log	/home/seunghyun/ycsb/results/chiplet_duckdb_tpch_sf1_single_thread_q21_madracks-mnode5_20260314T231814Z_2017190/runs/duckdb_tpch/chiplet_x4/inst31/run.stderr.log	/home/seunghyun/ycsb/results/chiplet_duckdb_tpch_sf1_single_thread_q21_madracks-mnode5_20260314T231814Z_2017190/runs/duckdb_tpch/chiplet_x4/inst31/perf.stat	/home/seunghyun/ycsb/results/chiplet_duckdb_tpch_sf1_single_thread_q21_madracks-mnode5_20260314T231814Z_2017190/runs/duckdb_tpch/chiplet_x4/inst31/time.txt		/home/seunghyun/ycsb/results/chiplet_duckdb_tpch_sf1_single_thread_q21_madracks-mnode5_20260314T231814Z_2017190/runs/duckdb_tpch/chiplet_x4
2026-03-14T23:18:18Z	madracks-mnode5	amd	duckdb_tpch	analytic	per_instance_external	NO_RETIRED_INST_CYCLES	user	chiplet_x4	48	32	56	56	0	0	1	False				1						Q21	DUCKDB_TPCH	SF1	0.4717064299620688	2.119962621837512	queries/s	SUCCESSFUL	1	471665.29000969604	471665.29000969604	471665.29000969604	471665.29000969604	471665.29000969604	471665.29000969604	471665.29000969604	471665.29000969604	2.119962621837512	1407006480	2163740849	4687852954	978.86	670.0	370.0	100423427	16409303		ok	cpu/event=0xc0,cmask=1,inv=1/		/home/seunghyun/ycsb/.cache/duckdb_tpch/tpch_sf1.duckdb	/home/seunghyun/ycsb/results/chiplet_duckdb_tpch_sf1_single_thread_q21_madracks-mnode5_20260314T231814Z_2017190/runs/duckdb_tpch/chiplet_x4/inst32/load.stdout.log	/home/seunghyun/ycsb/results/chiplet_duckdb_tpch_sf1_single_thread_q21_madracks-mnode5_20260314T231814Z_2017190/runs/duckdb_tpch/chiplet_x4/inst32/load.stderr.log	/home/seunghyun/ycsb/results/chiplet_duckdb_tpch_sf1_single_thread_q21_madracks-mnode5_20260314T231814Z_2017190/runs/duckdb_tpch/chiplet_x4/inst32/run.stdout.log	/home/seunghyun/ycsb/results/chiplet_duckdb_tpch_sf1_single_thread_q21_madracks-mnode5_20260314T231814Z_2017190/runs/duckdb_tpch/chiplet_x4/inst32/run.stderr.log	/home/seunghyun/ycsb/results/chiplet_duckdb_tpch_sf1_single_thread_q21_madracks-mnode5_20260314T231814Z_2017190/runs/duckdb_tpch/chiplet_x4/inst32/perf.stat	/home/seunghyun/ycsb/results/chiplet_duckdb_tpch_sf1_single_thread_q21_madracks-mnode5_20260314T231814Z_2017190/runs/duckdb_tpch/chiplet_x4/inst32/time.txt		/home/seunghyun/ycsb/results/chiplet_duckdb_tpch_sf1_single_thread_q21_madracks-mnode5_20260314T231814Z_2017190/runs/duckdb_tpch/chiplet_x4
2026-03-14T23:18:18Z	madracks-mnode5	amd	duckdb_tpch	analytic	per_instance_external	NO_RETIRED_INST_CYCLES	user	chiplet_x4	48	33	57	57	0	0	1	False				1						Q21	DUCKDB_TPCH	SF1	0.4712943250196986	2.121816340475144	queries/s	SUCCESSFUL	1	471261.48600364104	471261.48600364104	471261.48600364104	471261.48600364104	471261.48600364104	471261.48600364104	471261.48600364104	471261.48600364104	2.121816340475144	1398381727	2153969079	4686813420	972.93	690.0	350.0	99798742	16297985		ok	cpu/event=0xc0,cmask=1,inv=1/		/home/seunghyun/ycsb/.cache/duckdb_tpch/tpch_sf1.duckdb	/home/seunghyun/ycsb/results/chiplet_duckdb_tpch_sf1_single_thread_q21_madracks-mnode5_20260314T231814Z_2017190/runs/duckdb_tpch/chiplet_x4/inst33/load.stdout.log	/home/seunghyun/ycsb/results/chiplet_duckdb_tpch_sf1_single_thread_q21_madracks-mnode5_20260314T231814Z_2017190/runs/duckdb_tpch/chiplet_x4/inst33/load.stderr.log	/home/seunghyun/ycsb/results/chiplet_duckdb_tpch_sf1_single_thread_q21_madracks-mnode5_20260314T231814Z_2017190/runs/duckdb_tpch/chiplet_x4/inst33/run.stdout.log	/home/seunghyun/ycsb/results/chiplet_duckdb_tpch_sf1_single_thread_q21_madracks-mnode5_20260314T231814Z_2017190/runs/duckdb_tpch/chiplet_x4/inst33/run.stderr.log	/home/seunghyun/ycsb/results/chiplet_duckdb_tpch_sf1_single_thread_q21_madracks-mnode5_20260314T231814Z_2017190/runs/duckdb_tpch/chiplet_x4/inst33/perf.stat	/home/seunghyun/ycsb/results/chiplet_duckdb_tpch_sf1_single_thread_q21_madracks-mnode5_20260314T231814Z_2017190/runs/duckdb_tpch/chiplet_x4/inst33/time.txt		/home/seunghyun/ycsb/results/chiplet_duckdb_tpch_sf1_single_thread_q21_madracks-mnode5_20260314T231814Z_2017190/runs/duckdb_tpch/chiplet_x4
2026-03-14T23:18:18Z	madracks-mnode5	amd	duckdb_tpch	analytic	per_instance_external	NO_RETIRED_INST_CYCLES	user	chiplet_x4	48	34	58	58	0	0	1	False				1						Q21	DUCKDB_TPCH	SF1	0.4710231290082447	2.1230379962562225	queries/s	SUCCESSFUL	1	470992.81899863854	470992.81899863854	470992.81899863854	470992.81899863854	470992.81899863854	470992.81899863854	470992.81899863854	470992.81899863854	2.1230379962562225	1412129031	2170317665	4691836422	982.23	630.0	410.0	100380770	16528266		ok	cpu/event=0xc0,cmask=1,inv=1/		/home/seunghyun/ycsb/.cache/duckdb_tpch/tpch_sf1.duckdb	/home/seunghyun/ycsb/results/chiplet_duckdb_tpch_sf1_single_thread_q21_madracks-mnode5_20260314T231814Z_2017190/runs/duckdb_tpch/chiplet_x4/inst34/load.stdout.log	/home/seunghyun/ycsb/results/chiplet_duckdb_tpch_sf1_single_thread_q21_madracks-mnode5_20260314T231814Z_2017190/runs/duckdb_tpch/chiplet_x4/inst34/load.stderr.log	/home/seunghyun/ycsb/results/chiplet_duckdb_tpch_sf1_single_thread_q21_madracks-mnode5_20260314T231814Z_2017190/runs/duckdb_tpch/chiplet_x4/inst34/run.stdout.log	/home/seunghyun/ycsb/results/chiplet_duckdb_tpch_sf1_single_thread_q21_madracks-mnode5_20260314T231814Z_2017190/runs/duckdb_tpch/chiplet_x4/inst34/run.stderr.log	/home/seunghyun/ycsb/results/chiplet_duckdb_tpch_sf1_single_thread_q21_madracks-mnode5_20260314T231814Z_2017190/runs/duckdb_tpch/chiplet_x4/inst34/perf.stat	/home/seunghyun/ycsb/results/chiplet_duckdb_tpch_sf1_single_thread_q21_madracks-mnode5_20260314T231814Z_2017190/runs/duckdb_tpch/chiplet_x4/inst34/time.txt		/home/seunghyun/ycsb/results/chiplet_duckdb_tpch_sf1_single_thread_q21_madracks-mnode5_20260314T231814Z_2017190/runs/duckdb_tpch/chiplet_x4
2026-03-14T23:18:18Z	madracks-mnode5	amd	duckdb_tpch	analytic	per_instance_external	NO_RETIRED_INST_CYCLES	user	chiplet_x4	48	35	59	59	0	0	1	False				1						Q21	DUCKDB_TPCH	SF1	0.4699792719911784	2.127753412960668	queries/s	SUCCESSFUL	1	469947.8420079686	469947.8420079686	469947.8420079686	469947.8420079686	469947.8420079686	469947.8420079686	469947.8420079686	469947.8420079686	2.127753412960668	1392544660	2148403532	4688600478	972.36	730.0	300.0	100327391	16403666		ok	cpu/event=0xc0,cmask=1,inv=1/		/home/seunghyun/ycsb/.cache/duckdb_tpch/tpch_sf1.duckdb	/home/seunghyun/ycsb/results/chiplet_duckdb_tpch_sf1_single_thread_q21_madracks-mnode5_20260314T231814Z_2017190/runs/duckdb_tpch/chiplet_x4/inst35/load.stdout.log	/home/seunghyun/ycsb/results/chiplet_duckdb_tpch_sf1_single_thread_q21_madracks-mnode5_20260314T231814Z_2017190/runs/duckdb_tpch/chiplet_x4/inst35/load.stderr.log	/home/seunghyun/ycsb/results/chiplet_duckdb_tpch_sf1_single_thread_q21_madracks-mnode5_20260314T231814Z_2017190/runs/duckdb_tpch/chiplet_x4/inst35/run.stdout.log	/home/seunghyun/ycsb/results/chiplet_duckdb_tpch_sf1_single_thread_q21_madracks-mnode5_20260314T231814Z_2017190/runs/duckdb_tpch/chiplet_x4/inst35/run.stderr.log	/home/seunghyun/ycsb/results/chiplet_duckdb_tpch_sf1_single_thread_q21_madracks-mnode5_20260314T231814Z_2017190/runs/duckdb_tpch/chiplet_x4/inst35/perf.stat	/home/seunghyun/ycsb/results/chiplet_duckdb_tpch_sf1_single_thread_q21_madracks-mnode5_20260314T231814Z_2017190/runs/duckdb_tpch/chiplet_x4/inst35/time.txt		/home/seunghyun/ycsb/results/chiplet_duckdb_tpch_sf1_single_thread_q21_madracks-mnode5_20260314T231814Z_2017190/runs/duckdb_tpch/chiplet_x4
2026-03-14T23:18:18Z	madracks-mnode5	amd	duckdb_tpch	analytic	per_instance_external	NO_RETIRED_INST_CYCLES	user	chiplet_x4	48	36	63	63	0	0	1	False				1						Q21	DUCKDB_TPCH	SF1	0.47272746701491997	2.115383745976492	queries/s	SUCCESSFUL	1	472696.89704990014	472696.89704990014	472696.89704990014	472696.89704990014	472696.89704990014	472696.89704990014	472696.89704990014	472696.89704990014	2.115383745976492	1393143202	2149597527	4686130087	971.3	720.0	300.0	100011531	16335327		ok	cpu/event=0xc0,cmask=1,inv=1/		/home/seunghyun/ycsb/.cache/duckdb_tpch/tpch_sf1.duckdb	/home/seunghyun/ycsb/results/chiplet_duckdb_tpch_sf1_single_thread_q21_madracks-mnode5_20260314T231814Z_2017190/runs/duckdb_tpch/chiplet_x4/inst36/load.stdout.log	/home/seunghyun/ycsb/results/chiplet_duckdb_tpch_sf1_single_thread_q21_madracks-mnode5_20260314T231814Z_2017190/runs/duckdb_tpch/chiplet_x4/inst36/load.stderr.log	/home/seunghyun/ycsb/results/chiplet_duckdb_tpch_sf1_single_thread_q21_madracks-mnode5_20260314T231814Z_2017190/runs/duckdb_tpch/chiplet_x4/inst36/run.stdout.log	/home/seunghyun/ycsb/results/chiplet_duckdb_tpch_sf1_single_thread_q21_madracks-mnode5_20260314T231814Z_2017190/runs/duckdb_tpch/chiplet_x4/inst36/run.stderr.log	/home/seunghyun/ycsb/results/chiplet_duckdb_tpch_sf1_single_thread_q21_madracks-mnode5_20260314T231814Z_2017190/runs/duckdb_tpch/chiplet_x4/inst36/perf.stat	/home/seunghyun/ycsb/results/chiplet_duckdb_tpch_sf1_single_thread_q21_madracks-mnode5_20260314T231814Z_2017190/runs/duckdb_tpch/chiplet_x4/inst36/time.txt		/home/seunghyun/ycsb/results/chiplet_duckdb_tpch_sf1_single_thread_q21_madracks-mnode5_20260314T231814Z_2017190/runs/duckdb_tpch/chiplet_x4
2026-03-14T23:18:18Z	madracks-mnode5	amd	duckdb_tpch	analytic	per_instance_external	NO_RETIRED_INST_CYCLES	user	chiplet_x4	48	37	64	64	0	0	1	False				1						Q21	DUCKDB_TPCH	SF1	0.47025102900806814	2.126523789026824	queries/s	SUCCESSFUL	1	470212.4079922214	470212.4079922214	470212.4079922214	470212.4079922214	470212.4079922214	470212.4079922214	470212.4079922214	470212.4079922214	2.126523789026824	1416453933	2174173101	4691693698	984.83	680.0	360.0	99943123	16385614		ok	cpu/event=0xc0,cmask=1,inv=1/		/home/seunghyun/ycsb/.cache/duckdb_tpch/tpch_sf1.duckdb	/home/seunghyun/ycsb/results/chiplet_duckdb_tpch_sf1_single_thread_q21_madracks-mnode5_20260314T231814Z_2017190/runs/duckdb_tpch/chiplet_x4/inst37/load.stdout.log	/home/seunghyun/ycsb/results/chiplet_duckdb_tpch_sf1_single_thread_q21_madracks-mnode5_20260314T231814Z_2017190/runs/duckdb_tpch/chiplet_x4/inst37/load.stderr.log	/home/seunghyun/ycsb/results/chiplet_duckdb_tpch_sf1_single_thread_q21_madracks-mnode5_20260314T231814Z_2017190/runs/duckdb_tpch/chiplet_x4/inst37/run.stdout.log	/home/seunghyun/ycsb/results/chiplet_duckdb_tpch_sf1_single_thread_q21_madracks-mnode5_20260314T231814Z_2017190/runs/duckdb_tpch/chiplet_x4/inst37/run.stderr.log	/home/seunghyun/ycsb/results/chiplet_duckdb_tpch_sf1_single_thread_q21_madracks-mnode5_20260314T231814Z_2017190/runs/duckdb_tpch/chiplet_x4/inst37/perf.stat	/home/seunghyun/ycsb/results/chiplet_duckdb_tpch_sf1_single_thread_q21_madracks-mnode5_20260314T231814Z_2017190/runs/duckdb_tpch/chiplet_x4/inst37/time.txt		/home/seunghyun/ycsb/results/chiplet_duckdb_tpch_sf1_single_thread_q21_madracks-mnode5_20260314T231814Z_2017190/runs/duckdb_tpch/chiplet_x4
2026-03-14T23:18:18Z	madracks-mnode5	amd	duckdb_tpch	analytic	per_instance_external	NO_RETIRED_INST_CYCLES	user	chiplet_x4	48	38	65	65	0	0	1	False				1						Q21	DUCKDB_TPCH	SF1	0.4680493869818747	2.136526673922821	queries/s	SUCCESSFUL	1	468019.2570085637	468019.2570085637	468019.2570085637	468019.2570085637	468019.2570085637	468019.2570085637	468019.2570085637	468019.2570085637	2.136526673922821	1393723015	2148673991	4688349902	971.2	760.0	280.0	100482204	16268799		ok	cpu/event=0xc0,cmask=1,inv=1/		/home/seunghyun/ycsb/.cache/duckdb_tpch/tpch_sf1.duckdb	/home/seunghyun/ycsb/results/chiplet_duckdb_tpch_sf1_single_thread_q21_madracks-mnode5_20260314T231814Z_2017190/runs/duckdb_tpch/chiplet_x4/inst38/load.stdout.log	/home/seunghyun/ycsb/results/chiplet_duckdb_tpch_sf1_single_thread_q21_madracks-mnode5_20260314T231814Z_2017190/runs/duckdb_tpch/chiplet_x4/inst38/load.stderr.log	/home/seunghyun/ycsb/results/chiplet_duckdb_tpch_sf1_single_thread_q21_madracks-mnode5_20260314T231814Z_2017190/runs/duckdb_tpch/chiplet_x4/inst38/run.stdout.log	/home/seunghyun/ycsb/results/chiplet_duckdb_tpch_sf1_single_thread_q21_madracks-mnode5_20260314T231814Z_2017190/runs/duckdb_tpch/chiplet_x4/inst38/run.stderr.log	/home/seunghyun/ycsb/results/chiplet_duckdb_tpch_sf1_single_thread_q21_madracks-mnode5_20260314T231814Z_2017190/runs/duckdb_tpch/chiplet_x4/inst38/perf.stat	/home/seunghyun/ycsb/results/chiplet_duckdb_tpch_sf1_single_thread_q21_madracks-mnode5_20260314T231814Z_2017190/runs/duckdb_tpch/chiplet_x4/inst38/time.txt		/home/seunghyun/ycsb/results/chiplet_duckdb_tpch_sf1_single_thread_q21_madracks-mnode5_20260314T231814Z_2017190/runs/duckdb_tpch/chiplet_x4
2026-03-14T23:18:18Z	madracks-mnode5	amd	duckdb_tpch	analytic	per_instance_external	NO_RETIRED_INST_CYCLES	user	chiplet_x4	48	39	66	66	0	0	1	False				1						Q21	DUCKDB_TPCH	SF1	0.4767146760132164	2.0976908207715343	queries/s	SUCCESSFUL	1	476683.157030493	476683.157030493	476683.157030493	476683.157030493	476683.157030493	476683.157030493	476683.157030493	476683.157030493	2.0976908207715343	1398221869	2154988149	4687464185	973.57	720.0	310.0	99208451	16346113		ok	cpu/event=0xc0,cmask=1,inv=1/		/home/seunghyun/ycsb/.cache/duckdb_tpch/tpch_sf1.duckdb	/home/seunghyun/ycsb/results/chiplet_duckdb_tpch_sf1_single_thread_q21_madracks-mnode5_20260314T231814Z_2017190/runs/duckdb_tpch/chiplet_x4/inst39/load.stdout.log	/home/seunghyun/ycsb/results/chiplet_duckdb_tpch_sf1_single_thread_q21_madracks-mnode5_20260314T231814Z_2017190/runs/duckdb_tpch/chiplet_x4/inst39/load.stderr.log	/home/seunghyun/ycsb/results/chiplet_duckdb_tpch_sf1_single_thread_q21_madracks-mnode5_20260314T231814Z_2017190/runs/duckdb_tpch/chiplet_x4/inst39/run.stdout.log	/home/seunghyun/ycsb/results/chiplet_duckdb_tpch_sf1_single_thread_q21_madracks-mnode5_20260314T231814Z_2017190/runs/duckdb_tpch/chiplet_x4/inst39/run.stderr.log	/home/seunghyun/ycsb/results/chiplet_duckdb_tpch_sf1_single_thread_q21_madracks-mnode5_20260314T231814Z_2017190/runs/duckdb_tpch/chiplet_x4/inst39/perf.stat	/home/seunghyun/ycsb/results/chiplet_duckdb_tpch_sf1_single_thread_q21_madracks-mnode5_20260314T231814Z_2017190/runs/duckdb_tpch/chiplet_x4/inst39/time.txt		/home/seunghyun/ycsb/results/chiplet_duckdb_tpch_sf1_single_thread_q21_madracks-mnode5_20260314T231814Z_2017190/runs/duckdb_tpch/chiplet_x4
2026-03-14T23:18:18Z	madracks-mnode5	amd	duckdb_tpch	analytic	per_instance_external	NO_RETIRED_INST_CYCLES	user	chiplet_x4	48	40	70	70	0	0	1	False				1						Q21	DUCKDB_TPCH	SF1	0.46944670897210017	2.1301672391944093	queries/s	SUCCESSFUL	1	469404.3190102093	469404.3190102093	469404.3190102093	469404.3190102093	469404.3190102093	469404.3190102093	469404.3190102093	469404.3190102093	2.1301672391944093	1395911855	2151310850	4687145539	971.35	720.0	310.0	99380709	16299623		ok	cpu/event=0xc0,cmask=1,inv=1/		/home/seunghyun/ycsb/.cache/duckdb_tpch/tpch_sf1.duckdb	/home/seunghyun/ycsb/results/chiplet_duckdb_tpch_sf1_single_thread_q21_madracks-mnode5_20260314T231814Z_2017190/runs/duckdb_tpch/chiplet_x4/inst40/load.stdout.log	/home/seunghyun/ycsb/results/chiplet_duckdb_tpch_sf1_single_thread_q21_madracks-mnode5_20260314T231814Z_2017190/runs/duckdb_tpch/chiplet_x4/inst40/load.stderr.log	/home/seunghyun/ycsb/results/chiplet_duckdb_tpch_sf1_single_thread_q21_madracks-mnode5_20260314T231814Z_2017190/runs/duckdb_tpch/chiplet_x4/inst40/run.stdout.log	/home/seunghyun/ycsb/results/chiplet_duckdb_tpch_sf1_single_thread_q21_madracks-mnode5_20260314T231814Z_2017190/runs/duckdb_tpch/chiplet_x4/inst40/run.stderr.log	/home/seunghyun/ycsb/results/chiplet_duckdb_tpch_sf1_single_thread_q21_madracks-mnode5_20260314T231814Z_2017190/runs/duckdb_tpch/chiplet_x4/inst40/perf.stat	/home/seunghyun/ycsb/results/chiplet_duckdb_tpch_sf1_single_thread_q21_madracks-mnode5_20260314T231814Z_2017190/runs/duckdb_tpch/chiplet_x4/inst40/time.txt		/home/seunghyun/ycsb/results/chiplet_duckdb_tpch_sf1_single_thread_q21_madracks-mnode5_20260314T231814Z_2017190/runs/duckdb_tpch/chiplet_x4
2026-03-14T23:18:18Z	madracks-mnode5	amd	duckdb_tpch	analytic	per_instance_external	NO_RETIRED_INST_CYCLES	user	chiplet_x4	48	41	71	71	0	0	1	False				1						Q21	DUCKDB_TPCH	SF1	0.46967700601089746	2.129122752874979	queries/s	SUCCESSFUL	1	469637.9159577191	469637.9159577191	469637.9159577191	469637.9159577191	469637.9159577191	469637.9159577191	469637.9159577191	469637.9159577191	2.129122752874979	1451748574	2207913504	4688645471	1002.27	710.0	350.0	100012997	16472103		ok	cpu/event=0xc0,cmask=1,inv=1/		/home/seunghyun/ycsb/.cache/duckdb_tpch/tpch_sf1.duckdb	/home/seunghyun/ycsb/results/chiplet_duckdb_tpch_sf1_single_thread_q21_madracks-mnode5_20260314T231814Z_2017190/runs/duckdb_tpch/chiplet_x4/inst41/load.stdout.log	/home/seunghyun/ycsb/results/chiplet_duckdb_tpch_sf1_single_thread_q21_madracks-mnode5_20260314T231814Z_2017190/runs/duckdb_tpch/chiplet_x4/inst41/load.stderr.log	/home/seunghyun/ycsb/results/chiplet_duckdb_tpch_sf1_single_thread_q21_madracks-mnode5_20260314T231814Z_2017190/runs/duckdb_tpch/chiplet_x4/inst41/run.stdout.log	/home/seunghyun/ycsb/results/chiplet_duckdb_tpch_sf1_single_thread_q21_madracks-mnode5_20260314T231814Z_2017190/runs/duckdb_tpch/chiplet_x4/inst41/run.stderr.log	/home/seunghyun/ycsb/results/chiplet_duckdb_tpch_sf1_single_thread_q21_madracks-mnode5_20260314T231814Z_2017190/runs/duckdb_tpch/chiplet_x4/inst41/perf.stat	/home/seunghyun/ycsb/results/chiplet_duckdb_tpch_sf1_single_thread_q21_madracks-mnode5_20260314T231814Z_2017190/runs/duckdb_tpch/chiplet_x4/inst41/time.txt		/home/seunghyun/ycsb/results/chiplet_duckdb_tpch_sf1_single_thread_q21_madracks-mnode5_20260314T231814Z_2017190/runs/duckdb_tpch/chiplet_x4
2026-03-14T23:18:18Z	madracks-mnode5	amd	duckdb_tpch	analytic	per_instance_external	NO_RETIRED_INST_CYCLES	user	chiplet_x4	48	42	72	72	0	0	1	False				1						Q21	DUCKDB_TPCH	SF1	0.47156336199259385	2.120605798920624	queries/s	SUCCESSFUL	1	471531.75197308883	471531.75197308883	471531.75197308883	471531.75197308883	471531.75197308883	471531.75197308883	471531.75197308883	471531.75197308883	2.120605798920624	1403124910	2156711283	4688744616	976.27	700.0	330.0	100728377	16552438		ok	cpu/event=0xc0,cmask=1,inv=1/		/home/seunghyun/ycsb/.cache/duckdb_tpch/tpch_sf1.duckdb	/home/seunghyun/ycsb/results/chiplet_duckdb_tpch_sf1_single_thread_q21_madracks-mnode5_20260314T231814Z_2017190/runs/duckdb_tpch/chiplet_x4/inst42/load.stdout.log	/home/seunghyun/ycsb/results/chiplet_duckdb_tpch_sf1_single_thread_q21_madracks-mnode5_20260314T231814Z_2017190/runs/duckdb_tpch/chiplet_x4/inst42/load.stderr.log	/home/seunghyun/ycsb/results/chiplet_duckdb_tpch_sf1_single_thread_q21_madracks-mnode5_20260314T231814Z_2017190/runs/duckdb_tpch/chiplet_x4/inst42/run.stdout.log	/home/seunghyun/ycsb/results/chiplet_duckdb_tpch_sf1_single_thread_q21_madracks-mnode5_20260314T231814Z_2017190/runs/duckdb_tpch/chiplet_x4/inst42/run.stderr.log	/home/seunghyun/ycsb/results/chiplet_duckdb_tpch_sf1_single_thread_q21_madracks-mnode5_20260314T231814Z_2017190/runs/duckdb_tpch/chiplet_x4/inst42/perf.stat	/home/seunghyun/ycsb/results/chiplet_duckdb_tpch_sf1_single_thread_q21_madracks-mnode5_20260314T231814Z_2017190/runs/duckdb_tpch/chiplet_x4/inst42/time.txt		/home/seunghyun/ycsb/results/chiplet_duckdb_tpch_sf1_single_thread_q21_madracks-mnode5_20260314T231814Z_2017190/runs/duckdb_tpch/chiplet_x4
2026-03-14T23:18:18Z	madracks-mnode5	amd	duckdb_tpch	analytic	per_instance_external	NO_RETIRED_INST_CYCLES	user	chiplet_x4	48	43	73	73	0	0	1	False				1						Q21	DUCKDB_TPCH	SF1	0.4732103709829971	2.113225029119091	queries/s	SUCCESSFUL	1	473179.7410058789	473179.7410058789	473179.7410058789	473179.7410058789	473179.7410058789	473179.7410058789	473179.7410058789	473179.7410058789	2.113225029119091	1433340818	2190853697	4692062028	990.65	720.0	330.0	99808496	16470612		ok	cpu/event=0xc0,cmask=1,inv=1/		/home/seunghyun/ycsb/.cache/duckdb_tpch/tpch_sf1.duckdb	/home/seunghyun/ycsb/results/chiplet_duckdb_tpch_sf1_single_thread_q21_madracks-mnode5_20260314T231814Z_2017190/runs/duckdb_tpch/chiplet_x4/inst43/load.stdout.log	/home/seunghyun/ycsb/results/chiplet_duckdb_tpch_sf1_single_thread_q21_madracks-mnode5_20260314T231814Z_2017190/runs/duckdb_tpch/chiplet_x4/inst43/load.stderr.log	/home/seunghyun/ycsb/results/chiplet_duckdb_tpch_sf1_single_thread_q21_madracks-mnode5_20260314T231814Z_2017190/runs/duckdb_tpch/chiplet_x4/inst43/run.stdout.log	/home/seunghyun/ycsb/results/chiplet_duckdb_tpch_sf1_single_thread_q21_madracks-mnode5_20260314T231814Z_2017190/runs/duckdb_tpch/chiplet_x4/inst43/run.stderr.log	/home/seunghyun/ycsb/results/chiplet_duckdb_tpch_sf1_single_thread_q21_madracks-mnode5_20260314T231814Z_2017190/runs/duckdb_tpch/chiplet_x4/inst43/perf.stat	/home/seunghyun/ycsb/results/chiplet_duckdb_tpch_sf1_single_thread_q21_madracks-mnode5_20260314T231814Z_2017190/runs/duckdb_tpch/chiplet_x4/inst43/time.txt		/home/seunghyun/ycsb/results/chiplet_duckdb_tpch_sf1_single_thread_q21_madracks-mnode5_20260314T231814Z_2017190/runs/duckdb_tpch/chiplet_x4
2026-03-14T23:18:18Z	madracks-mnode5	amd	duckdb_tpch	analytic	per_instance_external	NO_RETIRED_INST_CYCLES	user	chiplet_x4	48	44	77	77	0	0	1	False				1						Q21	DUCKDB_TPCH	SF1	0.47299193299841136	2.114200962500049	queries/s	SUCCESSFUL	1	472963.3739916608	472963.3739916608	472963.3739916608	472963.3739916608	472963.3739916608	472963.3739916608	472963.3739916608	472963.3739916608	2.114200962500049	1366587240	2122005347	4685348472	960.77	700.0	310.0	100160543	16544223		ok	cpu/event=0xc0,cmask=1,inv=1/		/home/seunghyun/ycsb/.cache/duckdb_tpch/tpch_sf1.duckdb	/home/seunghyun/ycsb/results/chiplet_duckdb_tpch_sf1_single_thread_q21_madracks-mnode5_20260314T231814Z_2017190/runs/duckdb_tpch/chiplet_x4/inst44/load.stdout.log	/home/seunghyun/ycsb/results/chiplet_duckdb_tpch_sf1_single_thread_q21_madracks-mnode5_20260314T231814Z_2017190/runs/duckdb_tpch/chiplet_x4/inst44/load.stderr.log	/home/seunghyun/ycsb/results/chiplet_duckdb_tpch_sf1_single_thread_q21_madracks-mnode5_20260314T231814Z_2017190/runs/duckdb_tpch/chiplet_x4/inst44/run.stdout.log	/home/seunghyun/ycsb/results/chiplet_duckdb_tpch_sf1_single_thread_q21_madracks-mnode5_20260314T231814Z_2017190/runs/duckdb_tpch/chiplet_x4/inst44/run.stderr.log	/home/seunghyun/ycsb/results/chiplet_duckdb_tpch_sf1_single_thread_q21_madracks-mnode5_20260314T231814Z_2017190/runs/duckdb_tpch/chiplet_x4/inst44/perf.stat	/home/seunghyun/ycsb/results/chiplet_duckdb_tpch_sf1_single_thread_q21_madracks-mnode5_20260314T231814Z_2017190/runs/duckdb_tpch/chiplet_x4/inst44/time.txt		/home/seunghyun/ycsb/results/chiplet_duckdb_tpch_sf1_single_thread_q21_madracks-mnode5_20260314T231814Z_2017190/runs/duckdb_tpch/chiplet_x4
2026-03-14T23:18:18Z	madracks-mnode5	amd	duckdb_tpch	analytic	per_instance_external	NO_RETIRED_INST_CYCLES	user	chiplet_x4	48	45	78	78	0	0	1	False				1						Q21	DUCKDB_TPCH	SF1	0.47235571197234094	2.1170486026821997	queries/s	SUCCESSFUL	1	472324.15300095454	472324.15300095454	472324.15300095454	472324.15300095454	472324.15300095454	472324.15300095454	472324.15300095454	472324.15300095454	2.1170486026821997	1387745832	2144157216	4688350129	969.96	720.0	300.0	99745760	16409775		ok	cpu/event=0xc0,cmask=1,inv=1/		/home/seunghyun/ycsb/.cache/duckdb_tpch/tpch_sf1.duckdb	/home/seunghyun/ycsb/results/chiplet_duckdb_tpch_sf1_single_thread_q21_madracks-mnode5_20260314T231814Z_2017190/runs/duckdb_tpch/chiplet_x4/inst45/load.stdout.log	/home/seunghyun/ycsb/results/chiplet_duckdb_tpch_sf1_single_thread_q21_madracks-mnode5_20260314T231814Z_2017190/runs/duckdb_tpch/chiplet_x4/inst45/load.stderr.log	/home/seunghyun/ycsb/results/chiplet_duckdb_tpch_sf1_single_thread_q21_madracks-mnode5_20260314T231814Z_2017190/runs/duckdb_tpch/chiplet_x4/inst45/run.stdout.log	/home/seunghyun/ycsb/results/chiplet_duckdb_tpch_sf1_single_thread_q21_madracks-mnode5_20260314T231814Z_2017190/runs/duckdb_tpch/chiplet_x4/inst45/run.stderr.log	/home/seunghyun/ycsb/results/chiplet_duckdb_tpch_sf1_single_thread_q21_madracks-mnode5_20260314T231814Z_2017190/runs/duckdb_tpch/chiplet_x4/inst45/perf.stat	/home/seunghyun/ycsb/results/chiplet_duckdb_tpch_sf1_single_thread_q21_madracks-mnode5_20260314T231814Z_2017190/runs/duckdb_tpch/chiplet_x4/inst45/time.txt		/home/seunghyun/ycsb/results/chiplet_duckdb_tpch_sf1_single_thread_q21_madracks-mnode5_20260314T231814Z_2017190/runs/duckdb_tpch/chiplet_x4
2026-03-14T23:18:18Z	madracks-mnode5	amd	duckdb_tpch	analytic	per_instance_external	NO_RETIRED_INST_CYCLES	user	chiplet_x4	48	46	79	79	0	0	1	False				1						Q21	DUCKDB_TPCH	SF1	0.47813897795276716	2.0914421248015986	queries/s	SUCCESSFUL	1	478110.32901518047	478110.32901518047	478110.32901518047	478110.32901518047	478110.32901518047	478110.32901518047	478110.32901518047	478110.32901518047	2.0914421248015986	1381705408	2137844368	4689385071	968.7	730.0	280.0	100427424	16786726		ok	cpu/event=0xc0,cmask=1,inv=1/		/home/seunghyun/ycsb/.cache/duckdb_tpch/tpch_sf1.duckdb	/home/seunghyun/ycsb/results/chiplet_duckdb_tpch_sf1_single_thread_q21_madracks-mnode5_20260314T231814Z_2017190/runs/duckdb_tpch/chiplet_x4/inst46/load.stdout.log	/home/seunghyun/ycsb/results/chiplet_duckdb_tpch_sf1_single_thread_q21_madracks-mnode5_20260314T231814Z_2017190/runs/duckdb_tpch/chiplet_x4/inst46/load.stderr.log	/home/seunghyun/ycsb/results/chiplet_duckdb_tpch_sf1_single_thread_q21_madracks-mnode5_20260314T231814Z_2017190/runs/duckdb_tpch/chiplet_x4/inst46/run.stdout.log	/home/seunghyun/ycsb/results/chiplet_duckdb_tpch_sf1_single_thread_q21_madracks-mnode5_20260314T231814Z_2017190/runs/duckdb_tpch/chiplet_x4/inst46/run.stderr.log	/home/seunghyun/ycsb/results/chiplet_duckdb_tpch_sf1_single_thread_q21_madracks-mnode5_20260314T231814Z_2017190/runs/duckdb_tpch/chiplet_x4/inst46/perf.stat	/home/seunghyun/ycsb/results/chiplet_duckdb_tpch_sf1_single_thread_q21_madracks-mnode5_20260314T231814Z_2017190/runs/duckdb_tpch/chiplet_x4/inst46/time.txt		/home/seunghyun/ycsb/results/chiplet_duckdb_tpch_sf1_single_thread_q21_madracks-mnode5_20260314T231814Z_2017190/runs/duckdb_tpch/chiplet_x4
2026-03-14T23:18:18Z	madracks-mnode5	amd	duckdb_tpch	analytic	per_instance_external	NO_RETIRED_INST_CYCLES	user	chiplet_x4	48	47	80	80	0	0	1	False				1						Q21	DUCKDB_TPCH	SF1	0.4724204409867525	2.1167585337994335	queries/s	SUCCESSFUL	1	472380.1410291344	472380.1410291344	472380.1410291344	472380.1410291344	472380.1410291344	472380.1410291344	472380.1410291344	472380.1410291344	2.1167585337994335	1405369256	2160150969	4687945873	978.55	690.0	350.0	99979277	16368474		ok	cpu/event=0xc0,cmask=1,inv=1/		/home/seunghyun/ycsb/.cache/duckdb_tpch/tpch_sf1.duckdb	/home/seunghyun/ycsb/results/chiplet_duckdb_tpch_sf1_single_thread_q21_madracks-mnode5_20260314T231814Z_2017190/runs/duckdb_tpch/chiplet_x4/inst47/load.stdout.log	/home/seunghyun/ycsb/results/chiplet_duckdb_tpch_sf1_single_thread_q21_madracks-mnode5_20260314T231814Z_2017190/runs/duckdb_tpch/chiplet_x4/inst47/load.stderr.log	/home/seunghyun/ycsb/results/chiplet_duckdb_tpch_sf1_single_thread_q21_madracks-mnode5_20260314T231814Z_2017190/runs/duckdb_tpch/chiplet_x4/inst47/run.stdout.log	/home/seunghyun/ycsb/results/chiplet_duckdb_tpch_sf1_single_thread_q21_madracks-mnode5_20260314T231814Z_2017190/runs/duckdb_tpch/chiplet_x4/inst47/run.stderr.log	/home/seunghyun/ycsb/results/chiplet_duckdb_tpch_sf1_single_thread_q21_madracks-mnode5_20260314T231814Z_2017190/runs/duckdb_tpch/chiplet_x4/inst47/perf.stat	/home/seunghyun/ycsb/results/chiplet_duckdb_tpch_sf1_single_thread_q21_madracks-mnode5_20260314T231814Z_2017190/runs/duckdb_tpch/chiplet_x4/inst47/time.txt		/home/seunghyun/ycsb/results/chiplet_duckdb_tpch_sf1_single_thread_q21_madracks-mnode5_20260314T231814Z_2017190/runs/duckdb_tpch/chiplet_x4
2026-03-14T23:18:19Z	madracks-mnode5	amd	duckdb_tpch	analytic	per_instance_external	NO_RETIRED_INST_CYCLES	user	chiplet_x5	60	0	0	0	0	0	1	False				1						Q21	DUCKDB_TPCH	SF1	0.4917737119831145	2.0334555825837555	queries/s	SUCCESSFUL	1	491741.58298410475	491741.58298410475	491741.58298410475	491741.58298410475	491741.58298410475	491741.58298410475	491741.58298410475	491741.58298410475	2.0334555825837555	1501388439	2260294193	4692557228	1017.48	710.0	350.0	100229625	16610638		ok	cpu/event=0xc0,cmask=1,inv=1/		/home/seunghyun/ycsb/.cache/duckdb_tpch/tpch_sf1.duckdb	/home/seunghyun/ycsb/results/chiplet_duckdb_tpch_sf1_single_thread_q21_madracks-mnode5_20260314T231814Z_2017190/runs/duckdb_tpch/chiplet_x5/inst00/load.stdout.log	/home/seunghyun/ycsb/results/chiplet_duckdb_tpch_sf1_single_thread_q21_madracks-mnode5_20260314T231814Z_2017190/runs/duckdb_tpch/chiplet_x5/inst00/load.stderr.log	/home/seunghyun/ycsb/results/chiplet_duckdb_tpch_sf1_single_thread_q21_madracks-mnode5_20260314T231814Z_2017190/runs/duckdb_tpch/chiplet_x5/inst00/run.stdout.log	/home/seunghyun/ycsb/results/chiplet_duckdb_tpch_sf1_single_thread_q21_madracks-mnode5_20260314T231814Z_2017190/runs/duckdb_tpch/chiplet_x5/inst00/run.stderr.log	/home/seunghyun/ycsb/results/chiplet_duckdb_tpch_sf1_single_thread_q21_madracks-mnode5_20260314T231814Z_2017190/runs/duckdb_tpch/chiplet_x5/inst00/perf.stat	/home/seunghyun/ycsb/results/chiplet_duckdb_tpch_sf1_single_thread_q21_madracks-mnode5_20260314T231814Z_2017190/runs/duckdb_tpch/chiplet_x5/inst00/time.txt		/home/seunghyun/ycsb/results/chiplet_duckdb_tpch_sf1_single_thread_q21_madracks-mnode5_20260314T231814Z_2017190/runs/duckdb_tpch/chiplet_x5
2026-03-14T23:18:19Z	madracks-mnode5	amd	duckdb_tpch	analytic	per_instance_external	NO_RETIRED_INST_CYCLES	user	chiplet_x5	60	1	1	1	0	0	1	False				1						Q21	DUCKDB_TPCH	SF1	0.4867555660312064	2.0544192399350787	queries/s	SUCCESSFUL	1	486722.79599122703	486722.79599122703	486722.79599122703	486722.79599122703	486722.79599122703	486722.79599122703	486722.79599122703	486722.79599122703	2.0544192399350787	1465952980	2223499639	4690153326	1000.29	720.0	360.0	100502264	16687267		ok	cpu/event=0xc0,cmask=1,inv=1/		/home/seunghyun/ycsb/.cache/duckdb_tpch/tpch_sf1.duckdb	/home/seunghyun/ycsb/results/chiplet_duckdb_tpch_sf1_single_thread_q21_madracks-mnode5_20260314T231814Z_2017190/runs/duckdb_tpch/chiplet_x5/inst01/load.stdout.log	/home/seunghyun/ycsb/results/chiplet_duckdb_tpch_sf1_single_thread_q21_madracks-mnode5_20260314T231814Z_2017190/runs/duckdb_tpch/chiplet_x5/inst01/load.stderr.log	/home/seunghyun/ycsb/results/chiplet_duckdb_tpch_sf1_single_thread_q21_madracks-mnode5_20260314T231814Z_2017190/runs/duckdb_tpch/chiplet_x5/inst01/run.stdout.log	/home/seunghyun/ycsb/results/chiplet_duckdb_tpch_sf1_single_thread_q21_madracks-mnode5_20260314T231814Z_2017190/runs/duckdb_tpch/chiplet_x5/inst01/run.stderr.log	/home/seunghyun/ycsb/results/chiplet_duckdb_tpch_sf1_single_thread_q21_madracks-mnode5_20260314T231814Z_2017190/runs/duckdb_tpch/chiplet_x5/inst01/perf.stat	/home/seunghyun/ycsb/results/chiplet_duckdb_tpch_sf1_single_thread_q21_madracks-mnode5_20260314T231814Z_2017190/runs/duckdb_tpch/chiplet_x5/inst01/time.txt		/home/seunghyun/ycsb/results/chiplet_duckdb_tpch_sf1_single_thread_q21_madracks-mnode5_20260314T231814Z_2017190/runs/duckdb_tpch/chiplet_x5
2026-03-14T23:18:19Z	madracks-mnode5	amd	duckdb_tpch	analytic	per_instance_external	NO_RETIRED_INST_CYCLES	user	chiplet_x5	60	2	2	2	0	0	1	False				1						Q21	DUCKDB_TPCH	SF1	0.492282695020549	2.0313531434580647	queries/s	SUCCESSFUL	1	492249.1059987806	492249.1059987806	492249.1059987806	492249.1059987806	492249.1059987806	492249.1059987806	492249.1059987806	492249.1059987806	2.0313531434580647	1492938707	2251688332	4692981649	1013.34	700.0	350.0	99696802	16720428		ok	cpu/event=0xc0,cmask=1,inv=1/		/home/seunghyun/ycsb/.cache/duckdb_tpch/tpch_sf1.duckdb	/home/seunghyun/ycsb/results/chiplet_duckdb_tpch_sf1_single_thread_q21_madracks-mnode5_20260314T231814Z_2017190/runs/duckdb_tpch/chiplet_x5/inst02/load.stdout.log	/home/seunghyun/ycsb/results/chiplet_duckdb_tpch_sf1_single_thread_q21_madracks-mnode5_20260314T231814Z_2017190/runs/duckdb_tpch/chiplet_x5/inst02/load.stderr.log	/home/seunghyun/ycsb/results/chiplet_duckdb_tpch_sf1_single_thread_q21_madracks-mnode5_20260314T231814Z_2017190/runs/duckdb_tpch/chiplet_x5/inst02/run.stdout.log	/home/seunghyun/ycsb/results/chiplet_duckdb_tpch_sf1_single_thread_q21_madracks-mnode5_20260314T231814Z_2017190/runs/duckdb_tpch/chiplet_x5/inst02/run.stderr.log	/home/seunghyun/ycsb/results/chiplet_duckdb_tpch_sf1_single_thread_q21_madracks-mnode5_20260314T231814Z_2017190/runs/duckdb_tpch/chiplet_x5/inst02/perf.stat	/home/seunghyun/ycsb/results/chiplet_duckdb_tpch_sf1_single_thread_q21_madracks-mnode5_20260314T231814Z_2017190/runs/duckdb_tpch/chiplet_x5/inst02/time.txt		/home/seunghyun/ycsb/results/chiplet_duckdb_tpch_sf1_single_thread_q21_madracks-mnode5_20260314T231814Z_2017190/runs/duckdb_tpch/chiplet_x5
2026-03-14T23:18:19Z	madracks-mnode5	amd	duckdb_tpch	analytic	per_instance_external	NO_RETIRED_INST_CYCLES	user	chiplet_x5	60	3	3	3	0	0	1	False				1						Q21	DUCKDB_TPCH	SF1	0.4891827149549499	2.044225949586327	queries/s	SUCCESSFUL	1	489138.7950046919	489138.7950046919	489138.7950046919	489138.7950046919	489138.7950046919	489138.7950046919	489138.7950046919	489138.7950046919	2.044225949586327	1442452489	2200355700	4688039177	991.41	720.0	340.0	99488092	16948765		ok	cpu/event=0xc0,cmask=1,inv=1/		/home/seunghyun/ycsb/.cache/duckdb_tpch/tpch_sf1.duckdb	/home/seunghyun/ycsb/results/chiplet_duckdb_tpch_sf1_single_thread_q21_madracks-mnode5_20260314T231814Z_2017190/runs/duckdb_tpch/chiplet_x5/inst03/load.stdout.log	/home/seunghyun/ycsb/results/chiplet_duckdb_tpch_sf1_single_thread_q21_madracks-mnode5_20260314T231814Z_2017190/runs/duckdb_tpch/chiplet_x5/inst03/load.stderr.log	/home/seunghyun/ycsb/results/chiplet_duckdb_tpch_sf1_single_thread_q21_madracks-mnode5_20260314T231814Z_2017190/runs/duckdb_tpch/chiplet_x5/inst03/run.stdout.log	/home/seunghyun/ycsb/results/chiplet_duckdb_tpch_sf1_single_thread_q21_madracks-mnode5_20260314T231814Z_2017190/runs/duckdb_tpch/chiplet_x5/inst03/run.stderr.log	/home/seunghyun/ycsb/results/chiplet_duckdb_tpch_sf1_single_thread_q21_madracks-mnode5_20260314T231814Z_2017190/runs/duckdb_tpch/chiplet_x5/inst03/perf.stat	/home/seunghyun/ycsb/results/chiplet_duckdb_tpch_sf1_single_thread_q21_madracks-mnode5_20260314T231814Z_2017190/runs/duckdb_tpch/chiplet_x5/inst03/time.txt		/home/seunghyun/ycsb/results/chiplet_duckdb_tpch_sf1_single_thread_q21_madracks-mnode5_20260314T231814Z_2017190/runs/duckdb_tpch/chiplet_x5
2026-03-14T23:18:19Z	madracks-mnode5	amd	duckdb_tpch	analytic	per_instance_external	NO_RETIRED_INST_CYCLES	user	chiplet_x5	60	4	4	4	0	0	1	False				1						Q21	DUCKDB_TPCH	SF1	0.4916863130056299	2.033817036490397	queries/s	SUCCESSFUL	1	491655.8940312825	491655.8940312825	491655.8940312825	491655.8940312825	491655.8940312825	491655.8940312825	491655.8940312825	491655.8940312825	2.033817036490397	1513284036	2272283176	4694216845	1023.03	710.0	380.0	100338400	16504197		ok	cpu/event=0xc0,cmask=1,inv=1/		/home/seunghyun/ycsb/.cache/duckdb_tpch/tpch_sf1.duckdb	/home/seunghyun/ycsb/results/chiplet_duckdb_tpch_sf1_single_thread_q21_madracks-mnode5_20260314T231814Z_2017190/runs/duckdb_tpch/chiplet_x5/inst04/load.stdout.log	/home/seunghyun/ycsb/results/chiplet_duckdb_tpch_sf1_single_thread_q21_madracks-mnode5_20260314T231814Z_2017190/runs/duckdb_tpch/chiplet_x5/inst04/load.stderr.log	/home/seunghyun/ycsb/results/chiplet_duckdb_tpch_sf1_single_thread_q21_madracks-mnode5_20260314T231814Z_2017190/runs/duckdb_tpch/chiplet_x5/inst04/run.stdout.log	/home/seunghyun/ycsb/results/chiplet_duckdb_tpch_sf1_single_thread_q21_madracks-mnode5_20260314T231814Z_2017190/runs/duckdb_tpch/chiplet_x5/inst04/run.stderr.log	/home/seunghyun/ycsb/results/chiplet_duckdb_tpch_sf1_single_thread_q21_madracks-mnode5_20260314T231814Z_2017190/runs/duckdb_tpch/chiplet_x5/inst04/perf.stat	/home/seunghyun/ycsb/results/chiplet_duckdb_tpch_sf1_single_thread_q21_madracks-mnode5_20260314T231814Z_2017190/runs/duckdb_tpch/chiplet_x5/inst04/time.txt		/home/seunghyun/ycsb/results/chiplet_duckdb_tpch_sf1_single_thread_q21_madracks-mnode5_20260314T231814Z_2017190/runs/duckdb_tpch/chiplet_x5
2026-03-14T23:18:19Z	madracks-mnode5	amd	duckdb_tpch	analytic	per_instance_external	NO_RETIRED_INST_CYCLES	user	chiplet_x5	60	5	7	7	0	0	1	False				1						Q21	DUCKDB_TPCH	SF1	0.49135510699125007	2.035187964410041	queries/s	SUCCESSFUL	1	491322.48800015077	491322.48800015077	491322.48800015077	491322.48800015077	491322.48800015077	491322.48800015077	491322.48800015077	491322.48800015077	2.035187964410041	1493170806	2253687469	4695183136	1021.53	700.0	380.0	100199214	16449721		ok	cpu/event=0xc0,cmask=1,inv=1/		/home/seunghyun/ycsb/.cache/duckdb_tpch/tpch_sf1.duckdb	/home/seunghyun/ycsb/results/chiplet_duckdb_tpch_sf1_single_thread_q21_madracks-mnode5_20260314T231814Z_2017190/runs/duckdb_tpch/chiplet_x5/inst05/load.stdout.log	/home/seunghyun/ycsb/results/chiplet_duckdb_tpch_sf1_single_thread_q21_madracks-mnode5_20260314T231814Z_2017190/runs/duckdb_tpch/chiplet_x5/inst05/load.stderr.log	/home/seunghyun/ycsb/results/chiplet_duckdb_tpch_sf1_single_thread_q21_madracks-mnode5_20260314T231814Z_2017190/runs/duckdb_tpch/chiplet_x5/inst05/run.stdout.log	/home/seunghyun/ycsb/results/chiplet_duckdb_tpch_sf1_single_thread_q21_madracks-mnode5_20260314T231814Z_2017190/runs/duckdb_tpch/chiplet_x5/inst05/run.stderr.log	/home/seunghyun/ycsb/results/chiplet_duckdb_tpch_sf1_single_thread_q21_madracks-mnode5_20260314T231814Z_2017190/runs/duckdb_tpch/chiplet_x5/inst05/perf.stat	/home/seunghyun/ycsb/results/chiplet_duckdb_tpch_sf1_single_thread_q21_madracks-mnode5_20260314T231814Z_2017190/runs/duckdb_tpch/chiplet_x5/inst05/time.txt		/home/seunghyun/ycsb/results/chiplet_duckdb_tpch_sf1_single_thread_q21_madracks-mnode5_20260314T231814Z_2017190/runs/duckdb_tpch/chiplet_x5
2026-03-14T23:18:19Z	madracks-mnode5	amd	duckdb_tpch	analytic	per_instance_external	NO_RETIRED_INST_CYCLES	user	chiplet_x5	60	6	8	8	0	0	1	False				1						Q21	DUCKDB_TPCH	SF1	0.48676033498486504	2.054399112103276	queries/s	SUCCESSFUL	1	486719.396954868	486719.396954868	486719.396954868	486719.396954868	486719.396954868	486719.396954868	486719.396954868	486719.396954868	2.054399112103276	1466455161	2225284160	4690204002	1000.99	730.0	330.0	100066020	16551347		ok	cpu/event=0xc0,cmask=1,inv=1/		/home/seunghyun/ycsb/.cache/duckdb_tpch/tpch_sf1.duckdb	/home/seunghyun/ycsb/results/chiplet_duckdb_tpch_sf1_single_thread_q21_madracks-mnode5_20260314T231814Z_2017190/runs/duckdb_tpch/chiplet_x5/inst06/load.stdout.log	/home/seunghyun/ycsb/results/chiplet_duckdb_tpch_sf1_single_thread_q21_madracks-mnode5_20260314T231814Z_2017190/runs/duckdb_tpch/chiplet_x5/inst06/load.stderr.log	/home/seunghyun/ycsb/results/chiplet_duckdb_tpch_sf1_single_thread_q21_madracks-mnode5_20260314T231814Z_2017190/runs/duckdb_tpch/chiplet_x5/inst06/run.stdout.log	/home/seunghyun/ycsb/results/chiplet_duckdb_tpch_sf1_single_thread_q21_madracks-mnode5_20260314T231814Z_2017190/runs/duckdb_tpch/chiplet_x5/inst06/run.stderr.log	/home/seunghyun/ycsb/results/chiplet_duckdb_tpch_sf1_single_thread_q21_madracks-mnode5_20260314T231814Z_2017190/runs/duckdb_tpch/chiplet_x5/inst06/perf.stat	/home/seunghyun/ycsb/results/chiplet_duckdb_tpch_sf1_single_thread_q21_madracks-mnode5_20260314T231814Z_2017190/runs/duckdb_tpch/chiplet_x5/inst06/time.txt		/home/seunghyun/ycsb/results/chiplet_duckdb_tpch_sf1_single_thread_q21_madracks-mnode5_20260314T231814Z_2017190/runs/duckdb_tpch/chiplet_x5
2026-03-14T23:18:19Z	madracks-mnode5	amd	duckdb_tpch	analytic	per_instance_external	NO_RETIRED_INST_CYCLES	user	chiplet_x5	60	7	9	9	0	0	1	False				1						Q21	DUCKDB_TPCH	SF1	0.48933087300974876	2.043607005315762	queries/s	SUCCESSFUL	1	489298.8530336879	489298.8530336879	489298.8530336879	489298.8530336879	489298.8530336879	489298.8530336879	489298.8530336879	489298.8530336879	2.043607005315762	1493741248	2253604911	4691954402	1014.41	690.0	380.0	99970228	16640532		ok	cpu/event=0xc0,cmask=1,inv=1/		/home/seunghyun/ycsb/.cache/duckdb_tpch/tpch_sf1.duckdb	/home/seunghyun/ycsb/results/chiplet_duckdb_tpch_sf1_single_thread_q21_madracks-mnode5_20260314T231814Z_2017190/runs/duckdb_tpch/chiplet_x5/inst07/load.stdout.log	/home/seunghyun/ycsb/results/chiplet_duckdb_tpch_sf1_single_thread_q21_madracks-mnode5_20260314T231814Z_2017190/runs/duckdb_tpch/chiplet_x5/inst07/load.stderr.log	/home/seunghyun/ycsb/results/chiplet_duckdb_tpch_sf1_single_thread_q21_madracks-mnode5_20260314T231814Z_2017190/runs/duckdb_tpch/chiplet_x5/inst07/run.stdout.log	/home/seunghyun/ycsb/results/chiplet_duckdb_tpch_sf1_single_thread_q21_madracks-mnode5_20260314T231814Z_2017190/runs/duckdb_tpch/chiplet_x5/inst07/run.stderr.log	/home/seunghyun/ycsb/results/chiplet_duckdb_tpch_sf1_single_thread_q21_madracks-mnode5_20260314T231814Z_2017190/runs/duckdb_tpch/chiplet_x5/inst07/perf.stat	/home/seunghyun/ycsb/results/chiplet_duckdb_tpch_sf1_single_thread_q21_madracks-mnode5_20260314T231814Z_2017190/runs/duckdb_tpch/chiplet_x5/inst07/time.txt		/home/seunghyun/ycsb/results/chiplet_duckdb_tpch_sf1_single_thread_q21_madracks-mnode5_20260314T231814Z_2017190/runs/duckdb_tpch/chiplet_x5
2026-03-14T23:18:19Z	madracks-mnode5	amd	duckdb_tpch	analytic	per_instance_external	NO_RETIRED_INST_CYCLES	user	chiplet_x5	60	8	10	10	0	0	1	False				1						Q21	DUCKDB_TPCH	SF1	0.48934211302548647	2.0435600643836613	queries/s	SUCCESSFUL	1	489309.18297264725	489309.18297264725	489309.18297264725	489309.18297264725	489309.18297264725	489309.18297264725	489309.18297264725	489309.18297264725	2.0435600643836613	1481115056	2238453523	4692606461	1007.36	720.0	320.0	100504313	16628072		ok	cpu/event=0xc0,cmask=1,inv=1/		/home/seunghyun/ycsb/.cache/duckdb_tpch/tpch_sf1.duckdb	/home/seunghyun/ycsb/results/chiplet_duckdb_tpch_sf1_single_thread_q21_madracks-mnode5_20260314T231814Z_2017190/runs/duckdb_tpch/chiplet_x5/inst08/load.stdout.log	/home/seunghyun/ycsb/results/chiplet_duckdb_tpch_sf1_single_thread_q21_madracks-mnode5_20260314T231814Z_2017190/runs/duckdb_tpch/chiplet_x5/inst08/load.stderr.log	/home/seunghyun/ycsb/results/chiplet_duckdb_tpch_sf1_single_thread_q21_madracks-mnode5_20260314T231814Z_2017190/runs/duckdb_tpch/chiplet_x5/inst08/run.stdout.log	/home/seunghyun/ycsb/results/chiplet_duckdb_tpch_sf1_single_thread_q21_madracks-mnode5_20260314T231814Z_2017190/runs/duckdb_tpch/chiplet_x5/inst08/run.stderr.log	/home/seunghyun/ycsb/results/chiplet_duckdb_tpch_sf1_single_thread_q21_madracks-mnode5_20260314T231814Z_2017190/runs/duckdb_tpch/chiplet_x5/inst08/perf.stat	/home/seunghyun/ycsb/results/chiplet_duckdb_tpch_sf1_single_thread_q21_madracks-mnode5_20260314T231814Z_2017190/runs/duckdb_tpch/chiplet_x5/inst08/time.txt		/home/seunghyun/ycsb/results/chiplet_duckdb_tpch_sf1_single_thread_q21_madracks-mnode5_20260314T231814Z_2017190/runs/duckdb_tpch/chiplet_x5
2026-03-14T23:18:19Z	madracks-mnode5	amd	duckdb_tpch	analytic	per_instance_external	NO_RETIRED_INST_CYCLES	user	chiplet_x5	60	9	11	11	0	0	1	False				1						Q21	DUCKDB_TPCH	SF1	0.48736737901344895	2.051840240157733	queries/s	SUCCESSFUL	1	487334.5789965242	487334.5789965242	487334.5789965242	487334.5789965242	487334.5789965242	487334.5789965242	487334.5789965242	487334.5789965242	2.051840240157733	1490441783	2251328970	4693201737	1013.6	740.0	330.0	99534109	16672856		ok	cpu/event=0xc0,cmask=1,inv=1/		/home/seunghyun/ycsb/.cache/duckdb_tpch/tpch_sf1.duckdb	/home/seunghyun/ycsb/results/chiplet_duckdb_tpch_sf1_single_thread_q21_madracks-mnode5_20260314T231814Z_2017190/runs/duckdb_tpch/chiplet_x5/inst09/load.stdout.log	/home/seunghyun/ycsb/results/chiplet_duckdb_tpch_sf1_single_thread_q21_madracks-mnode5_20260314T231814Z_2017190/runs/duckdb_tpch/chiplet_x5/inst09/load.stderr.log	/home/seunghyun/ycsb/results/chiplet_duckdb_tpch_sf1_single_thread_q21_madracks-mnode5_20260314T231814Z_2017190/runs/duckdb_tpch/chiplet_x5/inst09/run.stdout.log	/home/seunghyun/ycsb/results/chiplet_duckdb_tpch_sf1_single_thread_q21_madracks-mnode5_20260314T231814Z_2017190/runs/duckdb_tpch/chiplet_x5/inst09/run.stderr.log	/home/seunghyun/ycsb/results/chiplet_duckdb_tpch_sf1_single_thread_q21_madracks-mnode5_20260314T231814Z_2017190/runs/duckdb_tpch/chiplet_x5/inst09/perf.stat	/home/seunghyun/ycsb/results/chiplet_duckdb_tpch_sf1_single_thread_q21_madracks-mnode5_20260314T231814Z_2017190/runs/duckdb_tpch/chiplet_x5/inst09/time.txt		/home/seunghyun/ycsb/results/chiplet_duckdb_tpch_sf1_single_thread_q21_madracks-mnode5_20260314T231814Z_2017190/runs/duckdb_tpch/chiplet_x5
2026-03-14T23:18:19Z	madracks-mnode5	amd	duckdb_tpch	analytic	per_instance_external	NO_RETIRED_INST_CYCLES	user	chiplet_x5	60	10	14	14	0	0	1	False				1						Q21	DUCKDB_TPCH	SF1	0.49595138896256685	2.0163266446169335	queries/s	SUCCESSFUL	1	495922.0899618231	495922.0899618231	495922.0899618231	495922.0899618231	495922.0899618231	495922.0899618231	495922.0899618231	495922.0899618231	2.0163266446169335	1515161893	2275730980	4695374049	1026.28	700.0	390.0	100800215	16578868		ok	cpu/event=0xc0,cmask=1,inv=1/		/home/seunghyun/ycsb/.cache/duckdb_tpch/tpch_sf1.duckdb	/home/seunghyun/ycsb/results/chiplet_duckdb_tpch_sf1_single_thread_q21_madracks-mnode5_20260314T231814Z_2017190/runs/duckdb_tpch/chiplet_x5/inst10/load.stdout.log	/home/seunghyun/ycsb/results/chiplet_duckdb_tpch_sf1_single_thread_q21_madracks-mnode5_20260314T231814Z_2017190/runs/duckdb_tpch/chiplet_x5/inst10/load.stderr.log	/home/seunghyun/ycsb/results/chiplet_duckdb_tpch_sf1_single_thread_q21_madracks-mnode5_20260314T231814Z_2017190/runs/duckdb_tpch/chiplet_x5/inst10/run.stdout.log	/home/seunghyun/ycsb/results/chiplet_duckdb_tpch_sf1_single_thread_q21_madracks-mnode5_20260314T231814Z_2017190/runs/duckdb_tpch/chiplet_x5/inst10/run.stderr.log	/home/seunghyun/ycsb/results/chiplet_duckdb_tpch_sf1_single_thread_q21_madracks-mnode5_20260314T231814Z_2017190/runs/duckdb_tpch/chiplet_x5/inst10/perf.stat	/home/seunghyun/ycsb/results/chiplet_duckdb_tpch_sf1_single_thread_q21_madracks-mnode5_20260314T231814Z_2017190/runs/duckdb_tpch/chiplet_x5/inst10/time.txt		/home/seunghyun/ycsb/results/chiplet_duckdb_tpch_sf1_single_thread_q21_madracks-mnode5_20260314T231814Z_2017190/runs/duckdb_tpch/chiplet_x5
2026-03-14T23:18:19Z	madracks-mnode5	amd	duckdb_tpch	analytic	per_instance_external	NO_RETIRED_INST_CYCLES	user	chiplet_x5	60	11	15	15	0	0	1	False				1						Q21	DUCKDB_TPCH	SF1	0.4882974359788932	2.0479321133343515	queries/s	SUCCESSFUL	1	488256.6759479232	488256.6759479232	488256.6759479232	488256.6759479232	488256.6759479232	488256.6759479232	488256.6759479232	488256.6759479232	2.0479321133343515	1504266477	2262035842	4695823168	1019.38	710.0	380.0	100116841	16548314		ok	cpu/event=0xc0,cmask=1,inv=1/		/home/seunghyun/ycsb/.cache/duckdb_tpch/tpch_sf1.duckdb	/home/seunghyun/ycsb/results/chiplet_duckdb_tpch_sf1_single_thread_q21_madracks-mnode5_20260314T231814Z_2017190/runs/duckdb_tpch/chiplet_x5/inst11/load.stdout.log	/home/seunghyun/ycsb/results/chiplet_duckdb_tpch_sf1_single_thread_q21_madracks-mnode5_20260314T231814Z_2017190/runs/duckdb_tpch/chiplet_x5/inst11/load.stderr.log	/home/seunghyun/ycsb/results/chiplet_duckdb_tpch_sf1_single_thread_q21_madracks-mnode5_20260314T231814Z_2017190/runs/duckdb_tpch/chiplet_x5/inst11/run.stdout.log	/home/seunghyun/ycsb/results/chiplet_duckdb_tpch_sf1_single_thread_q21_madracks-mnode5_20260314T231814Z_2017190/runs/duckdb_tpch/chiplet_x5/inst11/run.stderr.log	/home/seunghyun/ycsb/results/chiplet_duckdb_tpch_sf1_single_thread_q21_madracks-mnode5_20260314T231814Z_2017190/runs/duckdb_tpch/chiplet_x5/inst11/perf.stat	/home/seunghyun/ycsb/results/chiplet_duckdb_tpch_sf1_single_thread_q21_madracks-mnode5_20260314T231814Z_2017190/runs/duckdb_tpch/chiplet_x5/inst11/time.txt		/home/seunghyun/ycsb/results/chiplet_duckdb_tpch_sf1_single_thread_q21_madracks-mnode5_20260314T231814Z_2017190/runs/duckdb_tpch/chiplet_x5
2026-03-14T23:18:19Z	madracks-mnode5	amd	duckdb_tpch	analytic	per_instance_external	NO_RETIRED_INST_CYCLES	user	chiplet_x5	60	12	16	16	0	0	1	False				1						Q21	DUCKDB_TPCH	SF1	0.49424073100090027	2.02330552153173	queries/s	SUCCESSFUL	1	494207.2610137984	494207.2610137984	494207.2610137984	494207.2610137984	494207.2610137984	494207.2610137984	494207.2610137984	494207.2610137984	2.02330552153173	1527273262	2287618065	4695162150	1031.77	700.0	390.0	100818557	16711390		ok	cpu/event=0xc0,cmask=1,inv=1/		/home/seunghyun/ycsb/.cache/duckdb_tpch/tpch_sf1.duckdb	/home/seunghyun/ycsb/results/chiplet_duckdb_tpch_sf1_single_thread_q21_madracks-mnode5_20260314T231814Z_2017190/runs/duckdb_tpch/chiplet_x5/inst12/load.stdout.log	/home/seunghyun/ycsb/results/chiplet_duckdb_tpch_sf1_single_thread_q21_madracks-mnode5_20260314T231814Z_2017190/runs/duckdb_tpch/chiplet_x5/inst12/load.stderr.log	/home/seunghyun/ycsb/results/chiplet_duckdb_tpch_sf1_single_thread_q21_madracks-mnode5_20260314T231814Z_2017190/runs/duckdb_tpch/chiplet_x5/inst12/run.stdout.log	/home/seunghyun/ycsb/results/chiplet_duckdb_tpch_sf1_single_thread_q21_madracks-mnode5_20260314T231814Z_2017190/runs/duckdb_tpch/chiplet_x5/inst12/run.stderr.log	/home/seunghyun/ycsb/results/chiplet_duckdb_tpch_sf1_single_thread_q21_madracks-mnode5_20260314T231814Z_2017190/runs/duckdb_tpch/chiplet_x5/inst12/perf.stat	/home/seunghyun/ycsb/results/chiplet_duckdb_tpch_sf1_single_thread_q21_madracks-mnode5_20260314T231814Z_2017190/runs/duckdb_tpch/chiplet_x5/inst12/time.txt		/home/seunghyun/ycsb/results/chiplet_duckdb_tpch_sf1_single_thread_q21_madracks-mnode5_20260314T231814Z_2017190/runs/duckdb_tpch/chiplet_x5
2026-03-14T23:18:19Z	madracks-mnode5	amd	duckdb_tpch	analytic	per_instance_external	NO_RETIRED_INST_CYCLES	user	chiplet_x5	60	13	17	17	0	0	1	False				1						Q21	DUCKDB_TPCH	SF1	0.49413815198931843	2.023725543097948	queries/s	SUCCESSFUL	1	494107.931968756	494107.931968756	494107.931968756	494107.931968756	494107.931968756	494107.931968756	494107.931968756	494107.931968756	2.023725543097948	1503013545	2263464987	4695419971	1019.62	730.0	360.0	100416704	16532873		ok	cpu/event=0xc0,cmask=1,inv=1/		/home/seunghyun/ycsb/.cache/duckdb_tpch/tpch_sf1.duckdb	/home/seunghyun/ycsb/results/chiplet_duckdb_tpch_sf1_single_thread_q21_madracks-mnode5_20260314T231814Z_2017190/runs/duckdb_tpch/chiplet_x5/inst13/load.stdout.log	/home/seunghyun/ycsb/results/chiplet_duckdb_tpch_sf1_single_thread_q21_madracks-mnode5_20260314T231814Z_2017190/runs/duckdb_tpch/chiplet_x5/inst13/load.stderr.log	/home/seunghyun/ycsb/results/chiplet_duckdb_tpch_sf1_single_thread_q21_madracks-mnode5_20260314T231814Z_2017190/runs/duckdb_tpch/chiplet_x5/inst13/run.stdout.log	/home/seunghyun/ycsb/results/chiplet_duckdb_tpch_sf1_single_thread_q21_madracks-mnode5_20260314T231814Z_2017190/runs/duckdb_tpch/chiplet_x5/inst13/run.stderr.log	/home/seunghyun/ycsb/results/chiplet_duckdb_tpch_sf1_single_thread_q21_madracks-mnode5_20260314T231814Z_2017190/runs/duckdb_tpch/chiplet_x5/inst13/perf.stat	/home/seunghyun/ycsb/results/chiplet_duckdb_tpch_sf1_single_thread_q21_madracks-mnode5_20260314T231814Z_2017190/runs/duckdb_tpch/chiplet_x5/inst13/time.txt		/home/seunghyun/ycsb/results/chiplet_duckdb_tpch_sf1_single_thread_q21_madracks-mnode5_20260314T231814Z_2017190/runs/duckdb_tpch/chiplet_x5
2026-03-14T23:18:19Z	madracks-mnode5	amd	duckdb_tpch	analytic	per_instance_external	NO_RETIRED_INST_CYCLES	user	chiplet_x5	60	14	18	18	0	0	1	False				1						Q21	DUCKDB_TPCH	SF1	0.49353411997435614	2.026202362770703	queries/s	SUCCESSFUL	1	493501.6399831511	493501.6399831511	493501.6399831511	493501.6399831511	493501.6399831511	493501.6399831511	493501.6399831511	493501.6399831511	2.026202362770703	1513448176	2273412267	4694535385	1024.82	680.0	410.0	100560043	16537791		ok	cpu/event=0xc0,cmask=1,inv=1/		/home/seunghyun/ycsb/.cache/duckdb_tpch/tpch_sf1.duckdb	/home/seunghyun/ycsb/results/chiplet_duckdb_tpch_sf1_single_thread_q21_madracks-mnode5_20260314T231814Z_2017190/runs/duckdb_tpch/chiplet_x5/inst14/load.stdout.log	/home/seunghyun/ycsb/results/chiplet_duckdb_tpch_sf1_single_thread_q21_madracks-mnode5_20260314T231814Z_2017190/runs/duckdb_tpch/chiplet_x5/inst14/load.stderr.log	/home/seunghyun/ycsb/results/chiplet_duckdb_tpch_sf1_single_thread_q21_madracks-mnode5_20260314T231814Z_2017190/runs/duckdb_tpch/chiplet_x5/inst14/run.stdout.log	/home/seunghyun/ycsb/results/chiplet_duckdb_tpch_sf1_single_thread_q21_madracks-mnode5_20260314T231814Z_2017190/runs/duckdb_tpch/chiplet_x5/inst14/run.stderr.log	/home/seunghyun/ycsb/results/chiplet_duckdb_tpch_sf1_single_thread_q21_madracks-mnode5_20260314T231814Z_2017190/runs/duckdb_tpch/chiplet_x5/inst14/perf.stat	/home/seunghyun/ycsb/results/chiplet_duckdb_tpch_sf1_single_thread_q21_madracks-mnode5_20260314T231814Z_2017190/runs/duckdb_tpch/chiplet_x5/inst14/time.txt		/home/seunghyun/ycsb/results/chiplet_duckdb_tpch_sf1_single_thread_q21_madracks-mnode5_20260314T231814Z_2017190/runs/duckdb_tpch/chiplet_x5
2026-03-14T23:18:19Z	madracks-mnode5	amd	duckdb_tpch	analytic	per_instance_external	NO_RETIRED_INST_CYCLES	user	chiplet_x5	60	15	21	21	0	0	1	False				1						Q21	DUCKDB_TPCH	SF1	0.4876488840091042	2.0506557746604632	queries/s	SUCCESSFUL	1	487607.9160021618	487607.9160021618	487607.9160021618	487607.9160021618	487607.9160021618	487607.9160021618	487607.9160021618	487607.9160021618	2.0506557746604632	1496271208	2256119289	4692983685	1017.69	730.0	360.0	100400246	16615683		ok	cpu/event=0xc0,cmask=1,inv=1/		/home/seunghyun/ycsb/.cache/duckdb_tpch/tpch_sf1.duckdb	/home/seunghyun/ycsb/results/chiplet_duckdb_tpch_sf1_single_thread_q21_madracks-mnode5_20260314T231814Z_2017190/runs/duckdb_tpch/chiplet_x5/inst15/load.stdout.log	/home/seunghyun/ycsb/results/chiplet_duckdb_tpch_sf1_single_thread_q21_madracks-mnode5_20260314T231814Z_2017190/runs/duckdb_tpch/chiplet_x5/inst15/load.stderr.log	/home/seunghyun/ycsb/results/chiplet_duckdb_tpch_sf1_single_thread_q21_madracks-mnode5_20260314T231814Z_2017190/runs/duckdb_tpch/chiplet_x5/inst15/run.stdout.log	/home/seunghyun/ycsb/results/chiplet_duckdb_tpch_sf1_single_thread_q21_madracks-mnode5_20260314T231814Z_2017190/runs/duckdb_tpch/chiplet_x5/inst15/run.stderr.log	/home/seunghyun/ycsb/results/chiplet_duckdb_tpch_sf1_single_thread_q21_madracks-mnode5_20260314T231814Z_2017190/runs/duckdb_tpch/chiplet_x5/inst15/perf.stat	/home/seunghyun/ycsb/results/chiplet_duckdb_tpch_sf1_single_thread_q21_madracks-mnode5_20260314T231814Z_2017190/runs/duckdb_tpch/chiplet_x5/inst15/time.txt		/home/seunghyun/ycsb/results/chiplet_duckdb_tpch_sf1_single_thread_q21_madracks-mnode5_20260314T231814Z_2017190/runs/duckdb_tpch/chiplet_x5
2026-03-14T23:18:19Z	madracks-mnode5	amd	duckdb_tpch	analytic	per_instance_external	NO_RETIRED_INST_CYCLES	user	chiplet_x5	60	16	22	22	0	0	1	False				1						Q21	DUCKDB_TPCH	SF1	0.48879615997429937	2.0458425861049716	queries/s	SUCCESSFUL	1	488756.4009986818	488756.4009986818	488756.4009986818	488756.4009986818	488756.4009986818	488756.4009986818	488756.4009986818	488756.4009986818	2.0458425861049716	1491610060	2250381291	4692420735	1013.09	670.0	400.0	100423041	16559300		ok	cpu/event=0xc0,cmask=1,inv=1/		/home/seunghyun/ycsb/.cache/duckdb_tpch/tpch_sf1.duckdb	/home/seunghyun/ycsb/results/chiplet_duckdb_tpch_sf1_single_thread_q21_madracks-mnode5_20260314T231814Z_2017190/runs/duckdb_tpch/chiplet_x5/inst16/load.stdout.log	/home/seunghyun/ycsb/results/chiplet_duckdb_tpch_sf1_single_thread_q21_madracks-mnode5_20260314T231814Z_2017190/runs/duckdb_tpch/chiplet_x5/inst16/load.stderr.log	/home/seunghyun/ycsb/results/chiplet_duckdb_tpch_sf1_single_thread_q21_madracks-mnode5_20260314T231814Z_2017190/runs/duckdb_tpch/chiplet_x5/inst16/run.stdout.log	/home/seunghyun/ycsb/results/chiplet_duckdb_tpch_sf1_single_thread_q21_madracks-mnode5_20260314T231814Z_2017190/runs/duckdb_tpch/chiplet_x5/inst16/run.stderr.log	/home/seunghyun/ycsb/results/chiplet_duckdb_tpch_sf1_single_thread_q21_madracks-mnode5_20260314T231814Z_2017190/runs/duckdb_tpch/chiplet_x5/inst16/perf.stat	/home/seunghyun/ycsb/results/chiplet_duckdb_tpch_sf1_single_thread_q21_madracks-mnode5_20260314T231814Z_2017190/runs/duckdb_tpch/chiplet_x5/inst16/time.txt		/home/seunghyun/ycsb/results/chiplet_duckdb_tpch_sf1_single_thread_q21_madracks-mnode5_20260314T231814Z_2017190/runs/duckdb_tpch/chiplet_x5
2026-03-14T23:18:19Z	madracks-mnode5	amd	duckdb_tpch	analytic	per_instance_external	NO_RETIRED_INST_CYCLES	user	chiplet_x5	60	17	23	23	0	0	1	False				1						Q21	DUCKDB_TPCH	SF1	0.4888221799628809	2.0457336859713195	queries/s	SUCCESSFUL	1	488791.4899736643	488791.4899736643	488791.4899736643	488791.4899736643	488791.4899736643	488791.4899736643	488791.4899736643	488791.4899736643	2.0457336859713195	1487630190	2247376175	4693251379	1012.41	710.0	370.0	99996091	16508502		ok	cpu/event=0xc0,cmask=1,inv=1/		/home/seunghyun/ycsb/.cache/duckdb_tpch/tpch_sf1.duckdb	/home/seunghyun/ycsb/results/chiplet_duckdb_tpch_sf1_single_thread_q21_madracks-mnode5_20260314T231814Z_2017190/runs/duckdb_tpch/chiplet_x5/inst17/load.stdout.log	/home/seunghyun/ycsb/results/chiplet_duckdb_tpch_sf1_single_thread_q21_madracks-mnode5_20260314T231814Z_2017190/runs/duckdb_tpch/chiplet_x5/inst17/load.stderr.log	/home/seunghyun/ycsb/results/chiplet_duckdb_tpch_sf1_single_thread_q21_madracks-mnode5_20260314T231814Z_2017190/runs/duckdb_tpch/chiplet_x5/inst17/run.stdout.log	/home/seunghyun/ycsb/results/chiplet_duckdb_tpch_sf1_single_thread_q21_madracks-mnode5_20260314T231814Z_2017190/runs/duckdb_tpch/chiplet_x5/inst17/run.stderr.log	/home/seunghyun/ycsb/results/chiplet_duckdb_tpch_sf1_single_thread_q21_madracks-mnode5_20260314T231814Z_2017190/runs/duckdb_tpch/chiplet_x5/inst17/perf.stat	/home/seunghyun/ycsb/results/chiplet_duckdb_tpch_sf1_single_thread_q21_madracks-mnode5_20260314T231814Z_2017190/runs/duckdb_tpch/chiplet_x5/inst17/time.txt		/home/seunghyun/ycsb/results/chiplet_duckdb_tpch_sf1_single_thread_q21_madracks-mnode5_20260314T231814Z_2017190/runs/duckdb_tpch/chiplet_x5
2026-03-14T23:18:19Z	madracks-mnode5	amd	duckdb_tpch	analytic	per_instance_external	NO_RETIRED_INST_CYCLES	user	chiplet_x5	60	18	24	24	0	0	1	False				1						Q21	DUCKDB_TPCH	SF1	0.48959468997782096	2.0425058124002544	queries/s	SUCCESSFUL	1	489561.0300009139	489561.0300009139	489561.0300009139	489561.0300009139	489561.0300009139	489561.0300009139	489561.0300009139	489561.0300009139	2.0425058124002544	1511855503	2271238074	4695212695	1024.2	730.0	360.0	100459126	16534675		ok	cpu/event=0xc0,cmask=1,inv=1/		/home/seunghyun/ycsb/.cache/duckdb_tpch/tpch_sf1.duckdb	/home/seunghyun/ycsb/results/chiplet_duckdb_tpch_sf1_single_thread_q21_madracks-mnode5_20260314T231814Z_2017190/runs/duckdb_tpch/chiplet_x5/inst18/load.stdout.log	/home/seunghyun/ycsb/results/chiplet_duckdb_tpch_sf1_single_thread_q21_madracks-mnode5_20260314T231814Z_2017190/runs/duckdb_tpch/chiplet_x5/inst18/load.stderr.log	/home/seunghyun/ycsb/results/chiplet_duckdb_tpch_sf1_single_thread_q21_madracks-mnode5_20260314T231814Z_2017190/runs/duckdb_tpch/chiplet_x5/inst18/run.stdout.log	/home/seunghyun/ycsb/results/chiplet_duckdb_tpch_sf1_single_thread_q21_madracks-mnode5_20260314T231814Z_2017190/runs/duckdb_tpch/chiplet_x5/inst18/run.stderr.log	/home/seunghyun/ycsb/results/chiplet_duckdb_tpch_sf1_single_thread_q21_madracks-mnode5_20260314T231814Z_2017190/runs/duckdb_tpch/chiplet_x5/inst18/perf.stat	/home/seunghyun/ycsb/results/chiplet_duckdb_tpch_sf1_single_thread_q21_madracks-mnode5_20260314T231814Z_2017190/runs/duckdb_tpch/chiplet_x5/inst18/time.txt		/home/seunghyun/ycsb/results/chiplet_duckdb_tpch_sf1_single_thread_q21_madracks-mnode5_20260314T231814Z_2017190/runs/duckdb_tpch/chiplet_x5
2026-03-14T23:18:19Z	madracks-mnode5	amd	duckdb_tpch	analytic	per_instance_external	NO_RETIRED_INST_CYCLES	user	chiplet_x5	60	19	25	25	0	0	1	False				1						Q21	DUCKDB_TPCH	SF1	0.49128487799316645	2.035478893803667	queries/s	SUCCESSFUL	1	491250.4489766434	491250.4489766434	491250.4489766434	491250.4489766434	491250.4489766434	491250.4489766434	491250.4489766434	491250.4489766434	2.035478893803667	1502669854	2264042336	4695244994	1021.01	690.0	390.0	100259804	16647588		ok	cpu/event=0xc0,cmask=1,inv=1/		/home/seunghyun/ycsb/.cache/duckdb_tpch/tpch_sf1.duckdb	/home/seunghyun/ycsb/results/chiplet_duckdb_tpch_sf1_single_thread_q21_madracks-mnode5_20260314T231814Z_2017190/runs/duckdb_tpch/chiplet_x5/inst19/load.stdout.log	/home/seunghyun/ycsb/results/chiplet_duckdb_tpch_sf1_single_thread_q21_madracks-mnode5_20260314T231814Z_2017190/runs/duckdb_tpch/chiplet_x5/inst19/load.stderr.log	/home/seunghyun/ycsb/results/chiplet_duckdb_tpch_sf1_single_thread_q21_madracks-mnode5_20260314T231814Z_2017190/runs/duckdb_tpch/chiplet_x5/inst19/run.stdout.log	/home/seunghyun/ycsb/results/chiplet_duckdb_tpch_sf1_single_thread_q21_madracks-mnode5_20260314T231814Z_2017190/runs/duckdb_tpch/chiplet_x5/inst19/run.stderr.log	/home/seunghyun/ycsb/results/chiplet_duckdb_tpch_sf1_single_thread_q21_madracks-mnode5_20260314T231814Z_2017190/runs/duckdb_tpch/chiplet_x5/inst19/perf.stat	/home/seunghyun/ycsb/results/chiplet_duckdb_tpch_sf1_single_thread_q21_madracks-mnode5_20260314T231814Z_2017190/runs/duckdb_tpch/chiplet_x5/inst19/time.txt		/home/seunghyun/ycsb/results/chiplet_duckdb_tpch_sf1_single_thread_q21_madracks-mnode5_20260314T231814Z_2017190/runs/duckdb_tpch/chiplet_x5
2026-03-14T23:18:19Z	madracks-mnode5	amd	duckdb_tpch	analytic	per_instance_external	NO_RETIRED_INST_CYCLES	user	chiplet_x5	60	20	28	28	0	0	1	False				1						Q21	DUCKDB_TPCH	SF1	0.4898470570333302	2.041453522363324	queries/s	SUCCESSFUL	1	489804.3069988489	489804.3069988489	489804.3069988489	489804.3069988489	489804.3069988489	489804.3069988489	489804.3069988489	489804.3069988489	2.041453522363324	1505045290	2264633278	4694866314	1020.31	730.0	340.0	100138912	16718456		ok	cpu/event=0xc0,cmask=1,inv=1/		/home/seunghyun/ycsb/.cache/duckdb_tpch/tpch_sf1.duckdb	/home/seunghyun/ycsb/results/chiplet_duckdb_tpch_sf1_single_thread_q21_madracks-mnode5_20260314T231814Z_2017190/runs/duckdb_tpch/chiplet_x5/inst20/load.stdout.log	/home/seunghyun/ycsb/results/chiplet_duckdb_tpch_sf1_single_thread_q21_madracks-mnode5_20260314T231814Z_2017190/runs/duckdb_tpch/chiplet_x5/inst20/load.stderr.log	/home/seunghyun/ycsb/results/chiplet_duckdb_tpch_sf1_single_thread_q21_madracks-mnode5_20260314T231814Z_2017190/runs/duckdb_tpch/chiplet_x5/inst20/run.stdout.log	/home/seunghyun/ycsb/results/chiplet_duckdb_tpch_sf1_single_thread_q21_madracks-mnode5_20260314T231814Z_2017190/runs/duckdb_tpch/chiplet_x5/inst20/run.stderr.log	/home/seunghyun/ycsb/results/chiplet_duckdb_tpch_sf1_single_thread_q21_madracks-mnode5_20260314T231814Z_2017190/runs/duckdb_tpch/chiplet_x5/inst20/perf.stat	/home/seunghyun/ycsb/results/chiplet_duckdb_tpch_sf1_single_thread_q21_madracks-mnode5_20260314T231814Z_2017190/runs/duckdb_tpch/chiplet_x5/inst20/time.txt		/home/seunghyun/ycsb/results/chiplet_duckdb_tpch_sf1_single_thread_q21_madracks-mnode5_20260314T231814Z_2017190/runs/duckdb_tpch/chiplet_x5
2026-03-14T23:18:19Z	madracks-mnode5	amd	duckdb_tpch	analytic	per_instance_external	NO_RETIRED_INST_CYCLES	user	chiplet_x5	60	21	29	29	0	0	1	False				1						Q21	DUCKDB_TPCH	SF1	0.4867095170193352	2.0546136145520935	queries/s	SUCCESSFUL	1	486678.337038029	486678.337038029	486678.337038029	486678.337038029	486678.337038029	486678.337038029	486678.337038029	486678.337038029	2.0546136145520935	1495463170	2255076141	4695436544	1015.92	660.0	410.0	100047271	16571657		ok	cpu/event=0xc0,cmask=1,inv=1/		/home/seunghyun/ycsb/.cache/duckdb_tpch/tpch_sf1.duckdb	/home/seunghyun/ycsb/results/chiplet_duckdb_tpch_sf1_single_thread_q21_madracks-mnode5_20260314T231814Z_2017190/runs/duckdb_tpch/chiplet_x5/inst21/load.stdout.log	/home/seunghyun/ycsb/results/chiplet_duckdb_tpch_sf1_single_thread_q21_madracks-mnode5_20260314T231814Z_2017190/runs/duckdb_tpch/chiplet_x5/inst21/load.stderr.log	/home/seunghyun/ycsb/results/chiplet_duckdb_tpch_sf1_single_thread_q21_madracks-mnode5_20260314T231814Z_2017190/runs/duckdb_tpch/chiplet_x5/inst21/run.stdout.log	/home/seunghyun/ycsb/results/chiplet_duckdb_tpch_sf1_single_thread_q21_madracks-mnode5_20260314T231814Z_2017190/runs/duckdb_tpch/chiplet_x5/inst21/run.stderr.log	/home/seunghyun/ycsb/results/chiplet_duckdb_tpch_sf1_single_thread_q21_madracks-mnode5_20260314T231814Z_2017190/runs/duckdb_tpch/chiplet_x5/inst21/perf.stat	/home/seunghyun/ycsb/results/chiplet_duckdb_tpch_sf1_single_thread_q21_madracks-mnode5_20260314T231814Z_2017190/runs/duckdb_tpch/chiplet_x5/inst21/time.txt		/home/seunghyun/ycsb/results/chiplet_duckdb_tpch_sf1_single_thread_q21_madracks-mnode5_20260314T231814Z_2017190/runs/duckdb_tpch/chiplet_x5
2026-03-14T23:18:19Z	madracks-mnode5	amd	duckdb_tpch	analytic	per_instance_external	NO_RETIRED_INST_CYCLES	user	chiplet_x5	60	22	30	30	0	0	1	False				1						Q21	DUCKDB_TPCH	SF1	0.48915551498066634	2.044339620784046	queries/s	SUCCESSFUL	1	489124.2750454694	489124.2750454694	489124.2750454694	489124.2750454694	489124.2750454694	489124.2750454694	489124.2750454694	489124.2750454694	2.044339620784046	1527931373	2287832376	4695422227	1032.59	730.0	360.0	100682808	16673701		ok	cpu/event=0xc0,cmask=1,inv=1/		/home/seunghyun/ycsb/.cache/duckdb_tpch/tpch_sf1.duckdb	/home/seunghyun/ycsb/results/chiplet_duckdb_tpch_sf1_single_thread_q21_madracks-mnode5_20260314T231814Z_2017190/runs/duckdb_tpch/chiplet_x5/inst22/load.stdout.log	/home/seunghyun/ycsb/results/chiplet_duckdb_tpch_sf1_single_thread_q21_madracks-mnode5_20260314T231814Z_2017190/runs/duckdb_tpch/chiplet_x5/inst22/load.stderr.log	/home/seunghyun/ycsb/results/chiplet_duckdb_tpch_sf1_single_thread_q21_madracks-mnode5_20260314T231814Z_2017190/runs/duckdb_tpch/chiplet_x5/inst22/run.stdout.log	/home/seunghyun/ycsb/results/chiplet_duckdb_tpch_sf1_single_thread_q21_madracks-mnode5_20260314T231814Z_2017190/runs/duckdb_tpch/chiplet_x5/inst22/run.stderr.log	/home/seunghyun/ycsb/results/chiplet_duckdb_tpch_sf1_single_thread_q21_madracks-mnode5_20260314T231814Z_2017190/runs/duckdb_tpch/chiplet_x5/inst22/perf.stat	/home/seunghyun/ycsb/results/chiplet_duckdb_tpch_sf1_single_thread_q21_madracks-mnode5_20260314T231814Z_2017190/runs/duckdb_tpch/chiplet_x5/inst22/time.txt		/home/seunghyun/ycsb/results/chiplet_duckdb_tpch_sf1_single_thread_q21_madracks-mnode5_20260314T231814Z_2017190/runs/duckdb_tpch/chiplet_x5
2026-03-14T23:18:19Z	madracks-mnode5	amd	duckdb_tpch	analytic	per_instance_external	NO_RETIRED_INST_CYCLES	user	chiplet_x5	60	23	31	31	0	0	1	False				1						Q21	DUCKDB_TPCH	SF1	0.4909587019938044	2.036831195656492	queries/s	SUCCESSFUL	1	490927.17200983316	490927.17200983316	490927.17200983316	490927.17200983316	490927.17200983316	490927.17200983316	490927.17200983316	490927.17200983316	2.036831195656492	1518589229	2277836614	4694871455	1026.74	750.0	340.0	100485953	16529483		ok	cpu/event=0xc0,cmask=1,inv=1/		/home/seunghyun/ycsb/.cache/duckdb_tpch/tpch_sf1.duckdb	/home/seunghyun/ycsb/results/chiplet_duckdb_tpch_sf1_single_thread_q21_madracks-mnode5_20260314T231814Z_2017190/runs/duckdb_tpch/chiplet_x5/inst23/load.stdout.log	/home/seunghyun/ycsb/results/chiplet_duckdb_tpch_sf1_single_thread_q21_madracks-mnode5_20260314T231814Z_2017190/runs/duckdb_tpch/chiplet_x5/inst23/load.stderr.log	/home/seunghyun/ycsb/results/chiplet_duckdb_tpch_sf1_single_thread_q21_madracks-mnode5_20260314T231814Z_2017190/runs/duckdb_tpch/chiplet_x5/inst23/run.stdout.log	/home/seunghyun/ycsb/results/chiplet_duckdb_tpch_sf1_single_thread_q21_madracks-mnode5_20260314T231814Z_2017190/runs/duckdb_tpch/chiplet_x5/inst23/run.stderr.log	/home/seunghyun/ycsb/results/chiplet_duckdb_tpch_sf1_single_thread_q21_madracks-mnode5_20260314T231814Z_2017190/runs/duckdb_tpch/chiplet_x5/inst23/perf.stat	/home/seunghyun/ycsb/results/chiplet_duckdb_tpch_sf1_single_thread_q21_madracks-mnode5_20260314T231814Z_2017190/runs/duckdb_tpch/chiplet_x5/inst23/time.txt		/home/seunghyun/ycsb/results/chiplet_duckdb_tpch_sf1_single_thread_q21_madracks-mnode5_20260314T231814Z_2017190/runs/duckdb_tpch/chiplet_x5
2026-03-14T23:18:19Z	madracks-mnode5	amd	duckdb_tpch	analytic	per_instance_external	NO_RETIRED_INST_CYCLES	user	chiplet_x5	60	24	32	32	0	0	1	False				1						Q21	DUCKDB_TPCH	SF1	0.48432710696943104	2.06472028017857	queries/s	SUCCESSFUL	1	484251.077985391	484251.077985391	484251.077985391	484251.077985391	484251.077985391	484251.077985391	484251.077985391	484251.077985391	2.06472028017857	1503558613	2263087599	4692976253	1019.8	720.0	360.0	99953504	16585754		ok	cpu/event=0xc0,cmask=1,inv=1/		/home/seunghyun/ycsb/.cache/duckdb_tpch/tpch_sf1.duckdb	/home/seunghyun/ycsb/results/chiplet_duckdb_tpch_sf1_single_thread_q21_madracks-mnode5_20260314T231814Z_2017190/runs/duckdb_tpch/chiplet_x5/inst24/load.stdout.log	/home/seunghyun/ycsb/results/chiplet_duckdb_tpch_sf1_single_thread_q21_madracks-mnode5_20260314T231814Z_2017190/runs/duckdb_tpch/chiplet_x5/inst24/load.stderr.log	/home/seunghyun/ycsb/results/chiplet_duckdb_tpch_sf1_single_thread_q21_madracks-mnode5_20260314T231814Z_2017190/runs/duckdb_tpch/chiplet_x5/inst24/run.stdout.log	/home/seunghyun/ycsb/results/chiplet_duckdb_tpch_sf1_single_thread_q21_madracks-mnode5_20260314T231814Z_2017190/runs/duckdb_tpch/chiplet_x5/inst24/run.stderr.log	/home/seunghyun/ycsb/results/chiplet_duckdb_tpch_sf1_single_thread_q21_madracks-mnode5_20260314T231814Z_2017190/runs/duckdb_tpch/chiplet_x5/inst24/perf.stat	/home/seunghyun/ycsb/results/chiplet_duckdb_tpch_sf1_single_thread_q21_madracks-mnode5_20260314T231814Z_2017190/runs/duckdb_tpch/chiplet_x5/inst24/time.txt		/home/seunghyun/ycsb/results/chiplet_duckdb_tpch_sf1_single_thread_q21_madracks-mnode5_20260314T231814Z_2017190/runs/duckdb_tpch/chiplet_x5
2026-03-14T23:18:19Z	madracks-mnode5	amd	duckdb_tpch	analytic	per_instance_external	NO_RETIRED_INST_CYCLES	user	chiplet_x5	60	25	35	35	0	0	1	False				1						Q21	DUCKDB_TPCH	SF1	0.4928086979780346	2.0291849638671997	queries/s	SUCCESSFUL	1	492775.71897255257	492775.71897255257	492775.71897255257	492775.71897255257	492775.71897255257	492775.71897255257	492775.71897255257	492775.71897255257	2.0291849638671997	1513682840	2273572679	4694006853	1025.3	710.0	380.0	100907282	16454298		ok	cpu/event=0xc0,cmask=1,inv=1/		/home/seunghyun/ycsb/.cache/duckdb_tpch/tpch_sf1.duckdb	/home/seunghyun/ycsb/results/chiplet_duckdb_tpch_sf1_single_thread_q21_madracks-mnode5_20260314T231814Z_2017190/runs/duckdb_tpch/chiplet_x5/inst25/load.stdout.log	/home/seunghyun/ycsb/results/chiplet_duckdb_tpch_sf1_single_thread_q21_madracks-mnode5_20260314T231814Z_2017190/runs/duckdb_tpch/chiplet_x5/inst25/load.stderr.log	/home/seunghyun/ycsb/results/chiplet_duckdb_tpch_sf1_single_thread_q21_madracks-mnode5_20260314T231814Z_2017190/runs/duckdb_tpch/chiplet_x5/inst25/run.stdout.log	/home/seunghyun/ycsb/results/chiplet_duckdb_tpch_sf1_single_thread_q21_madracks-mnode5_20260314T231814Z_2017190/runs/duckdb_tpch/chiplet_x5/inst25/run.stderr.log	/home/seunghyun/ycsb/results/chiplet_duckdb_tpch_sf1_single_thread_q21_madracks-mnode5_20260314T231814Z_2017190/runs/duckdb_tpch/chiplet_x5/inst25/perf.stat	/home/seunghyun/ycsb/results/chiplet_duckdb_tpch_sf1_single_thread_q21_madracks-mnode5_20260314T231814Z_2017190/runs/duckdb_tpch/chiplet_x5/inst25/time.txt		/home/seunghyun/ycsb/results/chiplet_duckdb_tpch_sf1_single_thread_q21_madracks-mnode5_20260314T231814Z_2017190/runs/duckdb_tpch/chiplet_x5
2026-03-14T23:18:19Z	madracks-mnode5	amd	duckdb_tpch	analytic	per_instance_external	NO_RETIRED_INST_CYCLES	user	chiplet_x5	60	26	36	36	0	0	1	False				1						Q21	DUCKDB_TPCH	SF1	0.49100736202672124	2.036629340693223	queries/s	SUCCESSFUL	1	490965.6420350075	490965.6420350075	490965.6420350075	490965.6420350075	490965.6420350075	490965.6420350075	490965.6420350075	490965.6420350075	2.036629340693223	1535671468	2295377861	4694629289	1035.03	760.0	340.0	100629243	16671839		ok	cpu/event=0xc0,cmask=1,inv=1/		/home/seunghyun/ycsb/.cache/duckdb_tpch/tpch_sf1.duckdb	/home/seunghyun/ycsb/results/chiplet_duckdb_tpch_sf1_single_thread_q21_madracks-mnode5_20260314T231814Z_2017190/runs/duckdb_tpch/chiplet_x5/inst26/load.stdout.log	/home/seunghyun/ycsb/results/chiplet_duckdb_tpch_sf1_single_thread_q21_madracks-mnode5_20260314T231814Z_2017190/runs/duckdb_tpch/chiplet_x5/inst26/load.stderr.log	/home/seunghyun/ycsb/results/chiplet_duckdb_tpch_sf1_single_thread_q21_madracks-mnode5_20260314T231814Z_2017190/runs/duckdb_tpch/chiplet_x5/inst26/run.stdout.log	/home/seunghyun/ycsb/results/chiplet_duckdb_tpch_sf1_single_thread_q21_madracks-mnode5_20260314T231814Z_2017190/runs/duckdb_tpch/chiplet_x5/inst26/run.stderr.log	/home/seunghyun/ycsb/results/chiplet_duckdb_tpch_sf1_single_thread_q21_madracks-mnode5_20260314T231814Z_2017190/runs/duckdb_tpch/chiplet_x5/inst26/perf.stat	/home/seunghyun/ycsb/results/chiplet_duckdb_tpch_sf1_single_thread_q21_madracks-mnode5_20260314T231814Z_2017190/runs/duckdb_tpch/chiplet_x5/inst26/time.txt		/home/seunghyun/ycsb/results/chiplet_duckdb_tpch_sf1_single_thread_q21_madracks-mnode5_20260314T231814Z_2017190/runs/duckdb_tpch/chiplet_x5
2026-03-14T23:18:19Z	madracks-mnode5	amd	duckdb_tpch	analytic	per_instance_external	NO_RETIRED_INST_CYCLES	user	chiplet_x5	60	27	37	37	0	0	1	False				1						Q21	DUCKDB_TPCH	SF1	0.49384306598221883	2.024934779657321	queries/s	SUCCESSFUL	1	493812.9759975709	493812.9759975709	493812.9759975709	493812.9759975709	493812.9759975709	493812.9759975709	493812.9759975709	493812.9759975709	2.024934779657321	1511497176	2270415127	4694146236	1023.06	700.0	390.0	99734495	16555529		ok	cpu/event=0xc0,cmask=1,inv=1/		/home/seunghyun/ycsb/.cache/duckdb_tpch/tpch_sf1.duckdb	/home/seunghyun/ycsb/results/chiplet_duckdb_tpch_sf1_single_thread_q21_madracks-mnode5_20260314T231814Z_2017190/runs/duckdb_tpch/chiplet_x5/inst27/load.stdout.log	/home/seunghyun/ycsb/results/chiplet_duckdb_tpch_sf1_single_thread_q21_madracks-mnode5_20260314T231814Z_2017190/runs/duckdb_tpch/chiplet_x5/inst27/load.stderr.log	/home/seunghyun/ycsb/results/chiplet_duckdb_tpch_sf1_single_thread_q21_madracks-mnode5_20260314T231814Z_2017190/runs/duckdb_tpch/chiplet_x5/inst27/run.stdout.log	/home/seunghyun/ycsb/results/chiplet_duckdb_tpch_sf1_single_thread_q21_madracks-mnode5_20260314T231814Z_2017190/runs/duckdb_tpch/chiplet_x5/inst27/run.stderr.log	/home/seunghyun/ycsb/results/chiplet_duckdb_tpch_sf1_single_thread_q21_madracks-mnode5_20260314T231814Z_2017190/runs/duckdb_tpch/chiplet_x5/inst27/perf.stat	/home/seunghyun/ycsb/results/chiplet_duckdb_tpch_sf1_single_thread_q21_madracks-mnode5_20260314T231814Z_2017190/runs/duckdb_tpch/chiplet_x5/inst27/time.txt		/home/seunghyun/ycsb/results/chiplet_duckdb_tpch_sf1_single_thread_q21_madracks-mnode5_20260314T231814Z_2017190/runs/duckdb_tpch/chiplet_x5
2026-03-14T23:18:19Z	madracks-mnode5	amd	duckdb_tpch	analytic	per_instance_external	NO_RETIRED_INST_CYCLES	user	chiplet_x5	60	28	38	38	0	0	1	False				1						Q21	DUCKDB_TPCH	SF1	0.49317450396483764	2.0276798414366084	queries/s	SUCCESSFUL	1	493131.6840229556	493131.6840229556	493131.6840229556	493131.6840229556	493131.6840229556	493131.6840229556	493131.6840229556	493131.6840229556	2.0276798414366084	1511529054	2271953378	4695674225	1023.18	690.0	400.0	100149189	16532383		ok	cpu/event=0xc0,cmask=1,inv=1/		/home/seunghyun/ycsb/.cache/duckdb_tpch/tpch_sf1.duckdb	/home/seunghyun/ycsb/results/chiplet_duckdb_tpch_sf1_single_thread_q21_madracks-mnode5_20260314T231814Z_2017190/runs/duckdb_tpch/chiplet_x5/inst28/load.stdout.log	/home/seunghyun/ycsb/results/chiplet_duckdb_tpch_sf1_single_thread_q21_madracks-mnode5_20260314T231814Z_2017190/runs/duckdb_tpch/chiplet_x5/inst28/load.stderr.log	/home/seunghyun/ycsb/results/chiplet_duckdb_tpch_sf1_single_thread_q21_madracks-mnode5_20260314T231814Z_2017190/runs/duckdb_tpch/chiplet_x5/inst28/run.stdout.log	/home/seunghyun/ycsb/results/chiplet_duckdb_tpch_sf1_single_thread_q21_madracks-mnode5_20260314T231814Z_2017190/runs/duckdb_tpch/chiplet_x5/inst28/run.stderr.log	/home/seunghyun/ycsb/results/chiplet_duckdb_tpch_sf1_single_thread_q21_madracks-mnode5_20260314T231814Z_2017190/runs/duckdb_tpch/chiplet_x5/inst28/perf.stat	/home/seunghyun/ycsb/results/chiplet_duckdb_tpch_sf1_single_thread_q21_madracks-mnode5_20260314T231814Z_2017190/runs/duckdb_tpch/chiplet_x5/inst28/time.txt		/home/seunghyun/ycsb/results/chiplet_duckdb_tpch_sf1_single_thread_q21_madracks-mnode5_20260314T231814Z_2017190/runs/duckdb_tpch/chiplet_x5
2026-03-14T23:18:19Z	madracks-mnode5	amd	duckdb_tpch	analytic	per_instance_external	NO_RETIRED_INST_CYCLES	user	chiplet_x5	60	29	39	39	0	0	1	False				1						Q21	DUCKDB_TPCH	SF1	0.4939024050254375	2.024691497399161	queries/s	SUCCESSFUL	1	493873.22599068284	493873.22599068284	493873.22599068284	493873.22599068284	493873.22599068284	493873.22599068284	493873.22599068284	493873.22599068284	2.024691497399161	1532622278	2294450840	4698337974	1035.79	710.0	380.0	100665777	16597128		ok	cpu/event=0xc0,cmask=1,inv=1/		/home/seunghyun/ycsb/.cache/duckdb_tpch/tpch_sf1.duckdb	/home/seunghyun/ycsb/results/chiplet_duckdb_tpch_sf1_single_thread_q21_madracks-mnode5_20260314T231814Z_2017190/runs/duckdb_tpch/chiplet_x5/inst29/load.stdout.log	/home/seunghyun/ycsb/results/chiplet_duckdb_tpch_sf1_single_thread_q21_madracks-mnode5_20260314T231814Z_2017190/runs/duckdb_tpch/chiplet_x5/inst29/load.stderr.log	/home/seunghyun/ycsb/results/chiplet_duckdb_tpch_sf1_single_thread_q21_madracks-mnode5_20260314T231814Z_2017190/runs/duckdb_tpch/chiplet_x5/inst29/run.stdout.log	/home/seunghyun/ycsb/results/chiplet_duckdb_tpch_sf1_single_thread_q21_madracks-mnode5_20260314T231814Z_2017190/runs/duckdb_tpch/chiplet_x5/inst29/run.stderr.log	/home/seunghyun/ycsb/results/chiplet_duckdb_tpch_sf1_single_thread_q21_madracks-mnode5_20260314T231814Z_2017190/runs/duckdb_tpch/chiplet_x5/inst29/perf.stat	/home/seunghyun/ycsb/results/chiplet_duckdb_tpch_sf1_single_thread_q21_madracks-mnode5_20260314T231814Z_2017190/runs/duckdb_tpch/chiplet_x5/inst29/time.txt		/home/seunghyun/ycsb/results/chiplet_duckdb_tpch_sf1_single_thread_q21_madracks-mnode5_20260314T231814Z_2017190/runs/duckdb_tpch/chiplet_x5
2026-03-14T23:18:19Z	madracks-mnode5	amd	duckdb_tpch	analytic	per_instance_external	NO_RETIRED_INST_CYCLES	user	chiplet_x5	60	30	42	42	0	0	1	False				1						Q21	DUCKDB_TPCH	SF1	0.4877486939658411	2.05023614080663	queries/s	SUCCESSFUL	1	487708.03300431	487708.03300431	487708.03300431	487708.03300431	487708.03300431	487708.03300431	487708.03300431	487708.03300431	2.05023614080663	1523132513	2281943436	4694122293	1029.14	720.0	370.0	99967685	16663446		ok	cpu/event=0xc0,cmask=1,inv=1/		/home/seunghyun/ycsb/.cache/duckdb_tpch/tpch_sf1.duckdb	/home/seunghyun/ycsb/results/chiplet_duckdb_tpch_sf1_single_thread_q21_madracks-mnode5_20260314T231814Z_2017190/runs/duckdb_tpch/chiplet_x5/inst30/load.stdout.log	/home/seunghyun/ycsb/results/chiplet_duckdb_tpch_sf1_single_thread_q21_madracks-mnode5_20260314T231814Z_2017190/runs/duckdb_tpch/chiplet_x5/inst30/load.stderr.log	/home/seunghyun/ycsb/results/chiplet_duckdb_tpch_sf1_single_thread_q21_madracks-mnode5_20260314T231814Z_2017190/runs/duckdb_tpch/chiplet_x5/inst30/run.stdout.log	/home/seunghyun/ycsb/results/chiplet_duckdb_tpch_sf1_single_thread_q21_madracks-mnode5_20260314T231814Z_2017190/runs/duckdb_tpch/chiplet_x5/inst30/run.stderr.log	/home/seunghyun/ycsb/results/chiplet_duckdb_tpch_sf1_single_thread_q21_madracks-mnode5_20260314T231814Z_2017190/runs/duckdb_tpch/chiplet_x5/inst30/perf.stat	/home/seunghyun/ycsb/results/chiplet_duckdb_tpch_sf1_single_thread_q21_madracks-mnode5_20260314T231814Z_2017190/runs/duckdb_tpch/chiplet_x5/inst30/time.txt		/home/seunghyun/ycsb/results/chiplet_duckdb_tpch_sf1_single_thread_q21_madracks-mnode5_20260314T231814Z_2017190/runs/duckdb_tpch/chiplet_x5
2026-03-14T23:18:19Z	madracks-mnode5	amd	duckdb_tpch	analytic	per_instance_external	NO_RETIRED_INST_CYCLES	user	chiplet_x5	60	31	43	43	0	0	1	False				1						Q21	DUCKDB_TPCH	SF1	0.4887928700190969	2.0458563562126644	queries/s	SUCCESSFUL	1	488760.5599942617	488760.5599942617	488760.5599942617	488760.5599942617	488760.5599942617	488760.5599942617	488760.5599942617	488760.5599942617	2.0458563562126644	1521053281	2281364061	4696547776	1028.84	690.0	410.0	100060105	16553537		ok	cpu/event=0xc0,cmask=1,inv=1/		/home/seunghyun/ycsb/.cache/duckdb_tpch/tpch_sf1.duckdb	/home/seunghyun/ycsb/results/chiplet_duckdb_tpch_sf1_single_thread_q21_madracks-mnode5_20260314T231814Z_2017190/runs/duckdb_tpch/chiplet_x5/inst31/load.stdout.log	/home/seunghyun/ycsb/results/chiplet_duckdb_tpch_sf1_single_thread_q21_madracks-mnode5_20260314T231814Z_2017190/runs/duckdb_tpch/chiplet_x5/inst31/load.stderr.log	/home/seunghyun/ycsb/results/chiplet_duckdb_tpch_sf1_single_thread_q21_madracks-mnode5_20260314T231814Z_2017190/runs/duckdb_tpch/chiplet_x5/inst31/run.stdout.log	/home/seunghyun/ycsb/results/chiplet_duckdb_tpch_sf1_single_thread_q21_madracks-mnode5_20260314T231814Z_2017190/runs/duckdb_tpch/chiplet_x5/inst31/run.stderr.log	/home/seunghyun/ycsb/results/chiplet_duckdb_tpch_sf1_single_thread_q21_madracks-mnode5_20260314T231814Z_2017190/runs/duckdb_tpch/chiplet_x5/inst31/perf.stat	/home/seunghyun/ycsb/results/chiplet_duckdb_tpch_sf1_single_thread_q21_madracks-mnode5_20260314T231814Z_2017190/runs/duckdb_tpch/chiplet_x5/inst31/time.txt		/home/seunghyun/ycsb/results/chiplet_duckdb_tpch_sf1_single_thread_q21_madracks-mnode5_20260314T231814Z_2017190/runs/duckdb_tpch/chiplet_x5
2026-03-14T23:18:19Z	madracks-mnode5	amd	duckdb_tpch	analytic	per_instance_external	NO_RETIRED_INST_CYCLES	user	chiplet_x5	60	32	44	44	0	0	1	False				1						Q21	DUCKDB_TPCH	SF1	0.4953925359877758	2.0186012653704495	queries/s	SUCCESSFUL	1	495363.0469972268	495363.0469972268	495363.0469972268	495363.0469972268	495363.0469972268	495363.0469972268	495363.0469972268	495363.0469972268	2.0186012653704495	1505190463	2265206483	4694783935	1019.68	620.0	470.0	100504558	16511535		ok	cpu/event=0xc0,cmask=1,inv=1/		/home/seunghyun/ycsb/.cache/duckdb_tpch/tpch_sf1.duckdb	/home/seunghyun/ycsb/results/chiplet_duckdb_tpch_sf1_single_thread_q21_madracks-mnode5_20260314T231814Z_2017190/runs/duckdb_tpch/chiplet_x5/inst32/load.stdout.log	/home/seunghyun/ycsb/results/chiplet_duckdb_tpch_sf1_single_thread_q21_madracks-mnode5_20260314T231814Z_2017190/runs/duckdb_tpch/chiplet_x5/inst32/load.stderr.log	/home/seunghyun/ycsb/results/chiplet_duckdb_tpch_sf1_single_thread_q21_madracks-mnode5_20260314T231814Z_2017190/runs/duckdb_tpch/chiplet_x5/inst32/run.stdout.log	/home/seunghyun/ycsb/results/chiplet_duckdb_tpch_sf1_single_thread_q21_madracks-mnode5_20260314T231814Z_2017190/runs/duckdb_tpch/chiplet_x5/inst32/run.stderr.log	/home/seunghyun/ycsb/results/chiplet_duckdb_tpch_sf1_single_thread_q21_madracks-mnode5_20260314T231814Z_2017190/runs/duckdb_tpch/chiplet_x5/inst32/perf.stat	/home/seunghyun/ycsb/results/chiplet_duckdb_tpch_sf1_single_thread_q21_madracks-mnode5_20260314T231814Z_2017190/runs/duckdb_tpch/chiplet_x5/inst32/time.txt		/home/seunghyun/ycsb/results/chiplet_duckdb_tpch_sf1_single_thread_q21_madracks-mnode5_20260314T231814Z_2017190/runs/duckdb_tpch/chiplet_x5
2026-03-14T23:18:19Z	madracks-mnode5	amd	duckdb_tpch	analytic	per_instance_external	NO_RETIRED_INST_CYCLES	user	chiplet_x5	60	33	45	45	0	0	1	False				1						Q21	DUCKDB_TPCH	SF1	0.493265111988876	2.027307376286835	queries/s	SUCCESSFUL	1	493230.4440299049	493230.4440299049	493230.4440299049	493230.4440299049	493230.4440299049	493230.4440299049	493230.4440299049	493230.4440299049	2.027307376286835	1534905243	2296198324	4698026755	1035.25	710.0	390.0	100568519	16571670		ok	cpu/event=0xc0,cmask=1,inv=1/		/home/seunghyun/ycsb/.cache/duckdb_tpch/tpch_sf1.duckdb	/home/seunghyun/ycsb/results/chiplet_duckdb_tpch_sf1_single_thread_q21_madracks-mnode5_20260314T231814Z_2017190/runs/duckdb_tpch/chiplet_x5/inst33/load.stdout.log	/home/seunghyun/ycsb/results/chiplet_duckdb_tpch_sf1_single_thread_q21_madracks-mnode5_20260314T231814Z_2017190/runs/duckdb_tpch/chiplet_x5/inst33/load.stderr.log	/home/seunghyun/ycsb/results/chiplet_duckdb_tpch_sf1_single_thread_q21_madracks-mnode5_20260314T231814Z_2017190/runs/duckdb_tpch/chiplet_x5/inst33/run.stdout.log	/home/seunghyun/ycsb/results/chiplet_duckdb_tpch_sf1_single_thread_q21_madracks-mnode5_20260314T231814Z_2017190/runs/duckdb_tpch/chiplet_x5/inst33/run.stderr.log	/home/seunghyun/ycsb/results/chiplet_duckdb_tpch_sf1_single_thread_q21_madracks-mnode5_20260314T231814Z_2017190/runs/duckdb_tpch/chiplet_x5/inst33/perf.stat	/home/seunghyun/ycsb/results/chiplet_duckdb_tpch_sf1_single_thread_q21_madracks-mnode5_20260314T231814Z_2017190/runs/duckdb_tpch/chiplet_x5/inst33/time.txt		/home/seunghyun/ycsb/results/chiplet_duckdb_tpch_sf1_single_thread_q21_madracks-mnode5_20260314T231814Z_2017190/runs/duckdb_tpch/chiplet_x5
2026-03-14T23:18:19Z	madracks-mnode5	amd	duckdb_tpch	analytic	per_instance_external	NO_RETIRED_INST_CYCLES	user	chiplet_x5	60	34	46	46	0	0	1	False				1						Q21	DUCKDB_TPCH	SF1	0.496661170036532	2.0134451016705106	queries/s	SUCCESSFUL	1	496629.8409854062	496629.8409854062	496629.8409854062	496629.8409854062	496629.8409854062	496629.8409854062	496629.8409854062	496629.8409854062	2.0134451016705106	1522508484	2283603206	4695513439	1028.94	620.0	470.0	100436405	16729287		ok	cpu/event=0xc0,cmask=1,inv=1/		/home/seunghyun/ycsb/.cache/duckdb_tpch/tpch_sf1.duckdb	/home/seunghyun/ycsb/results/chiplet_duckdb_tpch_sf1_single_thread_q21_madracks-mnode5_20260314T231814Z_2017190/runs/duckdb_tpch/chiplet_x5/inst34/load.stdout.log	/home/seunghyun/ycsb/results/chiplet_duckdb_tpch_sf1_single_thread_q21_madracks-mnode5_20260314T231814Z_2017190/runs/duckdb_tpch/chiplet_x5/inst34/load.stderr.log	/home/seunghyun/ycsb/results/chiplet_duckdb_tpch_sf1_single_thread_q21_madracks-mnode5_20260314T231814Z_2017190/runs/duckdb_tpch/chiplet_x5/inst34/run.stdout.log	/home/seunghyun/ycsb/results/chiplet_duckdb_tpch_sf1_single_thread_q21_madracks-mnode5_20260314T231814Z_2017190/runs/duckdb_tpch/chiplet_x5/inst34/run.stderr.log	/home/seunghyun/ycsb/results/chiplet_duckdb_tpch_sf1_single_thread_q21_madracks-mnode5_20260314T231814Z_2017190/runs/duckdb_tpch/chiplet_x5/inst34/perf.stat	/home/seunghyun/ycsb/results/chiplet_duckdb_tpch_sf1_single_thread_q21_madracks-mnode5_20260314T231814Z_2017190/runs/duckdb_tpch/chiplet_x5/inst34/time.txt		/home/seunghyun/ycsb/results/chiplet_duckdb_tpch_sf1_single_thread_q21_madracks-mnode5_20260314T231814Z_2017190/runs/duckdb_tpch/chiplet_x5
2026-03-14T23:18:19Z	madracks-mnode5	amd	duckdb_tpch	analytic	per_instance_external	NO_RETIRED_INST_CYCLES	user	chiplet_x5	60	35	49	49	0	0	1	False				1						Q21	DUCKDB_TPCH	SF1	0.4861349339480512	2.0570420477267346	queries/s	SUCCESSFUL	1	486104.5140423812	486104.5140423812	486104.5140423812	486104.5140423812	486104.5140423812	486104.5140423812	486104.5140423812	486104.5140423812	2.0570420477267346	1496016912	2255877278	4694079290	1016.24	680.0	400.0	100387304	16603272		ok	cpu/event=0xc0,cmask=1,inv=1/		/home/seunghyun/ycsb/.cache/duckdb_tpch/tpch_sf1.duckdb	/home/seunghyun/ycsb/results/chiplet_duckdb_tpch_sf1_single_thread_q21_madracks-mnode5_20260314T231814Z_2017190/runs/duckdb_tpch/chiplet_x5/inst35/load.stdout.log	/home/seunghyun/ycsb/results/chiplet_duckdb_tpch_sf1_single_thread_q21_madracks-mnode5_20260314T231814Z_2017190/runs/duckdb_tpch/chiplet_x5/inst35/load.stderr.log	/home/seunghyun/ycsb/results/chiplet_duckdb_tpch_sf1_single_thread_q21_madracks-mnode5_20260314T231814Z_2017190/runs/duckdb_tpch/chiplet_x5/inst35/run.stdout.log	/home/seunghyun/ycsb/results/chiplet_duckdb_tpch_sf1_single_thread_q21_madracks-mnode5_20260314T231814Z_2017190/runs/duckdb_tpch/chiplet_x5/inst35/run.stderr.log	/home/seunghyun/ycsb/results/chiplet_duckdb_tpch_sf1_single_thread_q21_madracks-mnode5_20260314T231814Z_2017190/runs/duckdb_tpch/chiplet_x5/inst35/perf.stat	/home/seunghyun/ycsb/results/chiplet_duckdb_tpch_sf1_single_thread_q21_madracks-mnode5_20260314T231814Z_2017190/runs/duckdb_tpch/chiplet_x5/inst35/time.txt		/home/seunghyun/ycsb/results/chiplet_duckdb_tpch_sf1_single_thread_q21_madracks-mnode5_20260314T231814Z_2017190/runs/duckdb_tpch/chiplet_x5
2026-03-14T23:18:19Z	madracks-mnode5	amd	duckdb_tpch	analytic	per_instance_external	NO_RETIRED_INST_CYCLES	user	chiplet_x5	60	36	50	50	0	0	1	False				1						Q21	DUCKDB_TPCH	SF1	0.49072880600579083	2.0377854076660817	queries/s	SUCCESSFUL	1	490698.7060094252	490698.7060094252	490698.7060094252	490698.7060094252	490698.7060094252	490698.7060094252	490698.7060094252	490698.7060094252	2.0377854076660817	1498993329	2258993129	4695963956	1018.23	690.0	400.0	100130287	16668751		ok	cpu/event=0xc0,cmask=1,inv=1/		/home/seunghyun/ycsb/.cache/duckdb_tpch/tpch_sf1.duckdb	/home/seunghyun/ycsb/results/chiplet_duckdb_tpch_sf1_single_thread_q21_madracks-mnode5_20260314T231814Z_2017190/runs/duckdb_tpch/chiplet_x5/inst36/load.stdout.log	/home/seunghyun/ycsb/results/chiplet_duckdb_tpch_sf1_single_thread_q21_madracks-mnode5_20260314T231814Z_2017190/runs/duckdb_tpch/chiplet_x5/inst36/load.stderr.log	/home/seunghyun/ycsb/results/chiplet_duckdb_tpch_sf1_single_thread_q21_madracks-mnode5_20260314T231814Z_2017190/runs/duckdb_tpch/chiplet_x5/inst36/run.stdout.log	/home/seunghyun/ycsb/results/chiplet_duckdb_tpch_sf1_single_thread_q21_madracks-mnode5_20260314T231814Z_2017190/runs/duckdb_tpch/chiplet_x5/inst36/run.stderr.log	/home/seunghyun/ycsb/results/chiplet_duckdb_tpch_sf1_single_thread_q21_madracks-mnode5_20260314T231814Z_2017190/runs/duckdb_tpch/chiplet_x5/inst36/perf.stat	/home/seunghyun/ycsb/results/chiplet_duckdb_tpch_sf1_single_thread_q21_madracks-mnode5_20260314T231814Z_2017190/runs/duckdb_tpch/chiplet_x5/inst36/time.txt		/home/seunghyun/ycsb/results/chiplet_duckdb_tpch_sf1_single_thread_q21_madracks-mnode5_20260314T231814Z_2017190/runs/duckdb_tpch/chiplet_x5
2026-03-14T23:18:19Z	madracks-mnode5	amd	duckdb_tpch	analytic	per_instance_external	NO_RETIRED_INST_CYCLES	user	chiplet_x5	60	37	51	51	0	0	1	False				1						Q21	DUCKDB_TPCH	SF1	0.4945492470287718	2.022043317238783	queries/s	SUCCESSFUL	1	494519.8770146817	494519.8770146817	494519.8770146817	494519.8770146817	494519.8770146817	494519.8770146817	494519.8770146817	494519.8770146817	2.022043317238783	1514906756	2273319247	4694097752	1024.11	720.0	370.0	100224286	16438421		ok	cpu/event=0xc0,cmask=1,inv=1/		/home/seunghyun/ycsb/.cache/duckdb_tpch/tpch_sf1.duckdb	/home/seunghyun/ycsb/results/chiplet_duckdb_tpch_sf1_single_thread_q21_madracks-mnode5_20260314T231814Z_2017190/runs/duckdb_tpch/chiplet_x5/inst37/load.stdout.log	/home/seunghyun/ycsb/results/chiplet_duckdb_tpch_sf1_single_thread_q21_madracks-mnode5_20260314T231814Z_2017190/runs/duckdb_tpch/chiplet_x5/inst37/load.stderr.log	/home/seunghyun/ycsb/results/chiplet_duckdb_tpch_sf1_single_thread_q21_madracks-mnode5_20260314T231814Z_2017190/runs/duckdb_tpch/chiplet_x5/inst37/run.stdout.log	/home/seunghyun/ycsb/results/chiplet_duckdb_tpch_sf1_single_thread_q21_madracks-mnode5_20260314T231814Z_2017190/runs/duckdb_tpch/chiplet_x5/inst37/run.stderr.log	/home/seunghyun/ycsb/results/chiplet_duckdb_tpch_sf1_single_thread_q21_madracks-mnode5_20260314T231814Z_2017190/runs/duckdb_tpch/chiplet_x5/inst37/perf.stat	/home/seunghyun/ycsb/results/chiplet_duckdb_tpch_sf1_single_thread_q21_madracks-mnode5_20260314T231814Z_2017190/runs/duckdb_tpch/chiplet_x5/inst37/time.txt		/home/seunghyun/ycsb/results/chiplet_duckdb_tpch_sf1_single_thread_q21_madracks-mnode5_20260314T231814Z_2017190/runs/duckdb_tpch/chiplet_x5
2026-03-14T23:18:19Z	madracks-mnode5	amd	duckdb_tpch	analytic	per_instance_external	NO_RETIRED_INST_CYCLES	user	chiplet_x5	60	38	52	52	0	0	1	False				1						Q21	DUCKDB_TPCH	SF1	0.48964593902928755	2.042292032447932	queries/s	SUCCESSFUL	1	489604.64901756495	489604.64901756495	489604.64901756495	489604.64901756495	489604.64901756495	489604.64901756495	489604.64901756495	489604.64901756495	2.042292032447932	1498765911	2258724941	4694047339	1016.12	730.0	350.0	99987582	16524745		ok	cpu/event=0xc0,cmask=1,inv=1/		/home/seunghyun/ycsb/.cache/duckdb_tpch/tpch_sf1.duckdb	/home/seunghyun/ycsb/results/chiplet_duckdb_tpch_sf1_single_thread_q21_madracks-mnode5_20260314T231814Z_2017190/runs/duckdb_tpch/chiplet_x5/inst38/load.stdout.log	/home/seunghyun/ycsb/results/chiplet_duckdb_tpch_sf1_single_thread_q21_madracks-mnode5_20260314T231814Z_2017190/runs/duckdb_tpch/chiplet_x5/inst38/load.stderr.log	/home/seunghyun/ycsb/results/chiplet_duckdb_tpch_sf1_single_thread_q21_madracks-mnode5_20260314T231814Z_2017190/runs/duckdb_tpch/chiplet_x5/inst38/run.stdout.log	/home/seunghyun/ycsb/results/chiplet_duckdb_tpch_sf1_single_thread_q21_madracks-mnode5_20260314T231814Z_2017190/runs/duckdb_tpch/chiplet_x5/inst38/run.stderr.log	/home/seunghyun/ycsb/results/chiplet_duckdb_tpch_sf1_single_thread_q21_madracks-mnode5_20260314T231814Z_2017190/runs/duckdb_tpch/chiplet_x5/inst38/perf.stat	/home/seunghyun/ycsb/results/chiplet_duckdb_tpch_sf1_single_thread_q21_madracks-mnode5_20260314T231814Z_2017190/runs/duckdb_tpch/chiplet_x5/inst38/time.txt		/home/seunghyun/ycsb/results/chiplet_duckdb_tpch_sf1_single_thread_q21_madracks-mnode5_20260314T231814Z_2017190/runs/duckdb_tpch/chiplet_x5
2026-03-14T23:18:19Z	madracks-mnode5	amd	duckdb_tpch	analytic	per_instance_external	NO_RETIRED_INST_CYCLES	user	chiplet_x5	60	39	53	53	0	0	1	False				1						Q21	DUCKDB_TPCH	SF1	0.4932669030386023	2.02730001514361	queries/s	SUCCESSFUL	1	493235.92404834926	493235.92404834926	493235.92404834926	493235.92404834926	493235.92404834926	493235.92404834926	493235.92404834926	493235.92404834926	2.02730001514361	1525152345	2285528740	4695351693	1030.65	710.0	380.0	99904214	16686270		ok	cpu/event=0xc0,cmask=1,inv=1/		/home/seunghyun/ycsb/.cache/duckdb_tpch/tpch_sf1.duckdb	/home/seunghyun/ycsb/results/chiplet_duckdb_tpch_sf1_single_thread_q21_madracks-mnode5_20260314T231814Z_2017190/runs/duckdb_tpch/chiplet_x5/inst39/load.stdout.log	/home/seunghyun/ycsb/results/chiplet_duckdb_tpch_sf1_single_thread_q21_madracks-mnode5_20260314T231814Z_2017190/runs/duckdb_tpch/chiplet_x5/inst39/load.stderr.log	/home/seunghyun/ycsb/results/chiplet_duckdb_tpch_sf1_single_thread_q21_madracks-mnode5_20260314T231814Z_2017190/runs/duckdb_tpch/chiplet_x5/inst39/run.stdout.log	/home/seunghyun/ycsb/results/chiplet_duckdb_tpch_sf1_single_thread_q21_madracks-mnode5_20260314T231814Z_2017190/runs/duckdb_tpch/chiplet_x5/inst39/run.stderr.log	/home/seunghyun/ycsb/results/chiplet_duckdb_tpch_sf1_single_thread_q21_madracks-mnode5_20260314T231814Z_2017190/runs/duckdb_tpch/chiplet_x5/inst39/perf.stat	/home/seunghyun/ycsb/results/chiplet_duckdb_tpch_sf1_single_thread_q21_madracks-mnode5_20260314T231814Z_2017190/runs/duckdb_tpch/chiplet_x5/inst39/time.txt		/home/seunghyun/ycsb/results/chiplet_duckdb_tpch_sf1_single_thread_q21_madracks-mnode5_20260314T231814Z_2017190/runs/duckdb_tpch/chiplet_x5
2026-03-14T23:18:19Z	madracks-mnode5	amd	duckdb_tpch	analytic	per_instance_external	NO_RETIRED_INST_CYCLES	user	chiplet_x5	60	40	56	56	0	0	1	False				1						Q21	DUCKDB_TPCH	SF1	0.4941758119966835	2.0235713196070213	queries/s	SUCCESSFUL	1	494133.3520109765	494133.3520109765	494133.3520109765	494133.3520109765	494133.3520109765	494133.3520109765	494133.3520109765	494133.3520109765	2.0235713196070213	1526819940	2288481371	4698598365	1032.74	680.0	420.0	100621599	16606934		ok	cpu/event=0xc0,cmask=1,inv=1/		/home/seunghyun/ycsb/.cache/duckdb_tpch/tpch_sf1.duckdb	/home/seunghyun/ycsb/results/chiplet_duckdb_tpch_sf1_single_thread_q21_madracks-mnode5_20260314T231814Z_2017190/runs/duckdb_tpch/chiplet_x5/inst40/load.stdout.log	/home/seunghyun/ycsb/results/chiplet_duckdb_tpch_sf1_single_thread_q21_madracks-mnode5_20260314T231814Z_2017190/runs/duckdb_tpch/chiplet_x5/inst40/load.stderr.log	/home/seunghyun/ycsb/results/chiplet_duckdb_tpch_sf1_single_thread_q21_madracks-mnode5_20260314T231814Z_2017190/runs/duckdb_tpch/chiplet_x5/inst40/run.stdout.log	/home/seunghyun/ycsb/results/chiplet_duckdb_tpch_sf1_single_thread_q21_madracks-mnode5_20260314T231814Z_2017190/runs/duckdb_tpch/chiplet_x5/inst40/run.stderr.log	/home/seunghyun/ycsb/results/chiplet_duckdb_tpch_sf1_single_thread_q21_madracks-mnode5_20260314T231814Z_2017190/runs/duckdb_tpch/chiplet_x5/inst40/perf.stat	/home/seunghyun/ycsb/results/chiplet_duckdb_tpch_sf1_single_thread_q21_madracks-mnode5_20260314T231814Z_2017190/runs/duckdb_tpch/chiplet_x5/inst40/time.txt		/home/seunghyun/ycsb/results/chiplet_duckdb_tpch_sf1_single_thread_q21_madracks-mnode5_20260314T231814Z_2017190/runs/duckdb_tpch/chiplet_x5
2026-03-14T23:18:19Z	madracks-mnode5	amd	duckdb_tpch	analytic	per_instance_external	NO_RETIRED_INST_CYCLES	user	chiplet_x5	60	41	57	57	0	0	1	False				1						Q21	DUCKDB_TPCH	SF1	0.4850474279955961	2.0616540616087535	queries/s	SUCCESSFUL	1	485016.14801352844	485016.14801352844	485016.14801352844	485016.14801352844	485016.14801352844	485016.14801352844	485016.14801352844	485016.14801352844	2.0616540616087535	1504700471	2263736188	4695649520	1020.29	700.0	390.0	100949960	16488215		ok	cpu/event=0xc0,cmask=1,inv=1/		/home/seunghyun/ycsb/.cache/duckdb_tpch/tpch_sf1.duckdb	/home/seunghyun/ycsb/results/chiplet_duckdb_tpch_sf1_single_thread_q21_madracks-mnode5_20260314T231814Z_2017190/runs/duckdb_tpch/chiplet_x5/inst41/load.stdout.log	/home/seunghyun/ycsb/results/chiplet_duckdb_tpch_sf1_single_thread_q21_madracks-mnode5_20260314T231814Z_2017190/runs/duckdb_tpch/chiplet_x5/inst41/load.stderr.log	/home/seunghyun/ycsb/results/chiplet_duckdb_tpch_sf1_single_thread_q21_madracks-mnode5_20260314T231814Z_2017190/runs/duckdb_tpch/chiplet_x5/inst41/run.stdout.log	/home/seunghyun/ycsb/results/chiplet_duckdb_tpch_sf1_single_thread_q21_madracks-mnode5_20260314T231814Z_2017190/runs/duckdb_tpch/chiplet_x5/inst41/run.stderr.log	/home/seunghyun/ycsb/results/chiplet_duckdb_tpch_sf1_single_thread_q21_madracks-mnode5_20260314T231814Z_2017190/runs/duckdb_tpch/chiplet_x5/inst41/perf.stat	/home/seunghyun/ycsb/results/chiplet_duckdb_tpch_sf1_single_thread_q21_madracks-mnode5_20260314T231814Z_2017190/runs/duckdb_tpch/chiplet_x5/inst41/time.txt		/home/seunghyun/ycsb/results/chiplet_duckdb_tpch_sf1_single_thread_q21_madracks-mnode5_20260314T231814Z_2017190/runs/duckdb_tpch/chiplet_x5
2026-03-14T23:18:19Z	madracks-mnode5	amd	duckdb_tpch	analytic	per_instance_external	NO_RETIRED_INST_CYCLES	user	chiplet_x5	60	42	58	58	0	0	1	False				1						Q21	DUCKDB_TPCH	SF1	0.49398355302400887	2.0243588959153005	queries/s	SUCCESSFUL	1	493953.4349832684	493953.4349832684	493953.4349832684	493953.4349832684	493953.4349832684	493953.4349832684	493953.4349832684	493953.4349832684	2.0243588959153005	1538293722	2298435276	4695339742	1038.33	760.0	340.0	100281164	16550450		ok	cpu/event=0xc0,cmask=1,inv=1/		/home/seunghyun/ycsb/.cache/duckdb_tpch/tpch_sf1.duckdb	/home/seunghyun/ycsb/results/chiplet_duckdb_tpch_sf1_single_thread_q21_madracks-mnode5_20260314T231814Z_2017190/runs/duckdb_tpch/chiplet_x5/inst42/load.stdout.log	/home/seunghyun/ycsb/results/chiplet_duckdb_tpch_sf1_single_thread_q21_madracks-mnode5_20260314T231814Z_2017190/runs/duckdb_tpch/chiplet_x5/inst42/load.stderr.log	/home/seunghyun/ycsb/results/chiplet_duckdb_tpch_sf1_single_thread_q21_madracks-mnode5_20260314T231814Z_2017190/runs/duckdb_tpch/chiplet_x5/inst42/run.stdout.log	/home/seunghyun/ycsb/results/chiplet_duckdb_tpch_sf1_single_thread_q21_madracks-mnode5_20260314T231814Z_2017190/runs/duckdb_tpch/chiplet_x5/inst42/run.stderr.log	/home/seunghyun/ycsb/results/chiplet_duckdb_tpch_sf1_single_thread_q21_madracks-mnode5_20260314T231814Z_2017190/runs/duckdb_tpch/chiplet_x5/inst42/perf.stat	/home/seunghyun/ycsb/results/chiplet_duckdb_tpch_sf1_single_thread_q21_madracks-mnode5_20260314T231814Z_2017190/runs/duckdb_tpch/chiplet_x5/inst42/time.txt		/home/seunghyun/ycsb/results/chiplet_duckdb_tpch_sf1_single_thread_q21_madracks-mnode5_20260314T231814Z_2017190/runs/duckdb_tpch/chiplet_x5
2026-03-14T23:18:19Z	madracks-mnode5	amd	duckdb_tpch	analytic	per_instance_external	NO_RETIRED_INST_CYCLES	user	chiplet_x5	60	43	59	59	0	0	1	False				1						Q21	DUCKDB_TPCH	SF1	0.4860045459936373	2.057593922203954	queries/s	SUCCESSFUL	1	485971.8960360624	485971.8960360624	485971.8960360624	485971.8960360624	485971.8960360624	485971.8960360624	485971.8960360624	485971.8960360624	2.057593922203954	1512728219	2272972707	4695490334	1024.46	710.0	370.0	100213686	16537826		ok	cpu/event=0xc0,cmask=1,inv=1/		/home/seunghyun/ycsb/.cache/duckdb_tpch/tpch_sf1.duckdb	/home/seunghyun/ycsb/results/chiplet_duckdb_tpch_sf1_single_thread_q21_madracks-mnode5_20260314T231814Z_2017190/runs/duckdb_tpch/chiplet_x5/inst43/load.stdout.log	/home/seunghyun/ycsb/results/chiplet_duckdb_tpch_sf1_single_thread_q21_madracks-mnode5_20260314T231814Z_2017190/runs/duckdb_tpch/chiplet_x5/inst43/load.stderr.log	/home/seunghyun/ycsb/results/chiplet_duckdb_tpch_sf1_single_thread_q21_madracks-mnode5_20260314T231814Z_2017190/runs/duckdb_tpch/chiplet_x5/inst43/run.stdout.log	/home/seunghyun/ycsb/results/chiplet_duckdb_tpch_sf1_single_thread_q21_madracks-mnode5_20260314T231814Z_2017190/runs/duckdb_tpch/chiplet_x5/inst43/run.stderr.log	/home/seunghyun/ycsb/results/chiplet_duckdb_tpch_sf1_single_thread_q21_madracks-mnode5_20260314T231814Z_2017190/runs/duckdb_tpch/chiplet_x5/inst43/perf.stat	/home/seunghyun/ycsb/results/chiplet_duckdb_tpch_sf1_single_thread_q21_madracks-mnode5_20260314T231814Z_2017190/runs/duckdb_tpch/chiplet_x5/inst43/time.txt		/home/seunghyun/ycsb/results/chiplet_duckdb_tpch_sf1_single_thread_q21_madracks-mnode5_20260314T231814Z_2017190/runs/duckdb_tpch/chiplet_x5
2026-03-14T23:18:19Z	madracks-mnode5	amd	duckdb_tpch	analytic	per_instance_external	NO_RETIRED_INST_CYCLES	user	chiplet_x5	60	44	60	60	0	0	1	False				1						Q21	DUCKDB_TPCH	SF1	0.4835173870087601	2.0681779536128295	queries/s	SUCCESSFUL	1	483485.57797726244	483485.57797726244	483485.57797726244	483485.57797726244	483485.57797726244	483485.57797726244	483485.57797726244	483485.57797726244	2.0681779536128295	1537418583	2299506485	4698857046	1038.3	710.0	380.0	99937039	16482457		ok	cpu/event=0xc0,cmask=1,inv=1/		/home/seunghyun/ycsb/.cache/duckdb_tpch/tpch_sf1.duckdb	/home/seunghyun/ycsb/results/chiplet_duckdb_tpch_sf1_single_thread_q21_madracks-mnode5_20260314T231814Z_2017190/runs/duckdb_tpch/chiplet_x5/inst44/load.stdout.log	/home/seunghyun/ycsb/results/chiplet_duckdb_tpch_sf1_single_thread_q21_madracks-mnode5_20260314T231814Z_2017190/runs/duckdb_tpch/chiplet_x5/inst44/load.stderr.log	/home/seunghyun/ycsb/results/chiplet_duckdb_tpch_sf1_single_thread_q21_madracks-mnode5_20260314T231814Z_2017190/runs/duckdb_tpch/chiplet_x5/inst44/run.stdout.log	/home/seunghyun/ycsb/results/chiplet_duckdb_tpch_sf1_single_thread_q21_madracks-mnode5_20260314T231814Z_2017190/runs/duckdb_tpch/chiplet_x5/inst44/run.stderr.log	/home/seunghyun/ycsb/results/chiplet_duckdb_tpch_sf1_single_thread_q21_madracks-mnode5_20260314T231814Z_2017190/runs/duckdb_tpch/chiplet_x5/inst44/perf.stat	/home/seunghyun/ycsb/results/chiplet_duckdb_tpch_sf1_single_thread_q21_madracks-mnode5_20260314T231814Z_2017190/runs/duckdb_tpch/chiplet_x5/inst44/time.txt		/home/seunghyun/ycsb/results/chiplet_duckdb_tpch_sf1_single_thread_q21_madracks-mnode5_20260314T231814Z_2017190/runs/duckdb_tpch/chiplet_x5
2026-03-14T23:18:19Z	madracks-mnode5	amd	duckdb_tpch	analytic	per_instance_external	NO_RETIRED_INST_CYCLES	user	chiplet_x5	60	45	63	63	0	0	1	False				1						Q21	DUCKDB_TPCH	SF1	0.4853367949835956	2.0604248644156478	queries/s	SUCCESSFUL	1	485292.4150181934	485292.4150181934	485292.4150181934	485292.4150181934	485292.4150181934	485292.4150181934	485292.4150181934	485292.4150181934	2.0604248644156478	1512063171	2271215137	4694752207	1024.63	710.0	370.0	100068863	16622502		ok	cpu/event=0xc0,cmask=1,inv=1/		/home/seunghyun/ycsb/.cache/duckdb_tpch/tpch_sf1.duckdb	/home/seunghyun/ycsb/results/chiplet_duckdb_tpch_sf1_single_thread_q21_madracks-mnode5_20260314T231814Z_2017190/runs/duckdb_tpch/chiplet_x5/inst45/load.stdout.log	/home/seunghyun/ycsb/results/chiplet_duckdb_tpch_sf1_single_thread_q21_madracks-mnode5_20260314T231814Z_2017190/runs/duckdb_tpch/chiplet_x5/inst45/load.stderr.log	/home/seunghyun/ycsb/results/chiplet_duckdb_tpch_sf1_single_thread_q21_madracks-mnode5_20260314T231814Z_2017190/runs/duckdb_tpch/chiplet_x5/inst45/run.stdout.log	/home/seunghyun/ycsb/results/chiplet_duckdb_tpch_sf1_single_thread_q21_madracks-mnode5_20260314T231814Z_2017190/runs/duckdb_tpch/chiplet_x5/inst45/run.stderr.log	/home/seunghyun/ycsb/results/chiplet_duckdb_tpch_sf1_single_thread_q21_madracks-mnode5_20260314T231814Z_2017190/runs/duckdb_tpch/chiplet_x5/inst45/perf.stat	/home/seunghyun/ycsb/results/chiplet_duckdb_tpch_sf1_single_thread_q21_madracks-mnode5_20260314T231814Z_2017190/runs/duckdb_tpch/chiplet_x5/inst45/time.txt		/home/seunghyun/ycsb/results/chiplet_duckdb_tpch_sf1_single_thread_q21_madracks-mnode5_20260314T231814Z_2017190/runs/duckdb_tpch/chiplet_x5
2026-03-14T23:18:19Z	madracks-mnode5	amd	duckdb_tpch	analytic	per_instance_external	NO_RETIRED_INST_CYCLES	user	chiplet_x5	60	46	64	64	0	0	1	False				1						Q21	DUCKDB_TPCH	SF1	0.48550248303217813	2.059721700607084	queries/s	SUCCESSFUL	1	485468.59400812536	485468.59400812536	485468.59400812536	485468.59400812536	485468.59400812536	485468.59400812536	485468.59400812536	485468.59400812536	2.059721700607084	1458167913	2215610916	4690568147	1002.68	720.0	330.0	100213529	16709956		ok	cpu/event=0xc0,cmask=1,inv=1/		/home/seunghyun/ycsb/.cache/duckdb_tpch/tpch_sf1.duckdb	/home/seunghyun/ycsb/results/chiplet_duckdb_tpch_sf1_single_thread_q21_madracks-mnode5_20260314T231814Z_2017190/runs/duckdb_tpch/chiplet_x5/inst46/load.stdout.log	/home/seunghyun/ycsb/results/chiplet_duckdb_tpch_sf1_single_thread_q21_madracks-mnode5_20260314T231814Z_2017190/runs/duckdb_tpch/chiplet_x5/inst46/load.stderr.log	/home/seunghyun/ycsb/results/chiplet_duckdb_tpch_sf1_single_thread_q21_madracks-mnode5_20260314T231814Z_2017190/runs/duckdb_tpch/chiplet_x5/inst46/run.stdout.log	/home/seunghyun/ycsb/results/chiplet_duckdb_tpch_sf1_single_thread_q21_madracks-mnode5_20260314T231814Z_2017190/runs/duckdb_tpch/chiplet_x5/inst46/run.stderr.log	/home/seunghyun/ycsb/results/chiplet_duckdb_tpch_sf1_single_thread_q21_madracks-mnode5_20260314T231814Z_2017190/runs/duckdb_tpch/chiplet_x5/inst46/perf.stat	/home/seunghyun/ycsb/results/chiplet_duckdb_tpch_sf1_single_thread_q21_madracks-mnode5_20260314T231814Z_2017190/runs/duckdb_tpch/chiplet_x5/inst46/time.txt		/home/seunghyun/ycsb/results/chiplet_duckdb_tpch_sf1_single_thread_q21_madracks-mnode5_20260314T231814Z_2017190/runs/duckdb_tpch/chiplet_x5
2026-03-14T23:18:19Z	madracks-mnode5	amd	duckdb_tpch	analytic	per_instance_external	NO_RETIRED_INST_CYCLES	user	chiplet_x5	60	47	65	65	0	0	1	False				1						Q21	DUCKDB_TPCH	SF1	0.4898281570058316	2.041532291881078	queries/s	SUCCESSFUL	1	489792.9480066523	489792.9480066523	489792.9480066523	489792.9480066523	489792.9480066523	489792.9480066523	489792.9480066523	489792.9480066523	2.041532291881078	1508539492	2268017391	4696841103	1025.48	720.0	350.0	100006337	16727378		ok	cpu/event=0xc0,cmask=1,inv=1/		/home/seunghyun/ycsb/.cache/duckdb_tpch/tpch_sf1.duckdb	/home/seunghyun/ycsb/results/chiplet_duckdb_tpch_sf1_single_thread_q21_madracks-mnode5_20260314T231814Z_2017190/runs/duckdb_tpch/chiplet_x5/inst47/load.stdout.log	/home/seunghyun/ycsb/results/chiplet_duckdb_tpch_sf1_single_thread_q21_madracks-mnode5_20260314T231814Z_2017190/runs/duckdb_tpch/chiplet_x5/inst47/load.stderr.log	/home/seunghyun/ycsb/results/chiplet_duckdb_tpch_sf1_single_thread_q21_madracks-mnode5_20260314T231814Z_2017190/runs/duckdb_tpch/chiplet_x5/inst47/run.stdout.log	/home/seunghyun/ycsb/results/chiplet_duckdb_tpch_sf1_single_thread_q21_madracks-mnode5_20260314T231814Z_2017190/runs/duckdb_tpch/chiplet_x5/inst47/run.stderr.log	/home/seunghyun/ycsb/results/chiplet_duckdb_tpch_sf1_single_thread_q21_madracks-mnode5_20260314T231814Z_2017190/runs/duckdb_tpch/chiplet_x5/inst47/perf.stat	/home/seunghyun/ycsb/results/chiplet_duckdb_tpch_sf1_single_thread_q21_madracks-mnode5_20260314T231814Z_2017190/runs/duckdb_tpch/chiplet_x5/inst47/time.txt		/home/seunghyun/ycsb/results/chiplet_duckdb_tpch_sf1_single_thread_q21_madracks-mnode5_20260314T231814Z_2017190/runs/duckdb_tpch/chiplet_x5
2026-03-14T23:18:19Z	madracks-mnode5	amd	duckdb_tpch	analytic	per_instance_external	NO_RETIRED_INST_CYCLES	user	chiplet_x5	60	48	66	66	0	0	1	False				1						Q21	DUCKDB_TPCH	SF1	0.4835487069794908	2.068043995498501	queries/s	SUCCESSFUL	1	483519.16699903086	483519.16699903086	483519.16699903086	483519.16699903086	483519.16699903086	483519.16699903086	483519.16699903086	483519.16699903086	2.068043995498501	1508830958	2269085445	4694363643	1023.47	690.0	390.0	99781197	16479989		ok	cpu/event=0xc0,cmask=1,inv=1/		/home/seunghyun/ycsb/.cache/duckdb_tpch/tpch_sf1.duckdb	/home/seunghyun/ycsb/results/chiplet_duckdb_tpch_sf1_single_thread_q21_madracks-mnode5_20260314T231814Z_2017190/runs/duckdb_tpch/chiplet_x5/inst48/load.stdout.log	/home/seunghyun/ycsb/results/chiplet_duckdb_tpch_sf1_single_thread_q21_madracks-mnode5_20260314T231814Z_2017190/runs/duckdb_tpch/chiplet_x5/inst48/load.stderr.log	/home/seunghyun/ycsb/results/chiplet_duckdb_tpch_sf1_single_thread_q21_madracks-mnode5_20260314T231814Z_2017190/runs/duckdb_tpch/chiplet_x5/inst48/run.stdout.log	/home/seunghyun/ycsb/results/chiplet_duckdb_tpch_sf1_single_thread_q21_madracks-mnode5_20260314T231814Z_2017190/runs/duckdb_tpch/chiplet_x5/inst48/run.stderr.log	/home/seunghyun/ycsb/results/chiplet_duckdb_tpch_sf1_single_thread_q21_madracks-mnode5_20260314T231814Z_2017190/runs/duckdb_tpch/chiplet_x5/inst48/perf.stat	/home/seunghyun/ycsb/results/chiplet_duckdb_tpch_sf1_single_thread_q21_madracks-mnode5_20260314T231814Z_2017190/runs/duckdb_tpch/chiplet_x5/inst48/time.txt		/home/seunghyun/ycsb/results/chiplet_duckdb_tpch_sf1_single_thread_q21_madracks-mnode5_20260314T231814Z_2017190/runs/duckdb_tpch/chiplet_x5
2026-03-14T23:18:19Z	madracks-mnode5	amd	duckdb_tpch	analytic	per_instance_external	NO_RETIRED_INST_CYCLES	user	chiplet_x5	60	49	67	67	0	0	1	False				1						Q21	DUCKDB_TPCH	SF1	0.48839478503214195	2.047523910260812	queries/s	SUCCESSFUL	1	488363.8159953989	488363.8159953989	488363.8159953989	488363.8159953989	488363.8159953989	488363.8159953989	488363.8159953989	488363.8159953989	2.047523910260812	1527904874	2288567270	4696400416	1034.06	740.0	350.0	100000758	16600188		ok	cpu/event=0xc0,cmask=1,inv=1/		/home/seunghyun/ycsb/.cache/duckdb_tpch/tpch_sf1.duckdb	/home/seunghyun/ycsb/results/chiplet_duckdb_tpch_sf1_single_thread_q21_madracks-mnode5_20260314T231814Z_2017190/runs/duckdb_tpch/chiplet_x5/inst49/load.stdout.log	/home/seunghyun/ycsb/results/chiplet_duckdb_tpch_sf1_single_thread_q21_madracks-mnode5_20260314T231814Z_2017190/runs/duckdb_tpch/chiplet_x5/inst49/load.stderr.log	/home/seunghyun/ycsb/results/chiplet_duckdb_tpch_sf1_single_thread_q21_madracks-mnode5_20260314T231814Z_2017190/runs/duckdb_tpch/chiplet_x5/inst49/run.stdout.log	/home/seunghyun/ycsb/results/chiplet_duckdb_tpch_sf1_single_thread_q21_madracks-mnode5_20260314T231814Z_2017190/runs/duckdb_tpch/chiplet_x5/inst49/run.stderr.log	/home/seunghyun/ycsb/results/chiplet_duckdb_tpch_sf1_single_thread_q21_madracks-mnode5_20260314T231814Z_2017190/runs/duckdb_tpch/chiplet_x5/inst49/perf.stat	/home/seunghyun/ycsb/results/chiplet_duckdb_tpch_sf1_single_thread_q21_madracks-mnode5_20260314T231814Z_2017190/runs/duckdb_tpch/chiplet_x5/inst49/time.txt		/home/seunghyun/ycsb/results/chiplet_duckdb_tpch_sf1_single_thread_q21_madracks-mnode5_20260314T231814Z_2017190/runs/duckdb_tpch/chiplet_x5
2026-03-14T23:18:19Z	madracks-mnode5	amd	duckdb_tpch	analytic	per_instance_external	NO_RETIRED_INST_CYCLES	user	chiplet_x5	60	50	70	70	0	0	1	False				1						Q21	DUCKDB_TPCH	SF1	0.4859581270138733	2.0577904646740306	queries/s	SUCCESSFUL	1	485925.4970215261	485925.4970215261	485925.4970215261	485925.4970215261	485925.4970215261	485925.4970215261	485925.4970215261	485925.4970215261	2.0577904646740306	1505150086	2267328464	4695828532	1021.51	710.0	380.0	99942404	16717289		ok	cpu/event=0xc0,cmask=1,inv=1/		/home/seunghyun/ycsb/.cache/duckdb_tpch/tpch_sf1.duckdb	/home/seunghyun/ycsb/results/chiplet_duckdb_tpch_sf1_single_thread_q21_madracks-mnode5_20260314T231814Z_2017190/runs/duckdb_tpch/chiplet_x5/inst50/load.stdout.log	/home/seunghyun/ycsb/results/chiplet_duckdb_tpch_sf1_single_thread_q21_madracks-mnode5_20260314T231814Z_2017190/runs/duckdb_tpch/chiplet_x5/inst50/load.stderr.log	/home/seunghyun/ycsb/results/chiplet_duckdb_tpch_sf1_single_thread_q21_madracks-mnode5_20260314T231814Z_2017190/runs/duckdb_tpch/chiplet_x5/inst50/run.stdout.log	/home/seunghyun/ycsb/results/chiplet_duckdb_tpch_sf1_single_thread_q21_madracks-mnode5_20260314T231814Z_2017190/runs/duckdb_tpch/chiplet_x5/inst50/run.stderr.log	/home/seunghyun/ycsb/results/chiplet_duckdb_tpch_sf1_single_thread_q21_madracks-mnode5_20260314T231814Z_2017190/runs/duckdb_tpch/chiplet_x5/inst50/perf.stat	/home/seunghyun/ycsb/results/chiplet_duckdb_tpch_sf1_single_thread_q21_madracks-mnode5_20260314T231814Z_2017190/runs/duckdb_tpch/chiplet_x5/inst50/time.txt		/home/seunghyun/ycsb/results/chiplet_duckdb_tpch_sf1_single_thread_q21_madracks-mnode5_20260314T231814Z_2017190/runs/duckdb_tpch/chiplet_x5
2026-03-14T23:18:19Z	madracks-mnode5	amd	duckdb_tpch	analytic	per_instance_external	NO_RETIRED_INST_CYCLES	user	chiplet_x5	60	51	71	71	0	0	1	False				1						Q21	DUCKDB_TPCH	SF1	0.47963148704729974	2.084934010809393	queries/s	SUCCESSFUL	1	479599.4370360859	479599.4370360859	479599.4370360859	479599.4370360859	479599.4370360859	479599.4370360859	479599.4370360859	479599.4370360859	2.084934010809393	1535851891	2296317302	4697240638	1037.84	690.0	410.0	100746304	16614756		ok	cpu/event=0xc0,cmask=1,inv=1/		/home/seunghyun/ycsb/.cache/duckdb_tpch/tpch_sf1.duckdb	/home/seunghyun/ycsb/results/chiplet_duckdb_tpch_sf1_single_thread_q21_madracks-mnode5_20260314T231814Z_2017190/runs/duckdb_tpch/chiplet_x5/inst51/load.stdout.log	/home/seunghyun/ycsb/results/chiplet_duckdb_tpch_sf1_single_thread_q21_madracks-mnode5_20260314T231814Z_2017190/runs/duckdb_tpch/chiplet_x5/inst51/load.stderr.log	/home/seunghyun/ycsb/results/chiplet_duckdb_tpch_sf1_single_thread_q21_madracks-mnode5_20260314T231814Z_2017190/runs/duckdb_tpch/chiplet_x5/inst51/run.stdout.log	/home/seunghyun/ycsb/results/chiplet_duckdb_tpch_sf1_single_thread_q21_madracks-mnode5_20260314T231814Z_2017190/runs/duckdb_tpch/chiplet_x5/inst51/run.stderr.log	/home/seunghyun/ycsb/results/chiplet_duckdb_tpch_sf1_single_thread_q21_madracks-mnode5_20260314T231814Z_2017190/runs/duckdb_tpch/chiplet_x5/inst51/perf.stat	/home/seunghyun/ycsb/results/chiplet_duckdb_tpch_sf1_single_thread_q21_madracks-mnode5_20260314T231814Z_2017190/runs/duckdb_tpch/chiplet_x5/inst51/time.txt		/home/seunghyun/ycsb/results/chiplet_duckdb_tpch_sf1_single_thread_q21_madracks-mnode5_20260314T231814Z_2017190/runs/duckdb_tpch/chiplet_x5
2026-03-14T23:18:19Z	madracks-mnode5	amd	duckdb_tpch	analytic	per_instance_external	NO_RETIRED_INST_CYCLES	user	chiplet_x5	60	52	72	72	0	0	1	False				1						Q21	DUCKDB_TPCH	SF1	0.48619382397737354	2.0567928893447607	queries/s	SUCCESSFUL	1	486164.7030338645	486164.7030338645	486164.7030338645	486164.7030338645	486164.7030338645	486164.7030338645	486164.7030338645	486164.7030338645	2.0567928893447607	1506016848	2265208625	4692716004	1021.81	680.0	400.0	101320309	16681285		ok	cpu/event=0xc0,cmask=1,inv=1/		/home/seunghyun/ycsb/.cache/duckdb_tpch/tpch_sf1.duckdb	/home/seunghyun/ycsb/results/chiplet_duckdb_tpch_sf1_single_thread_q21_madracks-mnode5_20260314T231814Z_2017190/runs/duckdb_tpch/chiplet_x5/inst52/load.stdout.log	/home/seunghyun/ycsb/results/chiplet_duckdb_tpch_sf1_single_thread_q21_madracks-mnode5_20260314T231814Z_2017190/runs/duckdb_tpch/chiplet_x5/inst52/load.stderr.log	/home/seunghyun/ycsb/results/chiplet_duckdb_tpch_sf1_single_thread_q21_madracks-mnode5_20260314T231814Z_2017190/runs/duckdb_tpch/chiplet_x5/inst52/run.stdout.log	/home/seunghyun/ycsb/results/chiplet_duckdb_tpch_sf1_single_thread_q21_madracks-mnode5_20260314T231814Z_2017190/runs/duckdb_tpch/chiplet_x5/inst52/run.stderr.log	/home/seunghyun/ycsb/results/chiplet_duckdb_tpch_sf1_single_thread_q21_madracks-mnode5_20260314T231814Z_2017190/runs/duckdb_tpch/chiplet_x5/inst52/perf.stat	/home/seunghyun/ycsb/results/chiplet_duckdb_tpch_sf1_single_thread_q21_madracks-mnode5_20260314T231814Z_2017190/runs/duckdb_tpch/chiplet_x5/inst52/time.txt		/home/seunghyun/ycsb/results/chiplet_duckdb_tpch_sf1_single_thread_q21_madracks-mnode5_20260314T231814Z_2017190/runs/duckdb_tpch/chiplet_x5
2026-03-14T23:18:19Z	madracks-mnode5	amd	duckdb_tpch	analytic	per_instance_external	NO_RETIRED_INST_CYCLES	user	chiplet_x5	60	53	73	73	0	0	1	False				1						Q21	DUCKDB_TPCH	SF1	0.48577976902015507	2.0585459991820074	queries/s	SUCCESSFUL	1	485748.7690169364	485748.7690169364	485748.7690169364	485748.7690169364	485748.7690169364	485748.7690169364	485748.7690169364	485748.7690169364	2.0585459991820074	1505486000	2264654179	4693339195	1021.34	700.0	390.0	100508852	16566016		ok	cpu/event=0xc0,cmask=1,inv=1/		/home/seunghyun/ycsb/.cache/duckdb_tpch/tpch_sf1.duckdb	/home/seunghyun/ycsb/results/chiplet_duckdb_tpch_sf1_single_thread_q21_madracks-mnode5_20260314T231814Z_2017190/runs/duckdb_tpch/chiplet_x5/inst53/load.stdout.log	/home/seunghyun/ycsb/results/chiplet_duckdb_tpch_sf1_single_thread_q21_madracks-mnode5_20260314T231814Z_2017190/runs/duckdb_tpch/chiplet_x5/inst53/load.stderr.log	/home/seunghyun/ycsb/results/chiplet_duckdb_tpch_sf1_single_thread_q21_madracks-mnode5_20260314T231814Z_2017190/runs/duckdb_tpch/chiplet_x5/inst53/run.stdout.log	/home/seunghyun/ycsb/results/chiplet_duckdb_tpch_sf1_single_thread_q21_madracks-mnode5_20260314T231814Z_2017190/runs/duckdb_tpch/chiplet_x5/inst53/run.stderr.log	/home/seunghyun/ycsb/results/chiplet_duckdb_tpch_sf1_single_thread_q21_madracks-mnode5_20260314T231814Z_2017190/runs/duckdb_tpch/chiplet_x5/inst53/perf.stat	/home/seunghyun/ycsb/results/chiplet_duckdb_tpch_sf1_single_thread_q21_madracks-mnode5_20260314T231814Z_2017190/runs/duckdb_tpch/chiplet_x5/inst53/time.txt		/home/seunghyun/ycsb/results/chiplet_duckdb_tpch_sf1_single_thread_q21_madracks-mnode5_20260314T231814Z_2017190/runs/duckdb_tpch/chiplet_x5
2026-03-14T23:18:19Z	madracks-mnode5	amd	duckdb_tpch	analytic	per_instance_external	NO_RETIRED_INST_CYCLES	user	chiplet_x5	60	54	74	74	0	0	1	False				1						Q21	DUCKDB_TPCH	SF1	0.4849490590277128	2.0620722555992304	queries/s	SUCCESSFUL	1	484909.36000598595	484909.36000598595	484909.36000598595	484909.36000598595	484909.36000598595	484909.36000598595	484909.36000598595	484909.36000598595	2.0620722555992304	1494303011	2253974389	4694639623	1015.57	720.0	360.0	99687883	16582476		ok	cpu/event=0xc0,cmask=1,inv=1/		/home/seunghyun/ycsb/.cache/duckdb_tpch/tpch_sf1.duckdb	/home/seunghyun/ycsb/results/chiplet_duckdb_tpch_sf1_single_thread_q21_madracks-mnode5_20260314T231814Z_2017190/runs/duckdb_tpch/chiplet_x5/inst54/load.stdout.log	/home/seunghyun/ycsb/results/chiplet_duckdb_tpch_sf1_single_thread_q21_madracks-mnode5_20260314T231814Z_2017190/runs/duckdb_tpch/chiplet_x5/inst54/load.stderr.log	/home/seunghyun/ycsb/results/chiplet_duckdb_tpch_sf1_single_thread_q21_madracks-mnode5_20260314T231814Z_2017190/runs/duckdb_tpch/chiplet_x5/inst54/run.stdout.log	/home/seunghyun/ycsb/results/chiplet_duckdb_tpch_sf1_single_thread_q21_madracks-mnode5_20260314T231814Z_2017190/runs/duckdb_tpch/chiplet_x5/inst54/run.stderr.log	/home/seunghyun/ycsb/results/chiplet_duckdb_tpch_sf1_single_thread_q21_madracks-mnode5_20260314T231814Z_2017190/runs/duckdb_tpch/chiplet_x5/inst54/perf.stat	/home/seunghyun/ycsb/results/chiplet_duckdb_tpch_sf1_single_thread_q21_madracks-mnode5_20260314T231814Z_2017190/runs/duckdb_tpch/chiplet_x5/inst54/time.txt		/home/seunghyun/ycsb/results/chiplet_duckdb_tpch_sf1_single_thread_q21_madracks-mnode5_20260314T231814Z_2017190/runs/duckdb_tpch/chiplet_x5
2026-03-14T23:18:19Z	madracks-mnode5	amd	duckdb_tpch	analytic	per_instance_external	NO_RETIRED_INST_CYCLES	user	chiplet_x5	60	55	77	77	0	0	1	False				1						Q21	DUCKDB_TPCH	SF1	0.49453242699382827	2.022112090968061	queries/s	SUCCESSFUL	1	494502.06803157926	494502.06803157926	494502.06803157926	494502.06803157926	494502.06803157926	494502.06803157926	494502.06803157926	494502.06803157926	2.022112090968061	1478615487	2237421306	4692227490	1022.3	640.0	450.0	100127474	16834695		ok	cpu/event=0xc0,cmask=1,inv=1/		/home/seunghyun/ycsb/.cache/duckdb_tpch/tpch_sf1.duckdb	/home/seunghyun/ycsb/results/chiplet_duckdb_tpch_sf1_single_thread_q21_madracks-mnode5_20260314T231814Z_2017190/runs/duckdb_tpch/chiplet_x5/inst55/load.stdout.log	/home/seunghyun/ycsb/results/chiplet_duckdb_tpch_sf1_single_thread_q21_madracks-mnode5_20260314T231814Z_2017190/runs/duckdb_tpch/chiplet_x5/inst55/load.stderr.log	/home/seunghyun/ycsb/results/chiplet_duckdb_tpch_sf1_single_thread_q21_madracks-mnode5_20260314T231814Z_2017190/runs/duckdb_tpch/chiplet_x5/inst55/run.stdout.log	/home/seunghyun/ycsb/results/chiplet_duckdb_tpch_sf1_single_thread_q21_madracks-mnode5_20260314T231814Z_2017190/runs/duckdb_tpch/chiplet_x5/inst55/run.stderr.log	/home/seunghyun/ycsb/results/chiplet_duckdb_tpch_sf1_single_thread_q21_madracks-mnode5_20260314T231814Z_2017190/runs/duckdb_tpch/chiplet_x5/inst55/perf.stat	/home/seunghyun/ycsb/results/chiplet_duckdb_tpch_sf1_single_thread_q21_madracks-mnode5_20260314T231814Z_2017190/runs/duckdb_tpch/chiplet_x5/inst55/time.txt		/home/seunghyun/ycsb/results/chiplet_duckdb_tpch_sf1_single_thread_q21_madracks-mnode5_20260314T231814Z_2017190/runs/duckdb_tpch/chiplet_x5
2026-03-14T23:18:19Z	madracks-mnode5	amd	duckdb_tpch	analytic	per_instance_external	NO_RETIRED_INST_CYCLES	user	chiplet_x5	60	56	78	78	0	0	1	False				1						Q21	DUCKDB_TPCH	SF1	0.4784761320333928	2.089968408142478	queries/s	SUCCESSFUL	1	478436.0029734671	478436.0029734671	478436.0029734671	478436.0029734671	478436.0029734671	478436.0029734671	478436.0029734671	478436.0029734671	2.089968408142478	1473524028	2231193706	4690680770	1006.41	690.0	380.0	99904497	16473219		ok	cpu/event=0xc0,cmask=1,inv=1/		/home/seunghyun/ycsb/.cache/duckdb_tpch/tpch_sf1.duckdb	/home/seunghyun/ycsb/results/chiplet_duckdb_tpch_sf1_single_thread_q21_madracks-mnode5_20260314T231814Z_2017190/runs/duckdb_tpch/chiplet_x5/inst56/load.stdout.log	/home/seunghyun/ycsb/results/chiplet_duckdb_tpch_sf1_single_thread_q21_madracks-mnode5_20260314T231814Z_2017190/runs/duckdb_tpch/chiplet_x5/inst56/load.stderr.log	/home/seunghyun/ycsb/results/chiplet_duckdb_tpch_sf1_single_thread_q21_madracks-mnode5_20260314T231814Z_2017190/runs/duckdb_tpch/chiplet_x5/inst56/run.stdout.log	/home/seunghyun/ycsb/results/chiplet_duckdb_tpch_sf1_single_thread_q21_madracks-mnode5_20260314T231814Z_2017190/runs/duckdb_tpch/chiplet_x5/inst56/run.stderr.log	/home/seunghyun/ycsb/results/chiplet_duckdb_tpch_sf1_single_thread_q21_madracks-mnode5_20260314T231814Z_2017190/runs/duckdb_tpch/chiplet_x5/inst56/perf.stat	/home/seunghyun/ycsb/results/chiplet_duckdb_tpch_sf1_single_thread_q21_madracks-mnode5_20260314T231814Z_2017190/runs/duckdb_tpch/chiplet_x5/inst56/time.txt		/home/seunghyun/ycsb/results/chiplet_duckdb_tpch_sf1_single_thread_q21_madracks-mnode5_20260314T231814Z_2017190/runs/duckdb_tpch/chiplet_x5
2026-03-14T23:18:19Z	madracks-mnode5	amd	duckdb_tpch	analytic	per_instance_external	NO_RETIRED_INST_CYCLES	user	chiplet_x5	60	57	79	79	0	0	1	False				1						Q21	DUCKDB_TPCH	SF1	0.4945536060258746	2.022025494942364	queries/s	SUCCESSFUL	1	494522.5569535978	494522.5569535978	494522.5569535978	494522.5569535978	494522.5569535978	494522.5569535978	494522.5569535978	494522.5569535978	2.022025494942364	1475692434	2234075053	4692191622	1020.15	720.0	350.0	100533131	16841900		ok	cpu/event=0xc0,cmask=1,inv=1/		/home/seunghyun/ycsb/.cache/duckdb_tpch/tpch_sf1.duckdb	/home/seunghyun/ycsb/results/chiplet_duckdb_tpch_sf1_single_thread_q21_madracks-mnode5_20260314T231814Z_2017190/runs/duckdb_tpch/chiplet_x5/inst57/load.stdout.log	/home/seunghyun/ycsb/results/chiplet_duckdb_tpch_sf1_single_thread_q21_madracks-mnode5_20260314T231814Z_2017190/runs/duckdb_tpch/chiplet_x5/inst57/load.stderr.log	/home/seunghyun/ycsb/results/chiplet_duckdb_tpch_sf1_single_thread_q21_madracks-mnode5_20260314T231814Z_2017190/runs/duckdb_tpch/chiplet_x5/inst57/run.stdout.log	/home/seunghyun/ycsb/results/chiplet_duckdb_tpch_sf1_single_thread_q21_madracks-mnode5_20260314T231814Z_2017190/runs/duckdb_tpch/chiplet_x5/inst57/run.stderr.log	/home/seunghyun/ycsb/results/chiplet_duckdb_tpch_sf1_single_thread_q21_madracks-mnode5_20260314T231814Z_2017190/runs/duckdb_tpch/chiplet_x5/inst57/perf.stat	/home/seunghyun/ycsb/results/chiplet_duckdb_tpch_sf1_single_thread_q21_madracks-mnode5_20260314T231814Z_2017190/runs/duckdb_tpch/chiplet_x5/inst57/time.txt		/home/seunghyun/ycsb/results/chiplet_duckdb_tpch_sf1_single_thread_q21_madracks-mnode5_20260314T231814Z_2017190/runs/duckdb_tpch/chiplet_x5
2026-03-14T23:18:19Z	madracks-mnode5	amd	duckdb_tpch	analytic	per_instance_external	NO_RETIRED_INST_CYCLES	user	chiplet_x5	60	58	80	80	0	0	1	False				1						Q21	DUCKDB_TPCH	SF1	0.4879718510201201	2.0492985361952116	queries/s	SUCCESSFUL	1	487940.201011952	487940.201011952	487940.201011952	487940.201011952	487940.201011952	487940.201011952	487940.201011952	487940.201011952	2.0492985361952116	1496960742	2257907346	4694138890	1017.58	680.0	410.0	100439994	16796810		ok	cpu/event=0xc0,cmask=1,inv=1/		/home/seunghyun/ycsb/.cache/duckdb_tpch/tpch_sf1.duckdb	/home/seunghyun/ycsb/results/chiplet_duckdb_tpch_sf1_single_thread_q21_madracks-mnode5_20260314T231814Z_2017190/runs/duckdb_tpch/chiplet_x5/inst58/load.stdout.log	/home/seunghyun/ycsb/results/chiplet_duckdb_tpch_sf1_single_thread_q21_madracks-mnode5_20260314T231814Z_2017190/runs/duckdb_tpch/chiplet_x5/inst58/load.stderr.log	/home/seunghyun/ycsb/results/chiplet_duckdb_tpch_sf1_single_thread_q21_madracks-mnode5_20260314T231814Z_2017190/runs/duckdb_tpch/chiplet_x5/inst58/run.stdout.log	/home/seunghyun/ycsb/results/chiplet_duckdb_tpch_sf1_single_thread_q21_madracks-mnode5_20260314T231814Z_2017190/runs/duckdb_tpch/chiplet_x5/inst58/run.stderr.log	/home/seunghyun/ycsb/results/chiplet_duckdb_tpch_sf1_single_thread_q21_madracks-mnode5_20260314T231814Z_2017190/runs/duckdb_tpch/chiplet_x5/inst58/perf.stat	/home/seunghyun/ycsb/results/chiplet_duckdb_tpch_sf1_single_thread_q21_madracks-mnode5_20260314T231814Z_2017190/runs/duckdb_tpch/chiplet_x5/inst58/time.txt		/home/seunghyun/ycsb/results/chiplet_duckdb_tpch_sf1_single_thread_q21_madracks-mnode5_20260314T231814Z_2017190/runs/duckdb_tpch/chiplet_x5
2026-03-14T23:18:19Z	madracks-mnode5	amd	duckdb_tpch	analytic	per_instance_external	NO_RETIRED_INST_CYCLES	user	chiplet_x5	60	59	81	81	0	0	1	False				1						Q21	DUCKDB_TPCH	SF1	0.49827863898826763	2.0069092306073064	queries/s	SUCCESSFUL	1	498248.42903763056	498248.42903763056	498248.42903763056	498248.42903763056	498248.42903763056	498248.42903763056	498248.42903763056	498248.42903763056	2.0069092306073064	1495685961	2255959782	4695448692	1029.97	700.0	390.0	99817008	16729085		ok	cpu/event=0xc0,cmask=1,inv=1/		/home/seunghyun/ycsb/.cache/duckdb_tpch/tpch_sf1.duckdb	/home/seunghyun/ycsb/results/chiplet_duckdb_tpch_sf1_single_thread_q21_madracks-mnode5_20260314T231814Z_2017190/runs/duckdb_tpch/chiplet_x5/inst59/load.stdout.log	/home/seunghyun/ycsb/results/chiplet_duckdb_tpch_sf1_single_thread_q21_madracks-mnode5_20260314T231814Z_2017190/runs/duckdb_tpch/chiplet_x5/inst59/load.stderr.log	/home/seunghyun/ycsb/results/chiplet_duckdb_tpch_sf1_single_thread_q21_madracks-mnode5_20260314T231814Z_2017190/runs/duckdb_tpch/chiplet_x5/inst59/run.stdout.log	/home/seunghyun/ycsb/results/chiplet_duckdb_tpch_sf1_single_thread_q21_madracks-mnode5_20260314T231814Z_2017190/runs/duckdb_tpch/chiplet_x5/inst59/run.stderr.log	/home/seunghyun/ycsb/results/chiplet_duckdb_tpch_sf1_single_thread_q21_madracks-mnode5_20260314T231814Z_2017190/runs/duckdb_tpch/chiplet_x5/inst59/perf.stat	/home/seunghyun/ycsb/results/chiplet_duckdb_tpch_sf1_single_thread_q21_madracks-mnode5_20260314T231814Z_2017190/runs/duckdb_tpch/chiplet_x5/inst59/time.txt		/home/seunghyun/ycsb/results/chiplet_duckdb_tpch_sf1_single_thread_q21_madracks-mnode5_20260314T231814Z_2017190/runs/duckdb_tpch/chiplet_x5
2026-03-14T23:18:20Z	madracks-mnode5	amd	duckdb_tpch	analytic	per_instance_external	NO_RETIRED_INST_CYCLES	user	chiplet_x6	72	0	0	0	0	0	1	False				1						Q21	DUCKDB_TPCH	SF1	0.5259640769800171	1.9012705311393212	queries/s	SUCCESSFUL	1	525933.3269787021	525933.3269787021	525933.3269787021	525933.3269787021	525933.3269787021	525933.3269787021	525933.3269787021	525933.3269787021	1.9012705311393212	1638122739	2417181452	4781427345	1085.76	720.0	450.0	100592150	16751294		ok	cpu/event=0xc0,cmask=1,inv=1/		/home/seunghyun/ycsb/.cache/duckdb_tpch/tpch_sf1.duckdb	/home/seunghyun/ycsb/results/chiplet_duckdb_tpch_sf1_single_thread_q21_madracks-mnode5_20260314T231814Z_2017190/runs/duckdb_tpch/chiplet_x6/inst00/load.stdout.log	/home/seunghyun/ycsb/results/chiplet_duckdb_tpch_sf1_single_thread_q21_madracks-mnode5_20260314T231814Z_2017190/runs/duckdb_tpch/chiplet_x6/inst00/load.stderr.log	/home/seunghyun/ycsb/results/chiplet_duckdb_tpch_sf1_single_thread_q21_madracks-mnode5_20260314T231814Z_2017190/runs/duckdb_tpch/chiplet_x6/inst00/run.stdout.log	/home/seunghyun/ycsb/results/chiplet_duckdb_tpch_sf1_single_thread_q21_madracks-mnode5_20260314T231814Z_2017190/runs/duckdb_tpch/chiplet_x6/inst00/run.stderr.log	/home/seunghyun/ycsb/results/chiplet_duckdb_tpch_sf1_single_thread_q21_madracks-mnode5_20260314T231814Z_2017190/runs/duckdb_tpch/chiplet_x6/inst00/perf.stat	/home/seunghyun/ycsb/results/chiplet_duckdb_tpch_sf1_single_thread_q21_madracks-mnode5_20260314T231814Z_2017190/runs/duckdb_tpch/chiplet_x6/inst00/time.txt		/home/seunghyun/ycsb/results/chiplet_duckdb_tpch_sf1_single_thread_q21_madracks-mnode5_20260314T231814Z_2017190/runs/duckdb_tpch/chiplet_x6
2026-03-14T23:18:20Z	madracks-mnode5	amd	duckdb_tpch	analytic	per_instance_external	NO_RETIRED_INST_CYCLES	user	chiplet_x6	72	1	1	1	0	0	1	False				1						Q21	DUCKDB_TPCH	SF1	0.5250802179798484	1.904470908935248	queries/s	SUCCESSFUL	1	525047.717965208	525047.717965208	525047.717965208	525047.717965208	525047.717965208	525047.717965208	525047.717965208	525047.717965208	1.904470908935248	1646473226	2411821669	4707823049	1083.23	710.0	470.0	100580119	16542076		ok	cpu/event=0xc0,cmask=1,inv=1/		/home/seunghyun/ycsb/.cache/duckdb_tpch/tpch_sf1.duckdb	/home/seunghyun/ycsb/results/chiplet_duckdb_tpch_sf1_single_thread_q21_madracks-mnode5_20260314T231814Z_2017190/runs/duckdb_tpch/chiplet_x6/inst01/load.stdout.log	/home/seunghyun/ycsb/results/chiplet_duckdb_tpch_sf1_single_thread_q21_madracks-mnode5_20260314T231814Z_2017190/runs/duckdb_tpch/chiplet_x6/inst01/load.stderr.log	/home/seunghyun/ycsb/results/chiplet_duckdb_tpch_sf1_single_thread_q21_madracks-mnode5_20260314T231814Z_2017190/runs/duckdb_tpch/chiplet_x6/inst01/run.stdout.log	/home/seunghyun/ycsb/results/chiplet_duckdb_tpch_sf1_single_thread_q21_madracks-mnode5_20260314T231814Z_2017190/runs/duckdb_tpch/chiplet_x6/inst01/run.stderr.log	/home/seunghyun/ycsb/results/chiplet_duckdb_tpch_sf1_single_thread_q21_madracks-mnode5_20260314T231814Z_2017190/runs/duckdb_tpch/chiplet_x6/inst01/perf.stat	/home/seunghyun/ycsb/results/chiplet_duckdb_tpch_sf1_single_thread_q21_madracks-mnode5_20260314T231814Z_2017190/runs/duckdb_tpch/chiplet_x6/inst01/time.txt		/home/seunghyun/ycsb/results/chiplet_duckdb_tpch_sf1_single_thread_q21_madracks-mnode5_20260314T231814Z_2017190/runs/duckdb_tpch/chiplet_x6
2026-03-14T23:18:20Z	madracks-mnode5	amd	duckdb_tpch	analytic	per_instance_external	NO_RETIRED_INST_CYCLES	user	chiplet_x6	72	2	2	2	0	0	1	False				1						Q21	DUCKDB_TPCH	SF1	0.519868754025083	1.92356242274132	queries/s	SUCCESSFUL	1	519826.7440428026	519826.7440428026	519826.7440428026	519826.7440428026	519826.7440428026	519826.7440428026	519826.7440428026	519826.7440428026	1.92356242274132	1651577476	2416627918	4709646824	1085.63	700.0	480.0	100504360	16695015		ok	cpu/event=0xc0,cmask=1,inv=1/		/home/seunghyun/ycsb/.cache/duckdb_tpch/tpch_sf1.duckdb	/home/seunghyun/ycsb/results/chiplet_duckdb_tpch_sf1_single_thread_q21_madracks-mnode5_20260314T231814Z_2017190/runs/duckdb_tpch/chiplet_x6/inst02/load.stdout.log	/home/seunghyun/ycsb/results/chiplet_duckdb_tpch_sf1_single_thread_q21_madracks-mnode5_20260314T231814Z_2017190/runs/duckdb_tpch/chiplet_x6/inst02/load.stderr.log	/home/seunghyun/ycsb/results/chiplet_duckdb_tpch_sf1_single_thread_q21_madracks-mnode5_20260314T231814Z_2017190/runs/duckdb_tpch/chiplet_x6/inst02/run.stdout.log	/home/seunghyun/ycsb/results/chiplet_duckdb_tpch_sf1_single_thread_q21_madracks-mnode5_20260314T231814Z_2017190/runs/duckdb_tpch/chiplet_x6/inst02/run.stderr.log	/home/seunghyun/ycsb/results/chiplet_duckdb_tpch_sf1_single_thread_q21_madracks-mnode5_20260314T231814Z_2017190/runs/duckdb_tpch/chiplet_x6/inst02/perf.stat	/home/seunghyun/ycsb/results/chiplet_duckdb_tpch_sf1_single_thread_q21_madracks-mnode5_20260314T231814Z_2017190/runs/duckdb_tpch/chiplet_x6/inst02/time.txt		/home/seunghyun/ycsb/results/chiplet_duckdb_tpch_sf1_single_thread_q21_madracks-mnode5_20260314T231814Z_2017190/runs/duckdb_tpch/chiplet_x6
2026-03-14T23:18:20Z	madracks-mnode5	amd	duckdb_tpch	analytic	per_instance_external	NO_RETIRED_INST_CYCLES	user	chiplet_x6	72	3	3	3	0	0	1	False				1						Q21	DUCKDB_TPCH	SF1	0.5318939910503104	1.880073880935069	queries/s	SUCCESSFUL	1	531862.5919753686	531862.5919753686	531862.5919753686	531862.5919753686	531862.5919753686	531862.5919753686	531862.5919753686	531862.5919753686	1.880073880935069	1647905665	2413013567	4706765357	1083.83	690.0	480.0	100504911	16617587		ok	cpu/event=0xc0,cmask=1,inv=1/		/home/seunghyun/ycsb/.cache/duckdb_tpch/tpch_sf1.duckdb	/home/seunghyun/ycsb/results/chiplet_duckdb_tpch_sf1_single_thread_q21_madracks-mnode5_20260314T231814Z_2017190/runs/duckdb_tpch/chiplet_x6/inst03/load.stdout.log	/home/seunghyun/ycsb/results/chiplet_duckdb_tpch_sf1_single_thread_q21_madracks-mnode5_20260314T231814Z_2017190/runs/duckdb_tpch/chiplet_x6/inst03/load.stderr.log	/home/seunghyun/ycsb/results/chiplet_duckdb_tpch_sf1_single_thread_q21_madracks-mnode5_20260314T231814Z_2017190/runs/duckdb_tpch/chiplet_x6/inst03/run.stdout.log	/home/seunghyun/ycsb/results/chiplet_duckdb_tpch_sf1_single_thread_q21_madracks-mnode5_20260314T231814Z_2017190/runs/duckdb_tpch/chiplet_x6/inst03/run.stderr.log	/home/seunghyun/ycsb/results/chiplet_duckdb_tpch_sf1_single_thread_q21_madracks-mnode5_20260314T231814Z_2017190/runs/duckdb_tpch/chiplet_x6/inst03/perf.stat	/home/seunghyun/ycsb/results/chiplet_duckdb_tpch_sf1_single_thread_q21_madracks-mnode5_20260314T231814Z_2017190/runs/duckdb_tpch/chiplet_x6/inst03/time.txt		/home/seunghyun/ycsb/results/chiplet_duckdb_tpch_sf1_single_thread_q21_madracks-mnode5_20260314T231814Z_2017190/runs/duckdb_tpch/chiplet_x6
2026-03-14T23:18:20Z	madracks-mnode5	amd	duckdb_tpch	analytic	per_instance_external	NO_RETIRED_INST_CYCLES	user	chiplet_x6	72	4	4	4	0	0	1	False				1						Q21	DUCKDB_TPCH	SF1	0.5364887230098248	1.8639720782755147	queries/s	SUCCESSFUL	1	536455.1930106245	536455.1930106245	536455.1930106245	536455.1930106245	536455.1930106245	536455.1930106245	536455.1930106245	536455.1930106245	1.8639720782755147	1657381552	2423864548	4710705791	1088.69	720.0	450.0	100098358	16577027		ok	cpu/event=0xc0,cmask=1,inv=1/		/home/seunghyun/ycsb/.cache/duckdb_tpch/tpch_sf1.duckdb	/home/seunghyun/ycsb/results/chiplet_duckdb_tpch_sf1_single_thread_q21_madracks-mnode5_20260314T231814Z_2017190/runs/duckdb_tpch/chiplet_x6/inst04/load.stdout.log	/home/seunghyun/ycsb/results/chiplet_duckdb_tpch_sf1_single_thread_q21_madracks-mnode5_20260314T231814Z_2017190/runs/duckdb_tpch/chiplet_x6/inst04/load.stderr.log	/home/seunghyun/ycsb/results/chiplet_duckdb_tpch_sf1_single_thread_q21_madracks-mnode5_20260314T231814Z_2017190/runs/duckdb_tpch/chiplet_x6/inst04/run.stdout.log	/home/seunghyun/ycsb/results/chiplet_duckdb_tpch_sf1_single_thread_q21_madracks-mnode5_20260314T231814Z_2017190/runs/duckdb_tpch/chiplet_x6/inst04/run.stderr.log	/home/seunghyun/ycsb/results/chiplet_duckdb_tpch_sf1_single_thread_q21_madracks-mnode5_20260314T231814Z_2017190/runs/duckdb_tpch/chiplet_x6/inst04/perf.stat	/home/seunghyun/ycsb/results/chiplet_duckdb_tpch_sf1_single_thread_q21_madracks-mnode5_20260314T231814Z_2017190/runs/duckdb_tpch/chiplet_x6/inst04/time.txt		/home/seunghyun/ycsb/results/chiplet_duckdb_tpch_sf1_single_thread_q21_madracks-mnode5_20260314T231814Z_2017190/runs/duckdb_tpch/chiplet_x6
2026-03-14T23:18:20Z	madracks-mnode5	amd	duckdb_tpch	analytic	per_instance_external	NO_RETIRED_INST_CYCLES	user	chiplet_x6	72	5	5	5	0	0	1	False				1						Q21	DUCKDB_TPCH	SF1	0.5237229240010493	1.9094065853760425	queries/s	SUCCESSFUL	1	523690.5950005166	523690.5950005166	523690.5950005166	523690.5950005166	523690.5950005166	523690.5950005166	523690.5950005166	523690.5950005166	1.9094065853760425	1641664071	2406708793	4706215233	1080.68	720.0	450.0	99369659	16630848		ok	cpu/event=0xc0,cmask=1,inv=1/		/home/seunghyun/ycsb/.cache/duckdb_tpch/tpch_sf1.duckdb	/home/seunghyun/ycsb/results/chiplet_duckdb_tpch_sf1_single_thread_q21_madracks-mnode5_20260314T231814Z_2017190/runs/duckdb_tpch/chiplet_x6/inst05/load.stdout.log	/home/seunghyun/ycsb/results/chiplet_duckdb_tpch_sf1_single_thread_q21_madracks-mnode5_20260314T231814Z_2017190/runs/duckdb_tpch/chiplet_x6/inst05/load.stderr.log	/home/seunghyun/ycsb/results/chiplet_duckdb_tpch_sf1_single_thread_q21_madracks-mnode5_20260314T231814Z_2017190/runs/duckdb_tpch/chiplet_x6/inst05/run.stdout.log	/home/seunghyun/ycsb/results/chiplet_duckdb_tpch_sf1_single_thread_q21_madracks-mnode5_20260314T231814Z_2017190/runs/duckdb_tpch/chiplet_x6/inst05/run.stderr.log	/home/seunghyun/ycsb/results/chiplet_duckdb_tpch_sf1_single_thread_q21_madracks-mnode5_20260314T231814Z_2017190/runs/duckdb_tpch/chiplet_x6/inst05/perf.stat	/home/seunghyun/ycsb/results/chiplet_duckdb_tpch_sf1_single_thread_q21_madracks-mnode5_20260314T231814Z_2017190/runs/duckdb_tpch/chiplet_x6/inst05/time.txt		/home/seunghyun/ycsb/results/chiplet_duckdb_tpch_sf1_single_thread_q21_madracks-mnode5_20260314T231814Z_2017190/runs/duckdb_tpch/chiplet_x6
2026-03-14T23:18:20Z	madracks-mnode5	amd	duckdb_tpch	analytic	per_instance_external	NO_RETIRED_INST_CYCLES	user	chiplet_x6	72	6	7	7	0	0	1	False				1						Q21	DUCKDB_TPCH	SF1	0.5141828859923407	1.9448333020070527	queries/s	SUCCESSFUL	1	514150.5359788425	514150.5359788425	514150.5359788425	514150.5359788425	514150.5359788425	514150.5359788425	514150.5359788425	514150.5359788425	1.9448333020070527	1650235559	2415677557	4709843563	1085.51	670.0	490.0	100595056	16724495		ok	cpu/event=0xc0,cmask=1,inv=1/		/home/seunghyun/ycsb/.cache/duckdb_tpch/tpch_sf1.duckdb	/home/seunghyun/ycsb/results/chiplet_duckdb_tpch_sf1_single_thread_q21_madracks-mnode5_20260314T231814Z_2017190/runs/duckdb_tpch/chiplet_x6/inst06/load.stdout.log	/home/seunghyun/ycsb/results/chiplet_duckdb_tpch_sf1_single_thread_q21_madracks-mnode5_20260314T231814Z_2017190/runs/duckdb_tpch/chiplet_x6/inst06/load.stderr.log	/home/seunghyun/ycsb/results/chiplet_duckdb_tpch_sf1_single_thread_q21_madracks-mnode5_20260314T231814Z_2017190/runs/duckdb_tpch/chiplet_x6/inst06/run.stdout.log	/home/seunghyun/ycsb/results/chiplet_duckdb_tpch_sf1_single_thread_q21_madracks-mnode5_20260314T231814Z_2017190/runs/duckdb_tpch/chiplet_x6/inst06/run.stderr.log	/home/seunghyun/ycsb/results/chiplet_duckdb_tpch_sf1_single_thread_q21_madracks-mnode5_20260314T231814Z_2017190/runs/duckdb_tpch/chiplet_x6/inst06/perf.stat	/home/seunghyun/ycsb/results/chiplet_duckdb_tpch_sf1_single_thread_q21_madracks-mnode5_20260314T231814Z_2017190/runs/duckdb_tpch/chiplet_x6/inst06/time.txt		/home/seunghyun/ycsb/results/chiplet_duckdb_tpch_sf1_single_thread_q21_madracks-mnode5_20260314T231814Z_2017190/runs/duckdb_tpch/chiplet_x6
2026-03-14T23:18:20Z	madracks-mnode5	amd	duckdb_tpch	analytic	per_instance_external	NO_RETIRED_INST_CYCLES	user	chiplet_x6	72	7	8	8	0	0	1	False				1						Q21	DUCKDB_TPCH	SF1	0.5114084809902124	1.9553840758834395	queries/s	SUCCESSFUL	1	511366.20301986113	511366.20301986113	511366.20301986113	511366.20301986113	511366.20301986113	511366.20301986113	511366.20301986113	511366.20301986113	1.9553840758834395	1655655772	2421961060	4709811407	1087.71	690.0	440.0	100334237	16867984		ok	cpu/event=0xc0,cmask=1,inv=1/		/home/seunghyun/ycsb/.cache/duckdb_tpch/tpch_sf1.duckdb	/home/seunghyun/ycsb/results/chiplet_duckdb_tpch_sf1_single_thread_q21_madracks-mnode5_20260314T231814Z_2017190/runs/duckdb_tpch/chiplet_x6/inst07/load.stdout.log	/home/seunghyun/ycsb/results/chiplet_duckdb_tpch_sf1_single_thread_q21_madracks-mnode5_20260314T231814Z_2017190/runs/duckdb_tpch/chiplet_x6/inst07/load.stderr.log	/home/seunghyun/ycsb/results/chiplet_duckdb_tpch_sf1_single_thread_q21_madracks-mnode5_20260314T231814Z_2017190/runs/duckdb_tpch/chiplet_x6/inst07/run.stdout.log	/home/seunghyun/ycsb/results/chiplet_duckdb_tpch_sf1_single_thread_q21_madracks-mnode5_20260314T231814Z_2017190/runs/duckdb_tpch/chiplet_x6/inst07/run.stderr.log	/home/seunghyun/ycsb/results/chiplet_duckdb_tpch_sf1_single_thread_q21_madracks-mnode5_20260314T231814Z_2017190/runs/duckdb_tpch/chiplet_x6/inst07/perf.stat	/home/seunghyun/ycsb/results/chiplet_duckdb_tpch_sf1_single_thread_q21_madracks-mnode5_20260314T231814Z_2017190/runs/duckdb_tpch/chiplet_x6/inst07/time.txt		/home/seunghyun/ycsb/results/chiplet_duckdb_tpch_sf1_single_thread_q21_madracks-mnode5_20260314T231814Z_2017190/runs/duckdb_tpch/chiplet_x6
2026-03-14T23:18:20Z	madracks-mnode5	amd	duckdb_tpch	analytic	per_instance_external	NO_RETIRED_INST_CYCLES	user	chiplet_x6	72	8	9	9	0	0	1	False				1						Q21	DUCKDB_TPCH	SF1	0.5151402039919049	1.9412190938521943	queries/s	SUCCESSFUL	1	515107.0050196722	515107.0050196722	515107.0050196722	515107.0050196722	515107.0050196722	515107.0050196722	515107.0050196722	515107.0050196722	1.9412190938521943	1653745641	2420293311	4709302826	1087.72	690.0	470.0	100205464	16903029		ok	cpu/event=0xc0,cmask=1,inv=1/		/home/seunghyun/ycsb/.cache/duckdb_tpch/tpch_sf1.duckdb	/home/seunghyun/ycsb/results/chiplet_duckdb_tpch_sf1_single_thread_q21_madracks-mnode5_20260314T231814Z_2017190/runs/duckdb_tpch/chiplet_x6/inst08/load.stdout.log	/home/seunghyun/ycsb/results/chiplet_duckdb_tpch_sf1_single_thread_q21_madracks-mnode5_20260314T231814Z_2017190/runs/duckdb_tpch/chiplet_x6/inst08/load.stderr.log	/home/seunghyun/ycsb/results/chiplet_duckdb_tpch_sf1_single_thread_q21_madracks-mnode5_20260314T231814Z_2017190/runs/duckdb_tpch/chiplet_x6/inst08/run.stdout.log	/home/seunghyun/ycsb/results/chiplet_duckdb_tpch_sf1_single_thread_q21_madracks-mnode5_20260314T231814Z_2017190/runs/duckdb_tpch/chiplet_x6/inst08/run.stderr.log	/home/seunghyun/ycsb/results/chiplet_duckdb_tpch_sf1_single_thread_q21_madracks-mnode5_20260314T231814Z_2017190/runs/duckdb_tpch/chiplet_x6/inst08/perf.stat	/home/seunghyun/ycsb/results/chiplet_duckdb_tpch_sf1_single_thread_q21_madracks-mnode5_20260314T231814Z_2017190/runs/duckdb_tpch/chiplet_x6/inst08/time.txt		/home/seunghyun/ycsb/results/chiplet_duckdb_tpch_sf1_single_thread_q21_madracks-mnode5_20260314T231814Z_2017190/runs/duckdb_tpch/chiplet_x6
2026-03-14T23:18:20Z	madracks-mnode5	amd	duckdb_tpch	analytic	per_instance_external	NO_RETIRED_INST_CYCLES	user	chiplet_x6	72	9	10	10	0	0	1	False				1						Q21	DUCKDB_TPCH	SF1	0.5190406839828938	1.9266312465651676	queries/s	SUCCESSFUL	1	519005.6249848567	519005.6249848567	519005.6249848567	519005.6249848567	519005.6249848567	519005.6249848567	519005.6249848567	519005.6249848567	1.9266312465651676	1666640479	2432635488	4709401538	1092.47	690.0	490.0	100676433	16666021		ok	cpu/event=0xc0,cmask=1,inv=1/		/home/seunghyun/ycsb/.cache/duckdb_tpch/tpch_sf1.duckdb	/home/seunghyun/ycsb/results/chiplet_duckdb_tpch_sf1_single_thread_q21_madracks-mnode5_20260314T231814Z_2017190/runs/duckdb_tpch/chiplet_x6/inst09/load.stdout.log	/home/seunghyun/ycsb/results/chiplet_duckdb_tpch_sf1_single_thread_q21_madracks-mnode5_20260314T231814Z_2017190/runs/duckdb_tpch/chiplet_x6/inst09/load.stderr.log	/home/seunghyun/ycsb/results/chiplet_duckdb_tpch_sf1_single_thread_q21_madracks-mnode5_20260314T231814Z_2017190/runs/duckdb_tpch/chiplet_x6/inst09/run.stdout.log	/home/seunghyun/ycsb/results/chiplet_duckdb_tpch_sf1_single_thread_q21_madracks-mnode5_20260314T231814Z_2017190/runs/duckdb_tpch/chiplet_x6/inst09/run.stderr.log	/home/seunghyun/ycsb/results/chiplet_duckdb_tpch_sf1_single_thread_q21_madracks-mnode5_20260314T231814Z_2017190/runs/duckdb_tpch/chiplet_x6/inst09/perf.stat	/home/seunghyun/ycsb/results/chiplet_duckdb_tpch_sf1_single_thread_q21_madracks-mnode5_20260314T231814Z_2017190/runs/duckdb_tpch/chiplet_x6/inst09/time.txt		/home/seunghyun/ycsb/results/chiplet_duckdb_tpch_sf1_single_thread_q21_madracks-mnode5_20260314T231814Z_2017190/runs/duckdb_tpch/chiplet_x6
2026-03-14T23:18:20Z	madracks-mnode5	amd	duckdb_tpch	analytic	per_instance_external	NO_RETIRED_INST_CYCLES	user	chiplet_x6	72	10	11	11	0	0	1	False				1						Q21	DUCKDB_TPCH	SF1	0.5173864359967411	1.9327912956850282	queries/s	SUCCESSFUL	1	517353.8260278292	517353.8260278292	517353.8260278292	517353.8260278292	517353.8260278292	517353.8260278292	517353.8260278292	517353.8260278292	1.9327912956850282	1669355766	2434890752	4709854449	1094.02	710.0	480.0	101188756	16558739		ok	cpu/event=0xc0,cmask=1,inv=1/		/home/seunghyun/ycsb/.cache/duckdb_tpch/tpch_sf1.duckdb	/home/seunghyun/ycsb/results/chiplet_duckdb_tpch_sf1_single_thread_q21_madracks-mnode5_20260314T231814Z_2017190/runs/duckdb_tpch/chiplet_x6/inst10/load.stdout.log	/home/seunghyun/ycsb/results/chiplet_duckdb_tpch_sf1_single_thread_q21_madracks-mnode5_20260314T231814Z_2017190/runs/duckdb_tpch/chiplet_x6/inst10/load.stderr.log	/home/seunghyun/ycsb/results/chiplet_duckdb_tpch_sf1_single_thread_q21_madracks-mnode5_20260314T231814Z_2017190/runs/duckdb_tpch/chiplet_x6/inst10/run.stdout.log	/home/seunghyun/ycsb/results/chiplet_duckdb_tpch_sf1_single_thread_q21_madracks-mnode5_20260314T231814Z_2017190/runs/duckdb_tpch/chiplet_x6/inst10/run.stderr.log	/home/seunghyun/ycsb/results/chiplet_duckdb_tpch_sf1_single_thread_q21_madracks-mnode5_20260314T231814Z_2017190/runs/duckdb_tpch/chiplet_x6/inst10/perf.stat	/home/seunghyun/ycsb/results/chiplet_duckdb_tpch_sf1_single_thread_q21_madracks-mnode5_20260314T231814Z_2017190/runs/duckdb_tpch/chiplet_x6/inst10/time.txt		/home/seunghyun/ycsb/results/chiplet_duckdb_tpch_sf1_single_thread_q21_madracks-mnode5_20260314T231814Z_2017190/runs/duckdb_tpch/chiplet_x6
2026-03-14T23:18:20Z	madracks-mnode5	amd	duckdb_tpch	analytic	per_instance_external	NO_RETIRED_INST_CYCLES	user	chiplet_x6	72	11	12	12	0	0	1	False				1						Q21	DUCKDB_TPCH	SF1	0.5160260029952042	1.9378868394143576	queries/s	SUCCESSFUL	1	515994.4229526445	515994.4229526445	515994.4229526445	515994.4229526445	515994.4229526445	515994.4229526445	515994.4229526445	515994.4229526445	1.9378868394143576	1674330567	2442044911	4712527548	1098.39	690.0	500.0	100517579	16628865		ok	cpu/event=0xc0,cmask=1,inv=1/		/home/seunghyun/ycsb/.cache/duckdb_tpch/tpch_sf1.duckdb	/home/seunghyun/ycsb/results/chiplet_duckdb_tpch_sf1_single_thread_q21_madracks-mnode5_20260314T231814Z_2017190/runs/duckdb_tpch/chiplet_x6/inst11/load.stdout.log	/home/seunghyun/ycsb/results/chiplet_duckdb_tpch_sf1_single_thread_q21_madracks-mnode5_20260314T231814Z_2017190/runs/duckdb_tpch/chiplet_x6/inst11/load.stderr.log	/home/seunghyun/ycsb/results/chiplet_duckdb_tpch_sf1_single_thread_q21_madracks-mnode5_20260314T231814Z_2017190/runs/duckdb_tpch/chiplet_x6/inst11/run.stdout.log	/home/seunghyun/ycsb/results/chiplet_duckdb_tpch_sf1_single_thread_q21_madracks-mnode5_20260314T231814Z_2017190/runs/duckdb_tpch/chiplet_x6/inst11/run.stderr.log	/home/seunghyun/ycsb/results/chiplet_duckdb_tpch_sf1_single_thread_q21_madracks-mnode5_20260314T231814Z_2017190/runs/duckdb_tpch/chiplet_x6/inst11/perf.stat	/home/seunghyun/ycsb/results/chiplet_duckdb_tpch_sf1_single_thread_q21_madracks-mnode5_20260314T231814Z_2017190/runs/duckdb_tpch/chiplet_x6/inst11/time.txt		/home/seunghyun/ycsb/results/chiplet_duckdb_tpch_sf1_single_thread_q21_madracks-mnode5_20260314T231814Z_2017190/runs/duckdb_tpch/chiplet_x6
2026-03-14T23:18:20Z	madracks-mnode5	amd	duckdb_tpch	analytic	per_instance_external	NO_RETIRED_INST_CYCLES	user	chiplet_x6	72	12	14	14	0	0	1	False				1						Q21	DUCKDB_TPCH	SF1	0.5195365679683164	1.9247923277288623	queries/s	SUCCESSFUL	1	519503.68902180344	519503.68902180344	519503.68902180344	519503.68902180344	519503.68902180344	519503.68902180344	519503.68902180344	519503.68902180344	1.9247923277288623	1642230568	2408833289	4708985779	1081.87	700.0	480.0	100435608	16423362		ok	cpu/event=0xc0,cmask=1,inv=1/		/home/seunghyun/ycsb/.cache/duckdb_tpch/tpch_sf1.duckdb	/home/seunghyun/ycsb/results/chiplet_duckdb_tpch_sf1_single_thread_q21_madracks-mnode5_20260314T231814Z_2017190/runs/duckdb_tpch/chiplet_x6/inst12/load.stdout.log	/home/seunghyun/ycsb/results/chiplet_duckdb_tpch_sf1_single_thread_q21_madracks-mnode5_20260314T231814Z_2017190/runs/duckdb_tpch/chiplet_x6/inst12/load.stderr.log	/home/seunghyun/ycsb/results/chiplet_duckdb_tpch_sf1_single_thread_q21_madracks-mnode5_20260314T231814Z_2017190/runs/duckdb_tpch/chiplet_x6/inst12/run.stdout.log	/home/seunghyun/ycsb/results/chiplet_duckdb_tpch_sf1_single_thread_q21_madracks-mnode5_20260314T231814Z_2017190/runs/duckdb_tpch/chiplet_x6/inst12/run.stderr.log	/home/seunghyun/ycsb/results/chiplet_duckdb_tpch_sf1_single_thread_q21_madracks-mnode5_20260314T231814Z_2017190/runs/duckdb_tpch/chiplet_x6/inst12/perf.stat	/home/seunghyun/ycsb/results/chiplet_duckdb_tpch_sf1_single_thread_q21_madracks-mnode5_20260314T231814Z_2017190/runs/duckdb_tpch/chiplet_x6/inst12/time.txt		/home/seunghyun/ycsb/results/chiplet_duckdb_tpch_sf1_single_thread_q21_madracks-mnode5_20260314T231814Z_2017190/runs/duckdb_tpch/chiplet_x6
2026-03-14T23:18:20Z	madracks-mnode5	amd	duckdb_tpch	analytic	per_instance_external	NO_RETIRED_INST_CYCLES	user	chiplet_x6	72	13	15	15	0	0	1	False				1						Q21	DUCKDB_TPCH	SF1	0.5229924350278452	1.9120735464304717	queries/s	SUCCESSFUL	1	522957.3049582541	522957.3049582541	522957.3049582541	522957.3049582541	522957.3049582541	522957.3049582541	522957.3049582541	522957.3049582541	1.9120735464304717	1650011062	2416003743	4707751054	1085.09	740.0	420.0	100215111	16557251		ok	cpu/event=0xc0,cmask=1,inv=1/		/home/seunghyun/ycsb/.cache/duckdb_tpch/tpch_sf1.duckdb	/home/seunghyun/ycsb/results/chiplet_duckdb_tpch_sf1_single_thread_q21_madracks-mnode5_20260314T231814Z_2017190/runs/duckdb_tpch/chiplet_x6/inst13/load.stdout.log	/home/seunghyun/ycsb/results/chiplet_duckdb_tpch_sf1_single_thread_q21_madracks-mnode5_20260314T231814Z_2017190/runs/duckdb_tpch/chiplet_x6/inst13/load.stderr.log	/home/seunghyun/ycsb/results/chiplet_duckdb_tpch_sf1_single_thread_q21_madracks-mnode5_20260314T231814Z_2017190/runs/duckdb_tpch/chiplet_x6/inst13/run.stdout.log	/home/seunghyun/ycsb/results/chiplet_duckdb_tpch_sf1_single_thread_q21_madracks-mnode5_20260314T231814Z_2017190/runs/duckdb_tpch/chiplet_x6/inst13/run.stderr.log	/home/seunghyun/ycsb/results/chiplet_duckdb_tpch_sf1_single_thread_q21_madracks-mnode5_20260314T231814Z_2017190/runs/duckdb_tpch/chiplet_x6/inst13/perf.stat	/home/seunghyun/ycsb/results/chiplet_duckdb_tpch_sf1_single_thread_q21_madracks-mnode5_20260314T231814Z_2017190/runs/duckdb_tpch/chiplet_x6/inst13/time.txt		/home/seunghyun/ycsb/results/chiplet_duckdb_tpch_sf1_single_thread_q21_madracks-mnode5_20260314T231814Z_2017190/runs/duckdb_tpch/chiplet_x6
2026-03-14T23:18:20Z	madracks-mnode5	amd	duckdb_tpch	analytic	per_instance_external	NO_RETIRED_INST_CYCLES	user	chiplet_x6	72	14	16	16	0	0	1	False				1						Q21	DUCKDB_TPCH	SF1	0.5178376800031401	1.931107060409231	queries/s	SUCCESSFUL	1	517805.84099469706	517805.84099469706	517805.84099469706	517805.84099469706	517805.84099469706	517805.84099469706	517805.84099469706	517805.84099469706	1.931107060409231	1660811052	2427395847	4709356460	1090.61	670.0	500.0	100068824	16523795		ok	cpu/event=0xc0,cmask=1,inv=1/		/home/seunghyun/ycsb/.cache/duckdb_tpch/tpch_sf1.duckdb	/home/seunghyun/ycsb/results/chiplet_duckdb_tpch_sf1_single_thread_q21_madracks-mnode5_20260314T231814Z_2017190/runs/duckdb_tpch/chiplet_x6/inst14/load.stdout.log	/home/seunghyun/ycsb/results/chiplet_duckdb_tpch_sf1_single_thread_q21_madracks-mnode5_20260314T231814Z_2017190/runs/duckdb_tpch/chiplet_x6/inst14/load.stderr.log	/home/seunghyun/ycsb/results/chiplet_duckdb_tpch_sf1_single_thread_q21_madracks-mnode5_20260314T231814Z_2017190/runs/duckdb_tpch/chiplet_x6/inst14/run.stdout.log	/home/seunghyun/ycsb/results/chiplet_duckdb_tpch_sf1_single_thread_q21_madracks-mnode5_20260314T231814Z_2017190/runs/duckdb_tpch/chiplet_x6/inst14/run.stderr.log	/home/seunghyun/ycsb/results/chiplet_duckdb_tpch_sf1_single_thread_q21_madracks-mnode5_20260314T231814Z_2017190/runs/duckdb_tpch/chiplet_x6/inst14/perf.stat	/home/seunghyun/ycsb/results/chiplet_duckdb_tpch_sf1_single_thread_q21_madracks-mnode5_20260314T231814Z_2017190/runs/duckdb_tpch/chiplet_x6/inst14/time.txt		/home/seunghyun/ycsb/results/chiplet_duckdb_tpch_sf1_single_thread_q21_madracks-mnode5_20260314T231814Z_2017190/runs/duckdb_tpch/chiplet_x6
2026-03-14T23:18:20Z	madracks-mnode5	amd	duckdb_tpch	analytic	per_instance_external	NO_RETIRED_INST_CYCLES	user	chiplet_x6	72	15	17	17	0	0	1	False				1						Q21	DUCKDB_TPCH	SF1	0.516208061017096	1.9372033788656422	queries/s	SUCCESSFUL	1	516173.8710012287	516173.8710012287	516173.8710012287	516173.8710012287	516173.8710012287	516173.8710012287	516173.8710012287	516173.8710012287	1.9372033788656422	1618454089	2383010108	4701220287	1069.15	690.0	410.0	100028729	16599065		ok	cpu/event=0xc0,cmask=1,inv=1/		/home/seunghyun/ycsb/.cache/duckdb_tpch/tpch_sf1.duckdb	/home/seunghyun/ycsb/results/chiplet_duckdb_tpch_sf1_single_thread_q21_madracks-mnode5_20260314T231814Z_2017190/runs/duckdb_tpch/chiplet_x6/inst15/load.stdout.log	/home/seunghyun/ycsb/results/chiplet_duckdb_tpch_sf1_single_thread_q21_madracks-mnode5_20260314T231814Z_2017190/runs/duckdb_tpch/chiplet_x6/inst15/load.stderr.log	/home/seunghyun/ycsb/results/chiplet_duckdb_tpch_sf1_single_thread_q21_madracks-mnode5_20260314T231814Z_2017190/runs/duckdb_tpch/chiplet_x6/inst15/run.stdout.log	/home/seunghyun/ycsb/results/chiplet_duckdb_tpch_sf1_single_thread_q21_madracks-mnode5_20260314T231814Z_2017190/runs/duckdb_tpch/chiplet_x6/inst15/run.stderr.log	/home/seunghyun/ycsb/results/chiplet_duckdb_tpch_sf1_single_thread_q21_madracks-mnode5_20260314T231814Z_2017190/runs/duckdb_tpch/chiplet_x6/inst15/perf.stat	/home/seunghyun/ycsb/results/chiplet_duckdb_tpch_sf1_single_thread_q21_madracks-mnode5_20260314T231814Z_2017190/runs/duckdb_tpch/chiplet_x6/inst15/time.txt		/home/seunghyun/ycsb/results/chiplet_duckdb_tpch_sf1_single_thread_q21_madracks-mnode5_20260314T231814Z_2017190/runs/duckdb_tpch/chiplet_x6
2026-03-14T23:18:20Z	madracks-mnode5	amd	duckdb_tpch	analytic	per_instance_external	NO_RETIRED_INST_CYCLES	user	chiplet_x6	72	16	18	18	0	0	1	False				1						Q21	DUCKDB_TPCH	SF1	0.5192288219695911	1.9259331487160116	queries/s	SUCCESSFUL	1	519185.3219876066	519185.3219876066	519185.3219876066	519185.3219876066	519185.3219876066	519185.3219876066	519185.3219876066	519185.3219876066	1.9259331487160116	1637793310	2401932907	4702817605	1078.67	720.0	400.0	99744429	16517149		ok	cpu/event=0xc0,cmask=1,inv=1/		/home/seunghyun/ycsb/.cache/duckdb_tpch/tpch_sf1.duckdb	/home/seunghyun/ycsb/results/chiplet_duckdb_tpch_sf1_single_thread_q21_madracks-mnode5_20260314T231814Z_2017190/runs/duckdb_tpch/chiplet_x6/inst16/load.stdout.log	/home/seunghyun/ycsb/results/chiplet_duckdb_tpch_sf1_single_thread_q21_madracks-mnode5_20260314T231814Z_2017190/runs/duckdb_tpch/chiplet_x6/inst16/load.stderr.log	/home/seunghyun/ycsb/results/chiplet_duckdb_tpch_sf1_single_thread_q21_madracks-mnode5_20260314T231814Z_2017190/runs/duckdb_tpch/chiplet_x6/inst16/run.stdout.log	/home/seunghyun/ycsb/results/chiplet_duckdb_tpch_sf1_single_thread_q21_madracks-mnode5_20260314T231814Z_2017190/runs/duckdb_tpch/chiplet_x6/inst16/run.stderr.log	/home/seunghyun/ycsb/results/chiplet_duckdb_tpch_sf1_single_thread_q21_madracks-mnode5_20260314T231814Z_2017190/runs/duckdb_tpch/chiplet_x6/inst16/perf.stat	/home/seunghyun/ycsb/results/chiplet_duckdb_tpch_sf1_single_thread_q21_madracks-mnode5_20260314T231814Z_2017190/runs/duckdb_tpch/chiplet_x6/inst16/time.txt		/home/seunghyun/ycsb/results/chiplet_duckdb_tpch_sf1_single_thread_q21_madracks-mnode5_20260314T231814Z_2017190/runs/duckdb_tpch/chiplet_x6
2026-03-14T23:18:20Z	madracks-mnode5	amd	duckdb_tpch	analytic	per_instance_external	NO_RETIRED_INST_CYCLES	user	chiplet_x6	72	17	19	19	0	0	1	False				1						Q21	DUCKDB_TPCH	SF1	0.519222142000217	1.9259579265007194	queries/s	SUCCESSFUL	1	519189.92202263325	519189.92202263325	519189.92202263325	519189.92202263325	519189.92202263325	519189.92202263325	519189.92202263325	519189.92202263325	1.9259579265007194	1621846506	2386291257	4704823024	1071.44	720.0	390.0	100584126	16656373		ok	cpu/event=0xc0,cmask=1,inv=1/		/home/seunghyun/ycsb/.cache/duckdb_tpch/tpch_sf1.duckdb	/home/seunghyun/ycsb/results/chiplet_duckdb_tpch_sf1_single_thread_q21_madracks-mnode5_20260314T231814Z_2017190/runs/duckdb_tpch/chiplet_x6/inst17/load.stdout.log	/home/seunghyun/ycsb/results/chiplet_duckdb_tpch_sf1_single_thread_q21_madracks-mnode5_20260314T231814Z_2017190/runs/duckdb_tpch/chiplet_x6/inst17/load.stderr.log	/home/seunghyun/ycsb/results/chiplet_duckdb_tpch_sf1_single_thread_q21_madracks-mnode5_20260314T231814Z_2017190/runs/duckdb_tpch/chiplet_x6/inst17/run.stdout.log	/home/seunghyun/ycsb/results/chiplet_duckdb_tpch_sf1_single_thread_q21_madracks-mnode5_20260314T231814Z_2017190/runs/duckdb_tpch/chiplet_x6/inst17/run.stderr.log	/home/seunghyun/ycsb/results/chiplet_duckdb_tpch_sf1_single_thread_q21_madracks-mnode5_20260314T231814Z_2017190/runs/duckdb_tpch/chiplet_x6/inst17/perf.stat	/home/seunghyun/ycsb/results/chiplet_duckdb_tpch_sf1_single_thread_q21_madracks-mnode5_20260314T231814Z_2017190/runs/duckdb_tpch/chiplet_x6/inst17/time.txt		/home/seunghyun/ycsb/results/chiplet_duckdb_tpch_sf1_single_thread_q21_madracks-mnode5_20260314T231814Z_2017190/runs/duckdb_tpch/chiplet_x6
2026-03-14T23:18:20Z	madracks-mnode5	amd	duckdb_tpch	analytic	per_instance_external	NO_RETIRED_INST_CYCLES	user	chiplet_x6	72	18	21	21	0	0	1	False				1						Q21	DUCKDB_TPCH	SF1	0.515174442960415	1.9410900786412613	queries/s	SUCCESSFUL	1	515132.67401605844	515132.67401605844	515132.67401605844	515132.67401605844	515132.67401605844	515132.67401605844	515132.67401605844	515132.67401605844	1.9410900786412613	1642456543	2405290605	4704649659	1080.48	710.0	400.0	100814003	16649344		ok	cpu/event=0xc0,cmask=1,inv=1/		/home/seunghyun/ycsb/.cache/duckdb_tpch/tpch_sf1.duckdb	/home/seunghyun/ycsb/results/chiplet_duckdb_tpch_sf1_single_thread_q21_madracks-mnode5_20260314T231814Z_2017190/runs/duckdb_tpch/chiplet_x6/inst18/load.stdout.log	/home/seunghyun/ycsb/results/chiplet_duckdb_tpch_sf1_single_thread_q21_madracks-mnode5_20260314T231814Z_2017190/runs/duckdb_tpch/chiplet_x6/inst18/load.stderr.log	/home/seunghyun/ycsb/results/chiplet_duckdb_tpch_sf1_single_thread_q21_madracks-mnode5_20260314T231814Z_2017190/runs/duckdb_tpch/chiplet_x6/inst18/run.stdout.log	/home/seunghyun/ycsb/results/chiplet_duckdb_tpch_sf1_single_thread_q21_madracks-mnode5_20260314T231814Z_2017190/runs/duckdb_tpch/chiplet_x6/inst18/run.stderr.log	/home/seunghyun/ycsb/results/chiplet_duckdb_tpch_sf1_single_thread_q21_madracks-mnode5_20260314T231814Z_2017190/runs/duckdb_tpch/chiplet_x6/inst18/perf.stat	/home/seunghyun/ycsb/results/chiplet_duckdb_tpch_sf1_single_thread_q21_madracks-mnode5_20260314T231814Z_2017190/runs/duckdb_tpch/chiplet_x6/inst18/time.txt		/home/seunghyun/ycsb/results/chiplet_duckdb_tpch_sf1_single_thread_q21_madracks-mnode5_20260314T231814Z_2017190/runs/duckdb_tpch/chiplet_x6
2026-03-14T23:18:20Z	madracks-mnode5	amd	duckdb_tpch	analytic	per_instance_external	NO_RETIRED_INST_CYCLES	user	chiplet_x6	72	19	22	22	0	0	1	False				1						Q21	DUCKDB_TPCH	SF1	0.5228050670120865	1.9127588141315421	queries/s	SUCCESSFUL	1	522772.19702955335	522772.19702955335	522772.19702955335	522772.19702955335	522772.19702955335	522772.19702955335	522772.19702955335	522772.19702955335	1.9127588141315421	1640875404	2404907272	4701557051	1079.21	670.0	480.0	99971418	16514051		ok	cpu/event=0xc0,cmask=1,inv=1/		/home/seunghyun/ycsb/.cache/duckdb_tpch/tpch_sf1.duckdb	/home/seunghyun/ycsb/results/chiplet_duckdb_tpch_sf1_single_thread_q21_madracks-mnode5_20260314T231814Z_2017190/runs/duckdb_tpch/chiplet_x6/inst19/load.stdout.log	/home/seunghyun/ycsb/results/chiplet_duckdb_tpch_sf1_single_thread_q21_madracks-mnode5_20260314T231814Z_2017190/runs/duckdb_tpch/chiplet_x6/inst19/load.stderr.log	/home/seunghyun/ycsb/results/chiplet_duckdb_tpch_sf1_single_thread_q21_madracks-mnode5_20260314T231814Z_2017190/runs/duckdb_tpch/chiplet_x6/inst19/run.stdout.log	/home/seunghyun/ycsb/results/chiplet_duckdb_tpch_sf1_single_thread_q21_madracks-mnode5_20260314T231814Z_2017190/runs/duckdb_tpch/chiplet_x6/inst19/run.stderr.log	/home/seunghyun/ycsb/results/chiplet_duckdb_tpch_sf1_single_thread_q21_madracks-mnode5_20260314T231814Z_2017190/runs/duckdb_tpch/chiplet_x6/inst19/perf.stat	/home/seunghyun/ycsb/results/chiplet_duckdb_tpch_sf1_single_thread_q21_madracks-mnode5_20260314T231814Z_2017190/runs/duckdb_tpch/chiplet_x6/inst19/time.txt		/home/seunghyun/ycsb/results/chiplet_duckdb_tpch_sf1_single_thread_q21_madracks-mnode5_20260314T231814Z_2017190/runs/duckdb_tpch/chiplet_x6
2026-03-14T23:18:20Z	madracks-mnode5	amd	duckdb_tpch	analytic	per_instance_external	NO_RETIRED_INST_CYCLES	user	chiplet_x6	72	20	23	23	0	0	1	False				1						Q21	DUCKDB_TPCH	SF1	0.5180766370031051	1.9302163590789492	queries/s	SUCCESSFUL	1	518044.667027425	518044.667027425	518044.667027425	518044.667027425	518044.667027425	518044.667027425	518044.667027425	518044.667027425	1.9302163590789492	1670612071	2434753693	4709355207	1094.22	670.0	500.0	101313294	16763130		ok	cpu/event=0xc0,cmask=1,inv=1/		/home/seunghyun/ycsb/.cache/duckdb_tpch/tpch_sf1.duckdb	/home/seunghyun/ycsb/results/chiplet_duckdb_tpch_sf1_single_thread_q21_madracks-mnode5_20260314T231814Z_2017190/runs/duckdb_tpch/chiplet_x6/inst20/load.stdout.log	/home/seunghyun/ycsb/results/chiplet_duckdb_tpch_sf1_single_thread_q21_madracks-mnode5_20260314T231814Z_2017190/runs/duckdb_tpch/chiplet_x6/inst20/load.stderr.log	/home/seunghyun/ycsb/results/chiplet_duckdb_tpch_sf1_single_thread_q21_madracks-mnode5_20260314T231814Z_2017190/runs/duckdb_tpch/chiplet_x6/inst20/run.stdout.log	/home/seunghyun/ycsb/results/chiplet_duckdb_tpch_sf1_single_thread_q21_madracks-mnode5_20260314T231814Z_2017190/runs/duckdb_tpch/chiplet_x6/inst20/run.stderr.log	/home/seunghyun/ycsb/results/chiplet_duckdb_tpch_sf1_single_thread_q21_madracks-mnode5_20260314T231814Z_2017190/runs/duckdb_tpch/chiplet_x6/inst20/perf.stat	/home/seunghyun/ycsb/results/chiplet_duckdb_tpch_sf1_single_thread_q21_madracks-mnode5_20260314T231814Z_2017190/runs/duckdb_tpch/chiplet_x6/inst20/time.txt		/home/seunghyun/ycsb/results/chiplet_duckdb_tpch_sf1_single_thread_q21_madracks-mnode5_20260314T231814Z_2017190/runs/duckdb_tpch/chiplet_x6
2026-03-14T23:18:20Z	madracks-mnode5	amd	duckdb_tpch	analytic	per_instance_external	NO_RETIRED_INST_CYCLES	user	chiplet_x6	72	21	24	24	0	0	1	False				1						Q21	DUCKDB_TPCH	SF1	0.5237403549836017	1.9093430370308393	queries/s	SUCCESSFUL	1	523707.97499315813	523707.97499315813	523707.97499315813	523707.97499315813	523707.97499315813	523707.97499315813	523707.97499315813	523707.97499315813	1.9093430370308393	1661888081	2427335801	4705802778	1090.12	740.0	430.0	99663667	16503330		ok	cpu/event=0xc0,cmask=1,inv=1/		/home/seunghyun/ycsb/.cache/duckdb_tpch/tpch_sf1.duckdb	/home/seunghyun/ycsb/results/chiplet_duckdb_tpch_sf1_single_thread_q21_madracks-mnode5_20260314T231814Z_2017190/runs/duckdb_tpch/chiplet_x6/inst21/load.stdout.log	/home/seunghyun/ycsb/results/chiplet_duckdb_tpch_sf1_single_thread_q21_madracks-mnode5_20260314T231814Z_2017190/runs/duckdb_tpch/chiplet_x6/inst21/load.stderr.log	/home/seunghyun/ycsb/results/chiplet_duckdb_tpch_sf1_single_thread_q21_madracks-mnode5_20260314T231814Z_2017190/runs/duckdb_tpch/chiplet_x6/inst21/run.stdout.log	/home/seunghyun/ycsb/results/chiplet_duckdb_tpch_sf1_single_thread_q21_madracks-mnode5_20260314T231814Z_2017190/runs/duckdb_tpch/chiplet_x6/inst21/run.stderr.log	/home/seunghyun/ycsb/results/chiplet_duckdb_tpch_sf1_single_thread_q21_madracks-mnode5_20260314T231814Z_2017190/runs/duckdb_tpch/chiplet_x6/inst21/perf.stat	/home/seunghyun/ycsb/results/chiplet_duckdb_tpch_sf1_single_thread_q21_madracks-mnode5_20260314T231814Z_2017190/runs/duckdb_tpch/chiplet_x6/inst21/time.txt		/home/seunghyun/ycsb/results/chiplet_duckdb_tpch_sf1_single_thread_q21_madracks-mnode5_20260314T231814Z_2017190/runs/duckdb_tpch/chiplet_x6
2026-03-14T23:18:20Z	madracks-mnode5	amd	duckdb_tpch	analytic	per_instance_external	NO_RETIRED_INST_CYCLES	user	chiplet_x6	72	22	25	25	0	0	1	False				1						Q21	DUCKDB_TPCH	SF1	0.5174423540011048	1.9325824263660196	queries/s	SUCCESSFUL	1	517411.13496245816	517411.13496245816	517411.13496245816	517411.13496245816	517411.13496245816	517411.13496245816	517411.13496245816	517411.13496245816	1.9325824263660196	1650720284	2416221465	4706334468	1084.66	710.0	430.0	100494774	16722035		ok	cpu/event=0xc0,cmask=1,inv=1/		/home/seunghyun/ycsb/.cache/duckdb_tpch/tpch_sf1.duckdb	/home/seunghyun/ycsb/results/chiplet_duckdb_tpch_sf1_single_thread_q21_madracks-mnode5_20260314T231814Z_2017190/runs/duckdb_tpch/chiplet_x6/inst22/load.stdout.log	/home/seunghyun/ycsb/results/chiplet_duckdb_tpch_sf1_single_thread_q21_madracks-mnode5_20260314T231814Z_2017190/runs/duckdb_tpch/chiplet_x6/inst22/load.stderr.log	/home/seunghyun/ycsb/results/chiplet_duckdb_tpch_sf1_single_thread_q21_madracks-mnode5_20260314T231814Z_2017190/runs/duckdb_tpch/chiplet_x6/inst22/run.stdout.log	/home/seunghyun/ycsb/results/chiplet_duckdb_tpch_sf1_single_thread_q21_madracks-mnode5_20260314T231814Z_2017190/runs/duckdb_tpch/chiplet_x6/inst22/run.stderr.log	/home/seunghyun/ycsb/results/chiplet_duckdb_tpch_sf1_single_thread_q21_madracks-mnode5_20260314T231814Z_2017190/runs/duckdb_tpch/chiplet_x6/inst22/perf.stat	/home/seunghyun/ycsb/results/chiplet_duckdb_tpch_sf1_single_thread_q21_madracks-mnode5_20260314T231814Z_2017190/runs/duckdb_tpch/chiplet_x6/inst22/time.txt		/home/seunghyun/ycsb/results/chiplet_duckdb_tpch_sf1_single_thread_q21_madracks-mnode5_20260314T231814Z_2017190/runs/duckdb_tpch/chiplet_x6
2026-03-14T23:18:20Z	madracks-mnode5	amd	duckdb_tpch	analytic	per_instance_external	NO_RETIRED_INST_CYCLES	user	chiplet_x6	72	23	26	26	0	0	1	False				1						Q21	DUCKDB_TPCH	SF1	0.5160471329581924	1.9378074910863134	queries/s	SUCCESSFUL	1	516015.56298555806	516015.56298555806	516015.56298555806	516015.56298555806	516015.56298555806	516015.56298555806	516015.56298555806	516015.56298555806	1.9378074910863134	1662682354	2427163431	4708612507	1090.12	690.0	470.0	101230495	16494017		ok	cpu/event=0xc0,cmask=1,inv=1/		/home/seunghyun/ycsb/.cache/duckdb_tpch/tpch_sf1.duckdb	/home/seunghyun/ycsb/results/chiplet_duckdb_tpch_sf1_single_thread_q21_madracks-mnode5_20260314T231814Z_2017190/runs/duckdb_tpch/chiplet_x6/inst23/load.stdout.log	/home/seunghyun/ycsb/results/chiplet_duckdb_tpch_sf1_single_thread_q21_madracks-mnode5_20260314T231814Z_2017190/runs/duckdb_tpch/chiplet_x6/inst23/load.stderr.log	/home/seunghyun/ycsb/results/chiplet_duckdb_tpch_sf1_single_thread_q21_madracks-mnode5_20260314T231814Z_2017190/runs/duckdb_tpch/chiplet_x6/inst23/run.stdout.log	/home/seunghyun/ycsb/results/chiplet_duckdb_tpch_sf1_single_thread_q21_madracks-mnode5_20260314T231814Z_2017190/runs/duckdb_tpch/chiplet_x6/inst23/run.stderr.log	/home/seunghyun/ycsb/results/chiplet_duckdb_tpch_sf1_single_thread_q21_madracks-mnode5_20260314T231814Z_2017190/runs/duckdb_tpch/chiplet_x6/inst23/perf.stat	/home/seunghyun/ycsb/results/chiplet_duckdb_tpch_sf1_single_thread_q21_madracks-mnode5_20260314T231814Z_2017190/runs/duckdb_tpch/chiplet_x6/inst23/time.txt		/home/seunghyun/ycsb/results/chiplet_duckdb_tpch_sf1_single_thread_q21_madracks-mnode5_20260314T231814Z_2017190/runs/duckdb_tpch/chiplet_x6
2026-03-14T23:18:20Z	madracks-mnode5	amd	duckdb_tpch	analytic	per_instance_external	NO_RETIRED_INST_CYCLES	user	chiplet_x6	72	24	28	28	0	0	1	False				1						Q21	DUCKDB_TPCH	SF1	0.5152302340138704	1.9408798901600937	queries/s	SUCCESSFUL	1	515195.12402592227	515195.12402592227	515195.12402592227	515195.12402592227	515195.12402592227	515195.12402592227	515195.12402592227	515195.12402592227	1.9408798901600937	1664244344	2428674090	4709207445	1091.17	720.0	440.0	101083334	16667323		ok	cpu/event=0xc0,cmask=1,inv=1/		/home/seunghyun/ycsb/.cache/duckdb_tpch/tpch_sf1.duckdb	/home/seunghyun/ycsb/results/chiplet_duckdb_tpch_sf1_single_thread_q21_madracks-mnode5_20260314T231814Z_2017190/runs/duckdb_tpch/chiplet_x6/inst24/load.stdout.log	/home/seunghyun/ycsb/results/chiplet_duckdb_tpch_sf1_single_thread_q21_madracks-mnode5_20260314T231814Z_2017190/runs/duckdb_tpch/chiplet_x6/inst24/load.stderr.log	/home/seunghyun/ycsb/results/chiplet_duckdb_tpch_sf1_single_thread_q21_madracks-mnode5_20260314T231814Z_2017190/runs/duckdb_tpch/chiplet_x6/inst24/run.stdout.log	/home/seunghyun/ycsb/results/chiplet_duckdb_tpch_sf1_single_thread_q21_madracks-mnode5_20260314T231814Z_2017190/runs/duckdb_tpch/chiplet_x6/inst24/run.stderr.log	/home/seunghyun/ycsb/results/chiplet_duckdb_tpch_sf1_single_thread_q21_madracks-mnode5_20260314T231814Z_2017190/runs/duckdb_tpch/chiplet_x6/inst24/perf.stat	/home/seunghyun/ycsb/results/chiplet_duckdb_tpch_sf1_single_thread_q21_madracks-mnode5_20260314T231814Z_2017190/runs/duckdb_tpch/chiplet_x6/inst24/time.txt		/home/seunghyun/ycsb/results/chiplet_duckdb_tpch_sf1_single_thread_q21_madracks-mnode5_20260314T231814Z_2017190/runs/duckdb_tpch/chiplet_x6
2026-03-14T23:18:20Z	madracks-mnode5	amd	duckdb_tpch	analytic	per_instance_external	NO_RETIRED_INST_CYCLES	user	chiplet_x6	72	25	29	29	0	0	1	False				1						Q21	DUCKDB_TPCH	SF1	0.5224431810202077	1.914083744087227	queries/s	SUCCESSFUL	1	522411.061974708	522411.061974708	522411.061974708	522411.061974708	522411.061974708	522411.061974708	522411.061974708	522411.061974708	1.914083744087227	1680591777	2447054667	4708493823	1099.52	720.0	450.0	99698836	16682486		ok	cpu/event=0xc0,cmask=1,inv=1/		/home/seunghyun/ycsb/.cache/duckdb_tpch/tpch_sf1.duckdb	/home/seunghyun/ycsb/results/chiplet_duckdb_tpch_sf1_single_thread_q21_madracks-mnode5_20260314T231814Z_2017190/runs/duckdb_tpch/chiplet_x6/inst25/load.stdout.log	/home/seunghyun/ycsb/results/chiplet_duckdb_tpch_sf1_single_thread_q21_madracks-mnode5_20260314T231814Z_2017190/runs/duckdb_tpch/chiplet_x6/inst25/load.stderr.log	/home/seunghyun/ycsb/results/chiplet_duckdb_tpch_sf1_single_thread_q21_madracks-mnode5_20260314T231814Z_2017190/runs/duckdb_tpch/chiplet_x6/inst25/run.stdout.log	/home/seunghyun/ycsb/results/chiplet_duckdb_tpch_sf1_single_thread_q21_madracks-mnode5_20260314T231814Z_2017190/runs/duckdb_tpch/chiplet_x6/inst25/run.stderr.log	/home/seunghyun/ycsb/results/chiplet_duckdb_tpch_sf1_single_thread_q21_madracks-mnode5_20260314T231814Z_2017190/runs/duckdb_tpch/chiplet_x6/inst25/perf.stat	/home/seunghyun/ycsb/results/chiplet_duckdb_tpch_sf1_single_thread_q21_madracks-mnode5_20260314T231814Z_2017190/runs/duckdb_tpch/chiplet_x6/inst25/time.txt		/home/seunghyun/ycsb/results/chiplet_duckdb_tpch_sf1_single_thread_q21_madracks-mnode5_20260314T231814Z_2017190/runs/duckdb_tpch/chiplet_x6
2026-03-14T23:18:20Z	madracks-mnode5	amd	duckdb_tpch	analytic	per_instance_external	NO_RETIRED_INST_CYCLES	user	chiplet_x6	72	26	30	30	0	0	1	False				1						Q21	DUCKDB_TPCH	SF1	0.5239590419805609	1.908546126468222	queries/s	SUCCESSFUL	1	523916.9329870492	523916.9329870492	523916.9329870492	523916.9329870492	523916.9329870492	523916.9329870492	523916.9329870492	523916.9329870492	1.908546126468222	1647136967	2412514364	4707675279	1083.0	690.0	470.0	100359952	16586981		ok	cpu/event=0xc0,cmask=1,inv=1/		/home/seunghyun/ycsb/.cache/duckdb_tpch/tpch_sf1.duckdb	/home/seunghyun/ycsb/results/chiplet_duckdb_tpch_sf1_single_thread_q21_madracks-mnode5_20260314T231814Z_2017190/runs/duckdb_tpch/chiplet_x6/inst26/load.stdout.log	/home/seunghyun/ycsb/results/chiplet_duckdb_tpch_sf1_single_thread_q21_madracks-mnode5_20260314T231814Z_2017190/runs/duckdb_tpch/chiplet_x6/inst26/load.stderr.log	/home/seunghyun/ycsb/results/chiplet_duckdb_tpch_sf1_single_thread_q21_madracks-mnode5_20260314T231814Z_2017190/runs/duckdb_tpch/chiplet_x6/inst26/run.stdout.log	/home/seunghyun/ycsb/results/chiplet_duckdb_tpch_sf1_single_thread_q21_madracks-mnode5_20260314T231814Z_2017190/runs/duckdb_tpch/chiplet_x6/inst26/run.stderr.log	/home/seunghyun/ycsb/results/chiplet_duckdb_tpch_sf1_single_thread_q21_madracks-mnode5_20260314T231814Z_2017190/runs/duckdb_tpch/chiplet_x6/inst26/perf.stat	/home/seunghyun/ycsb/results/chiplet_duckdb_tpch_sf1_single_thread_q21_madracks-mnode5_20260314T231814Z_2017190/runs/duckdb_tpch/chiplet_x6/inst26/time.txt		/home/seunghyun/ycsb/results/chiplet_duckdb_tpch_sf1_single_thread_q21_madracks-mnode5_20260314T231814Z_2017190/runs/duckdb_tpch/chiplet_x6
2026-03-14T23:18:20Z	madracks-mnode5	amd	duckdb_tpch	analytic	per_instance_external	NO_RETIRED_INST_CYCLES	user	chiplet_x6	72	27	31	31	0	0	1	False				1						Q21	DUCKDB_TPCH	SF1	0.5212073369766586	1.9186222623047677	queries/s	SUCCESSFUL	1	521172.02698718756	521172.02698718756	521172.02698718756	521172.02698718756	521172.02698718756	521172.02698718756	521172.02698718756	521172.02698718756	1.9186222623047677	1661635207	2427226167	4709238150	1090.99	710.0	460.0	100935081	16473031		ok	cpu/event=0xc0,cmask=1,inv=1/		/home/seunghyun/ycsb/.cache/duckdb_tpch/tpch_sf1.duckdb	/home/seunghyun/ycsb/results/chiplet_duckdb_tpch_sf1_single_thread_q21_madracks-mnode5_20260314T231814Z_2017190/runs/duckdb_tpch/chiplet_x6/inst27/load.stdout.log	/home/seunghyun/ycsb/results/chiplet_duckdb_tpch_sf1_single_thread_q21_madracks-mnode5_20260314T231814Z_2017190/runs/duckdb_tpch/chiplet_x6/inst27/load.stderr.log	/home/seunghyun/ycsb/results/chiplet_duckdb_tpch_sf1_single_thread_q21_madracks-mnode5_20260314T231814Z_2017190/runs/duckdb_tpch/chiplet_x6/inst27/run.stdout.log	/home/seunghyun/ycsb/results/chiplet_duckdb_tpch_sf1_single_thread_q21_madracks-mnode5_20260314T231814Z_2017190/runs/duckdb_tpch/chiplet_x6/inst27/run.stderr.log	/home/seunghyun/ycsb/results/chiplet_duckdb_tpch_sf1_single_thread_q21_madracks-mnode5_20260314T231814Z_2017190/runs/duckdb_tpch/chiplet_x6/inst27/perf.stat	/home/seunghyun/ycsb/results/chiplet_duckdb_tpch_sf1_single_thread_q21_madracks-mnode5_20260314T231814Z_2017190/runs/duckdb_tpch/chiplet_x6/inst27/time.txt		/home/seunghyun/ycsb/results/chiplet_duckdb_tpch_sf1_single_thread_q21_madracks-mnode5_20260314T231814Z_2017190/runs/duckdb_tpch/chiplet_x6
2026-03-14T23:18:20Z	madracks-mnode5	amd	duckdb_tpch	analytic	per_instance_external	NO_RETIRED_INST_CYCLES	user	chiplet_x6	72	28	32	32	0	0	1	False				1						Q21	DUCKDB_TPCH	SF1	0.5270954919978976	1.8971894375525955	queries/s	SUCCESSFUL	1	527062.9629958421	527062.9629958421	527062.9629958421	527062.9629958421	527062.9629958421	527062.9629958421	527062.9629958421	527062.9629958421	1.8971894375525955	1672139015	2436955706	4708558876	1094.18	710.0	460.0	101157486	16482919		ok	cpu/event=0xc0,cmask=1,inv=1/		/home/seunghyun/ycsb/.cache/duckdb_tpch/tpch_sf1.duckdb	/home/seunghyun/ycsb/results/chiplet_duckdb_tpch_sf1_single_thread_q21_madracks-mnode5_20260314T231814Z_2017190/runs/duckdb_tpch/chiplet_x6/inst28/load.stdout.log	/home/seunghyun/ycsb/results/chiplet_duckdb_tpch_sf1_single_thread_q21_madracks-mnode5_20260314T231814Z_2017190/runs/duckdb_tpch/chiplet_x6/inst28/load.stderr.log	/home/seunghyun/ycsb/results/chiplet_duckdb_tpch_sf1_single_thread_q21_madracks-mnode5_20260314T231814Z_2017190/runs/duckdb_tpch/chiplet_x6/inst28/run.stdout.log	/home/seunghyun/ycsb/results/chiplet_duckdb_tpch_sf1_single_thread_q21_madracks-mnode5_20260314T231814Z_2017190/runs/duckdb_tpch/chiplet_x6/inst28/run.stderr.log	/home/seunghyun/ycsb/results/chiplet_duckdb_tpch_sf1_single_thread_q21_madracks-mnode5_20260314T231814Z_2017190/runs/duckdb_tpch/chiplet_x6/inst28/perf.stat	/home/seunghyun/ycsb/results/chiplet_duckdb_tpch_sf1_single_thread_q21_madracks-mnode5_20260314T231814Z_2017190/runs/duckdb_tpch/chiplet_x6/inst28/time.txt		/home/seunghyun/ycsb/results/chiplet_duckdb_tpch_sf1_single_thread_q21_madracks-mnode5_20260314T231814Z_2017190/runs/duckdb_tpch/chiplet_x6
2026-03-14T23:18:20Z	madracks-mnode5	amd	duckdb_tpch	analytic	per_instance_external	NO_RETIRED_INST_CYCLES	user	chiplet_x6	72	29	33	33	0	0	1	False				1						Q21	DUCKDB_TPCH	SF1	0.5218139790231362	1.9163917415015477	queries/s	SUCCESSFUL	1	521782.8690074384	521782.8690074384	521782.8690074384	521782.8690074384	521782.8690074384	521782.8690074384	521782.8690074384	521782.8690074384	1.9163917415015477	1660752511	2427299012	4707702404	1089.69	720.0	450.0	99952856	16591334		ok	cpu/event=0xc0,cmask=1,inv=1/		/home/seunghyun/ycsb/.cache/duckdb_tpch/tpch_sf1.duckdb	/home/seunghyun/ycsb/results/chiplet_duckdb_tpch_sf1_single_thread_q21_madracks-mnode5_20260314T231814Z_2017190/runs/duckdb_tpch/chiplet_x6/inst29/load.stdout.log	/home/seunghyun/ycsb/results/chiplet_duckdb_tpch_sf1_single_thread_q21_madracks-mnode5_20260314T231814Z_2017190/runs/duckdb_tpch/chiplet_x6/inst29/load.stderr.log	/home/seunghyun/ycsb/results/chiplet_duckdb_tpch_sf1_single_thread_q21_madracks-mnode5_20260314T231814Z_2017190/runs/duckdb_tpch/chiplet_x6/inst29/run.stdout.log	/home/seunghyun/ycsb/results/chiplet_duckdb_tpch_sf1_single_thread_q21_madracks-mnode5_20260314T231814Z_2017190/runs/duckdb_tpch/chiplet_x6/inst29/run.stderr.log	/home/seunghyun/ycsb/results/chiplet_duckdb_tpch_sf1_single_thread_q21_madracks-mnode5_20260314T231814Z_2017190/runs/duckdb_tpch/chiplet_x6/inst29/perf.stat	/home/seunghyun/ycsb/results/chiplet_duckdb_tpch_sf1_single_thread_q21_madracks-mnode5_20260314T231814Z_2017190/runs/duckdb_tpch/chiplet_x6/inst29/time.txt		/home/seunghyun/ycsb/results/chiplet_duckdb_tpch_sf1_single_thread_q21_madracks-mnode5_20260314T231814Z_2017190/runs/duckdb_tpch/chiplet_x6
2026-03-14T23:18:20Z	madracks-mnode5	amd	duckdb_tpch	analytic	per_instance_external	NO_RETIRED_INST_CYCLES	user	chiplet_x6	72	30	35	35	0	0	1	False				1						Q21	DUCKDB_TPCH	SF1	0.5187071490217932	1.9278700937240902	queries/s	SUCCESSFUL	1	518662.53901971504	518662.53901971504	518662.53901971504	518662.53901971504	518662.53901971504	518662.53901971504	518662.53901971504	518662.53901971504	1.9278700937240902	1662757860	2428469142	4707525988	1091.71	770.0	400.0	100096155	16593701		ok	cpu/event=0xc0,cmask=1,inv=1/		/home/seunghyun/ycsb/.cache/duckdb_tpch/tpch_sf1.duckdb	/home/seunghyun/ycsb/results/chiplet_duckdb_tpch_sf1_single_thread_q21_madracks-mnode5_20260314T231814Z_2017190/runs/duckdb_tpch/chiplet_x6/inst30/load.stdout.log	/home/seunghyun/ycsb/results/chiplet_duckdb_tpch_sf1_single_thread_q21_madracks-mnode5_20260314T231814Z_2017190/runs/duckdb_tpch/chiplet_x6/inst30/load.stderr.log	/home/seunghyun/ycsb/results/chiplet_duckdb_tpch_sf1_single_thread_q21_madracks-mnode5_20260314T231814Z_2017190/runs/duckdb_tpch/chiplet_x6/inst30/run.stdout.log	/home/seunghyun/ycsb/results/chiplet_duckdb_tpch_sf1_single_thread_q21_madracks-mnode5_20260314T231814Z_2017190/runs/duckdb_tpch/chiplet_x6/inst30/run.stderr.log	/home/seunghyun/ycsb/results/chiplet_duckdb_tpch_sf1_single_thread_q21_madracks-mnode5_20260314T231814Z_2017190/runs/duckdb_tpch/chiplet_x6/inst30/perf.stat	/home/seunghyun/ycsb/results/chiplet_duckdb_tpch_sf1_single_thread_q21_madracks-mnode5_20260314T231814Z_2017190/runs/duckdb_tpch/chiplet_x6/inst30/time.txt		/home/seunghyun/ycsb/results/chiplet_duckdb_tpch_sf1_single_thread_q21_madracks-mnode5_20260314T231814Z_2017190/runs/duckdb_tpch/chiplet_x6
2026-03-14T23:18:20Z	madracks-mnode5	amd	duckdb_tpch	analytic	per_instance_external	NO_RETIRED_INST_CYCLES	user	chiplet_x6	72	31	36	36	0	0	1	False				1						Q21	DUCKDB_TPCH	SF1	0.5165632970165461	1.935871181277459	queries/s	SUCCESSFUL	1	516531.46697208285	516531.46697208285	516531.46697208285	516531.46697208285	516531.46697208285	516531.46697208285	516531.46697208285	516531.46697208285	1.935871181277459	1850882538	2849877161	5999248329	1278.14	860.0	490.0	101053775	16457764		ok	cpu/event=0xc0,cmask=1,inv=1/		/home/seunghyun/ycsb/.cache/duckdb_tpch/tpch_sf1.duckdb	/home/seunghyun/ycsb/results/chiplet_duckdb_tpch_sf1_single_thread_q21_madracks-mnode5_20260314T231814Z_2017190/runs/duckdb_tpch/chiplet_x6/inst31/load.stdout.log	/home/seunghyun/ycsb/results/chiplet_duckdb_tpch_sf1_single_thread_q21_madracks-mnode5_20260314T231814Z_2017190/runs/duckdb_tpch/chiplet_x6/inst31/load.stderr.log	/home/seunghyun/ycsb/results/chiplet_duckdb_tpch_sf1_single_thread_q21_madracks-mnode5_20260314T231814Z_2017190/runs/duckdb_tpch/chiplet_x6/inst31/run.stdout.log	/home/seunghyun/ycsb/results/chiplet_duckdb_tpch_sf1_single_thread_q21_madracks-mnode5_20260314T231814Z_2017190/runs/duckdb_tpch/chiplet_x6/inst31/run.stderr.log	/home/seunghyun/ycsb/results/chiplet_duckdb_tpch_sf1_single_thread_q21_madracks-mnode5_20260314T231814Z_2017190/runs/duckdb_tpch/chiplet_x6/inst31/perf.stat	/home/seunghyun/ycsb/results/chiplet_duckdb_tpch_sf1_single_thread_q21_madracks-mnode5_20260314T231814Z_2017190/runs/duckdb_tpch/chiplet_x6/inst31/time.txt		/home/seunghyun/ycsb/results/chiplet_duckdb_tpch_sf1_single_thread_q21_madracks-mnode5_20260314T231814Z_2017190/runs/duckdb_tpch/chiplet_x6
2026-03-14T23:18:20Z	madracks-mnode5	amd	duckdb_tpch	analytic	per_instance_external	NO_RETIRED_INST_CYCLES	user	chiplet_x6	72	32	37	37	0	0	1	False				1						Q21	DUCKDB_TPCH	SF1	0.5172532480210066	1.9332889717482995	queries/s	SUCCESSFUL	1	517221.42699873075	517221.42699873075	517221.42699873075	517221.42699873075	517221.42699873075	517221.42699873075	517221.42699873075	517221.42699873075	1.9332889717482995	1666067992	2431946863	4708937401	1092.5	700.0	460.0	100095630	16606693		ok	cpu/event=0xc0,cmask=1,inv=1/		/home/seunghyun/ycsb/.cache/duckdb_tpch/tpch_sf1.duckdb	/home/seunghyun/ycsb/results/chiplet_duckdb_tpch_sf1_single_thread_q21_madracks-mnode5_20260314T231814Z_2017190/runs/duckdb_tpch/chiplet_x6/inst32/load.stdout.log	/home/seunghyun/ycsb/results/chiplet_duckdb_tpch_sf1_single_thread_q21_madracks-mnode5_20260314T231814Z_2017190/runs/duckdb_tpch/chiplet_x6/inst32/load.stderr.log	/home/seunghyun/ycsb/results/chiplet_duckdb_tpch_sf1_single_thread_q21_madracks-mnode5_20260314T231814Z_2017190/runs/duckdb_tpch/chiplet_x6/inst32/run.stdout.log	/home/seunghyun/ycsb/results/chiplet_duckdb_tpch_sf1_single_thread_q21_madracks-mnode5_20260314T231814Z_2017190/runs/duckdb_tpch/chiplet_x6/inst32/run.stderr.log	/home/seunghyun/ycsb/results/chiplet_duckdb_tpch_sf1_single_thread_q21_madracks-mnode5_20260314T231814Z_2017190/runs/duckdb_tpch/chiplet_x6/inst32/perf.stat	/home/seunghyun/ycsb/results/chiplet_duckdb_tpch_sf1_single_thread_q21_madracks-mnode5_20260314T231814Z_2017190/runs/duckdb_tpch/chiplet_x6/inst32/time.txt		/home/seunghyun/ycsb/results/chiplet_duckdb_tpch_sf1_single_thread_q21_madracks-mnode5_20260314T231814Z_2017190/runs/duckdb_tpch/chiplet_x6
2026-03-14T23:18:20Z	madracks-mnode5	amd	duckdb_tpch	analytic	per_instance_external	NO_RETIRED_INST_CYCLES	user	chiplet_x6	72	33	38	38	0	0	1	False				1						Q21	DUCKDB_TPCH	SF1	0.5213007149868645	1.9182785890197707	queries/s	SUCCESSFUL	1	521269.176970236	521269.176970236	521269.176970236	521269.176970236	521269.176970236	521269.176970236	521269.176970236	521269.176970236	1.9182785890197707	1662481731	2429100088	4709660121	1090.79	710.0	460.0	100178395	16470544		ok	cpu/event=0xc0,cmask=1,inv=1/		/home/seunghyun/ycsb/.cache/duckdb_tpch/tpch_sf1.duckdb	/home/seunghyun/ycsb/results/chiplet_duckdb_tpch_sf1_single_thread_q21_madracks-mnode5_20260314T231814Z_2017190/runs/duckdb_tpch/chiplet_x6/inst33/load.stdout.log	/home/seunghyun/ycsb/results/chiplet_duckdb_tpch_sf1_single_thread_q21_madracks-mnode5_20260314T231814Z_2017190/runs/duckdb_tpch/chiplet_x6/inst33/load.stderr.log	/home/seunghyun/ycsb/results/chiplet_duckdb_tpch_sf1_single_thread_q21_madracks-mnode5_20260314T231814Z_2017190/runs/duckdb_tpch/chiplet_x6/inst33/run.stdout.log	/home/seunghyun/ycsb/results/chiplet_duckdb_tpch_sf1_single_thread_q21_madracks-mnode5_20260314T231814Z_2017190/runs/duckdb_tpch/chiplet_x6/inst33/run.stderr.log	/home/seunghyun/ycsb/results/chiplet_duckdb_tpch_sf1_single_thread_q21_madracks-mnode5_20260314T231814Z_2017190/runs/duckdb_tpch/chiplet_x6/inst33/perf.stat	/home/seunghyun/ycsb/results/chiplet_duckdb_tpch_sf1_single_thread_q21_madracks-mnode5_20260314T231814Z_2017190/runs/duckdb_tpch/chiplet_x6/inst33/time.txt		/home/seunghyun/ycsb/results/chiplet_duckdb_tpch_sf1_single_thread_q21_madracks-mnode5_20260314T231814Z_2017190/runs/duckdb_tpch/chiplet_x6
2026-03-14T23:18:20Z	madracks-mnode5	amd	duckdb_tpch	analytic	per_instance_external	NO_RETIRED_INST_CYCLES	user	chiplet_x6	72	34	39	39	0	0	1	False				1						Q21	DUCKDB_TPCH	SF1	0.5253001659875736	1.9036734894609872	queries/s	SUCCESSFUL	1	525266.655953601	525266.655953601	525266.655953601	525266.655953601	525266.655953601	525266.655953601	525266.655953601	525266.655953601	1.9036734894609872	1662906375	2429349042	4709539358	1091.84	640.0	520.0	100798382	16479639		ok	cpu/event=0xc0,cmask=1,inv=1/		/home/seunghyun/ycsb/.cache/duckdb_tpch/tpch_sf1.duckdb	/home/seunghyun/ycsb/results/chiplet_duckdb_tpch_sf1_single_thread_q21_madracks-mnode5_20260314T231814Z_2017190/runs/duckdb_tpch/chiplet_x6/inst34/load.stdout.log	/home/seunghyun/ycsb/results/chiplet_duckdb_tpch_sf1_single_thread_q21_madracks-mnode5_20260314T231814Z_2017190/runs/duckdb_tpch/chiplet_x6/inst34/load.stderr.log	/home/seunghyun/ycsb/results/chiplet_duckdb_tpch_sf1_single_thread_q21_madracks-mnode5_20260314T231814Z_2017190/runs/duckdb_tpch/chiplet_x6/inst34/run.stdout.log	/home/seunghyun/ycsb/results/chiplet_duckdb_tpch_sf1_single_thread_q21_madracks-mnode5_20260314T231814Z_2017190/runs/duckdb_tpch/chiplet_x6/inst34/run.stderr.log	/home/seunghyun/ycsb/results/chiplet_duckdb_tpch_sf1_single_thread_q21_madracks-mnode5_20260314T231814Z_2017190/runs/duckdb_tpch/chiplet_x6/inst34/perf.stat	/home/seunghyun/ycsb/results/chiplet_duckdb_tpch_sf1_single_thread_q21_madracks-mnode5_20260314T231814Z_2017190/runs/duckdb_tpch/chiplet_x6/inst34/time.txt		/home/seunghyun/ycsb/results/chiplet_duckdb_tpch_sf1_single_thread_q21_madracks-mnode5_20260314T231814Z_2017190/runs/duckdb_tpch/chiplet_x6
2026-03-14T23:18:20Z	madracks-mnode5	amd	duckdb_tpch	analytic	per_instance_external	NO_RETIRED_INST_CYCLES	user	chiplet_x6	72	35	40	40	0	0	1	False				1						Q21	DUCKDB_TPCH	SF1	0.5186279100016691	1.9281646450473167	queries/s	SUCCESSFUL	1	518593.44996046275	518593.44996046275	518593.44996046275	518593.44996046275	518593.44996046275	518593.44996046275	518593.44996046275	518593.44996046275	1.9281646450473167	1647845522	2416643639	4715986412	1086.04	710.0	450.0	100812607	16661613		ok	cpu/event=0xc0,cmask=1,inv=1/		/home/seunghyun/ycsb/.cache/duckdb_tpch/tpch_sf1.duckdb	/home/seunghyun/ycsb/results/chiplet_duckdb_tpch_sf1_single_thread_q21_madracks-mnode5_20260314T231814Z_2017190/runs/duckdb_tpch/chiplet_x6/inst35/load.stdout.log	/home/seunghyun/ycsb/results/chiplet_duckdb_tpch_sf1_single_thread_q21_madracks-mnode5_20260314T231814Z_2017190/runs/duckdb_tpch/chiplet_x6/inst35/load.stderr.log	/home/seunghyun/ycsb/results/chiplet_duckdb_tpch_sf1_single_thread_q21_madracks-mnode5_20260314T231814Z_2017190/runs/duckdb_tpch/chiplet_x6/inst35/run.stdout.log	/home/seunghyun/ycsb/results/chiplet_duckdb_tpch_sf1_single_thread_q21_madracks-mnode5_20260314T231814Z_2017190/runs/duckdb_tpch/chiplet_x6/inst35/run.stderr.log	/home/seunghyun/ycsb/results/chiplet_duckdb_tpch_sf1_single_thread_q21_madracks-mnode5_20260314T231814Z_2017190/runs/duckdb_tpch/chiplet_x6/inst35/perf.stat	/home/seunghyun/ycsb/results/chiplet_duckdb_tpch_sf1_single_thread_q21_madracks-mnode5_20260314T231814Z_2017190/runs/duckdb_tpch/chiplet_x6/inst35/time.txt		/home/seunghyun/ycsb/results/chiplet_duckdb_tpch_sf1_single_thread_q21_madracks-mnode5_20260314T231814Z_2017190/runs/duckdb_tpch/chiplet_x6
2026-03-14T23:18:20Z	madracks-mnode5	amd	duckdb_tpch	analytic	per_instance_external	NO_RETIRED_INST_CYCLES	user	chiplet_x6	72	36	42	42	0	0	1	False				1						Q21	DUCKDB_TPCH	SF1	0.5225996199878864	1.9135107676181997	queries/s	SUCCESSFUL	1	522566.7000049725	522566.7000049725	522566.7000049725	522566.7000049725	522566.7000049725	522566.7000049725	522566.7000049725	522566.7000049725	1.9135107676181997	1643798878	2408989792	4707948007	1081.88	730.0	420.0	100654709	16552271		ok	cpu/event=0xc0,cmask=1,inv=1/		/home/seunghyun/ycsb/.cache/duckdb_tpch/tpch_sf1.duckdb	/home/seunghyun/ycsb/results/chiplet_duckdb_tpch_sf1_single_thread_q21_madracks-mnode5_20260314T231814Z_2017190/runs/duckdb_tpch/chiplet_x6/inst36/load.stdout.log	/home/seunghyun/ycsb/results/chiplet_duckdb_tpch_sf1_single_thread_q21_madracks-mnode5_20260314T231814Z_2017190/runs/duckdb_tpch/chiplet_x6/inst36/load.stderr.log	/home/seunghyun/ycsb/results/chiplet_duckdb_tpch_sf1_single_thread_q21_madracks-mnode5_20260314T231814Z_2017190/runs/duckdb_tpch/chiplet_x6/inst36/run.stdout.log	/home/seunghyun/ycsb/results/chiplet_duckdb_tpch_sf1_single_thread_q21_madracks-mnode5_20260314T231814Z_2017190/runs/duckdb_tpch/chiplet_x6/inst36/run.stderr.log	/home/seunghyun/ycsb/results/chiplet_duckdb_tpch_sf1_single_thread_q21_madracks-mnode5_20260314T231814Z_2017190/runs/duckdb_tpch/chiplet_x6/inst36/perf.stat	/home/seunghyun/ycsb/results/chiplet_duckdb_tpch_sf1_single_thread_q21_madracks-mnode5_20260314T231814Z_2017190/runs/duckdb_tpch/chiplet_x6/inst36/time.txt		/home/seunghyun/ycsb/results/chiplet_duckdb_tpch_sf1_single_thread_q21_madracks-mnode5_20260314T231814Z_2017190/runs/duckdb_tpch/chiplet_x6
2026-03-14T23:18:20Z	madracks-mnode5	amd	duckdb_tpch	analytic	per_instance_external	NO_RETIRED_INST_CYCLES	user	chiplet_x6	72	37	43	43	0	0	1	False				1						Q21	DUCKDB_TPCH	SF1	0.5096067949780263	1.962297225732869	queries/s	SUCCESSFUL	1	509575.49503073096	509575.49503073096	509575.49503073096	509575.49503073096	509575.49503073096	509575.49503073096	509575.49503073096	509575.49503073096	1.962297225732869	1645379229	2410882458	4708336784	1083.74	680.0	480.0	100317088	16461114		ok	cpu/event=0xc0,cmask=1,inv=1/		/home/seunghyun/ycsb/.cache/duckdb_tpch/tpch_sf1.duckdb	/home/seunghyun/ycsb/results/chiplet_duckdb_tpch_sf1_single_thread_q21_madracks-mnode5_20260314T231814Z_2017190/runs/duckdb_tpch/chiplet_x6/inst37/load.stdout.log	/home/seunghyun/ycsb/results/chiplet_duckdb_tpch_sf1_single_thread_q21_madracks-mnode5_20260314T231814Z_2017190/runs/duckdb_tpch/chiplet_x6/inst37/load.stderr.log	/home/seunghyun/ycsb/results/chiplet_duckdb_tpch_sf1_single_thread_q21_madracks-mnode5_20260314T231814Z_2017190/runs/duckdb_tpch/chiplet_x6/inst37/run.stdout.log	/home/seunghyun/ycsb/results/chiplet_duckdb_tpch_sf1_single_thread_q21_madracks-mnode5_20260314T231814Z_2017190/runs/duckdb_tpch/chiplet_x6/inst37/run.stderr.log	/home/seunghyun/ycsb/results/chiplet_duckdb_tpch_sf1_single_thread_q21_madracks-mnode5_20260314T231814Z_2017190/runs/duckdb_tpch/chiplet_x6/inst37/perf.stat	/home/seunghyun/ycsb/results/chiplet_duckdb_tpch_sf1_single_thread_q21_madracks-mnode5_20260314T231814Z_2017190/runs/duckdb_tpch/chiplet_x6/inst37/time.txt		/home/seunghyun/ycsb/results/chiplet_duckdb_tpch_sf1_single_thread_q21_madracks-mnode5_20260314T231814Z_2017190/runs/duckdb_tpch/chiplet_x6
2026-03-14T23:18:20Z	madracks-mnode5	amd	duckdb_tpch	analytic	per_instance_external	NO_RETIRED_INST_CYCLES	user	chiplet_x6	72	38	44	44	0	0	1	False				1						Q21	DUCKDB_TPCH	SF1	0.5230973730213009	1.9116899674418348	queries/s	SUCCESSFUL	1	523065.4929764569	523065.4929764569	523065.4929764569	523065.4929764569	523065.4929764569	523065.4929764569	523065.4929764569	523065.4929764569	1.9116899674418348	1650612345	2416901553	4710233669	1085.9	730.0	420.0	100499441	16479888		ok	cpu/event=0xc0,cmask=1,inv=1/		/home/seunghyun/ycsb/.cache/duckdb_tpch/tpch_sf1.duckdb	/home/seunghyun/ycsb/results/chiplet_duckdb_tpch_sf1_single_thread_q21_madracks-mnode5_20260314T231814Z_2017190/runs/duckdb_tpch/chiplet_x6/inst38/load.stdout.log	/home/seunghyun/ycsb/results/chiplet_duckdb_tpch_sf1_single_thread_q21_madracks-mnode5_20260314T231814Z_2017190/runs/duckdb_tpch/chiplet_x6/inst38/load.stderr.log	/home/seunghyun/ycsb/results/chiplet_duckdb_tpch_sf1_single_thread_q21_madracks-mnode5_20260314T231814Z_2017190/runs/duckdb_tpch/chiplet_x6/inst38/run.stdout.log	/home/seunghyun/ycsb/results/chiplet_duckdb_tpch_sf1_single_thread_q21_madracks-mnode5_20260314T231814Z_2017190/runs/duckdb_tpch/chiplet_x6/inst38/run.stderr.log	/home/seunghyun/ycsb/results/chiplet_duckdb_tpch_sf1_single_thread_q21_madracks-mnode5_20260314T231814Z_2017190/runs/duckdb_tpch/chiplet_x6/inst38/perf.stat	/home/seunghyun/ycsb/results/chiplet_duckdb_tpch_sf1_single_thread_q21_madracks-mnode5_20260314T231814Z_2017190/runs/duckdb_tpch/chiplet_x6/inst38/time.txt		/home/seunghyun/ycsb/results/chiplet_duckdb_tpch_sf1_single_thread_q21_madracks-mnode5_20260314T231814Z_2017190/runs/duckdb_tpch/chiplet_x6
2026-03-14T23:18:20Z	madracks-mnode5	amd	duckdb_tpch	analytic	per_instance_external	NO_RETIRED_INST_CYCLES	user	chiplet_x6	72	39	45	45	0	0	1	False				1						Q21	DUCKDB_TPCH	SF1	0.525117528042756	1.9043355945996496	queries/s	SUCCESSFUL	1	525087.1679745615	525087.1679745615	525087.1679745615	525087.1679745615	525087.1679745615	525087.1679745615	525087.1679745615	525087.1679745615	1.9043355945996496	1658509875	2423617365	4706627694	1089.07	690.0	470.0	99919854	16645461		ok	cpu/event=0xc0,cmask=1,inv=1/		/home/seunghyun/ycsb/.cache/duckdb_tpch/tpch_sf1.duckdb	/home/seunghyun/ycsb/results/chiplet_duckdb_tpch_sf1_single_thread_q21_madracks-mnode5_20260314T231814Z_2017190/runs/duckdb_tpch/chiplet_x6/inst39/load.stdout.log	/home/seunghyun/ycsb/results/chiplet_duckdb_tpch_sf1_single_thread_q21_madracks-mnode5_20260314T231814Z_2017190/runs/duckdb_tpch/chiplet_x6/inst39/load.stderr.log	/home/seunghyun/ycsb/results/chiplet_duckdb_tpch_sf1_single_thread_q21_madracks-mnode5_20260314T231814Z_2017190/runs/duckdb_tpch/chiplet_x6/inst39/run.stdout.log	/home/seunghyun/ycsb/results/chiplet_duckdb_tpch_sf1_single_thread_q21_madracks-mnode5_20260314T231814Z_2017190/runs/duckdb_tpch/chiplet_x6/inst39/run.stderr.log	/home/seunghyun/ycsb/results/chiplet_duckdb_tpch_sf1_single_thread_q21_madracks-mnode5_20260314T231814Z_2017190/runs/duckdb_tpch/chiplet_x6/inst39/perf.stat	/home/seunghyun/ycsb/results/chiplet_duckdb_tpch_sf1_single_thread_q21_madracks-mnode5_20260314T231814Z_2017190/runs/duckdb_tpch/chiplet_x6/inst39/time.txt		/home/seunghyun/ycsb/results/chiplet_duckdb_tpch_sf1_single_thread_q21_madracks-mnode5_20260314T231814Z_2017190/runs/duckdb_tpch/chiplet_x6
2026-03-14T23:18:20Z	madracks-mnode5	amd	duckdb_tpch	analytic	per_instance_external	NO_RETIRED_INST_CYCLES	user	chiplet_x6	72	40	46	46	0	0	1	False				1						Q21	DUCKDB_TPCH	SF1	0.5121365629602224	1.9526041925611743	queries/s	SUCCESSFUL	1	512105.7140058838	512105.7140058838	512105.7140058838	512105.7140058838	512105.7140058838	512105.7140058838	512105.7140058838	512105.7140058838	1.9526041925611743	1656521051	2423203679	4711310848	1088.81	700.0	450.0	100085873	16510514		ok	cpu/event=0xc0,cmask=1,inv=1/		/home/seunghyun/ycsb/.cache/duckdb_tpch/tpch_sf1.duckdb	/home/seunghyun/ycsb/results/chiplet_duckdb_tpch_sf1_single_thread_q21_madracks-mnode5_20260314T231814Z_2017190/runs/duckdb_tpch/chiplet_x6/inst40/load.stdout.log	/home/seunghyun/ycsb/results/chiplet_duckdb_tpch_sf1_single_thread_q21_madracks-mnode5_20260314T231814Z_2017190/runs/duckdb_tpch/chiplet_x6/inst40/load.stderr.log	/home/seunghyun/ycsb/results/chiplet_duckdb_tpch_sf1_single_thread_q21_madracks-mnode5_20260314T231814Z_2017190/runs/duckdb_tpch/chiplet_x6/inst40/run.stdout.log	/home/seunghyun/ycsb/results/chiplet_duckdb_tpch_sf1_single_thread_q21_madracks-mnode5_20260314T231814Z_2017190/runs/duckdb_tpch/chiplet_x6/inst40/run.stderr.log	/home/seunghyun/ycsb/results/chiplet_duckdb_tpch_sf1_single_thread_q21_madracks-mnode5_20260314T231814Z_2017190/runs/duckdb_tpch/chiplet_x6/inst40/perf.stat	/home/seunghyun/ycsb/results/chiplet_duckdb_tpch_sf1_single_thread_q21_madracks-mnode5_20260314T231814Z_2017190/runs/duckdb_tpch/chiplet_x6/inst40/time.txt		/home/seunghyun/ycsb/results/chiplet_duckdb_tpch_sf1_single_thread_q21_madracks-mnode5_20260314T231814Z_2017190/runs/duckdb_tpch/chiplet_x6
2026-03-14T23:18:20Z	madracks-mnode5	amd	duckdb_tpch	analytic	per_instance_external	NO_RETIRED_INST_CYCLES	user	chiplet_x6	72	41	47	47	0	0	1	False				1						Q21	DUCKDB_TPCH	SF1	0.5247395319747739	1.9057073825496984	queries/s	SUCCESSFUL	1	524697.4719921127	524697.4719921127	524697.4719921127	524697.4719921127	524697.4719921127	524697.4719921127	524697.4719921127	524697.4719921127	1.9057073825496984	1662142468	2426713492	4708769796	1089.37	720.0	450.0	100615296	16361515		ok	cpu/event=0xc0,cmask=1,inv=1/		/home/seunghyun/ycsb/.cache/duckdb_tpch/tpch_sf1.duckdb	/home/seunghyun/ycsb/results/chiplet_duckdb_tpch_sf1_single_thread_q21_madracks-mnode5_20260314T231814Z_2017190/runs/duckdb_tpch/chiplet_x6/inst41/load.stdout.log	/home/seunghyun/ycsb/results/chiplet_duckdb_tpch_sf1_single_thread_q21_madracks-mnode5_20260314T231814Z_2017190/runs/duckdb_tpch/chiplet_x6/inst41/load.stderr.log	/home/seunghyun/ycsb/results/chiplet_duckdb_tpch_sf1_single_thread_q21_madracks-mnode5_20260314T231814Z_2017190/runs/duckdb_tpch/chiplet_x6/inst41/run.stdout.log	/home/seunghyun/ycsb/results/chiplet_duckdb_tpch_sf1_single_thread_q21_madracks-mnode5_20260314T231814Z_2017190/runs/duckdb_tpch/chiplet_x6/inst41/run.stderr.log	/home/seunghyun/ycsb/results/chiplet_duckdb_tpch_sf1_single_thread_q21_madracks-mnode5_20260314T231814Z_2017190/runs/duckdb_tpch/chiplet_x6/inst41/perf.stat	/home/seunghyun/ycsb/results/chiplet_duckdb_tpch_sf1_single_thread_q21_madracks-mnode5_20260314T231814Z_2017190/runs/duckdb_tpch/chiplet_x6/inst41/time.txt		/home/seunghyun/ycsb/results/chiplet_duckdb_tpch_sf1_single_thread_q21_madracks-mnode5_20260314T231814Z_2017190/runs/duckdb_tpch/chiplet_x6
2026-03-14T23:18:20Z	madracks-mnode5	amd	duckdb_tpch	analytic	per_instance_external	NO_RETIRED_INST_CYCLES	user	chiplet_x6	72	42	49	49	0	0	1	False				1						Q21	DUCKDB_TPCH	SF1	0.5164441579836421	1.9363177693873228	queries/s	SUCCESSFUL	1	516411.8380052969	516411.8380052969	516411.8380052969	516411.8380052969	516411.8380052969	516411.8380052969	516411.8380052969	516411.8380052969	1.9363177693873228	1646601200	2411031625	4703789008	1081.81	740.0	370.0	100827969	16693205		ok	cpu/event=0xc0,cmask=1,inv=1/		/home/seunghyun/ycsb/.cache/duckdb_tpch/tpch_sf1.duckdb	/home/seunghyun/ycsb/results/chiplet_duckdb_tpch_sf1_single_thread_q21_madracks-mnode5_20260314T231814Z_2017190/runs/duckdb_tpch/chiplet_x6/inst42/load.stdout.log	/home/seunghyun/ycsb/results/chiplet_duckdb_tpch_sf1_single_thread_q21_madracks-mnode5_20260314T231814Z_2017190/runs/duckdb_tpch/chiplet_x6/inst42/load.stderr.log	/home/seunghyun/ycsb/results/chiplet_duckdb_tpch_sf1_single_thread_q21_madracks-mnode5_20260314T231814Z_2017190/runs/duckdb_tpch/chiplet_x6/inst42/run.stdout.log	/home/seunghyun/ycsb/results/chiplet_duckdb_tpch_sf1_single_thread_q21_madracks-mnode5_20260314T231814Z_2017190/runs/duckdb_tpch/chiplet_x6/inst42/run.stderr.log	/home/seunghyun/ycsb/results/chiplet_duckdb_tpch_sf1_single_thread_q21_madracks-mnode5_20260314T231814Z_2017190/runs/duckdb_tpch/chiplet_x6/inst42/perf.stat	/home/seunghyun/ycsb/results/chiplet_duckdb_tpch_sf1_single_thread_q21_madracks-mnode5_20260314T231814Z_2017190/runs/duckdb_tpch/chiplet_x6/inst42/time.txt		/home/seunghyun/ycsb/results/chiplet_duckdb_tpch_sf1_single_thread_q21_madracks-mnode5_20260314T231814Z_2017190/runs/duckdb_tpch/chiplet_x6
2026-03-14T23:18:20Z	madracks-mnode5	amd	duckdb_tpch	analytic	per_instance_external	NO_RETIRED_INST_CYCLES	user	chiplet_x6	72	43	50	50	0	0	1	False				1						Q21	DUCKDB_TPCH	SF1	0.5142453560256399	1.9445970455203112	queries/s	SUCCESSFUL	1	514210.7660067268	514210.7660067268	514210.7660067268	514210.7660067268	514210.7660067268	514210.7660067268	514210.7660067268	514210.7660067268	1.9445970455203112	1639574287	2404321451	4703567600	1079.28	730.0	390.0	100100878	16734707		ok	cpu/event=0xc0,cmask=1,inv=1/		/home/seunghyun/ycsb/.cache/duckdb_tpch/tpch_sf1.duckdb	/home/seunghyun/ycsb/results/chiplet_duckdb_tpch_sf1_single_thread_q21_madracks-mnode5_20260314T231814Z_2017190/runs/duckdb_tpch/chiplet_x6/inst43/load.stdout.log	/home/seunghyun/ycsb/results/chiplet_duckdb_tpch_sf1_single_thread_q21_madracks-mnode5_20260314T231814Z_2017190/runs/duckdb_tpch/chiplet_x6/inst43/load.stderr.log	/home/seunghyun/ycsb/results/chiplet_duckdb_tpch_sf1_single_thread_q21_madracks-mnode5_20260314T231814Z_2017190/runs/duckdb_tpch/chiplet_x6/inst43/run.stdout.log	/home/seunghyun/ycsb/results/chiplet_duckdb_tpch_sf1_single_thread_q21_madracks-mnode5_20260314T231814Z_2017190/runs/duckdb_tpch/chiplet_x6/inst43/run.stderr.log	/home/seunghyun/ycsb/results/chiplet_duckdb_tpch_sf1_single_thread_q21_madracks-mnode5_20260314T231814Z_2017190/runs/duckdb_tpch/chiplet_x6/inst43/perf.stat	/home/seunghyun/ycsb/results/chiplet_duckdb_tpch_sf1_single_thread_q21_madracks-mnode5_20260314T231814Z_2017190/runs/duckdb_tpch/chiplet_x6/inst43/time.txt		/home/seunghyun/ycsb/results/chiplet_duckdb_tpch_sf1_single_thread_q21_madracks-mnode5_20260314T231814Z_2017190/runs/duckdb_tpch/chiplet_x6
2026-03-14T23:18:20Z	madracks-mnode5	amd	duckdb_tpch	analytic	per_instance_external	NO_RETIRED_INST_CYCLES	user	chiplet_x6	72	44	51	51	0	0	1	False				1						Q21	DUCKDB_TPCH	SF1	0.5201130110071972	1.9226590737722618	queries/s	SUCCESSFUL	1	520080.67100541666	520080.67100541666	520080.67100541666	520080.67100541666	520080.67100541666	520080.67100541666	520080.67100541666	520080.67100541666	1.9226590737722618	1691426790	2456026273	4705389722	1103.33	730.0	430.0	100654432	16903352		ok	cpu/event=0xc0,cmask=1,inv=1/		/home/seunghyun/ycsb/.cache/duckdb_tpch/tpch_sf1.duckdb	/home/seunghyun/ycsb/results/chiplet_duckdb_tpch_sf1_single_thread_q21_madracks-mnode5_20260314T231814Z_2017190/runs/duckdb_tpch/chiplet_x6/inst44/load.stdout.log	/home/seunghyun/ycsb/results/chiplet_duckdb_tpch_sf1_single_thread_q21_madracks-mnode5_20260314T231814Z_2017190/runs/duckdb_tpch/chiplet_x6/inst44/load.stderr.log	/home/seunghyun/ycsb/results/chiplet_duckdb_tpch_sf1_single_thread_q21_madracks-mnode5_20260314T231814Z_2017190/runs/duckdb_tpch/chiplet_x6/inst44/run.stdout.log	/home/seunghyun/ycsb/results/chiplet_duckdb_tpch_sf1_single_thread_q21_madracks-mnode5_20260314T231814Z_2017190/runs/duckdb_tpch/chiplet_x6/inst44/run.stderr.log	/home/seunghyun/ycsb/results/chiplet_duckdb_tpch_sf1_single_thread_q21_madracks-mnode5_20260314T231814Z_2017190/runs/duckdb_tpch/chiplet_x6/inst44/perf.stat	/home/seunghyun/ycsb/results/chiplet_duckdb_tpch_sf1_single_thread_q21_madracks-mnode5_20260314T231814Z_2017190/runs/duckdb_tpch/chiplet_x6/inst44/time.txt		/home/seunghyun/ycsb/results/chiplet_duckdb_tpch_sf1_single_thread_q21_madracks-mnode5_20260314T231814Z_2017190/runs/duckdb_tpch/chiplet_x6
2026-03-14T23:18:20Z	madracks-mnode5	amd	duckdb_tpch	analytic	per_instance_external	NO_RETIRED_INST_CYCLES	user	chiplet_x6	72	45	52	52	0	0	1	False				1						Q21	DUCKDB_TPCH	SF1	0.5153160420013592	1.9405567040301115	queries/s	SUCCESSFUL	1	515283.7230125442	515283.7230125442	515283.7230125442	515283.7230125442	515283.7230125442	515283.7230125442	515283.7230125442	515283.7230125442	1.9405567040301115	1656547051	2422125160	4707557810	1088.21	730.0	420.0	100309878	16718148		ok	cpu/event=0xc0,cmask=1,inv=1/		/home/seunghyun/ycsb/.cache/duckdb_tpch/tpch_sf1.duckdb	/home/seunghyun/ycsb/results/chiplet_duckdb_tpch_sf1_single_thread_q21_madracks-mnode5_20260314T231814Z_2017190/runs/duckdb_tpch/chiplet_x6/inst45/load.stdout.log	/home/seunghyun/ycsb/results/chiplet_duckdb_tpch_sf1_single_thread_q21_madracks-mnode5_20260314T231814Z_2017190/runs/duckdb_tpch/chiplet_x6/inst45/load.stderr.log	/home/seunghyun/ycsb/results/chiplet_duckdb_tpch_sf1_single_thread_q21_madracks-mnode5_20260314T231814Z_2017190/runs/duckdb_tpch/chiplet_x6/inst45/run.stdout.log	/home/seunghyun/ycsb/results/chiplet_duckdb_tpch_sf1_single_thread_q21_madracks-mnode5_20260314T231814Z_2017190/runs/duckdb_tpch/chiplet_x6/inst45/run.stderr.log	/home/seunghyun/ycsb/results/chiplet_duckdb_tpch_sf1_single_thread_q21_madracks-mnode5_20260314T231814Z_2017190/runs/duckdb_tpch/chiplet_x6/inst45/perf.stat	/home/seunghyun/ycsb/results/chiplet_duckdb_tpch_sf1_single_thread_q21_madracks-mnode5_20260314T231814Z_2017190/runs/duckdb_tpch/chiplet_x6/inst45/time.txt		/home/seunghyun/ycsb/results/chiplet_duckdb_tpch_sf1_single_thread_q21_madracks-mnode5_20260314T231814Z_2017190/runs/duckdb_tpch/chiplet_x6
2026-03-14T23:18:20Z	madracks-mnode5	amd	duckdb_tpch	analytic	per_instance_external	NO_RETIRED_INST_CYCLES	user	chiplet_x6	72	46	53	53	0	0	1	False				1						Q21	DUCKDB_TPCH	SF1	0.5202887390041724	1.9220096939134035	queries/s	SUCCESSFUL	1	520244.06898999587	520244.06898999587	520244.06898999587	520244.06898999587	520244.06898999587	520244.06898999587	520244.06898999587	520244.06898999587	1.9220096939134035	1640382243	2403980456	4702842135	1078.67	740.0	360.0	100215379	16658457		ok	cpu/event=0xc0,cmask=1,inv=1/		/home/seunghyun/ycsb/.cache/duckdb_tpch/tpch_sf1.duckdb	/home/seunghyun/ycsb/results/chiplet_duckdb_tpch_sf1_single_thread_q21_madracks-mnode5_20260314T231814Z_2017190/runs/duckdb_tpch/chiplet_x6/inst46/load.stdout.log	/home/seunghyun/ycsb/results/chiplet_duckdb_tpch_sf1_single_thread_q21_madracks-mnode5_20260314T231814Z_2017190/runs/duckdb_tpch/chiplet_x6/inst46/load.stderr.log	/home/seunghyun/ycsb/results/chiplet_duckdb_tpch_sf1_single_thread_q21_madracks-mnode5_20260314T231814Z_2017190/runs/duckdb_tpch/chiplet_x6/inst46/run.stdout.log	/home/seunghyun/ycsb/results/chiplet_duckdb_tpch_sf1_single_thread_q21_madracks-mnode5_20260314T231814Z_2017190/runs/duckdb_tpch/chiplet_x6/inst46/run.stderr.log	/home/seunghyun/ycsb/results/chiplet_duckdb_tpch_sf1_single_thread_q21_madracks-mnode5_20260314T231814Z_2017190/runs/duckdb_tpch/chiplet_x6/inst46/perf.stat	/home/seunghyun/ycsb/results/chiplet_duckdb_tpch_sf1_single_thread_q21_madracks-mnode5_20260314T231814Z_2017190/runs/duckdb_tpch/chiplet_x6/inst46/time.txt		/home/seunghyun/ycsb/results/chiplet_duckdb_tpch_sf1_single_thread_q21_madracks-mnode5_20260314T231814Z_2017190/runs/duckdb_tpch/chiplet_x6
2026-03-14T23:18:20Z	madracks-mnode5	amd	duckdb_tpch	analytic	per_instance_external	NO_RETIRED_INST_CYCLES	user	chiplet_x6	72	47	54	54	0	0	1	False				1						Q21	DUCKDB_TPCH	SF1	0.5196187180117704	1.9244880242696492	queries/s	SUCCESSFUL	1	519587.2680051252	519587.2680051252	519587.2680051252	519587.2680051252	519587.2680051252	519587.2680051252	519587.2680051252	519587.2680051252	1.9244880242696492	1652565043	2418673923	4709884992	1086.57	710.0	430.0	100637542	16784061		ok	cpu/event=0xc0,cmask=1,inv=1/		/home/seunghyun/ycsb/.cache/duckdb_tpch/tpch_sf1.duckdb	/home/seunghyun/ycsb/results/chiplet_duckdb_tpch_sf1_single_thread_q21_madracks-mnode5_20260314T231814Z_2017190/runs/duckdb_tpch/chiplet_x6/inst47/load.stdout.log	/home/seunghyun/ycsb/results/chiplet_duckdb_tpch_sf1_single_thread_q21_madracks-mnode5_20260314T231814Z_2017190/runs/duckdb_tpch/chiplet_x6/inst47/load.stderr.log	/home/seunghyun/ycsb/results/chiplet_duckdb_tpch_sf1_single_thread_q21_madracks-mnode5_20260314T231814Z_2017190/runs/duckdb_tpch/chiplet_x6/inst47/run.stdout.log	/home/seunghyun/ycsb/results/chiplet_duckdb_tpch_sf1_single_thread_q21_madracks-mnode5_20260314T231814Z_2017190/runs/duckdb_tpch/chiplet_x6/inst47/run.stderr.log	/home/seunghyun/ycsb/results/chiplet_duckdb_tpch_sf1_single_thread_q21_madracks-mnode5_20260314T231814Z_2017190/runs/duckdb_tpch/chiplet_x6/inst47/perf.stat	/home/seunghyun/ycsb/results/chiplet_duckdb_tpch_sf1_single_thread_q21_madracks-mnode5_20260314T231814Z_2017190/runs/duckdb_tpch/chiplet_x6/inst47/time.txt		/home/seunghyun/ycsb/results/chiplet_duckdb_tpch_sf1_single_thread_q21_madracks-mnode5_20260314T231814Z_2017190/runs/duckdb_tpch/chiplet_x6
2026-03-14T23:18:20Z	madracks-mnode5	amd	duckdb_tpch	analytic	per_instance_external	NO_RETIRED_INST_CYCLES	user	chiplet_x6	72	48	56	56	0	0	1	False				1						Q21	DUCKDB_TPCH	SF1	0.5240481809596531	1.9082214886592475	queries/s	SUCCESSFUL	1	524017.7509840578	524017.7509840578	524017.7509840578	524017.7509840578	524017.7509840578	524017.7509840578	524017.7509840578	524017.7509840578	1.9082214886592475	1644864256	2410735886	4706874010	1082.1	730.0	420.0	100664787	16685877		ok	cpu/event=0xc0,cmask=1,inv=1/		/home/seunghyun/ycsb/.cache/duckdb_tpch/tpch_sf1.duckdb	/home/seunghyun/ycsb/results/chiplet_duckdb_tpch_sf1_single_thread_q21_madracks-mnode5_20260314T231814Z_2017190/runs/duckdb_tpch/chiplet_x6/inst48/load.stdout.log	/home/seunghyun/ycsb/results/chiplet_duckdb_tpch_sf1_single_thread_q21_madracks-mnode5_20260314T231814Z_2017190/runs/duckdb_tpch/chiplet_x6/inst48/load.stderr.log	/home/seunghyun/ycsb/results/chiplet_duckdb_tpch_sf1_single_thread_q21_madracks-mnode5_20260314T231814Z_2017190/runs/duckdb_tpch/chiplet_x6/inst48/run.stdout.log	/home/seunghyun/ycsb/results/chiplet_duckdb_tpch_sf1_single_thread_q21_madracks-mnode5_20260314T231814Z_2017190/runs/duckdb_tpch/chiplet_x6/inst48/run.stderr.log	/home/seunghyun/ycsb/results/chiplet_duckdb_tpch_sf1_single_thread_q21_madracks-mnode5_20260314T231814Z_2017190/runs/duckdb_tpch/chiplet_x6/inst48/perf.stat	/home/seunghyun/ycsb/results/chiplet_duckdb_tpch_sf1_single_thread_q21_madracks-mnode5_20260314T231814Z_2017190/runs/duckdb_tpch/chiplet_x6/inst48/time.txt		/home/seunghyun/ycsb/results/chiplet_duckdb_tpch_sf1_single_thread_q21_madracks-mnode5_20260314T231814Z_2017190/runs/duckdb_tpch/chiplet_x6
2026-03-14T23:18:20Z	madracks-mnode5	amd	duckdb_tpch	analytic	per_instance_external	NO_RETIRED_INST_CYCLES	user	chiplet_x6	72	49	57	57	0	0	1	False				1						Q21	DUCKDB_TPCH	SF1	0.5166526440298185	1.9355364025627346	queries/s	SUCCESSFUL	1	516612.0360372588	516612.0360372588	516612.0360372588	516612.0360372588	516612.0360372588	516612.0360372588	516612.0360372588	516612.0360372588	1.9355364025627346	1648302205	2411873347	4702692408	1082.51	730.0	420.0	100848480	16801324		ok	cpu/event=0xc0,cmask=1,inv=1/		/home/seunghyun/ycsb/.cache/duckdb_tpch/tpch_sf1.duckdb	/home/seunghyun/ycsb/results/chiplet_duckdb_tpch_sf1_single_thread_q21_madracks-mnode5_20260314T231814Z_2017190/runs/duckdb_tpch/chiplet_x6/inst49/load.stdout.log	/home/seunghyun/ycsb/results/chiplet_duckdb_tpch_sf1_single_thread_q21_madracks-mnode5_20260314T231814Z_2017190/runs/duckdb_tpch/chiplet_x6/inst49/load.stderr.log	/home/seunghyun/ycsb/results/chiplet_duckdb_tpch_sf1_single_thread_q21_madracks-mnode5_20260314T231814Z_2017190/runs/duckdb_tpch/chiplet_x6/inst49/run.stdout.log	/home/seunghyun/ycsb/results/chiplet_duckdb_tpch_sf1_single_thread_q21_madracks-mnode5_20260314T231814Z_2017190/runs/duckdb_tpch/chiplet_x6/inst49/run.stderr.log	/home/seunghyun/ycsb/results/chiplet_duckdb_tpch_sf1_single_thread_q21_madracks-mnode5_20260314T231814Z_2017190/runs/duckdb_tpch/chiplet_x6/inst49/perf.stat	/home/seunghyun/ycsb/results/chiplet_duckdb_tpch_sf1_single_thread_q21_madracks-mnode5_20260314T231814Z_2017190/runs/duckdb_tpch/chiplet_x6/inst49/time.txt		/home/seunghyun/ycsb/results/chiplet_duckdb_tpch_sf1_single_thread_q21_madracks-mnode5_20260314T231814Z_2017190/runs/duckdb_tpch/chiplet_x6
2026-03-14T23:18:20Z	madracks-mnode5	amd	duckdb_tpch	analytic	per_instance_external	NO_RETIRED_INST_CYCLES	user	chiplet_x6	72	50	58	58	0	0	1	False				1						Q21	DUCKDB_TPCH	SF1	0.5106353019946255	1.958344822799825	queries/s	SUCCESSFUL	1	510603.47200836986	510603.47200836986	510603.47200836986	510603.47200836986	510603.47200836986	510603.47200836986	510603.47200836986	510603.47200836986	1.958344822799825	1649565705	2416083615	4711053446	1085.06	720.0	440.0	100624086	16624903		ok	cpu/event=0xc0,cmask=1,inv=1/		/home/seunghyun/ycsb/.cache/duckdb_tpch/tpch_sf1.duckdb	/home/seunghyun/ycsb/results/chiplet_duckdb_tpch_sf1_single_thread_q21_madracks-mnode5_20260314T231814Z_2017190/runs/duckdb_tpch/chiplet_x6/inst50/load.stdout.log	/home/seunghyun/ycsb/results/chiplet_duckdb_tpch_sf1_single_thread_q21_madracks-mnode5_20260314T231814Z_2017190/runs/duckdb_tpch/chiplet_x6/inst50/load.stderr.log	/home/seunghyun/ycsb/results/chiplet_duckdb_tpch_sf1_single_thread_q21_madracks-mnode5_20260314T231814Z_2017190/runs/duckdb_tpch/chiplet_x6/inst50/run.stdout.log	/home/seunghyun/ycsb/results/chiplet_duckdb_tpch_sf1_single_thread_q21_madracks-mnode5_20260314T231814Z_2017190/runs/duckdb_tpch/chiplet_x6/inst50/run.stderr.log	/home/seunghyun/ycsb/results/chiplet_duckdb_tpch_sf1_single_thread_q21_madracks-mnode5_20260314T231814Z_2017190/runs/duckdb_tpch/chiplet_x6/inst50/perf.stat	/home/seunghyun/ycsb/results/chiplet_duckdb_tpch_sf1_single_thread_q21_madracks-mnode5_20260314T231814Z_2017190/runs/duckdb_tpch/chiplet_x6/inst50/time.txt		/home/seunghyun/ycsb/results/chiplet_duckdb_tpch_sf1_single_thread_q21_madracks-mnode5_20260314T231814Z_2017190/runs/duckdb_tpch/chiplet_x6
2026-03-14T23:18:20Z	madracks-mnode5	amd	duckdb_tpch	analytic	per_instance_external	NO_RETIRED_INST_CYCLES	user	chiplet_x6	72	51	59	59	0	0	1	False				1						Q21	DUCKDB_TPCH	SF1	0.5191341529716738	1.9262843607489728	queries/s	SUCCESSFUL	1	519103.0339919962	519103.0339919962	519103.0339919962	519103.0339919962	519103.0339919962	519103.0339919962	519103.0339919962	519103.0339919962	1.9262843607489728	1650750962	2415352188	4704593302	1085.03	730.0	430.0	100087425	16884192		ok	cpu/event=0xc0,cmask=1,inv=1/		/home/seunghyun/ycsb/.cache/duckdb_tpch/tpch_sf1.duckdb	/home/seunghyun/ycsb/results/chiplet_duckdb_tpch_sf1_single_thread_q21_madracks-mnode5_20260314T231814Z_2017190/runs/duckdb_tpch/chiplet_x6/inst51/load.stdout.log	/home/seunghyun/ycsb/results/chiplet_duckdb_tpch_sf1_single_thread_q21_madracks-mnode5_20260314T231814Z_2017190/runs/duckdb_tpch/chiplet_x6/inst51/load.stderr.log	/home/seunghyun/ycsb/results/chiplet_duckdb_tpch_sf1_single_thread_q21_madracks-mnode5_20260314T231814Z_2017190/runs/duckdb_tpch/chiplet_x6/inst51/run.stdout.log	/home/seunghyun/ycsb/results/chiplet_duckdb_tpch_sf1_single_thread_q21_madracks-mnode5_20260314T231814Z_2017190/runs/duckdb_tpch/chiplet_x6/inst51/run.stderr.log	/home/seunghyun/ycsb/results/chiplet_duckdb_tpch_sf1_single_thread_q21_madracks-mnode5_20260314T231814Z_2017190/runs/duckdb_tpch/chiplet_x6/inst51/perf.stat	/home/seunghyun/ycsb/results/chiplet_duckdb_tpch_sf1_single_thread_q21_madracks-mnode5_20260314T231814Z_2017190/runs/duckdb_tpch/chiplet_x6/inst51/time.txt		/home/seunghyun/ycsb/results/chiplet_duckdb_tpch_sf1_single_thread_q21_madracks-mnode5_20260314T231814Z_2017190/runs/duckdb_tpch/chiplet_x6
2026-03-14T23:18:20Z	madracks-mnode5	amd	duckdb_tpch	analytic	per_instance_external	NO_RETIRED_INST_CYCLES	user	chiplet_x6	72	52	60	60	0	0	1	False				1						Q21	DUCKDB_TPCH	SF1	0.5231061530066654	1.9116578810099716	queries/s	SUCCESSFUL	1	523071.92399166524	523071.92399166524	523071.92399166524	523071.92399166524	523071.92399166524	523071.92399166524	523071.92399166524	523071.92399166524	1.9116578810099716	1642192630	2406914674	4704679967	1079.88	690.0	450.0	100329569	16645401		ok	cpu/event=0xc0,cmask=1,inv=1/		/home/seunghyun/ycsb/.cache/duckdb_tpch/tpch_sf1.duckdb	/home/seunghyun/ycsb/results/chiplet_duckdb_tpch_sf1_single_thread_q21_madracks-mnode5_20260314T231814Z_2017190/runs/duckdb_tpch/chiplet_x6/inst52/load.stdout.log	/home/seunghyun/ycsb/results/chiplet_duckdb_tpch_sf1_single_thread_q21_madracks-mnode5_20260314T231814Z_2017190/runs/duckdb_tpch/chiplet_x6/inst52/load.stderr.log	/home/seunghyun/ycsb/results/chiplet_duckdb_tpch_sf1_single_thread_q21_madracks-mnode5_20260314T231814Z_2017190/runs/duckdb_tpch/chiplet_x6/inst52/run.stdout.log	/home/seunghyun/ycsb/results/chiplet_duckdb_tpch_sf1_single_thread_q21_madracks-mnode5_20260314T231814Z_2017190/runs/duckdb_tpch/chiplet_x6/inst52/run.stderr.log	/home/seunghyun/ycsb/results/chiplet_duckdb_tpch_sf1_single_thread_q21_madracks-mnode5_20260314T231814Z_2017190/runs/duckdb_tpch/chiplet_x6/inst52/perf.stat	/home/seunghyun/ycsb/results/chiplet_duckdb_tpch_sf1_single_thread_q21_madracks-mnode5_20260314T231814Z_2017190/runs/duckdb_tpch/chiplet_x6/inst52/time.txt		/home/seunghyun/ycsb/results/chiplet_duckdb_tpch_sf1_single_thread_q21_madracks-mnode5_20260314T231814Z_2017190/runs/duckdb_tpch/chiplet_x6
2026-03-14T23:18:20Z	madracks-mnode5	amd	duckdb_tpch	analytic	per_instance_external	NO_RETIRED_INST_CYCLES	user	chiplet_x6	72	53	61	61	0	0	1	False				1						Q21	DUCKDB_TPCH	SF1	0.5243112270254642	1.9072641371294403	queries/s	SUCCESSFUL	1	524277.69801579416	524277.69801579416	524277.69801579416	524277.69801579416	524277.69801579416	524277.69801579416	524277.69801579416	524277.69801579416	1.9072641371294403	1657698880	2423969566	4708829035	1087.99	690.0	470.0	100526053	16569331		ok	cpu/event=0xc0,cmask=1,inv=1/		/home/seunghyun/ycsb/.cache/duckdb_tpch/tpch_sf1.duckdb	/home/seunghyun/ycsb/results/chiplet_duckdb_tpch_sf1_single_thread_q21_madracks-mnode5_20260314T231814Z_2017190/runs/duckdb_tpch/chiplet_x6/inst53/load.stdout.log	/home/seunghyun/ycsb/results/chiplet_duckdb_tpch_sf1_single_thread_q21_madracks-mnode5_20260314T231814Z_2017190/runs/duckdb_tpch/chiplet_x6/inst53/load.stderr.log	/home/seunghyun/ycsb/results/chiplet_duckdb_tpch_sf1_single_thread_q21_madracks-mnode5_20260314T231814Z_2017190/runs/duckdb_tpch/chiplet_x6/inst53/run.stdout.log	/home/seunghyun/ycsb/results/chiplet_duckdb_tpch_sf1_single_thread_q21_madracks-mnode5_20260314T231814Z_2017190/runs/duckdb_tpch/chiplet_x6/inst53/run.stderr.log	/home/seunghyun/ycsb/results/chiplet_duckdb_tpch_sf1_single_thread_q21_madracks-mnode5_20260314T231814Z_2017190/runs/duckdb_tpch/chiplet_x6/inst53/perf.stat	/home/seunghyun/ycsb/results/chiplet_duckdb_tpch_sf1_single_thread_q21_madracks-mnode5_20260314T231814Z_2017190/runs/duckdb_tpch/chiplet_x6/inst53/time.txt		/home/seunghyun/ycsb/results/chiplet_duckdb_tpch_sf1_single_thread_q21_madracks-mnode5_20260314T231814Z_2017190/runs/duckdb_tpch/chiplet_x6
2026-03-14T23:18:20Z	madracks-mnode5	amd	duckdb_tpch	analytic	per_instance_external	NO_RETIRED_INST_CYCLES	user	chiplet_x6	72	54	63	63	0	0	1	False				1						Q21	DUCKDB_TPCH	SF1	0.5143706439994276	1.944123389749888	queries/s	SUCCESSFUL	1	514340.84394713864	514340.84394713864	514340.84394713864	514340.84394713864	514340.84394713864	514340.84394713864	514340.84394713864	514340.84394713864	1.944123389749888	1629528489	2394588787	4707870629	1075.57	700.0	440.0	100484006	16529013		ok	cpu/event=0xc0,cmask=1,inv=1/		/home/seunghyun/ycsb/.cache/duckdb_tpch/tpch_sf1.duckdb	/home/seunghyun/ycsb/results/chiplet_duckdb_tpch_sf1_single_thread_q21_madracks-mnode5_20260314T231814Z_2017190/runs/duckdb_tpch/chiplet_x6/inst54/load.stdout.log	/home/seunghyun/ycsb/results/chiplet_duckdb_tpch_sf1_single_thread_q21_madracks-mnode5_20260314T231814Z_2017190/runs/duckdb_tpch/chiplet_x6/inst54/load.stderr.log	/home/seunghyun/ycsb/results/chiplet_duckdb_tpch_sf1_single_thread_q21_madracks-mnode5_20260314T231814Z_2017190/runs/duckdb_tpch/chiplet_x6/inst54/run.stdout.log	/home/seunghyun/ycsb/results/chiplet_duckdb_tpch_sf1_single_thread_q21_madracks-mnode5_20260314T231814Z_2017190/runs/duckdb_tpch/chiplet_x6/inst54/run.stderr.log	/home/seunghyun/ycsb/results/chiplet_duckdb_tpch_sf1_single_thread_q21_madracks-mnode5_20260314T231814Z_2017190/runs/duckdb_tpch/chiplet_x6/inst54/perf.stat	/home/seunghyun/ycsb/results/chiplet_duckdb_tpch_sf1_single_thread_q21_madracks-mnode5_20260314T231814Z_2017190/runs/duckdb_tpch/chiplet_x6/inst54/time.txt		/home/seunghyun/ycsb/results/chiplet_duckdb_tpch_sf1_single_thread_q21_madracks-mnode5_20260314T231814Z_2017190/runs/duckdb_tpch/chiplet_x6
2026-03-14T23:18:20Z	madracks-mnode5	amd	duckdb_tpch	analytic	per_instance_external	NO_RETIRED_INST_CYCLES	user	chiplet_x6	72	55	64	64	0	0	1	False				1						Q21	DUCKDB_TPCH	SF1	0.5127870439901017	1.9501272735340462	queries/s	SUCCESSFUL	1	512757.63497687876	512757.63497687876	512757.63497687876	512757.63497687876	512757.63497687876	512757.63497687876	512757.63497687876	512757.63497687876	1.9501272735340462	1639478220	2404047813	4707532353	1079.91	700.0	450.0	100278623	16699732		ok	cpu/event=0xc0,cmask=1,inv=1/		/home/seunghyun/ycsb/.cache/duckdb_tpch/tpch_sf1.duckdb	/home/seunghyun/ycsb/results/chiplet_duckdb_tpch_sf1_single_thread_q21_madracks-mnode5_20260314T231814Z_2017190/runs/duckdb_tpch/chiplet_x6/inst55/load.stdout.log	/home/seunghyun/ycsb/results/chiplet_duckdb_tpch_sf1_single_thread_q21_madracks-mnode5_20260314T231814Z_2017190/runs/duckdb_tpch/chiplet_x6/inst55/load.stderr.log	/home/seunghyun/ycsb/results/chiplet_duckdb_tpch_sf1_single_thread_q21_madracks-mnode5_20260314T231814Z_2017190/runs/duckdb_tpch/chiplet_x6/inst55/run.stdout.log	/home/seunghyun/ycsb/results/chiplet_duckdb_tpch_sf1_single_thread_q21_madracks-mnode5_20260314T231814Z_2017190/runs/duckdb_tpch/chiplet_x6/inst55/run.stderr.log	/home/seunghyun/ycsb/results/chiplet_duckdb_tpch_sf1_single_thread_q21_madracks-mnode5_20260314T231814Z_2017190/runs/duckdb_tpch/chiplet_x6/inst55/perf.stat	/home/seunghyun/ycsb/results/chiplet_duckdb_tpch_sf1_single_thread_q21_madracks-mnode5_20260314T231814Z_2017190/runs/duckdb_tpch/chiplet_x6/inst55/time.txt		/home/seunghyun/ycsb/results/chiplet_duckdb_tpch_sf1_single_thread_q21_madracks-mnode5_20260314T231814Z_2017190/runs/duckdb_tpch/chiplet_x6
2026-03-14T23:18:20Z	madracks-mnode5	amd	duckdb_tpch	analytic	per_instance_external	NO_RETIRED_INST_CYCLES	user	chiplet_x6	72	56	65	65	0	0	1	False				1						Q21	DUCKDB_TPCH	SF1	0.5150213659508154	1.9416670183261875	queries/s	SUCCESSFUL	1	514987.90603363886	514987.90603363886	514987.90603363886	514987.90603363886	514987.90603363886	514987.90603363886	514987.90603363886	514987.90603363886	1.9416670183261875	1642276709	2406879458	4706050584	1080.63	710.0	450.0	100405480	16660768		ok	cpu/event=0xc0,cmask=1,inv=1/		/home/seunghyun/ycsb/.cache/duckdb_tpch/tpch_sf1.duckdb	/home/seunghyun/ycsb/results/chiplet_duckdb_tpch_sf1_single_thread_q21_madracks-mnode5_20260314T231814Z_2017190/runs/duckdb_tpch/chiplet_x6/inst56/load.stdout.log	/home/seunghyun/ycsb/results/chiplet_duckdb_tpch_sf1_single_thread_q21_madracks-mnode5_20260314T231814Z_2017190/runs/duckdb_tpch/chiplet_x6/inst56/load.stderr.log	/home/seunghyun/ycsb/results/chiplet_duckdb_tpch_sf1_single_thread_q21_madracks-mnode5_20260314T231814Z_2017190/runs/duckdb_tpch/chiplet_x6/inst56/run.stdout.log	/home/seunghyun/ycsb/results/chiplet_duckdb_tpch_sf1_single_thread_q21_madracks-mnode5_20260314T231814Z_2017190/runs/duckdb_tpch/chiplet_x6/inst56/run.stderr.log	/home/seunghyun/ycsb/results/chiplet_duckdb_tpch_sf1_single_thread_q21_madracks-mnode5_20260314T231814Z_2017190/runs/duckdb_tpch/chiplet_x6/inst56/perf.stat	/home/seunghyun/ycsb/results/chiplet_duckdb_tpch_sf1_single_thread_q21_madracks-mnode5_20260314T231814Z_2017190/runs/duckdb_tpch/chiplet_x6/inst56/time.txt		/home/seunghyun/ycsb/results/chiplet_duckdb_tpch_sf1_single_thread_q21_madracks-mnode5_20260314T231814Z_2017190/runs/duckdb_tpch/chiplet_x6
2026-03-14T23:18:20Z	madracks-mnode5	amd	duckdb_tpch	analytic	per_instance_external	NO_RETIRED_INST_CYCLES	user	chiplet_x6	72	57	66	66	0	0	1	False				1						Q21	DUCKDB_TPCH	SF1	0.5116441990248859	1.9544832168640711	queries/s	SUCCESSFUL	1	511612.7090295777	511612.7090295777	511612.7090295777	511612.7090295777	511612.7090295777	511612.7090295777	511612.7090295777	511612.7090295777	1.9544832168640711	1629108715	2393703710	4705147434	1076.46	720.0	420.0	100982547	16683153		ok	cpu/event=0xc0,cmask=1,inv=1/		/home/seunghyun/ycsb/.cache/duckdb_tpch/tpch_sf1.duckdb	/home/seunghyun/ycsb/results/chiplet_duckdb_tpch_sf1_single_thread_q21_madracks-mnode5_20260314T231814Z_2017190/runs/duckdb_tpch/chiplet_x6/inst57/load.stdout.log	/home/seunghyun/ycsb/results/chiplet_duckdb_tpch_sf1_single_thread_q21_madracks-mnode5_20260314T231814Z_2017190/runs/duckdb_tpch/chiplet_x6/inst57/load.stderr.log	/home/seunghyun/ycsb/results/chiplet_duckdb_tpch_sf1_single_thread_q21_madracks-mnode5_20260314T231814Z_2017190/runs/duckdb_tpch/chiplet_x6/inst57/run.stdout.log	/home/seunghyun/ycsb/results/chiplet_duckdb_tpch_sf1_single_thread_q21_madracks-mnode5_20260314T231814Z_2017190/runs/duckdb_tpch/chiplet_x6/inst57/run.stderr.log	/home/seunghyun/ycsb/results/chiplet_duckdb_tpch_sf1_single_thread_q21_madracks-mnode5_20260314T231814Z_2017190/runs/duckdb_tpch/chiplet_x6/inst57/perf.stat	/home/seunghyun/ycsb/results/chiplet_duckdb_tpch_sf1_single_thread_q21_madracks-mnode5_20260314T231814Z_2017190/runs/duckdb_tpch/chiplet_x6/inst57/time.txt		/home/seunghyun/ycsb/results/chiplet_duckdb_tpch_sf1_single_thread_q21_madracks-mnode5_20260314T231814Z_2017190/runs/duckdb_tpch/chiplet_x6
2026-03-14T23:18:20Z	madracks-mnode5	amd	duckdb_tpch	analytic	per_instance_external	NO_RETIRED_INST_CYCLES	user	chiplet_x6	72	58	67	67	0	0	1	False				1						Q21	DUCKDB_TPCH	SF1	0.5132612389861606	1.9483255777804092	queries/s	SUCCESSFUL	1	513220.6089911051	513220.6089911051	513220.6089911051	513220.6089911051	513220.6089911051	513220.6089911051	513220.6089911051	513220.6089911051	1.9483255777804092	1644475647	2409477207	4706479633	1082.53	700.0	450.0	100113253	16600605		ok	cpu/event=0xc0,cmask=1,inv=1/		/home/seunghyun/ycsb/.cache/duckdb_tpch/tpch_sf1.duckdb	/home/seunghyun/ycsb/results/chiplet_duckdb_tpch_sf1_single_thread_q21_madracks-mnode5_20260314T231814Z_2017190/runs/duckdb_tpch/chiplet_x6/inst58/load.stdout.log	/home/seunghyun/ycsb/results/chiplet_duckdb_tpch_sf1_single_thread_q21_madracks-mnode5_20260314T231814Z_2017190/runs/duckdb_tpch/chiplet_x6/inst58/load.stderr.log	/home/seunghyun/ycsb/results/chiplet_duckdb_tpch_sf1_single_thread_q21_madracks-mnode5_20260314T231814Z_2017190/runs/duckdb_tpch/chiplet_x6/inst58/run.stdout.log	/home/seunghyun/ycsb/results/chiplet_duckdb_tpch_sf1_single_thread_q21_madracks-mnode5_20260314T231814Z_2017190/runs/duckdb_tpch/chiplet_x6/inst58/run.stderr.log	/home/seunghyun/ycsb/results/chiplet_duckdb_tpch_sf1_single_thread_q21_madracks-mnode5_20260314T231814Z_2017190/runs/duckdb_tpch/chiplet_x6/inst58/perf.stat	/home/seunghyun/ycsb/results/chiplet_duckdb_tpch_sf1_single_thread_q21_madracks-mnode5_20260314T231814Z_2017190/runs/duckdb_tpch/chiplet_x6/inst58/time.txt		/home/seunghyun/ycsb/results/chiplet_duckdb_tpch_sf1_single_thread_q21_madracks-mnode5_20260314T231814Z_2017190/runs/duckdb_tpch/chiplet_x6
2026-03-14T23:18:20Z	madracks-mnode5	amd	duckdb_tpch	analytic	per_instance_external	NO_RETIRED_INST_CYCLES	user	chiplet_x6	72	59	68	68	0	0	1	False				1						Q21	DUCKDB_TPCH	SF1	0.5163008189992979	1.9368553432439157	queries/s	SUCCESSFUL	1	516269.0000142902	516269.0000142902	516269.0000142902	516269.0000142902	516269.0000142902	516269.0000142902	516269.0000142902	516269.0000142902	1.9368553432439157	1649523595	2415441688	4710670744	1087.44	720.0	430.0	99884035	16569432		ok	cpu/event=0xc0,cmask=1,inv=1/		/home/seunghyun/ycsb/.cache/duckdb_tpch/tpch_sf1.duckdb	/home/seunghyun/ycsb/results/chiplet_duckdb_tpch_sf1_single_thread_q21_madracks-mnode5_20260314T231814Z_2017190/runs/duckdb_tpch/chiplet_x6/inst59/load.stdout.log	/home/seunghyun/ycsb/results/chiplet_duckdb_tpch_sf1_single_thread_q21_madracks-mnode5_20260314T231814Z_2017190/runs/duckdb_tpch/chiplet_x6/inst59/load.stderr.log	/home/seunghyun/ycsb/results/chiplet_duckdb_tpch_sf1_single_thread_q21_madracks-mnode5_20260314T231814Z_2017190/runs/duckdb_tpch/chiplet_x6/inst59/run.stdout.log	/home/seunghyun/ycsb/results/chiplet_duckdb_tpch_sf1_single_thread_q21_madracks-mnode5_20260314T231814Z_2017190/runs/duckdb_tpch/chiplet_x6/inst59/run.stderr.log	/home/seunghyun/ycsb/results/chiplet_duckdb_tpch_sf1_single_thread_q21_madracks-mnode5_20260314T231814Z_2017190/runs/duckdb_tpch/chiplet_x6/inst59/perf.stat	/home/seunghyun/ycsb/results/chiplet_duckdb_tpch_sf1_single_thread_q21_madracks-mnode5_20260314T231814Z_2017190/runs/duckdb_tpch/chiplet_x6/inst59/time.txt		/home/seunghyun/ycsb/results/chiplet_duckdb_tpch_sf1_single_thread_q21_madracks-mnode5_20260314T231814Z_2017190/runs/duckdb_tpch/chiplet_x6
2026-03-14T23:18:20Z	madracks-mnode5	amd	duckdb_tpch	analytic	per_instance_external	NO_RETIRED_INST_CYCLES	user	chiplet_x6	72	60	70	70	0	0	1	False				1						Q21	DUCKDB_TPCH	SF1	0.530747656011954	1.8841345574920016	queries/s	SUCCESSFUL	1	530718.2770338841	530718.2770338841	530718.2770338841	530718.2770338841	530718.2770338841	530718.2770338841	530718.2770338841	530718.2770338841	1.8841345574920016	1653507477	2417106810	4706672293	1098.61	780.0	390.0	100762591	16705387		ok	cpu/event=0xc0,cmask=1,inv=1/		/home/seunghyun/ycsb/.cache/duckdb_tpch/tpch_sf1.duckdb	/home/seunghyun/ycsb/results/chiplet_duckdb_tpch_sf1_single_thread_q21_madracks-mnode5_20260314T231814Z_2017190/runs/duckdb_tpch/chiplet_x6/inst60/load.stdout.log	/home/seunghyun/ycsb/results/chiplet_duckdb_tpch_sf1_single_thread_q21_madracks-mnode5_20260314T231814Z_2017190/runs/duckdb_tpch/chiplet_x6/inst60/load.stderr.log	/home/seunghyun/ycsb/results/chiplet_duckdb_tpch_sf1_single_thread_q21_madracks-mnode5_20260314T231814Z_2017190/runs/duckdb_tpch/chiplet_x6/inst60/run.stdout.log	/home/seunghyun/ycsb/results/chiplet_duckdb_tpch_sf1_single_thread_q21_madracks-mnode5_20260314T231814Z_2017190/runs/duckdb_tpch/chiplet_x6/inst60/run.stderr.log	/home/seunghyun/ycsb/results/chiplet_duckdb_tpch_sf1_single_thread_q21_madracks-mnode5_20260314T231814Z_2017190/runs/duckdb_tpch/chiplet_x6/inst60/perf.stat	/home/seunghyun/ycsb/results/chiplet_duckdb_tpch_sf1_single_thread_q21_madracks-mnode5_20260314T231814Z_2017190/runs/duckdb_tpch/chiplet_x6/inst60/time.txt		/home/seunghyun/ycsb/results/chiplet_duckdb_tpch_sf1_single_thread_q21_madracks-mnode5_20260314T231814Z_2017190/runs/duckdb_tpch/chiplet_x6
2026-03-14T23:18:20Z	madracks-mnode5	amd	duckdb_tpch	analytic	per_instance_external	NO_RETIRED_INST_CYCLES	user	chiplet_x6	72	61	71	71	0	0	1	False				1						Q21	DUCKDB_TPCH	SF1	0.5213202260201797	1.9182067951480002	queries/s	SUCCESSFUL	1	521290.8560060896	521290.8560060896	521290.8560060896	521290.8560060896	521290.8560060896	521290.8560060896	521290.8560060896	521290.8560060896	1.9182067951480002	1632578317	2397110155	4707725786	1088.31	710.0	450.0	100448986	16622273		ok	cpu/event=0xc0,cmask=1,inv=1/		/home/seunghyun/ycsb/.cache/duckdb_tpch/tpch_sf1.duckdb	/home/seunghyun/ycsb/results/chiplet_duckdb_tpch_sf1_single_thread_q21_madracks-mnode5_20260314T231814Z_2017190/runs/duckdb_tpch/chiplet_x6/inst61/load.stdout.log	/home/seunghyun/ycsb/results/chiplet_duckdb_tpch_sf1_single_thread_q21_madracks-mnode5_20260314T231814Z_2017190/runs/duckdb_tpch/chiplet_x6/inst61/load.stderr.log	/home/seunghyun/ycsb/results/chiplet_duckdb_tpch_sf1_single_thread_q21_madracks-mnode5_20260314T231814Z_2017190/runs/duckdb_tpch/chiplet_x6/inst61/run.stdout.log	/home/seunghyun/ycsb/results/chiplet_duckdb_tpch_sf1_single_thread_q21_madracks-mnode5_20260314T231814Z_2017190/runs/duckdb_tpch/chiplet_x6/inst61/run.stderr.log	/home/seunghyun/ycsb/results/chiplet_duckdb_tpch_sf1_single_thread_q21_madracks-mnode5_20260314T231814Z_2017190/runs/duckdb_tpch/chiplet_x6/inst61/perf.stat	/home/seunghyun/ycsb/results/chiplet_duckdb_tpch_sf1_single_thread_q21_madracks-mnode5_20260314T231814Z_2017190/runs/duckdb_tpch/chiplet_x6/inst61/time.txt		/home/seunghyun/ycsb/results/chiplet_duckdb_tpch_sf1_single_thread_q21_madracks-mnode5_20260314T231814Z_2017190/runs/duckdb_tpch/chiplet_x6
2026-03-14T23:18:20Z	madracks-mnode5	amd	duckdb_tpch	analytic	per_instance_external	NO_RETIRED_INST_CYCLES	user	chiplet_x6	72	62	72	72	0	0	1	False				1						Q21	DUCKDB_TPCH	SF1	0.5184146119863726	1.9289579747152008	queries/s	SUCCESSFUL	1	518383.97298706695	518383.97298706695	518383.97298706695	518383.97298706695	518383.97298706695	518383.97298706695	518383.97298706695	518383.97298706695	1.9289579747152008	1617862838	2383195850	4705336702	1083.14	730.0	420.0	99666662	16640289		ok	cpu/event=0xc0,cmask=1,inv=1/		/home/seunghyun/ycsb/.cache/duckdb_tpch/tpch_sf1.duckdb	/home/seunghyun/ycsb/results/chiplet_duckdb_tpch_sf1_single_thread_q21_madracks-mnode5_20260314T231814Z_2017190/runs/duckdb_tpch/chiplet_x6/inst62/load.stdout.log	/home/seunghyun/ycsb/results/chiplet_duckdb_tpch_sf1_single_thread_q21_madracks-mnode5_20260314T231814Z_2017190/runs/duckdb_tpch/chiplet_x6/inst62/load.stderr.log	/home/seunghyun/ycsb/results/chiplet_duckdb_tpch_sf1_single_thread_q21_madracks-mnode5_20260314T231814Z_2017190/runs/duckdb_tpch/chiplet_x6/inst62/run.stdout.log	/home/seunghyun/ycsb/results/chiplet_duckdb_tpch_sf1_single_thread_q21_madracks-mnode5_20260314T231814Z_2017190/runs/duckdb_tpch/chiplet_x6/inst62/run.stderr.log	/home/seunghyun/ycsb/results/chiplet_duckdb_tpch_sf1_single_thread_q21_madracks-mnode5_20260314T231814Z_2017190/runs/duckdb_tpch/chiplet_x6/inst62/perf.stat	/home/seunghyun/ycsb/results/chiplet_duckdb_tpch_sf1_single_thread_q21_madracks-mnode5_20260314T231814Z_2017190/runs/duckdb_tpch/chiplet_x6/inst62/time.txt		/home/seunghyun/ycsb/results/chiplet_duckdb_tpch_sf1_single_thread_q21_madracks-mnode5_20260314T231814Z_2017190/runs/duckdb_tpch/chiplet_x6
2026-03-14T23:18:20Z	madracks-mnode5	amd	duckdb_tpch	analytic	per_instance_external	NO_RETIRED_INST_CYCLES	user	chiplet_x6	72	63	73	73	0	0	1	False				1						Q21	DUCKDB_TPCH	SF1	0.5138466710341163	1.9461058256687744	queries/s	SUCCESSFUL	1	513807.31200333685	513807.31200333685	513807.31200333685	513807.31200333685	513807.31200333685	513807.31200333685	513807.31200333685	513807.31200333685	1.9461058256687744	1635265020	2399053097	4704525657	1077.85	680.0	470.0	100765125	16549544		ok	cpu/event=0xc0,cmask=1,inv=1/		/home/seunghyun/ycsb/.cache/duckdb_tpch/tpch_sf1.duckdb	/home/seunghyun/ycsb/results/chiplet_duckdb_tpch_sf1_single_thread_q21_madracks-mnode5_20260314T231814Z_2017190/runs/duckdb_tpch/chiplet_x6/inst63/load.stdout.log	/home/seunghyun/ycsb/results/chiplet_duckdb_tpch_sf1_single_thread_q21_madracks-mnode5_20260314T231814Z_2017190/runs/duckdb_tpch/chiplet_x6/inst63/load.stderr.log	/home/seunghyun/ycsb/results/chiplet_duckdb_tpch_sf1_single_thread_q21_madracks-mnode5_20260314T231814Z_2017190/runs/duckdb_tpch/chiplet_x6/inst63/run.stdout.log	/home/seunghyun/ycsb/results/chiplet_duckdb_tpch_sf1_single_thread_q21_madracks-mnode5_20260314T231814Z_2017190/runs/duckdb_tpch/chiplet_x6/inst63/run.stderr.log	/home/seunghyun/ycsb/results/chiplet_duckdb_tpch_sf1_single_thread_q21_madracks-mnode5_20260314T231814Z_2017190/runs/duckdb_tpch/chiplet_x6/inst63/perf.stat	/home/seunghyun/ycsb/results/chiplet_duckdb_tpch_sf1_single_thread_q21_madracks-mnode5_20260314T231814Z_2017190/runs/duckdb_tpch/chiplet_x6/inst63/time.txt		/home/seunghyun/ycsb/results/chiplet_duckdb_tpch_sf1_single_thread_q21_madracks-mnode5_20260314T231814Z_2017190/runs/duckdb_tpch/chiplet_x6
2026-03-14T23:18:20Z	madracks-mnode5	amd	duckdb_tpch	analytic	per_instance_external	NO_RETIRED_INST_CYCLES	user	chiplet_x6	72	64	74	74	0	0	1	False				1						Q21	DUCKDB_TPCH	SF1	0.5191265640314668	1.9263125204654044	queries/s	SUCCESSFUL	1	519092.3640038818	519092.3640038818	519092.3640038818	519092.3640038818	519092.3640038818	519092.3640038818	519092.3640038818	519092.3640038818	1.9263125204654044	1635947610	2400128109	4702790799	1078.01	740.0	400.0	100744847	16732282		ok	cpu/event=0xc0,cmask=1,inv=1/		/home/seunghyun/ycsb/.cache/duckdb_tpch/tpch_sf1.duckdb	/home/seunghyun/ycsb/results/chiplet_duckdb_tpch_sf1_single_thread_q21_madracks-mnode5_20260314T231814Z_2017190/runs/duckdb_tpch/chiplet_x6/inst64/load.stdout.log	/home/seunghyun/ycsb/results/chiplet_duckdb_tpch_sf1_single_thread_q21_madracks-mnode5_20260314T231814Z_2017190/runs/duckdb_tpch/chiplet_x6/inst64/load.stderr.log	/home/seunghyun/ycsb/results/chiplet_duckdb_tpch_sf1_single_thread_q21_madracks-mnode5_20260314T231814Z_2017190/runs/duckdb_tpch/chiplet_x6/inst64/run.stdout.log	/home/seunghyun/ycsb/results/chiplet_duckdb_tpch_sf1_single_thread_q21_madracks-mnode5_20260314T231814Z_2017190/runs/duckdb_tpch/chiplet_x6/inst64/run.stderr.log	/home/seunghyun/ycsb/results/chiplet_duckdb_tpch_sf1_single_thread_q21_madracks-mnode5_20260314T231814Z_2017190/runs/duckdb_tpch/chiplet_x6/inst64/perf.stat	/home/seunghyun/ycsb/results/chiplet_duckdb_tpch_sf1_single_thread_q21_madracks-mnode5_20260314T231814Z_2017190/runs/duckdb_tpch/chiplet_x6/inst64/time.txt		/home/seunghyun/ycsb/results/chiplet_duckdb_tpch_sf1_single_thread_q21_madracks-mnode5_20260314T231814Z_2017190/runs/duckdb_tpch/chiplet_x6
2026-03-14T23:18:20Z	madracks-mnode5	amd	duckdb_tpch	analytic	per_instance_external	NO_RETIRED_INST_CYCLES	user	chiplet_x6	72	65	75	75	0	0	1	False				1						Q21	DUCKDB_TPCH	SF1	0.5143459450337104	1.9442167468326392	queries/s	SUCCESSFUL	1	514314.6349582821	514314.6349582821	514314.6349582821	514314.6349582821	514314.6349582821	514314.6349582821	514314.6349582821	514314.6349582821	1.9442167468326392	1657709431	2423382991	4707618801	1088.55	720.0	430.0	99471407	16659013		ok	cpu/event=0xc0,cmask=1,inv=1/		/home/seunghyun/ycsb/.cache/duckdb_tpch/tpch_sf1.duckdb	/home/seunghyun/ycsb/results/chiplet_duckdb_tpch_sf1_single_thread_q21_madracks-mnode5_20260314T231814Z_2017190/runs/duckdb_tpch/chiplet_x6/inst65/load.stdout.log	/home/seunghyun/ycsb/results/chiplet_duckdb_tpch_sf1_single_thread_q21_madracks-mnode5_20260314T231814Z_2017190/runs/duckdb_tpch/chiplet_x6/inst65/load.stderr.log	/home/seunghyun/ycsb/results/chiplet_duckdb_tpch_sf1_single_thread_q21_madracks-mnode5_20260314T231814Z_2017190/runs/duckdb_tpch/chiplet_x6/inst65/run.stdout.log	/home/seunghyun/ycsb/results/chiplet_duckdb_tpch_sf1_single_thread_q21_madracks-mnode5_20260314T231814Z_2017190/runs/duckdb_tpch/chiplet_x6/inst65/run.stderr.log	/home/seunghyun/ycsb/results/chiplet_duckdb_tpch_sf1_single_thread_q21_madracks-mnode5_20260314T231814Z_2017190/runs/duckdb_tpch/chiplet_x6/inst65/perf.stat	/home/seunghyun/ycsb/results/chiplet_duckdb_tpch_sf1_single_thread_q21_madracks-mnode5_20260314T231814Z_2017190/runs/duckdb_tpch/chiplet_x6/inst65/time.txt		/home/seunghyun/ycsb/results/chiplet_duckdb_tpch_sf1_single_thread_q21_madracks-mnode5_20260314T231814Z_2017190/runs/duckdb_tpch/chiplet_x6
2026-03-14T23:18:20Z	madracks-mnode5	amd	duckdb_tpch	analytic	per_instance_external	NO_RETIRED_INST_CYCLES	user	chiplet_x6	72	66	77	77	0	0	1	False				1						Q21	DUCKDB_TPCH	SF1	0.5147571989800781	1.9426634576094612	queries/s	SUCCESSFUL	1	514726.19001287967	514726.19001287967	514726.19001287967	514726.19001287967	514726.19001287967	514726.19001287967	514726.19001287967	514726.19001287967	1.9426634576094612	1638382371	2401119020	4705000034	1080.2	740.0	400.0	100724554	16804108		ok	cpu/event=0xc0,cmask=1,inv=1/		/home/seunghyun/ycsb/.cache/duckdb_tpch/tpch_sf1.duckdb	/home/seunghyun/ycsb/results/chiplet_duckdb_tpch_sf1_single_thread_q21_madracks-mnode5_20260314T231814Z_2017190/runs/duckdb_tpch/chiplet_x6/inst66/load.stdout.log	/home/seunghyun/ycsb/results/chiplet_duckdb_tpch_sf1_single_thread_q21_madracks-mnode5_20260314T231814Z_2017190/runs/duckdb_tpch/chiplet_x6/inst66/load.stderr.log	/home/seunghyun/ycsb/results/chiplet_duckdb_tpch_sf1_single_thread_q21_madracks-mnode5_20260314T231814Z_2017190/runs/duckdb_tpch/chiplet_x6/inst66/run.stdout.log	/home/seunghyun/ycsb/results/chiplet_duckdb_tpch_sf1_single_thread_q21_madracks-mnode5_20260314T231814Z_2017190/runs/duckdb_tpch/chiplet_x6/inst66/run.stderr.log	/home/seunghyun/ycsb/results/chiplet_duckdb_tpch_sf1_single_thread_q21_madracks-mnode5_20260314T231814Z_2017190/runs/duckdb_tpch/chiplet_x6/inst66/perf.stat	/home/seunghyun/ycsb/results/chiplet_duckdb_tpch_sf1_single_thread_q21_madracks-mnode5_20260314T231814Z_2017190/runs/duckdb_tpch/chiplet_x6/inst66/time.txt		/home/seunghyun/ycsb/results/chiplet_duckdb_tpch_sf1_single_thread_q21_madracks-mnode5_20260314T231814Z_2017190/runs/duckdb_tpch/chiplet_x6
2026-03-14T23:18:20Z	madracks-mnode5	amd	duckdb_tpch	analytic	per_instance_external	NO_RETIRED_INST_CYCLES	user	chiplet_x6	72	67	78	78	0	0	1	False				1						Q21	DUCKDB_TPCH	SF1	0.5159467539633624	1.9381844973696847	queries/s	SUCCESSFUL	1	515906.51500737295	515906.51500737295	515906.51500737295	515906.51500737295	515906.51500737295	515906.51500737295	515906.51500737295	515906.51500737295	1.9381844973696847	1598637125	2361889235	4703426833	1063.53	700.0	430.0	100680886	16657851		ok	cpu/event=0xc0,cmask=1,inv=1/		/home/seunghyun/ycsb/.cache/duckdb_tpch/tpch_sf1.duckdb	/home/seunghyun/ycsb/results/chiplet_duckdb_tpch_sf1_single_thread_q21_madracks-mnode5_20260314T231814Z_2017190/runs/duckdb_tpch/chiplet_x6/inst67/load.stdout.log	/home/seunghyun/ycsb/results/chiplet_duckdb_tpch_sf1_single_thread_q21_madracks-mnode5_20260314T231814Z_2017190/runs/duckdb_tpch/chiplet_x6/inst67/load.stderr.log	/home/seunghyun/ycsb/results/chiplet_duckdb_tpch_sf1_single_thread_q21_madracks-mnode5_20260314T231814Z_2017190/runs/duckdb_tpch/chiplet_x6/inst67/run.stdout.log	/home/seunghyun/ycsb/results/chiplet_duckdb_tpch_sf1_single_thread_q21_madracks-mnode5_20260314T231814Z_2017190/runs/duckdb_tpch/chiplet_x6/inst67/run.stderr.log	/home/seunghyun/ycsb/results/chiplet_duckdb_tpch_sf1_single_thread_q21_madracks-mnode5_20260314T231814Z_2017190/runs/duckdb_tpch/chiplet_x6/inst67/perf.stat	/home/seunghyun/ycsb/results/chiplet_duckdb_tpch_sf1_single_thread_q21_madracks-mnode5_20260314T231814Z_2017190/runs/duckdb_tpch/chiplet_x6/inst67/time.txt		/home/seunghyun/ycsb/results/chiplet_duckdb_tpch_sf1_single_thread_q21_madracks-mnode5_20260314T231814Z_2017190/runs/duckdb_tpch/chiplet_x6
2026-03-14T23:18:20Z	madracks-mnode5	amd	duckdb_tpch	analytic	per_instance_external	NO_RETIRED_INST_CYCLES	user	chiplet_x6	72	68	79	79	0	0	1	False				1						Q21	DUCKDB_TPCH	SF1	0.5182750050444156	1.9294775751616675	queries/s	SUCCESSFUL	1	518245.0250140391	518245.0250140391	518245.0250140391	518245.0250140391	518245.0250140391	518245.0250140391	518245.0250140391	518245.0250140391	1.9294775751616675	1580893176	2344153992	4701030002	1053.78	660.0	460.0	100111584	16818829		ok	cpu/event=0xc0,cmask=1,inv=1/		/home/seunghyun/ycsb/.cache/duckdb_tpch/tpch_sf1.duckdb	/home/seunghyun/ycsb/results/chiplet_duckdb_tpch_sf1_single_thread_q21_madracks-mnode5_20260314T231814Z_2017190/runs/duckdb_tpch/chiplet_x6/inst68/load.stdout.log	/home/seunghyun/ycsb/results/chiplet_duckdb_tpch_sf1_single_thread_q21_madracks-mnode5_20260314T231814Z_2017190/runs/duckdb_tpch/chiplet_x6/inst68/load.stderr.log	/home/seunghyun/ycsb/results/chiplet_duckdb_tpch_sf1_single_thread_q21_madracks-mnode5_20260314T231814Z_2017190/runs/duckdb_tpch/chiplet_x6/inst68/run.stdout.log	/home/seunghyun/ycsb/results/chiplet_duckdb_tpch_sf1_single_thread_q21_madracks-mnode5_20260314T231814Z_2017190/runs/duckdb_tpch/chiplet_x6/inst68/run.stderr.log	/home/seunghyun/ycsb/results/chiplet_duckdb_tpch_sf1_single_thread_q21_madracks-mnode5_20260314T231814Z_2017190/runs/duckdb_tpch/chiplet_x6/inst68/perf.stat	/home/seunghyun/ycsb/results/chiplet_duckdb_tpch_sf1_single_thread_q21_madracks-mnode5_20260314T231814Z_2017190/runs/duckdb_tpch/chiplet_x6/inst68/time.txt		/home/seunghyun/ycsb/results/chiplet_duckdb_tpch_sf1_single_thread_q21_madracks-mnode5_20260314T231814Z_2017190/runs/duckdb_tpch/chiplet_x6
2026-03-14T23:18:20Z	madracks-mnode5	amd	duckdb_tpch	analytic	per_instance_external	NO_RETIRED_INST_CYCLES	user	chiplet_x6	72	69	80	80	0	0	1	False				1						Q21	DUCKDB_TPCH	SF1	0.5229587949579582	1.9121965432867274	queries/s	SUCCESSFUL	1	522926.95501819253	522926.95501819253	522926.95501819253	522926.95501819253	522926.95501819253	522926.95501819253	522926.95501819253	522926.95501819253	1.9121965432867274	1607088207	2371576949	4704723299	1065.77	680.0	450.0	100102585	16627767		ok	cpu/event=0xc0,cmask=1,inv=1/		/home/seunghyun/ycsb/.cache/duckdb_tpch/tpch_sf1.duckdb	/home/seunghyun/ycsb/results/chiplet_duckdb_tpch_sf1_single_thread_q21_madracks-mnode5_20260314T231814Z_2017190/runs/duckdb_tpch/chiplet_x6/inst69/load.stdout.log	/home/seunghyun/ycsb/results/chiplet_duckdb_tpch_sf1_single_thread_q21_madracks-mnode5_20260314T231814Z_2017190/runs/duckdb_tpch/chiplet_x6/inst69/load.stderr.log	/home/seunghyun/ycsb/results/chiplet_duckdb_tpch_sf1_single_thread_q21_madracks-mnode5_20260314T231814Z_2017190/runs/duckdb_tpch/chiplet_x6/inst69/run.stdout.log	/home/seunghyun/ycsb/results/chiplet_duckdb_tpch_sf1_single_thread_q21_madracks-mnode5_20260314T231814Z_2017190/runs/duckdb_tpch/chiplet_x6/inst69/run.stderr.log	/home/seunghyun/ycsb/results/chiplet_duckdb_tpch_sf1_single_thread_q21_madracks-mnode5_20260314T231814Z_2017190/runs/duckdb_tpch/chiplet_x6/inst69/perf.stat	/home/seunghyun/ycsb/results/chiplet_duckdb_tpch_sf1_single_thread_q21_madracks-mnode5_20260314T231814Z_2017190/runs/duckdb_tpch/chiplet_x6/inst69/time.txt		/home/seunghyun/ycsb/results/chiplet_duckdb_tpch_sf1_single_thread_q21_madracks-mnode5_20260314T231814Z_2017190/runs/duckdb_tpch/chiplet_x6
2026-03-14T23:18:20Z	madracks-mnode5	amd	duckdb_tpch	analytic	per_instance_external	NO_RETIRED_INST_CYCLES	user	chiplet_x6	72	70	81	81	0	0	1	False				1						Q21	DUCKDB_TPCH	SF1	0.5222686430206522	1.914723415551595	queries/s	SUCCESSFUL	1	522227.17396216467	522227.17396216467	522227.17396216467	522227.17396216467	522227.17396216467	522227.17396216467	522227.17396216467	522227.17396216467	1.914723415551595	1662632580	2428437891	4709409473	1092.78	650.0	520.0	100143834	16818675		ok	cpu/event=0xc0,cmask=1,inv=1/		/home/seunghyun/ycsb/.cache/duckdb_tpch/tpch_sf1.duckdb	/home/seunghyun/ycsb/results/chiplet_duckdb_tpch_sf1_single_thread_q21_madracks-mnode5_20260314T231814Z_2017190/runs/duckdb_tpch/chiplet_x6/inst70/load.stdout.log	/home/seunghyun/ycsb/results/chiplet_duckdb_tpch_sf1_single_thread_q21_madracks-mnode5_20260314T231814Z_2017190/runs/duckdb_tpch/chiplet_x6/inst70/load.stderr.log	/home/seunghyun/ycsb/results/chiplet_duckdb_tpch_sf1_single_thread_q21_madracks-mnode5_20260314T231814Z_2017190/runs/duckdb_tpch/chiplet_x6/inst70/run.stdout.log	/home/seunghyun/ycsb/results/chiplet_duckdb_tpch_sf1_single_thread_q21_madracks-mnode5_20260314T231814Z_2017190/runs/duckdb_tpch/chiplet_x6/inst70/run.stderr.log	/home/seunghyun/ycsb/results/chiplet_duckdb_tpch_sf1_single_thread_q21_madracks-mnode5_20260314T231814Z_2017190/runs/duckdb_tpch/chiplet_x6/inst70/perf.stat	/home/seunghyun/ycsb/results/chiplet_duckdb_tpch_sf1_single_thread_q21_madracks-mnode5_20260314T231814Z_2017190/runs/duckdb_tpch/chiplet_x6/inst70/time.txt		/home/seunghyun/ycsb/results/chiplet_duckdb_tpch_sf1_single_thread_q21_madracks-mnode5_20260314T231814Z_2017190/runs/duckdb_tpch/chiplet_x6
2026-03-14T23:18:20Z	madracks-mnode5	amd	duckdb_tpch	analytic	per_instance_external	NO_RETIRED_INST_CYCLES	user	chiplet_x6	72	71	82	82	0	0	1	False				1						Q21	DUCKDB_TPCH	SF1	0.5195825870032422	1.9246218503349497	queries/s	SUCCESSFUL	1	519551.0690100491	519551.0690100491	519551.0690100491	519551.0690100491	519551.0690100491	519551.0690100491	519551.0690100491	519551.0690100491	1.9246218503349497	1603585421	2366744416	4702696597	1062.81	700.0	430.0	100501996	16988077		ok	cpu/event=0xc0,cmask=1,inv=1/		/home/seunghyun/ycsb/.cache/duckdb_tpch/tpch_sf1.duckdb	/home/seunghyun/ycsb/results/chiplet_duckdb_tpch_sf1_single_thread_q21_madracks-mnode5_20260314T231814Z_2017190/runs/duckdb_tpch/chiplet_x6/inst71/load.stdout.log	/home/seunghyun/ycsb/results/chiplet_duckdb_tpch_sf1_single_thread_q21_madracks-mnode5_20260314T231814Z_2017190/runs/duckdb_tpch/chiplet_x6/inst71/load.stderr.log	/home/seunghyun/ycsb/results/chiplet_duckdb_tpch_sf1_single_thread_q21_madracks-mnode5_20260314T231814Z_2017190/runs/duckdb_tpch/chiplet_x6/inst71/run.stdout.log	/home/seunghyun/ycsb/results/chiplet_duckdb_tpch_sf1_single_thread_q21_madracks-mnode5_20260314T231814Z_2017190/runs/duckdb_tpch/chiplet_x6/inst71/run.stderr.log	/home/seunghyun/ycsb/results/chiplet_duckdb_tpch_sf1_single_thread_q21_madracks-mnode5_20260314T231814Z_2017190/runs/duckdb_tpch/chiplet_x6/inst71/perf.stat	/home/seunghyun/ycsb/results/chiplet_duckdb_tpch_sf1_single_thread_q21_madracks-mnode5_20260314T231814Z_2017190/runs/duckdb_tpch/chiplet_x6/inst71/time.txt		/home/seunghyun/ycsb/results/chiplet_duckdb_tpch_sf1_single_thread_q21_madracks-mnode5_20260314T231814Z_2017190/runs/duckdb_tpch/chiplet_x6
2026-03-14T23:18:22Z	madracks-mnode5	amd	duckdb_tpch	analytic	per_instance_external	NO_RETIRED_INST_CYCLES	user	chiplet_x7	84	0	0	0	0	0	1	False				1						Q21	DUCKDB_TPCH	SF1	0.5209078989573754	1.9197251606311838	queries/s	SUCCESSFUL	1	520870.07998488843	520870.07998488843	520870.07998488843	520870.07998488843	520870.07998488843	520870.07998488843	520870.07998488843	520870.07998488843	1.9197251606311838	1544492815	2308031726	4702735277	1037.69	620.0	520.0	100338151	17302316		ok	cpu/event=0xc0,cmask=1,inv=1/		/home/seunghyun/ycsb/.cache/duckdb_tpch/tpch_sf1.duckdb	/home/seunghyun/ycsb/results/chiplet_duckdb_tpch_sf1_single_thread_q21_madracks-mnode5_20260314T231814Z_2017190/runs/duckdb_tpch/chiplet_x7/inst00/load.stdout.log	/home/seunghyun/ycsb/results/chiplet_duckdb_tpch_sf1_single_thread_q21_madracks-mnode5_20260314T231814Z_2017190/runs/duckdb_tpch/chiplet_x7/inst00/load.stderr.log	/home/seunghyun/ycsb/results/chiplet_duckdb_tpch_sf1_single_thread_q21_madracks-mnode5_20260314T231814Z_2017190/runs/duckdb_tpch/chiplet_x7/inst00/run.stdout.log	/home/seunghyun/ycsb/results/chiplet_duckdb_tpch_sf1_single_thread_q21_madracks-mnode5_20260314T231814Z_2017190/runs/duckdb_tpch/chiplet_x7/inst00/run.stderr.log	/home/seunghyun/ycsb/results/chiplet_duckdb_tpch_sf1_single_thread_q21_madracks-mnode5_20260314T231814Z_2017190/runs/duckdb_tpch/chiplet_x7/inst00/perf.stat	/home/seunghyun/ycsb/results/chiplet_duckdb_tpch_sf1_single_thread_q21_madracks-mnode5_20260314T231814Z_2017190/runs/duckdb_tpch/chiplet_x7/inst00/time.txt		/home/seunghyun/ycsb/results/chiplet_duckdb_tpch_sf1_single_thread_q21_madracks-mnode5_20260314T231814Z_2017190/runs/duckdb_tpch/chiplet_x7
2026-03-14T23:18:22Z	madracks-mnode5	amd	duckdb_tpch	analytic	per_instance_external	NO_RETIRED_INST_CYCLES	user	chiplet_x7	84	1	1	1	0	0	1	False				1						Q21	DUCKDB_TPCH	SF1	0.5417954929871485	1.845714873866107	queries/s	SUCCESSFUL	1	541761.304019019	541761.304019019	541761.304019019	541761.304019019	541761.304019019	541761.304019019	541761.304019019	541761.304019019	1.845714873866107	1746848060	2515238613	4714082444	1127.44	720.0	460.0	100760574	16746657		ok	cpu/event=0xc0,cmask=1,inv=1/		/home/seunghyun/ycsb/.cache/duckdb_tpch/tpch_sf1.duckdb	/home/seunghyun/ycsb/results/chiplet_duckdb_tpch_sf1_single_thread_q21_madracks-mnode5_20260314T231814Z_2017190/runs/duckdb_tpch/chiplet_x7/inst01/load.stdout.log	/home/seunghyun/ycsb/results/chiplet_duckdb_tpch_sf1_single_thread_q21_madracks-mnode5_20260314T231814Z_2017190/runs/duckdb_tpch/chiplet_x7/inst01/load.stderr.log	/home/seunghyun/ycsb/results/chiplet_duckdb_tpch_sf1_single_thread_q21_madracks-mnode5_20260314T231814Z_2017190/runs/duckdb_tpch/chiplet_x7/inst01/run.stdout.log	/home/seunghyun/ycsb/results/chiplet_duckdb_tpch_sf1_single_thread_q21_madracks-mnode5_20260314T231814Z_2017190/runs/duckdb_tpch/chiplet_x7/inst01/run.stderr.log	/home/seunghyun/ycsb/results/chiplet_duckdb_tpch_sf1_single_thread_q21_madracks-mnode5_20260314T231814Z_2017190/runs/duckdb_tpch/chiplet_x7/inst01/perf.stat	/home/seunghyun/ycsb/results/chiplet_duckdb_tpch_sf1_single_thread_q21_madracks-mnode5_20260314T231814Z_2017190/runs/duckdb_tpch/chiplet_x7/inst01/time.txt		/home/seunghyun/ycsb/results/chiplet_duckdb_tpch_sf1_single_thread_q21_madracks-mnode5_20260314T231814Z_2017190/runs/duckdb_tpch/chiplet_x7
2026-03-14T23:18:22Z	madracks-mnode5	amd	duckdb_tpch	analytic	per_instance_external	NO_RETIRED_INST_CYCLES	user	chiplet_x7	84	2	2	2	0	0	1	False				1						Q21	DUCKDB_TPCH	SF1	0.5360803849762306	1.8653918852941045	queries/s	SUCCESSFUL	1	536046.4560217224	536046.4560217224	536046.4560217224	536046.4560217224	536046.4560217224	536046.4560217224	536046.4560217224	536046.4560217224	1.8653918852941045	1906104446	3136911371	7348789416	1405.1	1120.0	380.0	101007239	17281430		ok	cpu/event=0xc0,cmask=1,inv=1/		/home/seunghyun/ycsb/.cache/duckdb_tpch/tpch_sf1.duckdb	/home/seunghyun/ycsb/results/chiplet_duckdb_tpch_sf1_single_thread_q21_madracks-mnode5_20260314T231814Z_2017190/runs/duckdb_tpch/chiplet_x7/inst02/load.stdout.log	/home/seunghyun/ycsb/results/chiplet_duckdb_tpch_sf1_single_thread_q21_madracks-mnode5_20260314T231814Z_2017190/runs/duckdb_tpch/chiplet_x7/inst02/load.stderr.log	/home/seunghyun/ycsb/results/chiplet_duckdb_tpch_sf1_single_thread_q21_madracks-mnode5_20260314T231814Z_2017190/runs/duckdb_tpch/chiplet_x7/inst02/run.stdout.log	/home/seunghyun/ycsb/results/chiplet_duckdb_tpch_sf1_single_thread_q21_madracks-mnode5_20260314T231814Z_2017190/runs/duckdb_tpch/chiplet_x7/inst02/run.stderr.log	/home/seunghyun/ycsb/results/chiplet_duckdb_tpch_sf1_single_thread_q21_madracks-mnode5_20260314T231814Z_2017190/runs/duckdb_tpch/chiplet_x7/inst02/perf.stat	/home/seunghyun/ycsb/results/chiplet_duckdb_tpch_sf1_single_thread_q21_madracks-mnode5_20260314T231814Z_2017190/runs/duckdb_tpch/chiplet_x7/inst02/time.txt		/home/seunghyun/ycsb/results/chiplet_duckdb_tpch_sf1_single_thread_q21_madracks-mnode5_20260314T231814Z_2017190/runs/duckdb_tpch/chiplet_x7
2026-03-14T23:18:22Z	madracks-mnode5	amd	duckdb_tpch	analytic	per_instance_external	NO_RETIRED_INST_CYCLES	user	chiplet_x7	84	3	3	3	0	0	1	False				1						Q21	DUCKDB_TPCH	SF1	0.5486182169988751	1.8227612008043297	queries/s	SUCCESSFUL	1	548575.0979860313	548575.0979860313	548575.0979860313	548575.0979860313	548575.0979860313	548575.0979860313	548575.0979860313	548575.0979860313	1.8227612008043297	1740993807	2509519878	4714264236	1123.98	710.0	460.0	99808326	16718358		ok	cpu/event=0xc0,cmask=1,inv=1/		/home/seunghyun/ycsb/.cache/duckdb_tpch/tpch_sf1.duckdb	/home/seunghyun/ycsb/results/chiplet_duckdb_tpch_sf1_single_thread_q21_madracks-mnode5_20260314T231814Z_2017190/runs/duckdb_tpch/chiplet_x7/inst03/load.stdout.log	/home/seunghyun/ycsb/results/chiplet_duckdb_tpch_sf1_single_thread_q21_madracks-mnode5_20260314T231814Z_2017190/runs/duckdb_tpch/chiplet_x7/inst03/load.stderr.log	/home/seunghyun/ycsb/results/chiplet_duckdb_tpch_sf1_single_thread_q21_madracks-mnode5_20260314T231814Z_2017190/runs/duckdb_tpch/chiplet_x7/inst03/run.stdout.log	/home/seunghyun/ycsb/results/chiplet_duckdb_tpch_sf1_single_thread_q21_madracks-mnode5_20260314T231814Z_2017190/runs/duckdb_tpch/chiplet_x7/inst03/run.stderr.log	/home/seunghyun/ycsb/results/chiplet_duckdb_tpch_sf1_single_thread_q21_madracks-mnode5_20260314T231814Z_2017190/runs/duckdb_tpch/chiplet_x7/inst03/perf.stat	/home/seunghyun/ycsb/results/chiplet_duckdb_tpch_sf1_single_thread_q21_madracks-mnode5_20260314T231814Z_2017190/runs/duckdb_tpch/chiplet_x7/inst03/time.txt		/home/seunghyun/ycsb/results/chiplet_duckdb_tpch_sf1_single_thread_q21_madracks-mnode5_20260314T231814Z_2017190/runs/duckdb_tpch/chiplet_x7
2026-03-14T23:18:22Z	madracks-mnode5	amd	duckdb_tpch	analytic	per_instance_external	NO_RETIRED_INST_CYCLES	user	chiplet_x7	84	4	4	4	0	0	1	False				1						Q21	DUCKDB_TPCH	SF1	0.5781568609527312	1.7296344081295227	queries/s	SUCCESSFUL	1	578120.3309888951	578120.3309888951	578120.3309888951	578120.3309888951	578120.3309888951	578120.3309888951	578120.3309888951	578120.3309888951	1.7296344081295227	1769068004	2538351327	4715085955	1136.99	720.0	490.0	100462142	16730274		ok	cpu/event=0xc0,cmask=1,inv=1/		/home/seunghyun/ycsb/.cache/duckdb_tpch/tpch_sf1.duckdb	/home/seunghyun/ycsb/results/chiplet_duckdb_tpch_sf1_single_thread_q21_madracks-mnode5_20260314T231814Z_2017190/runs/duckdb_tpch/chiplet_x7/inst04/load.stdout.log	/home/seunghyun/ycsb/results/chiplet_duckdb_tpch_sf1_single_thread_q21_madracks-mnode5_20260314T231814Z_2017190/runs/duckdb_tpch/chiplet_x7/inst04/load.stderr.log	/home/seunghyun/ycsb/results/chiplet_duckdb_tpch_sf1_single_thread_q21_madracks-mnode5_20260314T231814Z_2017190/runs/duckdb_tpch/chiplet_x7/inst04/run.stdout.log	/home/seunghyun/ycsb/results/chiplet_duckdb_tpch_sf1_single_thread_q21_madracks-mnode5_20260314T231814Z_2017190/runs/duckdb_tpch/chiplet_x7/inst04/run.stderr.log	/home/seunghyun/ycsb/results/chiplet_duckdb_tpch_sf1_single_thread_q21_madracks-mnode5_20260314T231814Z_2017190/runs/duckdb_tpch/chiplet_x7/inst04/perf.stat	/home/seunghyun/ycsb/results/chiplet_duckdb_tpch_sf1_single_thread_q21_madracks-mnode5_20260314T231814Z_2017190/runs/duckdb_tpch/chiplet_x7/inst04/time.txt		/home/seunghyun/ycsb/results/chiplet_duckdb_tpch_sf1_single_thread_q21_madracks-mnode5_20260314T231814Z_2017190/runs/duckdb_tpch/chiplet_x7
2026-03-14T23:18:22Z	madracks-mnode5	amd	duckdb_tpch	analytic	per_instance_external	NO_RETIRED_INST_CYCLES	user	chiplet_x7	84	5	5	5	0	0	1	False				1						Q21	DUCKDB_TPCH	SF1	0.5604507660027593	1.7842780502062452	queries/s	SUCCESSFUL	1	560420.5860290676	560420.5860290676	560420.5860290676	560420.5860290676	560420.5860290676	560420.5860290676	560420.5860290676	560420.5860290676	1.7842780502062452	1747289291	2515615750	4713431697	1126.72	720.0	470.0	99778279	17119776		ok	cpu/event=0xc0,cmask=1,inv=1/		/home/seunghyun/ycsb/.cache/duckdb_tpch/tpch_sf1.duckdb	/home/seunghyun/ycsb/results/chiplet_duckdb_tpch_sf1_single_thread_q21_madracks-mnode5_20260314T231814Z_2017190/runs/duckdb_tpch/chiplet_x7/inst05/load.stdout.log	/home/seunghyun/ycsb/results/chiplet_duckdb_tpch_sf1_single_thread_q21_madracks-mnode5_20260314T231814Z_2017190/runs/duckdb_tpch/chiplet_x7/inst05/load.stderr.log	/home/seunghyun/ycsb/results/chiplet_duckdb_tpch_sf1_single_thread_q21_madracks-mnode5_20260314T231814Z_2017190/runs/duckdb_tpch/chiplet_x7/inst05/run.stdout.log	/home/seunghyun/ycsb/results/chiplet_duckdb_tpch_sf1_single_thread_q21_madracks-mnode5_20260314T231814Z_2017190/runs/duckdb_tpch/chiplet_x7/inst05/run.stderr.log	/home/seunghyun/ycsb/results/chiplet_duckdb_tpch_sf1_single_thread_q21_madracks-mnode5_20260314T231814Z_2017190/runs/duckdb_tpch/chiplet_x7/inst05/perf.stat	/home/seunghyun/ycsb/results/chiplet_duckdb_tpch_sf1_single_thread_q21_madracks-mnode5_20260314T231814Z_2017190/runs/duckdb_tpch/chiplet_x7/inst05/time.txt		/home/seunghyun/ycsb/results/chiplet_duckdb_tpch_sf1_single_thread_q21_madracks-mnode5_20260314T231814Z_2017190/runs/duckdb_tpch/chiplet_x7
2026-03-14T23:18:22Z	madracks-mnode5	amd	duckdb_tpch	analytic	per_instance_external	NO_RETIRED_INST_CYCLES	user	chiplet_x7	84	6	6	6	0	0	1	False				1						Q21	DUCKDB_TPCH	SF1	0.553249247954227	1.80750358667046	queries/s	SUCCESSFUL	1	553208.9379848912	553208.9379848912	553208.9379848912	553208.9379848912	553208.9379848912	553208.9379848912	553208.9379848912	553208.9379848912	1.80750358667046	1724433628	2492564692	4714626099	1116.92	690.0	490.0	100713701	17045334		ok	cpu/event=0xc0,cmask=1,inv=1/		/home/seunghyun/ycsb/.cache/duckdb_tpch/tpch_sf1.duckdb	/home/seunghyun/ycsb/results/chiplet_duckdb_tpch_sf1_single_thread_q21_madracks-mnode5_20260314T231814Z_2017190/runs/duckdb_tpch/chiplet_x7/inst06/load.stdout.log	/home/seunghyun/ycsb/results/chiplet_duckdb_tpch_sf1_single_thread_q21_madracks-mnode5_20260314T231814Z_2017190/runs/duckdb_tpch/chiplet_x7/inst06/load.stderr.log	/home/seunghyun/ycsb/results/chiplet_duckdb_tpch_sf1_single_thread_q21_madracks-mnode5_20260314T231814Z_2017190/runs/duckdb_tpch/chiplet_x7/inst06/run.stdout.log	/home/seunghyun/ycsb/results/chiplet_duckdb_tpch_sf1_single_thread_q21_madracks-mnode5_20260314T231814Z_2017190/runs/duckdb_tpch/chiplet_x7/inst06/run.stderr.log	/home/seunghyun/ycsb/results/chiplet_duckdb_tpch_sf1_single_thread_q21_madracks-mnode5_20260314T231814Z_2017190/runs/duckdb_tpch/chiplet_x7/inst06/perf.stat	/home/seunghyun/ycsb/results/chiplet_duckdb_tpch_sf1_single_thread_q21_madracks-mnode5_20260314T231814Z_2017190/runs/duckdb_tpch/chiplet_x7/inst06/time.txt		/home/seunghyun/ycsb/results/chiplet_duckdb_tpch_sf1_single_thread_q21_madracks-mnode5_20260314T231814Z_2017190/runs/duckdb_tpch/chiplet_x7
2026-03-14T23:18:22Z	madracks-mnode5	amd	duckdb_tpch	analytic	per_instance_external	NO_RETIRED_INST_CYCLES	user	chiplet_x7	84	7	7	7	0	0	1	False				1						Q21	DUCKDB_TPCH	SF1	0.5462931459769607	1.8305190306051797	queries/s	SUCCESSFUL	1	546251.3459497131	546251.3459497131	546251.3459497131	546251.3459497131	546251.3459497131	546251.3459497131	546251.3459497131	546251.3459497131	1.8305190306051797	1692787835	2459959461	4709788075	1101.82	720.0	450.0	100555785	16824389		ok	cpu/event=0xc0,cmask=1,inv=1/		/home/seunghyun/ycsb/.cache/duckdb_tpch/tpch_sf1.duckdb	/home/seunghyun/ycsb/results/chiplet_duckdb_tpch_sf1_single_thread_q21_madracks-mnode5_20260314T231814Z_2017190/runs/duckdb_tpch/chiplet_x7/inst07/load.stdout.log	/home/seunghyun/ycsb/results/chiplet_duckdb_tpch_sf1_single_thread_q21_madracks-mnode5_20260314T231814Z_2017190/runs/duckdb_tpch/chiplet_x7/inst07/load.stderr.log	/home/seunghyun/ycsb/results/chiplet_duckdb_tpch_sf1_single_thread_q21_madracks-mnode5_20260314T231814Z_2017190/runs/duckdb_tpch/chiplet_x7/inst07/run.stdout.log	/home/seunghyun/ycsb/results/chiplet_duckdb_tpch_sf1_single_thread_q21_madracks-mnode5_20260314T231814Z_2017190/runs/duckdb_tpch/chiplet_x7/inst07/run.stderr.log	/home/seunghyun/ycsb/results/chiplet_duckdb_tpch_sf1_single_thread_q21_madracks-mnode5_20260314T231814Z_2017190/runs/duckdb_tpch/chiplet_x7/inst07/perf.stat	/home/seunghyun/ycsb/results/chiplet_duckdb_tpch_sf1_single_thread_q21_madracks-mnode5_20260314T231814Z_2017190/runs/duckdb_tpch/chiplet_x7/inst07/time.txt		/home/seunghyun/ycsb/results/chiplet_duckdb_tpch_sf1_single_thread_q21_madracks-mnode5_20260314T231814Z_2017190/runs/duckdb_tpch/chiplet_x7
2026-03-14T23:18:22Z	madracks-mnode5	amd	duckdb_tpch	analytic	per_instance_external	NO_RETIRED_INST_CYCLES	user	chiplet_x7	84	8	8	8	0	0	1	False				1						Q21	DUCKDB_TPCH	SF1	0.5536965720239095	1.8060433286497182	queries/s	SUCCESSFUL	1	553662.782011088	553662.782011088	553662.782011088	553662.782011088	553662.782011088	553662.782011088	553662.782011088	553662.782011088	1.8060433286497182	1718815503	2487976644	4711143659	1113.66	710.0	450.0	100371873	16760408		ok	cpu/event=0xc0,cmask=1,inv=1/		/home/seunghyun/ycsb/.cache/duckdb_tpch/tpch_sf1.duckdb	/home/seunghyun/ycsb/results/chiplet_duckdb_tpch_sf1_single_thread_q21_madracks-mnode5_20260314T231814Z_2017190/runs/duckdb_tpch/chiplet_x7/inst08/load.stdout.log	/home/seunghyun/ycsb/results/chiplet_duckdb_tpch_sf1_single_thread_q21_madracks-mnode5_20260314T231814Z_2017190/runs/duckdb_tpch/chiplet_x7/inst08/load.stderr.log	/home/seunghyun/ycsb/results/chiplet_duckdb_tpch_sf1_single_thread_q21_madracks-mnode5_20260314T231814Z_2017190/runs/duckdb_tpch/chiplet_x7/inst08/run.stdout.log	/home/seunghyun/ycsb/results/chiplet_duckdb_tpch_sf1_single_thread_q21_madracks-mnode5_20260314T231814Z_2017190/runs/duckdb_tpch/chiplet_x7/inst08/run.stderr.log	/home/seunghyun/ycsb/results/chiplet_duckdb_tpch_sf1_single_thread_q21_madracks-mnode5_20260314T231814Z_2017190/runs/duckdb_tpch/chiplet_x7/inst08/perf.stat	/home/seunghyun/ycsb/results/chiplet_duckdb_tpch_sf1_single_thread_q21_madracks-mnode5_20260314T231814Z_2017190/runs/duckdb_tpch/chiplet_x7/inst08/time.txt		/home/seunghyun/ycsb/results/chiplet_duckdb_tpch_sf1_single_thread_q21_madracks-mnode5_20260314T231814Z_2017190/runs/duckdb_tpch/chiplet_x7
2026-03-14T23:18:22Z	madracks-mnode5	amd	duckdb_tpch	analytic	per_instance_external	NO_RETIRED_INST_CYCLES	user	chiplet_x7	84	9	9	9	0	0	1	False				1						Q21	DUCKDB_TPCH	SF1	0.5488832630217075	1.8218810216489538	queries/s	SUCCESSFUL	1	548850.144026801	548850.144026801	548850.144026801	548850.144026801	548850.144026801	548850.144026801	548850.144026801	548850.144026801	1.8218810216489538	1702349802	2468935995	4711956848	1109.51	740.0	410.0	101152817	16710636		ok	cpu/event=0xc0,cmask=1,inv=1/		/home/seunghyun/ycsb/.cache/duckdb_tpch/tpch_sf1.duckdb	/home/seunghyun/ycsb/results/chiplet_duckdb_tpch_sf1_single_thread_q21_madracks-mnode5_20260314T231814Z_2017190/runs/duckdb_tpch/chiplet_x7/inst09/load.stdout.log	/home/seunghyun/ycsb/results/chiplet_duckdb_tpch_sf1_single_thread_q21_madracks-mnode5_20260314T231814Z_2017190/runs/duckdb_tpch/chiplet_x7/inst09/load.stderr.log	/home/seunghyun/ycsb/results/chiplet_duckdb_tpch_sf1_single_thread_q21_madracks-mnode5_20260314T231814Z_2017190/runs/duckdb_tpch/chiplet_x7/inst09/run.stdout.log	/home/seunghyun/ycsb/results/chiplet_duckdb_tpch_sf1_single_thread_q21_madracks-mnode5_20260314T231814Z_2017190/runs/duckdb_tpch/chiplet_x7/inst09/run.stderr.log	/home/seunghyun/ycsb/results/chiplet_duckdb_tpch_sf1_single_thread_q21_madracks-mnode5_20260314T231814Z_2017190/runs/duckdb_tpch/chiplet_x7/inst09/perf.stat	/home/seunghyun/ycsb/results/chiplet_duckdb_tpch_sf1_single_thread_q21_madracks-mnode5_20260314T231814Z_2017190/runs/duckdb_tpch/chiplet_x7/inst09/time.txt		/home/seunghyun/ycsb/results/chiplet_duckdb_tpch_sf1_single_thread_q21_madracks-mnode5_20260314T231814Z_2017190/runs/duckdb_tpch/chiplet_x7
2026-03-14T23:18:22Z	madracks-mnode5	amd	duckdb_tpch	analytic	per_instance_external	NO_RETIRED_INST_CYCLES	user	chiplet_x7	84	10	10	10	0	0	1	False				1						Q21	DUCKDB_TPCH	SF1	0.5513572319759987	1.8137061454986614	queries/s	SUCCESSFUL	1	551326.701999642	551326.701999642	551326.701999642	551326.701999642	551326.701999642	551326.701999642	551326.701999642	551326.701999642	1.8137061454986614	1734644211	2503755573	4715262760	1121.37	730.0	430.0	100568364	16751702		ok	cpu/event=0xc0,cmask=1,inv=1/		/home/seunghyun/ycsb/.cache/duckdb_tpch/tpch_sf1.duckdb	/home/seunghyun/ycsb/results/chiplet_duckdb_tpch_sf1_single_thread_q21_madracks-mnode5_20260314T231814Z_2017190/runs/duckdb_tpch/chiplet_x7/inst10/load.stdout.log	/home/seunghyun/ycsb/results/chiplet_duckdb_tpch_sf1_single_thread_q21_madracks-mnode5_20260314T231814Z_2017190/runs/duckdb_tpch/chiplet_x7/inst10/load.stderr.log	/home/seunghyun/ycsb/results/chiplet_duckdb_tpch_sf1_single_thread_q21_madracks-mnode5_20260314T231814Z_2017190/runs/duckdb_tpch/chiplet_x7/inst10/run.stdout.log	/home/seunghyun/ycsb/results/chiplet_duckdb_tpch_sf1_single_thread_q21_madracks-mnode5_20260314T231814Z_2017190/runs/duckdb_tpch/chiplet_x7/inst10/run.stderr.log	/home/seunghyun/ycsb/results/chiplet_duckdb_tpch_sf1_single_thread_q21_madracks-mnode5_20260314T231814Z_2017190/runs/duckdb_tpch/chiplet_x7/inst10/perf.stat	/home/seunghyun/ycsb/results/chiplet_duckdb_tpch_sf1_single_thread_q21_madracks-mnode5_20260314T231814Z_2017190/runs/duckdb_tpch/chiplet_x7/inst10/time.txt		/home/seunghyun/ycsb/results/chiplet_duckdb_tpch_sf1_single_thread_q21_madracks-mnode5_20260314T231814Z_2017190/runs/duckdb_tpch/chiplet_x7
2026-03-14T23:18:22Z	madracks-mnode5	amd	duckdb_tpch	analytic	per_instance_external	NO_RETIRED_INST_CYCLES	user	chiplet_x7	84	11	11	11	0	0	1	False				1						Q21	DUCKDB_TPCH	SF1	0.5490706710261293	1.8212591798632272	queries/s	SUCCESSFUL	1	549036.5409641527	549036.5409641527	549036.5409641527	549036.5409641527	549036.5409641527	549036.5409641527	549036.5409641527	549036.5409641527	1.8212591798632272	1707658595	2476159885	4713311194	1109.32	720.0	430.0	100628332	16599614		ok	cpu/event=0xc0,cmask=1,inv=1/		/home/seunghyun/ycsb/.cache/duckdb_tpch/tpch_sf1.duckdb	/home/seunghyun/ycsb/results/chiplet_duckdb_tpch_sf1_single_thread_q21_madracks-mnode5_20260314T231814Z_2017190/runs/duckdb_tpch/chiplet_x7/inst11/load.stdout.log	/home/seunghyun/ycsb/results/chiplet_duckdb_tpch_sf1_single_thread_q21_madracks-mnode5_20260314T231814Z_2017190/runs/duckdb_tpch/chiplet_x7/inst11/load.stderr.log	/home/seunghyun/ycsb/results/chiplet_duckdb_tpch_sf1_single_thread_q21_madracks-mnode5_20260314T231814Z_2017190/runs/duckdb_tpch/chiplet_x7/inst11/run.stdout.log	/home/seunghyun/ycsb/results/chiplet_duckdb_tpch_sf1_single_thread_q21_madracks-mnode5_20260314T231814Z_2017190/runs/duckdb_tpch/chiplet_x7/inst11/run.stderr.log	/home/seunghyun/ycsb/results/chiplet_duckdb_tpch_sf1_single_thread_q21_madracks-mnode5_20260314T231814Z_2017190/runs/duckdb_tpch/chiplet_x7/inst11/perf.stat	/home/seunghyun/ycsb/results/chiplet_duckdb_tpch_sf1_single_thread_q21_madracks-mnode5_20260314T231814Z_2017190/runs/duckdb_tpch/chiplet_x7/inst11/time.txt		/home/seunghyun/ycsb/results/chiplet_duckdb_tpch_sf1_single_thread_q21_madracks-mnode5_20260314T231814Z_2017190/runs/duckdb_tpch/chiplet_x7
2026-03-14T23:18:22Z	madracks-mnode5	amd	duckdb_tpch	analytic	per_instance_external	NO_RETIRED_INST_CYCLES	user	chiplet_x7	84	12	12	12	0	0	1	False				1						Q21	DUCKDB_TPCH	SF1	0.5503780439612456	1.8169329444951736	queries/s	SUCCESSFUL	1	550336.5849726833	550336.5849726833	550336.5849726833	550336.5849726833	550336.5849726833	550336.5849726833	550336.5849726833	550336.5849726833	1.8169329444951736	1794465232	2564104016	4717109428	1149.99	730.0	480.0	101017154	17453320		ok	cpu/event=0xc0,cmask=1,inv=1/		/home/seunghyun/ycsb/.cache/duckdb_tpch/tpch_sf1.duckdb	/home/seunghyun/ycsb/results/chiplet_duckdb_tpch_sf1_single_thread_q21_madracks-mnode5_20260314T231814Z_2017190/runs/duckdb_tpch/chiplet_x7/inst12/load.stdout.log	/home/seunghyun/ycsb/results/chiplet_duckdb_tpch_sf1_single_thread_q21_madracks-mnode5_20260314T231814Z_2017190/runs/duckdb_tpch/chiplet_x7/inst12/load.stderr.log	/home/seunghyun/ycsb/results/chiplet_duckdb_tpch_sf1_single_thread_q21_madracks-mnode5_20260314T231814Z_2017190/runs/duckdb_tpch/chiplet_x7/inst12/run.stdout.log	/home/seunghyun/ycsb/results/chiplet_duckdb_tpch_sf1_single_thread_q21_madracks-mnode5_20260314T231814Z_2017190/runs/duckdb_tpch/chiplet_x7/inst12/run.stderr.log	/home/seunghyun/ycsb/results/chiplet_duckdb_tpch_sf1_single_thread_q21_madracks-mnode5_20260314T231814Z_2017190/runs/duckdb_tpch/chiplet_x7/inst12/perf.stat	/home/seunghyun/ycsb/results/chiplet_duckdb_tpch_sf1_single_thread_q21_madracks-mnode5_20260314T231814Z_2017190/runs/duckdb_tpch/chiplet_x7/inst12/time.txt		/home/seunghyun/ycsb/results/chiplet_duckdb_tpch_sf1_single_thread_q21_madracks-mnode5_20260314T231814Z_2017190/runs/duckdb_tpch/chiplet_x7
2026-03-14T23:18:22Z	madracks-mnode5	amd	duckdb_tpch	analytic	per_instance_external	NO_RETIRED_INST_CYCLES	user	chiplet_x7	84	13	13	13	0	0	1	False				1						Q21	DUCKDB_TPCH	SF1	0.5521701520192437	1.8110359575632204	queries/s	SUCCESSFUL	1	552138.252009172	552138.252009172	552138.252009172	552138.252009172	552138.252009172	552138.252009172	552138.252009172	552138.252009172	1.8110359575632204	1705116537	2472619320	4711116057	1107.6	700.0	440.0	99807052	16605199		ok	cpu/event=0xc0,cmask=1,inv=1/		/home/seunghyun/ycsb/.cache/duckdb_tpch/tpch_sf1.duckdb	/home/seunghyun/ycsb/results/chiplet_duckdb_tpch_sf1_single_thread_q21_madracks-mnode5_20260314T231814Z_2017190/runs/duckdb_tpch/chiplet_x7/inst13/load.stdout.log	/home/seunghyun/ycsb/results/chiplet_duckdb_tpch_sf1_single_thread_q21_madracks-mnode5_20260314T231814Z_2017190/runs/duckdb_tpch/chiplet_x7/inst13/load.stderr.log	/home/seunghyun/ycsb/results/chiplet_duckdb_tpch_sf1_single_thread_q21_madracks-mnode5_20260314T231814Z_2017190/runs/duckdb_tpch/chiplet_x7/inst13/run.stdout.log	/home/seunghyun/ycsb/results/chiplet_duckdb_tpch_sf1_single_thread_q21_madracks-mnode5_20260314T231814Z_2017190/runs/duckdb_tpch/chiplet_x7/inst13/run.stderr.log	/home/seunghyun/ycsb/results/chiplet_duckdb_tpch_sf1_single_thread_q21_madracks-mnode5_20260314T231814Z_2017190/runs/duckdb_tpch/chiplet_x7/inst13/perf.stat	/home/seunghyun/ycsb/results/chiplet_duckdb_tpch_sf1_single_thread_q21_madracks-mnode5_20260314T231814Z_2017190/runs/duckdb_tpch/chiplet_x7/inst13/time.txt		/home/seunghyun/ycsb/results/chiplet_duckdb_tpch_sf1_single_thread_q21_madracks-mnode5_20260314T231814Z_2017190/runs/duckdb_tpch/chiplet_x7
2026-03-14T23:18:22Z	madracks-mnode5	amd	duckdb_tpch	analytic	per_instance_external	NO_RETIRED_INST_CYCLES	user	chiplet_x7	84	14	14	14	0	0	1	False				1						Q21	DUCKDB_TPCH	SF1	0.545997740002349	1.831509412466978	queries/s	SUCCESSFUL	1	545955.6400310248	545955.6400310248	545955.6400310248	545955.6400310248	545955.6400310248	545955.6400310248	545955.6400310248	545955.6400310248	1.831509412466978	1679600280	2447713735	4709971056	1096.58	720.0	440.0	100535200	17021194		ok	cpu/event=0xc0,cmask=1,inv=1/		/home/seunghyun/ycsb/.cache/duckdb_tpch/tpch_sf1.duckdb	/home/seunghyun/ycsb/results/chiplet_duckdb_tpch_sf1_single_thread_q21_madracks-mnode5_20260314T231814Z_2017190/runs/duckdb_tpch/chiplet_x7/inst14/load.stdout.log	/home/seunghyun/ycsb/results/chiplet_duckdb_tpch_sf1_single_thread_q21_madracks-mnode5_20260314T231814Z_2017190/runs/duckdb_tpch/chiplet_x7/inst14/load.stderr.log	/home/seunghyun/ycsb/results/chiplet_duckdb_tpch_sf1_single_thread_q21_madracks-mnode5_20260314T231814Z_2017190/runs/duckdb_tpch/chiplet_x7/inst14/run.stdout.log	/home/seunghyun/ycsb/results/chiplet_duckdb_tpch_sf1_single_thread_q21_madracks-mnode5_20260314T231814Z_2017190/runs/duckdb_tpch/chiplet_x7/inst14/run.stderr.log	/home/seunghyun/ycsb/results/chiplet_duckdb_tpch_sf1_single_thread_q21_madracks-mnode5_20260314T231814Z_2017190/runs/duckdb_tpch/chiplet_x7/inst14/perf.stat	/home/seunghyun/ycsb/results/chiplet_duckdb_tpch_sf1_single_thread_q21_madracks-mnode5_20260314T231814Z_2017190/runs/duckdb_tpch/chiplet_x7/inst14/time.txt		/home/seunghyun/ycsb/results/chiplet_duckdb_tpch_sf1_single_thread_q21_madracks-mnode5_20260314T231814Z_2017190/runs/duckdb_tpch/chiplet_x7
2026-03-14T23:18:22Z	madracks-mnode5	amd	duckdb_tpch	analytic	per_instance_external	NO_RETIRED_INST_CYCLES	user	chiplet_x7	84	15	15	15	0	0	1	False				1						Q21	DUCKDB_TPCH	SF1	0.5483305809902959	1.823717360782578	queries/s	SUCCESSFUL	1	548298.2699759305	548298.2699759305	548298.2699759305	548298.2699759305	548298.2699759305	548298.2699759305	548298.2699759305	548298.2699759305	1.823717360782578	1706653298	2472048455	4712231088	1107.28	720.0	460.0	100886500	16914076		ok	cpu/event=0xc0,cmask=1,inv=1/		/home/seunghyun/ycsb/.cache/duckdb_tpch/tpch_sf1.duckdb	/home/seunghyun/ycsb/results/chiplet_duckdb_tpch_sf1_single_thread_q21_madracks-mnode5_20260314T231814Z_2017190/runs/duckdb_tpch/chiplet_x7/inst15/load.stdout.log	/home/seunghyun/ycsb/results/chiplet_duckdb_tpch_sf1_single_thread_q21_madracks-mnode5_20260314T231814Z_2017190/runs/duckdb_tpch/chiplet_x7/inst15/load.stderr.log	/home/seunghyun/ycsb/results/chiplet_duckdb_tpch_sf1_single_thread_q21_madracks-mnode5_20260314T231814Z_2017190/runs/duckdb_tpch/chiplet_x7/inst15/run.stdout.log	/home/seunghyun/ycsb/results/chiplet_duckdb_tpch_sf1_single_thread_q21_madracks-mnode5_20260314T231814Z_2017190/runs/duckdb_tpch/chiplet_x7/inst15/run.stderr.log	/home/seunghyun/ycsb/results/chiplet_duckdb_tpch_sf1_single_thread_q21_madracks-mnode5_20260314T231814Z_2017190/runs/duckdb_tpch/chiplet_x7/inst15/perf.stat	/home/seunghyun/ycsb/results/chiplet_duckdb_tpch_sf1_single_thread_q21_madracks-mnode5_20260314T231814Z_2017190/runs/duckdb_tpch/chiplet_x7/inst15/time.txt		/home/seunghyun/ycsb/results/chiplet_duckdb_tpch_sf1_single_thread_q21_madracks-mnode5_20260314T231814Z_2017190/runs/duckdb_tpch/chiplet_x7
2026-03-14T23:18:22Z	madracks-mnode5	amd	duckdb_tpch	analytic	per_instance_external	NO_RETIRED_INST_CYCLES	user	chiplet_x7	84	16	16	16	0	0	1	False				1						Q21	DUCKDB_TPCH	SF1	0.5548059170250781	1.8024321106056236	queries/s	SUCCESSFUL	1	554775.2290149219	554775.2290149219	554775.2290149219	554775.2290149219	554775.2290149219	554775.2290149219	554775.2290149219	554775.2290149219	1.8024321106056236	1717124374	2483877424	4712272823	1113.16	710.0	430.0	100901559	16780959		ok	cpu/event=0xc0,cmask=1,inv=1/		/home/seunghyun/ycsb/.cache/duckdb_tpch/tpch_sf1.duckdb	/home/seunghyun/ycsb/results/chiplet_duckdb_tpch_sf1_single_thread_q21_madracks-mnode5_20260314T231814Z_2017190/runs/duckdb_tpch/chiplet_x7/inst16/load.stdout.log	/home/seunghyun/ycsb/results/chiplet_duckdb_tpch_sf1_single_thread_q21_madracks-mnode5_20260314T231814Z_2017190/runs/duckdb_tpch/chiplet_x7/inst16/load.stderr.log	/home/seunghyun/ycsb/results/chiplet_duckdb_tpch_sf1_single_thread_q21_madracks-mnode5_20260314T231814Z_2017190/runs/duckdb_tpch/chiplet_x7/inst16/run.stdout.log	/home/seunghyun/ycsb/results/chiplet_duckdb_tpch_sf1_single_thread_q21_madracks-mnode5_20260314T231814Z_2017190/runs/duckdb_tpch/chiplet_x7/inst16/run.stderr.log	/home/seunghyun/ycsb/results/chiplet_duckdb_tpch_sf1_single_thread_q21_madracks-mnode5_20260314T231814Z_2017190/runs/duckdb_tpch/chiplet_x7/inst16/perf.stat	/home/seunghyun/ycsb/results/chiplet_duckdb_tpch_sf1_single_thread_q21_madracks-mnode5_20260314T231814Z_2017190/runs/duckdb_tpch/chiplet_x7/inst16/time.txt		/home/seunghyun/ycsb/results/chiplet_duckdb_tpch_sf1_single_thread_q21_madracks-mnode5_20260314T231814Z_2017190/runs/duckdb_tpch/chiplet_x7
2026-03-14T23:18:22Z	madracks-mnode5	amd	duckdb_tpch	analytic	per_instance_external	NO_RETIRED_INST_CYCLES	user	chiplet_x7	84	17	17	17	0	0	1	False				1						Q21	DUCKDB_TPCH	SF1	0.5530856400146149	1.8080382632490253	queries/s	SUCCESSFUL	1	553052.689996548	553052.689996548	553052.689996548	553052.689996548	553052.689996548	553052.689996548	553052.689996548	553052.689996548	1.8080382632490253	1720603497	2488633935	4712358775	1114.93	720.0	440.0	100406744	16702788		ok	cpu/event=0xc0,cmask=1,inv=1/		/home/seunghyun/ycsb/.cache/duckdb_tpch/tpch_sf1.duckdb	/home/seunghyun/ycsb/results/chiplet_duckdb_tpch_sf1_single_thread_q21_madracks-mnode5_20260314T231814Z_2017190/runs/duckdb_tpch/chiplet_x7/inst17/load.stdout.log	/home/seunghyun/ycsb/results/chiplet_duckdb_tpch_sf1_single_thread_q21_madracks-mnode5_20260314T231814Z_2017190/runs/duckdb_tpch/chiplet_x7/inst17/load.stderr.log	/home/seunghyun/ycsb/results/chiplet_duckdb_tpch_sf1_single_thread_q21_madracks-mnode5_20260314T231814Z_2017190/runs/duckdb_tpch/chiplet_x7/inst17/run.stdout.log	/home/seunghyun/ycsb/results/chiplet_duckdb_tpch_sf1_single_thread_q21_madracks-mnode5_20260314T231814Z_2017190/runs/duckdb_tpch/chiplet_x7/inst17/run.stderr.log	/home/seunghyun/ycsb/results/chiplet_duckdb_tpch_sf1_single_thread_q21_madracks-mnode5_20260314T231814Z_2017190/runs/duckdb_tpch/chiplet_x7/inst17/perf.stat	/home/seunghyun/ycsb/results/chiplet_duckdb_tpch_sf1_single_thread_q21_madracks-mnode5_20260314T231814Z_2017190/runs/duckdb_tpch/chiplet_x7/inst17/time.txt		/home/seunghyun/ycsb/results/chiplet_duckdb_tpch_sf1_single_thread_q21_madracks-mnode5_20260314T231814Z_2017190/runs/duckdb_tpch/chiplet_x7
2026-03-14T23:18:22Z	madracks-mnode5	amd	duckdb_tpch	analytic	per_instance_external	NO_RETIRED_INST_CYCLES	user	chiplet_x7	84	18	18	18	0	0	1	False				1						Q21	DUCKDB_TPCH	SF1	0.5508365890127607	1.8154204349283596	queries/s	SUCCESSFUL	1	550806.6590409726	550806.6590409726	550806.6590409726	550806.6590409726	550806.6590409726	550806.6590409726	550806.6590409726	550806.6590409726	1.8154204349283596	1690503792	2458580933	4709601147	1102.06	670.0	480.0	100239188	16647707		ok	cpu/event=0xc0,cmask=1,inv=1/		/home/seunghyun/ycsb/.cache/duckdb_tpch/tpch_sf1.duckdb	/home/seunghyun/ycsb/results/chiplet_duckdb_tpch_sf1_single_thread_q21_madracks-mnode5_20260314T231814Z_2017190/runs/duckdb_tpch/chiplet_x7/inst18/load.stdout.log	/home/seunghyun/ycsb/results/chiplet_duckdb_tpch_sf1_single_thread_q21_madracks-mnode5_20260314T231814Z_2017190/runs/duckdb_tpch/chiplet_x7/inst18/load.stderr.log	/home/seunghyun/ycsb/results/chiplet_duckdb_tpch_sf1_single_thread_q21_madracks-mnode5_20260314T231814Z_2017190/runs/duckdb_tpch/chiplet_x7/inst18/run.stdout.log	/home/seunghyun/ycsb/results/chiplet_duckdb_tpch_sf1_single_thread_q21_madracks-mnode5_20260314T231814Z_2017190/runs/duckdb_tpch/chiplet_x7/inst18/run.stderr.log	/home/seunghyun/ycsb/results/chiplet_duckdb_tpch_sf1_single_thread_q21_madracks-mnode5_20260314T231814Z_2017190/runs/duckdb_tpch/chiplet_x7/inst18/perf.stat	/home/seunghyun/ycsb/results/chiplet_duckdb_tpch_sf1_single_thread_q21_madracks-mnode5_20260314T231814Z_2017190/runs/duckdb_tpch/chiplet_x7/inst18/time.txt		/home/seunghyun/ycsb/results/chiplet_duckdb_tpch_sf1_single_thread_q21_madracks-mnode5_20260314T231814Z_2017190/runs/duckdb_tpch/chiplet_x7
2026-03-14T23:18:22Z	madracks-mnode5	amd	duckdb_tpch	analytic	per_instance_external	NO_RETIRED_INST_CYCLES	user	chiplet_x7	84	19	19	19	0	0	1	False				1						Q21	DUCKDB_TPCH	SF1	0.5508355179917999	1.8154239647540062	queries/s	SUCCESSFUL	1	550803.3790392801	550803.3790392801	550803.3790392801	550803.3790392801	550803.3790392801	550803.3790392801	550803.3790392801	550803.3790392801	1.8154239647540062	1686062450	2453025495	4709970048	1099.07	740.0	430.0	100543548	16702287		ok	cpu/event=0xc0,cmask=1,inv=1/		/home/seunghyun/ycsb/.cache/duckdb_tpch/tpch_sf1.duckdb	/home/seunghyun/ycsb/results/chiplet_duckdb_tpch_sf1_single_thread_q21_madracks-mnode5_20260314T231814Z_2017190/runs/duckdb_tpch/chiplet_x7/inst19/load.stdout.log	/home/seunghyun/ycsb/results/chiplet_duckdb_tpch_sf1_single_thread_q21_madracks-mnode5_20260314T231814Z_2017190/runs/duckdb_tpch/chiplet_x7/inst19/load.stderr.log	/home/seunghyun/ycsb/results/chiplet_duckdb_tpch_sf1_single_thread_q21_madracks-mnode5_20260314T231814Z_2017190/runs/duckdb_tpch/chiplet_x7/inst19/run.stdout.log	/home/seunghyun/ycsb/results/chiplet_duckdb_tpch_sf1_single_thread_q21_madracks-mnode5_20260314T231814Z_2017190/runs/duckdb_tpch/chiplet_x7/inst19/run.stderr.log	/home/seunghyun/ycsb/results/chiplet_duckdb_tpch_sf1_single_thread_q21_madracks-mnode5_20260314T231814Z_2017190/runs/duckdb_tpch/chiplet_x7/inst19/perf.stat	/home/seunghyun/ycsb/results/chiplet_duckdb_tpch_sf1_single_thread_q21_madracks-mnode5_20260314T231814Z_2017190/runs/duckdb_tpch/chiplet_x7/inst19/time.txt		/home/seunghyun/ycsb/results/chiplet_duckdb_tpch_sf1_single_thread_q21_madracks-mnode5_20260314T231814Z_2017190/runs/duckdb_tpch/chiplet_x7
2026-03-14T23:18:22Z	madracks-mnode5	amd	duckdb_tpch	analytic	per_instance_external	NO_RETIRED_INST_CYCLES	user	chiplet_x7	84	20	20	20	0	0	1	False				1						Q21	DUCKDB_TPCH	SF1	0.598127598001156	1.6718840651089089	queries/s	SUCCESSFUL	1	598092.7780037746	598092.7780037746	598092.7780037746	598092.7780037746	598092.7780037746	598092.7780037746	598092.7780037746	598092.7780037746	1.6718840651089089	1695264547	2462018667	4711655929	1102.79	770.0	380.0	101285255	16981612		ok	cpu/event=0xc0,cmask=1,inv=1/		/home/seunghyun/ycsb/.cache/duckdb_tpch/tpch_sf1.duckdb	/home/seunghyun/ycsb/results/chiplet_duckdb_tpch_sf1_single_thread_q21_madracks-mnode5_20260314T231814Z_2017190/runs/duckdb_tpch/chiplet_x7/inst20/load.stdout.log	/home/seunghyun/ycsb/results/chiplet_duckdb_tpch_sf1_single_thread_q21_madracks-mnode5_20260314T231814Z_2017190/runs/duckdb_tpch/chiplet_x7/inst20/load.stderr.log	/home/seunghyun/ycsb/results/chiplet_duckdb_tpch_sf1_single_thread_q21_madracks-mnode5_20260314T231814Z_2017190/runs/duckdb_tpch/chiplet_x7/inst20/run.stdout.log	/home/seunghyun/ycsb/results/chiplet_duckdb_tpch_sf1_single_thread_q21_madracks-mnode5_20260314T231814Z_2017190/runs/duckdb_tpch/chiplet_x7/inst20/run.stderr.log	/home/seunghyun/ycsb/results/chiplet_duckdb_tpch_sf1_single_thread_q21_madracks-mnode5_20260314T231814Z_2017190/runs/duckdb_tpch/chiplet_x7/inst20/perf.stat	/home/seunghyun/ycsb/results/chiplet_duckdb_tpch_sf1_single_thread_q21_madracks-mnode5_20260314T231814Z_2017190/runs/duckdb_tpch/chiplet_x7/inst20/time.txt		/home/seunghyun/ycsb/results/chiplet_duckdb_tpch_sf1_single_thread_q21_madracks-mnode5_20260314T231814Z_2017190/runs/duckdb_tpch/chiplet_x7
2026-03-14T23:18:22Z	madracks-mnode5	amd	duckdb_tpch	analytic	per_instance_external	NO_RETIRED_INST_CYCLES	user	chiplet_x7	84	21	21	21	0	0	1	False				1						Q21	DUCKDB_TPCH	SF1	0.5482813009875827	1.8238812780935014	queries/s	SUCCESSFUL	1	548239.2010162584	548239.2010162584	548239.2010162584	548239.2010162584	548239.2010162584	548239.2010162584	548239.2010162584	548239.2010162584	1.8238812780935014	1743558266	2512050224	4713293377	1125.22	720.0	440.0	100120460	16679449		ok	cpu/event=0xc0,cmask=1,inv=1/		/home/seunghyun/ycsb/.cache/duckdb_tpch/tpch_sf1.duckdb	/home/seunghyun/ycsb/results/chiplet_duckdb_tpch_sf1_single_thread_q21_madracks-mnode5_20260314T231814Z_2017190/runs/duckdb_tpch/chiplet_x7/inst21/load.stdout.log	/home/seunghyun/ycsb/results/chiplet_duckdb_tpch_sf1_single_thread_q21_madracks-mnode5_20260314T231814Z_2017190/runs/duckdb_tpch/chiplet_x7/inst21/load.stderr.log	/home/seunghyun/ycsb/results/chiplet_duckdb_tpch_sf1_single_thread_q21_madracks-mnode5_20260314T231814Z_2017190/runs/duckdb_tpch/chiplet_x7/inst21/run.stdout.log	/home/seunghyun/ycsb/results/chiplet_duckdb_tpch_sf1_single_thread_q21_madracks-mnode5_20260314T231814Z_2017190/runs/duckdb_tpch/chiplet_x7/inst21/run.stderr.log	/home/seunghyun/ycsb/results/chiplet_duckdb_tpch_sf1_single_thread_q21_madracks-mnode5_20260314T231814Z_2017190/runs/duckdb_tpch/chiplet_x7/inst21/perf.stat	/home/seunghyun/ycsb/results/chiplet_duckdb_tpch_sf1_single_thread_q21_madracks-mnode5_20260314T231814Z_2017190/runs/duckdb_tpch/chiplet_x7/inst21/time.txt		/home/seunghyun/ycsb/results/chiplet_duckdb_tpch_sf1_single_thread_q21_madracks-mnode5_20260314T231814Z_2017190/runs/duckdb_tpch/chiplet_x7
2026-03-14T23:18:22Z	madracks-mnode5	amd	duckdb_tpch	analytic	per_instance_external	NO_RETIRED_INST_CYCLES	user	chiplet_x7	84	22	22	22	0	0	1	False				1						Q21	DUCKDB_TPCH	SF1	0.5448498539626598	1.8353680242860686	queries/s	SUCCESSFUL	1	544819.2240437493	544819.2240437493	544819.2240437493	544819.2240437493	544819.2240437493	544819.2240437493	544819.2240437493	544819.2240437493	1.8353680242860686	1741672624	2510552320	4714623825	1125.0	670.0	530.0	100812664	16718465		ok	cpu/event=0xc0,cmask=1,inv=1/		/home/seunghyun/ycsb/.cache/duckdb_tpch/tpch_sf1.duckdb	/home/seunghyun/ycsb/results/chiplet_duckdb_tpch_sf1_single_thread_q21_madracks-mnode5_20260314T231814Z_2017190/runs/duckdb_tpch/chiplet_x7/inst22/load.stdout.log	/home/seunghyun/ycsb/results/chiplet_duckdb_tpch_sf1_single_thread_q21_madracks-mnode5_20260314T231814Z_2017190/runs/duckdb_tpch/chiplet_x7/inst22/load.stderr.log	/home/seunghyun/ycsb/results/chiplet_duckdb_tpch_sf1_single_thread_q21_madracks-mnode5_20260314T231814Z_2017190/runs/duckdb_tpch/chiplet_x7/inst22/run.stdout.log	/home/seunghyun/ycsb/results/chiplet_duckdb_tpch_sf1_single_thread_q21_madracks-mnode5_20260314T231814Z_2017190/runs/duckdb_tpch/chiplet_x7/inst22/run.stderr.log	/home/seunghyun/ycsb/results/chiplet_duckdb_tpch_sf1_single_thread_q21_madracks-mnode5_20260314T231814Z_2017190/runs/duckdb_tpch/chiplet_x7/inst22/perf.stat	/home/seunghyun/ycsb/results/chiplet_duckdb_tpch_sf1_single_thread_q21_madracks-mnode5_20260314T231814Z_2017190/runs/duckdb_tpch/chiplet_x7/inst22/time.txt		/home/seunghyun/ycsb/results/chiplet_duckdb_tpch_sf1_single_thread_q21_madracks-mnode5_20260314T231814Z_2017190/runs/duckdb_tpch/chiplet_x7
2026-03-14T23:18:22Z	madracks-mnode5	amd	duckdb_tpch	analytic	per_instance_external	NO_RETIRED_INST_CYCLES	user	chiplet_x7	84	23	23	23	0	0	1	False				1						Q21	DUCKDB_TPCH	SF1	0.543529080983717	1.8398279595088638	queries/s	SUCCESSFUL	1	543499.1609654389	543499.1609654389	543499.1609654389	543499.1609654389	543499.1609654389	543499.1609654389	543499.1609654389	543499.1609654389	1.8398279595088638	1762496912	2531748689	4717308818	1135.5	710.0	490.0	101331546	16679278		ok	cpu/event=0xc0,cmask=1,inv=1/		/home/seunghyun/ycsb/.cache/duckdb_tpch/tpch_sf1.duckdb	/home/seunghyun/ycsb/results/chiplet_duckdb_tpch_sf1_single_thread_q21_madracks-mnode5_20260314T231814Z_2017190/runs/duckdb_tpch/chiplet_x7/inst23/load.stdout.log	/home/seunghyun/ycsb/results/chiplet_duckdb_tpch_sf1_single_thread_q21_madracks-mnode5_20260314T231814Z_2017190/runs/duckdb_tpch/chiplet_x7/inst23/load.stderr.log	/home/seunghyun/ycsb/results/chiplet_duckdb_tpch_sf1_single_thread_q21_madracks-mnode5_20260314T231814Z_2017190/runs/duckdb_tpch/chiplet_x7/inst23/run.stdout.log	/home/seunghyun/ycsb/results/chiplet_duckdb_tpch_sf1_single_thread_q21_madracks-mnode5_20260314T231814Z_2017190/runs/duckdb_tpch/chiplet_x7/inst23/run.stderr.log	/home/seunghyun/ycsb/results/chiplet_duckdb_tpch_sf1_single_thread_q21_madracks-mnode5_20260314T231814Z_2017190/runs/duckdb_tpch/chiplet_x7/inst23/perf.stat	/home/seunghyun/ycsb/results/chiplet_duckdb_tpch_sf1_single_thread_q21_madracks-mnode5_20260314T231814Z_2017190/runs/duckdb_tpch/chiplet_x7/inst23/time.txt		/home/seunghyun/ycsb/results/chiplet_duckdb_tpch_sf1_single_thread_q21_madracks-mnode5_20260314T231814Z_2017190/runs/duckdb_tpch/chiplet_x7
2026-03-14T23:18:22Z	madracks-mnode5	amd	duckdb_tpch	analytic	per_instance_external	NO_RETIRED_INST_CYCLES	user	chiplet_x7	84	24	24	24	0	0	1	False				1						Q21	DUCKDB_TPCH	SF1	0.5526245359797031	1.8095468711449472	queries/s	SUCCESSFUL	1	552590.876002796	552590.876002796	552590.876002796	552590.876002796	552590.876002796	552590.876002796	552590.876002796	552590.876002796	1.8095468711449472	1763149413	2530723136	4715544244	1133.62	670.0	530.0	100769873	16737814		ok	cpu/event=0xc0,cmask=1,inv=1/		/home/seunghyun/ycsb/.cache/duckdb_tpch/tpch_sf1.duckdb	/home/seunghyun/ycsb/results/chiplet_duckdb_tpch_sf1_single_thread_q21_madracks-mnode5_20260314T231814Z_2017190/runs/duckdb_tpch/chiplet_x7/inst24/load.stdout.log	/home/seunghyun/ycsb/results/chiplet_duckdb_tpch_sf1_single_thread_q21_madracks-mnode5_20260314T231814Z_2017190/runs/duckdb_tpch/chiplet_x7/inst24/load.stderr.log	/home/seunghyun/ycsb/results/chiplet_duckdb_tpch_sf1_single_thread_q21_madracks-mnode5_20260314T231814Z_2017190/runs/duckdb_tpch/chiplet_x7/inst24/run.stdout.log	/home/seunghyun/ycsb/results/chiplet_duckdb_tpch_sf1_single_thread_q21_madracks-mnode5_20260314T231814Z_2017190/runs/duckdb_tpch/chiplet_x7/inst24/run.stderr.log	/home/seunghyun/ycsb/results/chiplet_duckdb_tpch_sf1_single_thread_q21_madracks-mnode5_20260314T231814Z_2017190/runs/duckdb_tpch/chiplet_x7/inst24/perf.stat	/home/seunghyun/ycsb/results/chiplet_duckdb_tpch_sf1_single_thread_q21_madracks-mnode5_20260314T231814Z_2017190/runs/duckdb_tpch/chiplet_x7/inst24/time.txt		/home/seunghyun/ycsb/results/chiplet_duckdb_tpch_sf1_single_thread_q21_madracks-mnode5_20260314T231814Z_2017190/runs/duckdb_tpch/chiplet_x7
2026-03-14T23:18:22Z	madracks-mnode5	amd	duckdb_tpch	analytic	per_instance_external	NO_RETIRED_INST_CYCLES	user	chiplet_x7	84	25	25	25	0	0	1	False				1						Q21	DUCKDB_TPCH	SF1	0.5456635350128636	1.8326311652407299	queries/s	SUCCESSFUL	1	545633.1050372683	545633.1050372683	545633.1050372683	545633.1050372683	545633.1050372683	545633.1050372683	545633.1050372683	545633.1050372683	1.8326311652407299	1737713722	2506520523	4714304602	1123.14	700.0	480.0	100698381	16666781		ok	cpu/event=0xc0,cmask=1,inv=1/		/home/seunghyun/ycsb/.cache/duckdb_tpch/tpch_sf1.duckdb	/home/seunghyun/ycsb/results/chiplet_duckdb_tpch_sf1_single_thread_q21_madracks-mnode5_20260314T231814Z_2017190/runs/duckdb_tpch/chiplet_x7/inst25/load.stdout.log	/home/seunghyun/ycsb/results/chiplet_duckdb_tpch_sf1_single_thread_q21_madracks-mnode5_20260314T231814Z_2017190/runs/duckdb_tpch/chiplet_x7/inst25/load.stderr.log	/home/seunghyun/ycsb/results/chiplet_duckdb_tpch_sf1_single_thread_q21_madracks-mnode5_20260314T231814Z_2017190/runs/duckdb_tpch/chiplet_x7/inst25/run.stdout.log	/home/seunghyun/ycsb/results/chiplet_duckdb_tpch_sf1_single_thread_q21_madracks-mnode5_20260314T231814Z_2017190/runs/duckdb_tpch/chiplet_x7/inst25/run.stderr.log	/home/seunghyun/ycsb/results/chiplet_duckdb_tpch_sf1_single_thread_q21_madracks-mnode5_20260314T231814Z_2017190/runs/duckdb_tpch/chiplet_x7/inst25/perf.stat	/home/seunghyun/ycsb/results/chiplet_duckdb_tpch_sf1_single_thread_q21_madracks-mnode5_20260314T231814Z_2017190/runs/duckdb_tpch/chiplet_x7/inst25/time.txt		/home/seunghyun/ycsb/results/chiplet_duckdb_tpch_sf1_single_thread_q21_madracks-mnode5_20260314T231814Z_2017190/runs/duckdb_tpch/chiplet_x7
2026-03-14T23:18:22Z	madracks-mnode5	amd	duckdb_tpch	analytic	per_instance_external	NO_RETIRED_INST_CYCLES	user	chiplet_x7	84	26	26	26	0	0	1	False				1						Q21	DUCKDB_TPCH	SF1	0.5531060000066645	1.807971708836915	queries/s	SUCCESSFUL	1	553076.0900001042	553076.0900001042	553076.0900001042	553076.0900001042	553076.0900001042	553076.0900001042	553076.0900001042	553076.0900001042	1.807971708836915	1753067091	2521821175	4715280828	1129.98	730.0	470.0	100651876	16684053		ok	cpu/event=0xc0,cmask=1,inv=1/		/home/seunghyun/ycsb/.cache/duckdb_tpch/tpch_sf1.duckdb	/home/seunghyun/ycsb/results/chiplet_duckdb_tpch_sf1_single_thread_q21_madracks-mnode5_20260314T231814Z_2017190/runs/duckdb_tpch/chiplet_x7/inst26/load.stdout.log	/home/seunghyun/ycsb/results/chiplet_duckdb_tpch_sf1_single_thread_q21_madracks-mnode5_20260314T231814Z_2017190/runs/duckdb_tpch/chiplet_x7/inst26/load.stderr.log	/home/seunghyun/ycsb/results/chiplet_duckdb_tpch_sf1_single_thread_q21_madracks-mnode5_20260314T231814Z_2017190/runs/duckdb_tpch/chiplet_x7/inst26/run.stdout.log	/home/seunghyun/ycsb/results/chiplet_duckdb_tpch_sf1_single_thread_q21_madracks-mnode5_20260314T231814Z_2017190/runs/duckdb_tpch/chiplet_x7/inst26/run.stderr.log	/home/seunghyun/ycsb/results/chiplet_duckdb_tpch_sf1_single_thread_q21_madracks-mnode5_20260314T231814Z_2017190/runs/duckdb_tpch/chiplet_x7/inst26/perf.stat	/home/seunghyun/ycsb/results/chiplet_duckdb_tpch_sf1_single_thread_q21_madracks-mnode5_20260314T231814Z_2017190/runs/duckdb_tpch/chiplet_x7/inst26/time.txt		/home/seunghyun/ycsb/results/chiplet_duckdb_tpch_sf1_single_thread_q21_madracks-mnode5_20260314T231814Z_2017190/runs/duckdb_tpch/chiplet_x7
2026-03-14T23:18:22Z	madracks-mnode5	amd	duckdb_tpch	analytic	per_instance_external	NO_RETIRED_INST_CYCLES	user	chiplet_x7	84	27	27	27	0	0	1	False				1						Q21	DUCKDB_TPCH	SF1	0.5526258960017003	1.8095424178184427	queries/s	SUCCESSFUL	1	552591.4159952663	552591.4159952663	552591.4159952663	552591.4159952663	552591.4159952663	552591.4159952663	552591.4159952663	552591.4159952663	1.8095424178184427	1746092010	2515498909	4717598983	1127.66	710.0	480.0	100752634	16843439		ok	cpu/event=0xc0,cmask=1,inv=1/		/home/seunghyun/ycsb/.cache/duckdb_tpch/tpch_sf1.duckdb	/home/seunghyun/ycsb/results/chiplet_duckdb_tpch_sf1_single_thread_q21_madracks-mnode5_20260314T231814Z_2017190/runs/duckdb_tpch/chiplet_x7/inst27/load.stdout.log	/home/seunghyun/ycsb/results/chiplet_duckdb_tpch_sf1_single_thread_q21_madracks-mnode5_20260314T231814Z_2017190/runs/duckdb_tpch/chiplet_x7/inst27/load.stderr.log	/home/seunghyun/ycsb/results/chiplet_duckdb_tpch_sf1_single_thread_q21_madracks-mnode5_20260314T231814Z_2017190/runs/duckdb_tpch/chiplet_x7/inst27/run.stdout.log	/home/seunghyun/ycsb/results/chiplet_duckdb_tpch_sf1_single_thread_q21_madracks-mnode5_20260314T231814Z_2017190/runs/duckdb_tpch/chiplet_x7/inst27/run.stderr.log	/home/seunghyun/ycsb/results/chiplet_duckdb_tpch_sf1_single_thread_q21_madracks-mnode5_20260314T231814Z_2017190/runs/duckdb_tpch/chiplet_x7/inst27/perf.stat	/home/seunghyun/ycsb/results/chiplet_duckdb_tpch_sf1_single_thread_q21_madracks-mnode5_20260314T231814Z_2017190/runs/duckdb_tpch/chiplet_x7/inst27/time.txt		/home/seunghyun/ycsb/results/chiplet_duckdb_tpch_sf1_single_thread_q21_madracks-mnode5_20260314T231814Z_2017190/runs/duckdb_tpch/chiplet_x7
2026-03-14T23:18:22Z	madracks-mnode5	amd	duckdb_tpch	analytic	per_instance_external	NO_RETIRED_INST_CYCLES	user	chiplet_x7	84	28	28	28	0	0	1	False				1						Q21	DUCKDB_TPCH	SF1	0.5487688849680126	1.8222607501850063	queries/s	SUCCESSFUL	1	548725.9959918447	548725.9959918447	548725.9959918447	548725.9959918447	548725.9959918447	548725.9959918447	548725.9959918447	548725.9959918447	1.8222607501850063	1742371340	2512656799	4714027452	1126.4	730.0	460.0	100346826	16668659		ok	cpu/event=0xc0,cmask=1,inv=1/		/home/seunghyun/ycsb/.cache/duckdb_tpch/tpch_sf1.duckdb	/home/seunghyun/ycsb/results/chiplet_duckdb_tpch_sf1_single_thread_q21_madracks-mnode5_20260314T231814Z_2017190/runs/duckdb_tpch/chiplet_x7/inst28/load.stdout.log	/home/seunghyun/ycsb/results/chiplet_duckdb_tpch_sf1_single_thread_q21_madracks-mnode5_20260314T231814Z_2017190/runs/duckdb_tpch/chiplet_x7/inst28/load.stderr.log	/home/seunghyun/ycsb/results/chiplet_duckdb_tpch_sf1_single_thread_q21_madracks-mnode5_20260314T231814Z_2017190/runs/duckdb_tpch/chiplet_x7/inst28/run.stdout.log	/home/seunghyun/ycsb/results/chiplet_duckdb_tpch_sf1_single_thread_q21_madracks-mnode5_20260314T231814Z_2017190/runs/duckdb_tpch/chiplet_x7/inst28/run.stderr.log	/home/seunghyun/ycsb/results/chiplet_duckdb_tpch_sf1_single_thread_q21_madracks-mnode5_20260314T231814Z_2017190/runs/duckdb_tpch/chiplet_x7/inst28/perf.stat	/home/seunghyun/ycsb/results/chiplet_duckdb_tpch_sf1_single_thread_q21_madracks-mnode5_20260314T231814Z_2017190/runs/duckdb_tpch/chiplet_x7/inst28/time.txt		/home/seunghyun/ycsb/results/chiplet_duckdb_tpch_sf1_single_thread_q21_madracks-mnode5_20260314T231814Z_2017190/runs/duckdb_tpch/chiplet_x7
2026-03-14T23:18:22Z	madracks-mnode5	amd	duckdb_tpch	analytic	per_instance_external	NO_RETIRED_INST_CYCLES	user	chiplet_x7	84	29	29	29	0	0	1	False				1						Q21	DUCKDB_TPCH	SF1	0.5482835110160522	1.8238739263685841	queries/s	SUCCESSFUL	1	548250.2119848505	548250.2119848505	548250.2119848505	548250.2119848505	548250.2119848505	548250.2119848505	548250.2119848505	548250.2119848505	1.8238739263685841	1748226976	2518263725	4716575557	1129.21	730.0	460.0	101116446	16713053		ok	cpu/event=0xc0,cmask=1,inv=1/		/home/seunghyun/ycsb/.cache/duckdb_tpch/tpch_sf1.duckdb	/home/seunghyun/ycsb/results/chiplet_duckdb_tpch_sf1_single_thread_q21_madracks-mnode5_20260314T231814Z_2017190/runs/duckdb_tpch/chiplet_x7/inst29/load.stdout.log	/home/seunghyun/ycsb/results/chiplet_duckdb_tpch_sf1_single_thread_q21_madracks-mnode5_20260314T231814Z_2017190/runs/duckdb_tpch/chiplet_x7/inst29/load.stderr.log	/home/seunghyun/ycsb/results/chiplet_duckdb_tpch_sf1_single_thread_q21_madracks-mnode5_20260314T231814Z_2017190/runs/duckdb_tpch/chiplet_x7/inst29/run.stdout.log	/home/seunghyun/ycsb/results/chiplet_duckdb_tpch_sf1_single_thread_q21_madracks-mnode5_20260314T231814Z_2017190/runs/duckdb_tpch/chiplet_x7/inst29/run.stderr.log	/home/seunghyun/ycsb/results/chiplet_duckdb_tpch_sf1_single_thread_q21_madracks-mnode5_20260314T231814Z_2017190/runs/duckdb_tpch/chiplet_x7/inst29/perf.stat	/home/seunghyun/ycsb/results/chiplet_duckdb_tpch_sf1_single_thread_q21_madracks-mnode5_20260314T231814Z_2017190/runs/duckdb_tpch/chiplet_x7/inst29/time.txt		/home/seunghyun/ycsb/results/chiplet_duckdb_tpch_sf1_single_thread_q21_madracks-mnode5_20260314T231814Z_2017190/runs/duckdb_tpch/chiplet_x7
2026-03-14T23:18:22Z	madracks-mnode5	amd	duckdb_tpch	analytic	per_instance_external	NO_RETIRED_INST_CYCLES	user	chiplet_x7	84	30	30	30	0	0	1	False				1						Q21	DUCKDB_TPCH	SF1	0.5474969110218808	1.8264943232894968	queries/s	SUCCESSFUL	1	547458.8709766977	547458.8709766977	547458.8709766977	547458.8709766977	547458.8709766977	547458.8709766977	547458.8709766977	547458.8709766977	1.8264943232894968	1746630811	2520665775	4715102304	1129.24	700.0	460.0	100659659	16826634		ok	cpu/event=0xc0,cmask=1,inv=1/		/home/seunghyun/ycsb/.cache/duckdb_tpch/tpch_sf1.duckdb	/home/seunghyun/ycsb/results/chiplet_duckdb_tpch_sf1_single_thread_q21_madracks-mnode5_20260314T231814Z_2017190/runs/duckdb_tpch/chiplet_x7/inst30/load.stdout.log	/home/seunghyun/ycsb/results/chiplet_duckdb_tpch_sf1_single_thread_q21_madracks-mnode5_20260314T231814Z_2017190/runs/duckdb_tpch/chiplet_x7/inst30/load.stderr.log	/home/seunghyun/ycsb/results/chiplet_duckdb_tpch_sf1_single_thread_q21_madracks-mnode5_20260314T231814Z_2017190/runs/duckdb_tpch/chiplet_x7/inst30/run.stdout.log	/home/seunghyun/ycsb/results/chiplet_duckdb_tpch_sf1_single_thread_q21_madracks-mnode5_20260314T231814Z_2017190/runs/duckdb_tpch/chiplet_x7/inst30/run.stderr.log	/home/seunghyun/ycsb/results/chiplet_duckdb_tpch_sf1_single_thread_q21_madracks-mnode5_20260314T231814Z_2017190/runs/duckdb_tpch/chiplet_x7/inst30/perf.stat	/home/seunghyun/ycsb/results/chiplet_duckdb_tpch_sf1_single_thread_q21_madracks-mnode5_20260314T231814Z_2017190/runs/duckdb_tpch/chiplet_x7/inst30/time.txt		/home/seunghyun/ycsb/results/chiplet_duckdb_tpch_sf1_single_thread_q21_madracks-mnode5_20260314T231814Z_2017190/runs/duckdb_tpch/chiplet_x7
2026-03-14T23:18:22Z	madracks-mnode5	amd	duckdb_tpch	analytic	per_instance_external	NO_RETIRED_INST_CYCLES	user	chiplet_x7	84	31	31	31	0	0	1	False				1						Q21	DUCKDB_TPCH	SF1	0.54954604501836	1.8196837354485749	queries/s	SUCCESSFUL	1	549513.6749814264	549513.6749814264	549513.6749814264	549513.6749814264	549513.6749814264	549513.6749814264	549513.6749814264	549513.6749814264	1.8196837354485749	1757069722	2527140607	4717001352	1133.06	690.0	510.0	100593256	16850908		ok	cpu/event=0xc0,cmask=1,inv=1/		/home/seunghyun/ycsb/.cache/duckdb_tpch/tpch_sf1.duckdb	/home/seunghyun/ycsb/results/chiplet_duckdb_tpch_sf1_single_thread_q21_madracks-mnode5_20260314T231814Z_2017190/runs/duckdb_tpch/chiplet_x7/inst31/load.stdout.log	/home/seunghyun/ycsb/results/chiplet_duckdb_tpch_sf1_single_thread_q21_madracks-mnode5_20260314T231814Z_2017190/runs/duckdb_tpch/chiplet_x7/inst31/load.stderr.log	/home/seunghyun/ycsb/results/chiplet_duckdb_tpch_sf1_single_thread_q21_madracks-mnode5_20260314T231814Z_2017190/runs/duckdb_tpch/chiplet_x7/inst31/run.stdout.log	/home/seunghyun/ycsb/results/chiplet_duckdb_tpch_sf1_single_thread_q21_madracks-mnode5_20260314T231814Z_2017190/runs/duckdb_tpch/chiplet_x7/inst31/run.stderr.log	/home/seunghyun/ycsb/results/chiplet_duckdb_tpch_sf1_single_thread_q21_madracks-mnode5_20260314T231814Z_2017190/runs/duckdb_tpch/chiplet_x7/inst31/perf.stat	/home/seunghyun/ycsb/results/chiplet_duckdb_tpch_sf1_single_thread_q21_madracks-mnode5_20260314T231814Z_2017190/runs/duckdb_tpch/chiplet_x7/inst31/time.txt		/home/seunghyun/ycsb/results/chiplet_duckdb_tpch_sf1_single_thread_q21_madracks-mnode5_20260314T231814Z_2017190/runs/duckdb_tpch/chiplet_x7
2026-03-14T23:18:22Z	madracks-mnode5	amd	duckdb_tpch	analytic	per_instance_external	NO_RETIRED_INST_CYCLES	user	chiplet_x7	84	32	32	32	0	0	1	False				1						Q21	DUCKDB_TPCH	SF1	0.5468440190306865	1.828675024685393	queries/s	SUCCESSFUL	1	546811.9289726019	546811.9289726019	546811.9289726019	546811.9289726019	546811.9289726019	546811.9289726019	546811.9289726019	546811.9289726019	1.828675024685393	1747348560	2515435180	4714385211	1127.0	710.0	470.0	100850967	16652212		ok	cpu/event=0xc0,cmask=1,inv=1/		/home/seunghyun/ycsb/.cache/duckdb_tpch/tpch_sf1.duckdb	/home/seunghyun/ycsb/results/chiplet_duckdb_tpch_sf1_single_thread_q21_madracks-mnode5_20260314T231814Z_2017190/runs/duckdb_tpch/chiplet_x7/inst32/load.stdout.log	/home/seunghyun/ycsb/results/chiplet_duckdb_tpch_sf1_single_thread_q21_madracks-mnode5_20260314T231814Z_2017190/runs/duckdb_tpch/chiplet_x7/inst32/load.stderr.log	/home/seunghyun/ycsb/results/chiplet_duckdb_tpch_sf1_single_thread_q21_madracks-mnode5_20260314T231814Z_2017190/runs/duckdb_tpch/chiplet_x7/inst32/run.stdout.log	/home/seunghyun/ycsb/results/chiplet_duckdb_tpch_sf1_single_thread_q21_madracks-mnode5_20260314T231814Z_2017190/runs/duckdb_tpch/chiplet_x7/inst32/run.stderr.log	/home/seunghyun/ycsb/results/chiplet_duckdb_tpch_sf1_single_thread_q21_madracks-mnode5_20260314T231814Z_2017190/runs/duckdb_tpch/chiplet_x7/inst32/perf.stat	/home/seunghyun/ycsb/results/chiplet_duckdb_tpch_sf1_single_thread_q21_madracks-mnode5_20260314T231814Z_2017190/runs/duckdb_tpch/chiplet_x7/inst32/time.txt		/home/seunghyun/ycsb/results/chiplet_duckdb_tpch_sf1_single_thread_q21_madracks-mnode5_20260314T231814Z_2017190/runs/duckdb_tpch/chiplet_x7
2026-03-14T23:18:22Z	madracks-mnode5	amd	duckdb_tpch	analytic	per_instance_external	NO_RETIRED_INST_CYCLES	user	chiplet_x7	84	33	33	33	0	0	1	False				1						Q21	DUCKDB_TPCH	SF1	0.550729889946524	1.815772156650332	queries/s	SUCCESSFUL	1	550696.9399866648	550696.9399866648	550696.9399866648	550696.9399866648	550696.9399866648	550696.9399866648	550696.9399866648	550696.9399866648	1.815772156650332	1756987063	2526060853	4716558293	1132.29	700.0	470.0	100812494	16883174		ok	cpu/event=0xc0,cmask=1,inv=1/		/home/seunghyun/ycsb/.cache/duckdb_tpch/tpch_sf1.duckdb	/home/seunghyun/ycsb/results/chiplet_duckdb_tpch_sf1_single_thread_q21_madracks-mnode5_20260314T231814Z_2017190/runs/duckdb_tpch/chiplet_x7/inst33/load.stdout.log	/home/seunghyun/ycsb/results/chiplet_duckdb_tpch_sf1_single_thread_q21_madracks-mnode5_20260314T231814Z_2017190/runs/duckdb_tpch/chiplet_x7/inst33/load.stderr.log	/home/seunghyun/ycsb/results/chiplet_duckdb_tpch_sf1_single_thread_q21_madracks-mnode5_20260314T231814Z_2017190/runs/duckdb_tpch/chiplet_x7/inst33/run.stdout.log	/home/seunghyun/ycsb/results/chiplet_duckdb_tpch_sf1_single_thread_q21_madracks-mnode5_20260314T231814Z_2017190/runs/duckdb_tpch/chiplet_x7/inst33/run.stderr.log	/home/seunghyun/ycsb/results/chiplet_duckdb_tpch_sf1_single_thread_q21_madracks-mnode5_20260314T231814Z_2017190/runs/duckdb_tpch/chiplet_x7/inst33/perf.stat	/home/seunghyun/ycsb/results/chiplet_duckdb_tpch_sf1_single_thread_q21_madracks-mnode5_20260314T231814Z_2017190/runs/duckdb_tpch/chiplet_x7/inst33/time.txt		/home/seunghyun/ycsb/results/chiplet_duckdb_tpch_sf1_single_thread_q21_madracks-mnode5_20260314T231814Z_2017190/runs/duckdb_tpch/chiplet_x7
2026-03-14T23:18:22Z	madracks-mnode5	amd	duckdb_tpch	analytic	per_instance_external	NO_RETIRED_INST_CYCLES	user	chiplet_x7	84	34	34	34	0	0	1	False				1						Q21	DUCKDB_TPCH	SF1	0.5497824810445309	1.8189011736061533	queries/s	SUCCESSFUL	1	549752.063001506	549752.063001506	549752.063001506	549752.063001506	549752.063001506	549752.063001506	549752.063001506	549752.063001506	1.8189011736061533	1749048705	2519126977	4717494916	1129.42	720.0	450.0	100608118	16809566		ok	cpu/event=0xc0,cmask=1,inv=1/		/home/seunghyun/ycsb/.cache/duckdb_tpch/tpch_sf1.duckdb	/home/seunghyun/ycsb/results/chiplet_duckdb_tpch_sf1_single_thread_q21_madracks-mnode5_20260314T231814Z_2017190/runs/duckdb_tpch/chiplet_x7/inst34/load.stdout.log	/home/seunghyun/ycsb/results/chiplet_duckdb_tpch_sf1_single_thread_q21_madracks-mnode5_20260314T231814Z_2017190/runs/duckdb_tpch/chiplet_x7/inst34/load.stderr.log	/home/seunghyun/ycsb/results/chiplet_duckdb_tpch_sf1_single_thread_q21_madracks-mnode5_20260314T231814Z_2017190/runs/duckdb_tpch/chiplet_x7/inst34/run.stdout.log	/home/seunghyun/ycsb/results/chiplet_duckdb_tpch_sf1_single_thread_q21_madracks-mnode5_20260314T231814Z_2017190/runs/duckdb_tpch/chiplet_x7/inst34/run.stderr.log	/home/seunghyun/ycsb/results/chiplet_duckdb_tpch_sf1_single_thread_q21_madracks-mnode5_20260314T231814Z_2017190/runs/duckdb_tpch/chiplet_x7/inst34/perf.stat	/home/seunghyun/ycsb/results/chiplet_duckdb_tpch_sf1_single_thread_q21_madracks-mnode5_20260314T231814Z_2017190/runs/duckdb_tpch/chiplet_x7/inst34/time.txt		/home/seunghyun/ycsb/results/chiplet_duckdb_tpch_sf1_single_thread_q21_madracks-mnode5_20260314T231814Z_2017190/runs/duckdb_tpch/chiplet_x7
2026-03-14T23:18:22Z	madracks-mnode5	amd	duckdb_tpch	analytic	per_instance_external	NO_RETIRED_INST_CYCLES	user	chiplet_x7	84	35	35	35	0	0	1	False				1						Q21	DUCKDB_TPCH	SF1	0.5570030000526458	1.7953224666751952	queries/s	SUCCESSFUL	1	556969.6400198154	556969.6400198154	556969.6400198154	556969.6400198154	556969.6400198154	556969.6400198154	556969.6400198154	556969.6400198154	1.7953224666751952	1748163316	2516096408	4714889053	1128.24	720.0	480.0	101573411	16793499		ok	cpu/event=0xc0,cmask=1,inv=1/		/home/seunghyun/ycsb/.cache/duckdb_tpch/tpch_sf1.duckdb	/home/seunghyun/ycsb/results/chiplet_duckdb_tpch_sf1_single_thread_q21_madracks-mnode5_20260314T231814Z_2017190/runs/duckdb_tpch/chiplet_x7/inst35/load.stdout.log	/home/seunghyun/ycsb/results/chiplet_duckdb_tpch_sf1_single_thread_q21_madracks-mnode5_20260314T231814Z_2017190/runs/duckdb_tpch/chiplet_x7/inst35/load.stderr.log	/home/seunghyun/ycsb/results/chiplet_duckdb_tpch_sf1_single_thread_q21_madracks-mnode5_20260314T231814Z_2017190/runs/duckdb_tpch/chiplet_x7/inst35/run.stdout.log	/home/seunghyun/ycsb/results/chiplet_duckdb_tpch_sf1_single_thread_q21_madracks-mnode5_20260314T231814Z_2017190/runs/duckdb_tpch/chiplet_x7/inst35/run.stderr.log	/home/seunghyun/ycsb/results/chiplet_duckdb_tpch_sf1_single_thread_q21_madracks-mnode5_20260314T231814Z_2017190/runs/duckdb_tpch/chiplet_x7/inst35/perf.stat	/home/seunghyun/ycsb/results/chiplet_duckdb_tpch_sf1_single_thread_q21_madracks-mnode5_20260314T231814Z_2017190/runs/duckdb_tpch/chiplet_x7/inst35/time.txt		/home/seunghyun/ycsb/results/chiplet_duckdb_tpch_sf1_single_thread_q21_madracks-mnode5_20260314T231814Z_2017190/runs/duckdb_tpch/chiplet_x7
2026-03-14T23:18:22Z	madracks-mnode5	amd	duckdb_tpch	analytic	per_instance_external	NO_RETIRED_INST_CYCLES	user	chiplet_x7	84	36	36	36	0	0	1	False				1						Q21	DUCKDB_TPCH	SF1	0.5514533409732394	1.8133900471708764	queries/s	SUCCESSFUL	1	551419.9109748006	551419.9109748006	551419.9109748006	551419.9109748006	551419.9109748006	551419.9109748006	551419.9109748006	551419.9109748006	1.8133900471708764	1732250594	2501012369	4713067097	1120.54	720.0	430.0	100460147	16824811		ok	cpu/event=0xc0,cmask=1,inv=1/		/home/seunghyun/ycsb/.cache/duckdb_tpch/tpch_sf1.duckdb	/home/seunghyun/ycsb/results/chiplet_duckdb_tpch_sf1_single_thread_q21_madracks-mnode5_20260314T231814Z_2017190/runs/duckdb_tpch/chiplet_x7/inst36/load.stdout.log	/home/seunghyun/ycsb/results/chiplet_duckdb_tpch_sf1_single_thread_q21_madracks-mnode5_20260314T231814Z_2017190/runs/duckdb_tpch/chiplet_x7/inst36/load.stderr.log	/home/seunghyun/ycsb/results/chiplet_duckdb_tpch_sf1_single_thread_q21_madracks-mnode5_20260314T231814Z_2017190/runs/duckdb_tpch/chiplet_x7/inst36/run.stdout.log	/home/seunghyun/ycsb/results/chiplet_duckdb_tpch_sf1_single_thread_q21_madracks-mnode5_20260314T231814Z_2017190/runs/duckdb_tpch/chiplet_x7/inst36/run.stderr.log	/home/seunghyun/ycsb/results/chiplet_duckdb_tpch_sf1_single_thread_q21_madracks-mnode5_20260314T231814Z_2017190/runs/duckdb_tpch/chiplet_x7/inst36/perf.stat	/home/seunghyun/ycsb/results/chiplet_duckdb_tpch_sf1_single_thread_q21_madracks-mnode5_20260314T231814Z_2017190/runs/duckdb_tpch/chiplet_x7/inst36/time.txt		/home/seunghyun/ycsb/results/chiplet_duckdb_tpch_sf1_single_thread_q21_madracks-mnode5_20260314T231814Z_2017190/runs/duckdb_tpch/chiplet_x7
2026-03-14T23:18:22Z	madracks-mnode5	amd	duckdb_tpch	analytic	per_instance_external	NO_RETIRED_INST_CYCLES	user	chiplet_x7	84	37	37	37	0	0	1	False				1						Q21	DUCKDB_TPCH	SF1	0.5610524980002083	1.7823644018418197	queries/s	SUCCESSFUL	1	561015.1389846578	561015.1389846578	561015.1389846578	561015.1389846578	561015.1389846578	561015.1389846578	561015.1389846578	561015.1389846578	1.7823644018418197	1736211343	2503150943	4714060160	1122.37	700.0	460.0	99727430	16730397		ok	cpu/event=0xc0,cmask=1,inv=1/		/home/seunghyun/ycsb/.cache/duckdb_tpch/tpch_sf1.duckdb	/home/seunghyun/ycsb/results/chiplet_duckdb_tpch_sf1_single_thread_q21_madracks-mnode5_20260314T231814Z_2017190/runs/duckdb_tpch/chiplet_x7/inst37/load.stdout.log	/home/seunghyun/ycsb/results/chiplet_duckdb_tpch_sf1_single_thread_q21_madracks-mnode5_20260314T231814Z_2017190/runs/duckdb_tpch/chiplet_x7/inst37/load.stderr.log	/home/seunghyun/ycsb/results/chiplet_duckdb_tpch_sf1_single_thread_q21_madracks-mnode5_20260314T231814Z_2017190/runs/duckdb_tpch/chiplet_x7/inst37/run.stdout.log	/home/seunghyun/ycsb/results/chiplet_duckdb_tpch_sf1_single_thread_q21_madracks-mnode5_20260314T231814Z_2017190/runs/duckdb_tpch/chiplet_x7/inst37/run.stderr.log	/home/seunghyun/ycsb/results/chiplet_duckdb_tpch_sf1_single_thread_q21_madracks-mnode5_20260314T231814Z_2017190/runs/duckdb_tpch/chiplet_x7/inst37/perf.stat	/home/seunghyun/ycsb/results/chiplet_duckdb_tpch_sf1_single_thread_q21_madracks-mnode5_20260314T231814Z_2017190/runs/duckdb_tpch/chiplet_x7/inst37/time.txt		/home/seunghyun/ycsb/results/chiplet_duckdb_tpch_sf1_single_thread_q21_madracks-mnode5_20260314T231814Z_2017190/runs/duckdb_tpch/chiplet_x7
2026-03-14T23:18:22Z	madracks-mnode5	amd	duckdb_tpch	analytic	per_instance_external	NO_RETIRED_INST_CYCLES	user	chiplet_x7	84	38	38	38	0	0	1	False				1						Q21	DUCKDB_TPCH	SF1	0.558300792996306	1.7911491664433594	queries/s	SUCCESSFUL	1	558268.663007766	558268.663007766	558268.663007766	558268.663007766	558268.663007766	558268.663007766	558268.663007766	558268.663007766	1.7911491664433594	1722896657	2490337851	4712155101	1117.93	700.0	470.0	100447915	16620016		ok	cpu/event=0xc0,cmask=1,inv=1/		/home/seunghyun/ycsb/.cache/duckdb_tpch/tpch_sf1.duckdb	/home/seunghyun/ycsb/results/chiplet_duckdb_tpch_sf1_single_thread_q21_madracks-mnode5_20260314T231814Z_2017190/runs/duckdb_tpch/chiplet_x7/inst38/load.stdout.log	/home/seunghyun/ycsb/results/chiplet_duckdb_tpch_sf1_single_thread_q21_madracks-mnode5_20260314T231814Z_2017190/runs/duckdb_tpch/chiplet_x7/inst38/load.stderr.log	/home/seunghyun/ycsb/results/chiplet_duckdb_tpch_sf1_single_thread_q21_madracks-mnode5_20260314T231814Z_2017190/runs/duckdb_tpch/chiplet_x7/inst38/run.stdout.log	/home/seunghyun/ycsb/results/chiplet_duckdb_tpch_sf1_single_thread_q21_madracks-mnode5_20260314T231814Z_2017190/runs/duckdb_tpch/chiplet_x7/inst38/run.stderr.log	/home/seunghyun/ycsb/results/chiplet_duckdb_tpch_sf1_single_thread_q21_madracks-mnode5_20260314T231814Z_2017190/runs/duckdb_tpch/chiplet_x7/inst38/perf.stat	/home/seunghyun/ycsb/results/chiplet_duckdb_tpch_sf1_single_thread_q21_madracks-mnode5_20260314T231814Z_2017190/runs/duckdb_tpch/chiplet_x7/inst38/time.txt		/home/seunghyun/ycsb/results/chiplet_duckdb_tpch_sf1_single_thread_q21_madracks-mnode5_20260314T231814Z_2017190/runs/duckdb_tpch/chiplet_x7
2026-03-14T23:18:22Z	madracks-mnode5	amd	duckdb_tpch	analytic	per_instance_external	NO_RETIRED_INST_CYCLES	user	chiplet_x7	84	39	39	39	0	0	1	False				1						Q21	DUCKDB_TPCH	SF1	0.5536063939798623	1.8063375186312884	queries/s	SUCCESSFUL	1	553573.3139840886	553573.3139840886	553573.3139840886	553573.3139840886	553573.3139840886	553573.3139840886	553573.3139840886	553573.3139840886	1.8063375186312884	1720491066	2488203496	4711428483	1116.38	730.0	440.0	101759740	16852701		ok	cpu/event=0xc0,cmask=1,inv=1/		/home/seunghyun/ycsb/.cache/duckdb_tpch/tpch_sf1.duckdb	/home/seunghyun/ycsb/results/chiplet_duckdb_tpch_sf1_single_thread_q21_madracks-mnode5_20260314T231814Z_2017190/runs/duckdb_tpch/chiplet_x7/inst39/load.stdout.log	/home/seunghyun/ycsb/results/chiplet_duckdb_tpch_sf1_single_thread_q21_madracks-mnode5_20260314T231814Z_2017190/runs/duckdb_tpch/chiplet_x7/inst39/load.stderr.log	/home/seunghyun/ycsb/results/chiplet_duckdb_tpch_sf1_single_thread_q21_madracks-mnode5_20260314T231814Z_2017190/runs/duckdb_tpch/chiplet_x7/inst39/run.stdout.log	/home/seunghyun/ycsb/results/chiplet_duckdb_tpch_sf1_single_thread_q21_madracks-mnode5_20260314T231814Z_2017190/runs/duckdb_tpch/chiplet_x7/inst39/run.stderr.log	/home/seunghyun/ycsb/results/chiplet_duckdb_tpch_sf1_single_thread_q21_madracks-mnode5_20260314T231814Z_2017190/runs/duckdb_tpch/chiplet_x7/inst39/perf.stat	/home/seunghyun/ycsb/results/chiplet_duckdb_tpch_sf1_single_thread_q21_madracks-mnode5_20260314T231814Z_2017190/runs/duckdb_tpch/chiplet_x7/inst39/time.txt		/home/seunghyun/ycsb/results/chiplet_duckdb_tpch_sf1_single_thread_q21_madracks-mnode5_20260314T231814Z_2017190/runs/duckdb_tpch/chiplet_x7
2026-03-14T23:18:22Z	madracks-mnode5	amd	duckdb_tpch	analytic	per_instance_external	NO_RETIRED_INST_CYCLES	user	chiplet_x7	84	40	40	40	0	0	1	False				1						Q21	DUCKDB_TPCH	SF1	0.5488318739808165	1.8220516107177722	queries/s	SUCCESSFUL	1	548790.0539883412	548790.0539883412	548790.0539883412	548790.0539883412	548790.0539883412	548790.0539883412	548790.0539883412	548790.0539883412	1.8220516107177722	1755739219	2525513683	4717340787	1132.04	730.0	450.0	101096567	16803830		ok	cpu/event=0xc0,cmask=1,inv=1/		/home/seunghyun/ycsb/.cache/duckdb_tpch/tpch_sf1.duckdb	/home/seunghyun/ycsb/results/chiplet_duckdb_tpch_sf1_single_thread_q21_madracks-mnode5_20260314T231814Z_2017190/runs/duckdb_tpch/chiplet_x7/inst40/load.stdout.log	/home/seunghyun/ycsb/results/chiplet_duckdb_tpch_sf1_single_thread_q21_madracks-mnode5_20260314T231814Z_2017190/runs/duckdb_tpch/chiplet_x7/inst40/load.stderr.log	/home/seunghyun/ycsb/results/chiplet_duckdb_tpch_sf1_single_thread_q21_madracks-mnode5_20260314T231814Z_2017190/runs/duckdb_tpch/chiplet_x7/inst40/run.stdout.log	/home/seunghyun/ycsb/results/chiplet_duckdb_tpch_sf1_single_thread_q21_madracks-mnode5_20260314T231814Z_2017190/runs/duckdb_tpch/chiplet_x7/inst40/run.stderr.log	/home/seunghyun/ycsb/results/chiplet_duckdb_tpch_sf1_single_thread_q21_madracks-mnode5_20260314T231814Z_2017190/runs/duckdb_tpch/chiplet_x7/inst40/perf.stat	/home/seunghyun/ycsb/results/chiplet_duckdb_tpch_sf1_single_thread_q21_madracks-mnode5_20260314T231814Z_2017190/runs/duckdb_tpch/chiplet_x7/inst40/time.txt		/home/seunghyun/ycsb/results/chiplet_duckdb_tpch_sf1_single_thread_q21_madracks-mnode5_20260314T231814Z_2017190/runs/duckdb_tpch/chiplet_x7
2026-03-14T23:18:22Z	madracks-mnode5	amd	duckdb_tpch	analytic	per_instance_external	NO_RETIRED_INST_CYCLES	user	chiplet_x7	84	41	41	41	0	0	1	False				1						Q21	DUCKDB_TPCH	SF1	0.5496038229903206	1.8194924383151745	queries/s	SUCCESSFUL	1	549571.7649464495	549571.7649464495	549571.7649464495	549571.7649464495	549571.7649464495	549571.7649464495	549571.7649464495	549571.7649464495	1.8194924383151745	1754925434	2525335519	4718578324	1132.15	680.0	520.0	100636572	16908759		ok	cpu/event=0xc0,cmask=1,inv=1/		/home/seunghyun/ycsb/.cache/duckdb_tpch/tpch_sf1.duckdb	/home/seunghyun/ycsb/results/chiplet_duckdb_tpch_sf1_single_thread_q21_madracks-mnode5_20260314T231814Z_2017190/runs/duckdb_tpch/chiplet_x7/inst41/load.stdout.log	/home/seunghyun/ycsb/results/chiplet_duckdb_tpch_sf1_single_thread_q21_madracks-mnode5_20260314T231814Z_2017190/runs/duckdb_tpch/chiplet_x7/inst41/load.stderr.log	/home/seunghyun/ycsb/results/chiplet_duckdb_tpch_sf1_single_thread_q21_madracks-mnode5_20260314T231814Z_2017190/runs/duckdb_tpch/chiplet_x7/inst41/run.stdout.log	/home/seunghyun/ycsb/results/chiplet_duckdb_tpch_sf1_single_thread_q21_madracks-mnode5_20260314T231814Z_2017190/runs/duckdb_tpch/chiplet_x7/inst41/run.stderr.log	/home/seunghyun/ycsb/results/chiplet_duckdb_tpch_sf1_single_thread_q21_madracks-mnode5_20260314T231814Z_2017190/runs/duckdb_tpch/chiplet_x7/inst41/perf.stat	/home/seunghyun/ycsb/results/chiplet_duckdb_tpch_sf1_single_thread_q21_madracks-mnode5_20260314T231814Z_2017190/runs/duckdb_tpch/chiplet_x7/inst41/time.txt		/home/seunghyun/ycsb/results/chiplet_duckdb_tpch_sf1_single_thread_q21_madracks-mnode5_20260314T231814Z_2017190/runs/duckdb_tpch/chiplet_x7
2026-03-14T23:18:22Z	madracks-mnode5	amd	duckdb_tpch	analytic	per_instance_external	NO_RETIRED_INST_CYCLES	user	chiplet_x7	84	42	42	42	0	0	1	False				1						Q21	DUCKDB_TPCH	SF1	0.6330433440161869	1.5796706646589906	queries/s	SUCCESSFUL	1	632999.6839631349	632999.6839631349	632999.6839631349	632999.6839631349	632999.6839631349	632999.6839631349	632999.6839631349	632999.6839631349	1.5796706646589906	1620334612	2384562326	4705556649	1069.38	670.0	440.0	100421815	16807970		ok	cpu/event=0xc0,cmask=1,inv=1/		/home/seunghyun/ycsb/.cache/duckdb_tpch/tpch_sf1.duckdb	/home/seunghyun/ycsb/results/chiplet_duckdb_tpch_sf1_single_thread_q21_madracks-mnode5_20260314T231814Z_2017190/runs/duckdb_tpch/chiplet_x7/inst42/load.stdout.log	/home/seunghyun/ycsb/results/chiplet_duckdb_tpch_sf1_single_thread_q21_madracks-mnode5_20260314T231814Z_2017190/runs/duckdb_tpch/chiplet_x7/inst42/load.stderr.log	/home/seunghyun/ycsb/results/chiplet_duckdb_tpch_sf1_single_thread_q21_madracks-mnode5_20260314T231814Z_2017190/runs/duckdb_tpch/chiplet_x7/inst42/run.stdout.log	/home/seunghyun/ycsb/results/chiplet_duckdb_tpch_sf1_single_thread_q21_madracks-mnode5_20260314T231814Z_2017190/runs/duckdb_tpch/chiplet_x7/inst42/run.stderr.log	/home/seunghyun/ycsb/results/chiplet_duckdb_tpch_sf1_single_thread_q21_madracks-mnode5_20260314T231814Z_2017190/runs/duckdb_tpch/chiplet_x7/inst42/perf.stat	/home/seunghyun/ycsb/results/chiplet_duckdb_tpch_sf1_single_thread_q21_madracks-mnode5_20260314T231814Z_2017190/runs/duckdb_tpch/chiplet_x7/inst42/time.txt		/home/seunghyun/ycsb/results/chiplet_duckdb_tpch_sf1_single_thread_q21_madracks-mnode5_20260314T231814Z_2017190/runs/duckdb_tpch/chiplet_x7
2026-03-14T23:18:22Z	madracks-mnode5	amd	duckdb_tpch	analytic	per_instance_external	NO_RETIRED_INST_CYCLES	user	chiplet_x7	84	43	43	43	0	0	1	False				1						Q21	DUCKDB_TPCH	SF1	0.5531811880064197	1.8077259705881303	queries/s	SUCCESSFUL	1	553145.7789475098	553145.7789475098	553145.7789475098	553145.7789475098	553145.7789475098	553145.7789475098	553145.7789475098	553145.7789475098	1.8077259705881303	1717638528	2484776575	4711919686	1114.68	700.0	480.0	101304241	16720512		ok	cpu/event=0xc0,cmask=1,inv=1/		/home/seunghyun/ycsb/.cache/duckdb_tpch/tpch_sf1.duckdb	/home/seunghyun/ycsb/results/chiplet_duckdb_tpch_sf1_single_thread_q21_madracks-mnode5_20260314T231814Z_2017190/runs/duckdb_tpch/chiplet_x7/inst43/load.stdout.log	/home/seunghyun/ycsb/results/chiplet_duckdb_tpch_sf1_single_thread_q21_madracks-mnode5_20260314T231814Z_2017190/runs/duckdb_tpch/chiplet_x7/inst43/load.stderr.log	/home/seunghyun/ycsb/results/chiplet_duckdb_tpch_sf1_single_thread_q21_madracks-mnode5_20260314T231814Z_2017190/runs/duckdb_tpch/chiplet_x7/inst43/run.stdout.log	/home/seunghyun/ycsb/results/chiplet_duckdb_tpch_sf1_single_thread_q21_madracks-mnode5_20260314T231814Z_2017190/runs/duckdb_tpch/chiplet_x7/inst43/run.stderr.log	/home/seunghyun/ycsb/results/chiplet_duckdb_tpch_sf1_single_thread_q21_madracks-mnode5_20260314T231814Z_2017190/runs/duckdb_tpch/chiplet_x7/inst43/perf.stat	/home/seunghyun/ycsb/results/chiplet_duckdb_tpch_sf1_single_thread_q21_madracks-mnode5_20260314T231814Z_2017190/runs/duckdb_tpch/chiplet_x7/inst43/time.txt		/home/seunghyun/ycsb/results/chiplet_duckdb_tpch_sf1_single_thread_q21_madracks-mnode5_20260314T231814Z_2017190/runs/duckdb_tpch/chiplet_x7
2026-03-14T23:18:22Z	madracks-mnode5	amd	duckdb_tpch	analytic	per_instance_external	NO_RETIRED_INST_CYCLES	user	chiplet_x7	84	44	44	44	0	0	1	False				1						Q21	DUCKDB_TPCH	SF1	0.5479996550129727	1.8248186670415463	queries/s	SUCCESSFUL	1	547962.2649727389	547962.2649727389	547962.2649727389	547962.2649727389	547962.2649727389	547962.2649727389	547962.2649727389	547962.2649727389	1.8248186670415463	1754733232	2523738041	4716096735	1131.06	730.0	460.0	100479039	16657829		ok	cpu/event=0xc0,cmask=1,inv=1/		/home/seunghyun/ycsb/.cache/duckdb_tpch/tpch_sf1.duckdb	/home/seunghyun/ycsb/results/chiplet_duckdb_tpch_sf1_single_thread_q21_madracks-mnode5_20260314T231814Z_2017190/runs/duckdb_tpch/chiplet_x7/inst44/load.stdout.log	/home/seunghyun/ycsb/results/chiplet_duckdb_tpch_sf1_single_thread_q21_madracks-mnode5_20260314T231814Z_2017190/runs/duckdb_tpch/chiplet_x7/inst44/load.stderr.log	/home/seunghyun/ycsb/results/chiplet_duckdb_tpch_sf1_single_thread_q21_madracks-mnode5_20260314T231814Z_2017190/runs/duckdb_tpch/chiplet_x7/inst44/run.stdout.log	/home/seunghyun/ycsb/results/chiplet_duckdb_tpch_sf1_single_thread_q21_madracks-mnode5_20260314T231814Z_2017190/runs/duckdb_tpch/chiplet_x7/inst44/run.stderr.log	/home/seunghyun/ycsb/results/chiplet_duckdb_tpch_sf1_single_thread_q21_madracks-mnode5_20260314T231814Z_2017190/runs/duckdb_tpch/chiplet_x7/inst44/perf.stat	/home/seunghyun/ycsb/results/chiplet_duckdb_tpch_sf1_single_thread_q21_madracks-mnode5_20260314T231814Z_2017190/runs/duckdb_tpch/chiplet_x7/inst44/time.txt		/home/seunghyun/ycsb/results/chiplet_duckdb_tpch_sf1_single_thread_q21_madracks-mnode5_20260314T231814Z_2017190/runs/duckdb_tpch/chiplet_x7
2026-03-14T23:18:22Z	madracks-mnode5	amd	duckdb_tpch	analytic	per_instance_external	NO_RETIRED_INST_CYCLES	user	chiplet_x7	84	45	45	45	0	0	1	False				1						Q21	DUCKDB_TPCH	SF1	0.5585056510171853	1.7904921788682668	queries/s	SUCCESSFUL	1	558474.4319785386	558474.4319785386	558474.4319785386	558474.4319785386	558474.4319785386	558474.4319785386	558474.4319785386	558474.4319785386	1.7904921788682668	1742583085	2512438210	4715447325	1125.63	670.0	520.0	100341877	16774507		ok	cpu/event=0xc0,cmask=1,inv=1/		/home/seunghyun/ycsb/.cache/duckdb_tpch/tpch_sf1.duckdb	/home/seunghyun/ycsb/results/chiplet_duckdb_tpch_sf1_single_thread_q21_madracks-mnode5_20260314T231814Z_2017190/runs/duckdb_tpch/chiplet_x7/inst45/load.stdout.log	/home/seunghyun/ycsb/results/chiplet_duckdb_tpch_sf1_single_thread_q21_madracks-mnode5_20260314T231814Z_2017190/runs/duckdb_tpch/chiplet_x7/inst45/load.stderr.log	/home/seunghyun/ycsb/results/chiplet_duckdb_tpch_sf1_single_thread_q21_madracks-mnode5_20260314T231814Z_2017190/runs/duckdb_tpch/chiplet_x7/inst45/run.stdout.log	/home/seunghyun/ycsb/results/chiplet_duckdb_tpch_sf1_single_thread_q21_madracks-mnode5_20260314T231814Z_2017190/runs/duckdb_tpch/chiplet_x7/inst45/run.stderr.log	/home/seunghyun/ycsb/results/chiplet_duckdb_tpch_sf1_single_thread_q21_madracks-mnode5_20260314T231814Z_2017190/runs/duckdb_tpch/chiplet_x7/inst45/perf.stat	/home/seunghyun/ycsb/results/chiplet_duckdb_tpch_sf1_single_thread_q21_madracks-mnode5_20260314T231814Z_2017190/runs/duckdb_tpch/chiplet_x7/inst45/time.txt		/home/seunghyun/ycsb/results/chiplet_duckdb_tpch_sf1_single_thread_q21_madracks-mnode5_20260314T231814Z_2017190/runs/duckdb_tpch/chiplet_x7
2026-03-14T23:18:22Z	madracks-mnode5	amd	duckdb_tpch	analytic	per_instance_external	NO_RETIRED_INST_CYCLES	user	chiplet_x7	84	46	46	46	0	0	1	False				1						Q21	DUCKDB_TPCH	SF1	0.5487599050393328	1.8222905697316283	queries/s	SUCCESSFUL	1	548596.5260304511	548596.5260304511	548596.5260304511	548596.5260304511	548596.5260304511	548596.5260304511	548596.5260304511	548596.5260304511	1.8222905697316283	1758479045	2528209270	4716280628	1133.16	720.0	480.0	100506464	16760274		ok	cpu/event=0xc0,cmask=1,inv=1/		/home/seunghyun/ycsb/.cache/duckdb_tpch/tpch_sf1.duckdb	/home/seunghyun/ycsb/results/chiplet_duckdb_tpch_sf1_single_thread_q21_madracks-mnode5_20260314T231814Z_2017190/runs/duckdb_tpch/chiplet_x7/inst46/load.stdout.log	/home/seunghyun/ycsb/results/chiplet_duckdb_tpch_sf1_single_thread_q21_madracks-mnode5_20260314T231814Z_2017190/runs/duckdb_tpch/chiplet_x7/inst46/load.stderr.log	/home/seunghyun/ycsb/results/chiplet_duckdb_tpch_sf1_single_thread_q21_madracks-mnode5_20260314T231814Z_2017190/runs/duckdb_tpch/chiplet_x7/inst46/run.stdout.log	/home/seunghyun/ycsb/results/chiplet_duckdb_tpch_sf1_single_thread_q21_madracks-mnode5_20260314T231814Z_2017190/runs/duckdb_tpch/chiplet_x7/inst46/run.stderr.log	/home/seunghyun/ycsb/results/chiplet_duckdb_tpch_sf1_single_thread_q21_madracks-mnode5_20260314T231814Z_2017190/runs/duckdb_tpch/chiplet_x7/inst46/perf.stat	/home/seunghyun/ycsb/results/chiplet_duckdb_tpch_sf1_single_thread_q21_madracks-mnode5_20260314T231814Z_2017190/runs/duckdb_tpch/chiplet_x7/inst46/time.txt		/home/seunghyun/ycsb/results/chiplet_duckdb_tpch_sf1_single_thread_q21_madracks-mnode5_20260314T231814Z_2017190/runs/duckdb_tpch/chiplet_x7
2026-03-14T23:18:22Z	madracks-mnode5	amd	duckdb_tpch	analytic	per_instance_external	NO_RETIRED_INST_CYCLES	user	chiplet_x7	84	47	47	47	0	0	1	False				1						Q21	DUCKDB_TPCH	SF1	0.5540133980102837	1.8050104990086138	queries/s	SUCCESSFUL	1	553977.1789917722	553977.1789917722	553977.1789917722	553977.1789917722	553977.1789917722	553977.1789917722	553977.1789917722	553977.1789917722	1.8050104990086138	1730045830	2498643864	4713530624	1119.46	670.0	480.0	100776846	16763493		ok	cpu/event=0xc0,cmask=1,inv=1/		/home/seunghyun/ycsb/.cache/duckdb_tpch/tpch_sf1.duckdb	/home/seunghyun/ycsb/results/chiplet_duckdb_tpch_sf1_single_thread_q21_madracks-mnode5_20260314T231814Z_2017190/runs/duckdb_tpch/chiplet_x7/inst47/load.stdout.log	/home/seunghyun/ycsb/results/chiplet_duckdb_tpch_sf1_single_thread_q21_madracks-mnode5_20260314T231814Z_2017190/runs/duckdb_tpch/chiplet_x7/inst47/load.stderr.log	/home/seunghyun/ycsb/results/chiplet_duckdb_tpch_sf1_single_thread_q21_madracks-mnode5_20260314T231814Z_2017190/runs/duckdb_tpch/chiplet_x7/inst47/run.stdout.log	/home/seunghyun/ycsb/results/chiplet_duckdb_tpch_sf1_single_thread_q21_madracks-mnode5_20260314T231814Z_2017190/runs/duckdb_tpch/chiplet_x7/inst47/run.stderr.log	/home/seunghyun/ycsb/results/chiplet_duckdb_tpch_sf1_single_thread_q21_madracks-mnode5_20260314T231814Z_2017190/runs/duckdb_tpch/chiplet_x7/inst47/perf.stat	/home/seunghyun/ycsb/results/chiplet_duckdb_tpch_sf1_single_thread_q21_madracks-mnode5_20260314T231814Z_2017190/runs/duckdb_tpch/chiplet_x7/inst47/time.txt		/home/seunghyun/ycsb/results/chiplet_duckdb_tpch_sf1_single_thread_q21_madracks-mnode5_20260314T231814Z_2017190/runs/duckdb_tpch/chiplet_x7
2026-03-14T23:18:22Z	madracks-mnode5	amd	duckdb_tpch	analytic	per_instance_external	NO_RETIRED_INST_CYCLES	user	chiplet_x7	84	48	48	48	0	0	1	False				1						Q21	DUCKDB_TPCH	SF1	0.5566492039943114	1.7964635408159488	queries/s	SUCCESSFUL	1	556605.8559925295	556605.8559925295	556605.8559925295	556605.8559925295	556605.8559925295	556605.8559925295	556605.8559925295	556605.8559925295	1.7964635408159488	1756523295	2526188503	4717561760	1132.67	710.0	460.0	101169337	16896663		ok	cpu/event=0xc0,cmask=1,inv=1/		/home/seunghyun/ycsb/.cache/duckdb_tpch/tpch_sf1.duckdb	/home/seunghyun/ycsb/results/chiplet_duckdb_tpch_sf1_single_thread_q21_madracks-mnode5_20260314T231814Z_2017190/runs/duckdb_tpch/chiplet_x7/inst48/load.stdout.log	/home/seunghyun/ycsb/results/chiplet_duckdb_tpch_sf1_single_thread_q21_madracks-mnode5_20260314T231814Z_2017190/runs/duckdb_tpch/chiplet_x7/inst48/load.stderr.log	/home/seunghyun/ycsb/results/chiplet_duckdb_tpch_sf1_single_thread_q21_madracks-mnode5_20260314T231814Z_2017190/runs/duckdb_tpch/chiplet_x7/inst48/run.stdout.log	/home/seunghyun/ycsb/results/chiplet_duckdb_tpch_sf1_single_thread_q21_madracks-mnode5_20260314T231814Z_2017190/runs/duckdb_tpch/chiplet_x7/inst48/run.stderr.log	/home/seunghyun/ycsb/results/chiplet_duckdb_tpch_sf1_single_thread_q21_madracks-mnode5_20260314T231814Z_2017190/runs/duckdb_tpch/chiplet_x7/inst48/perf.stat	/home/seunghyun/ycsb/results/chiplet_duckdb_tpch_sf1_single_thread_q21_madracks-mnode5_20260314T231814Z_2017190/runs/duckdb_tpch/chiplet_x7/inst48/time.txt		/home/seunghyun/ycsb/results/chiplet_duckdb_tpch_sf1_single_thread_q21_madracks-mnode5_20260314T231814Z_2017190/runs/duckdb_tpch/chiplet_x7
2026-03-14T23:18:22Z	madracks-mnode5	amd	duckdb_tpch	analytic	per_instance_external	NO_RETIRED_INST_CYCLES	user	chiplet_x7	84	49	49	49	0	0	1	False				1						Q21	DUCKDB_TPCH	SF1	0.549902500002645	1.8185041893702796	queries/s	SUCCESSFUL	1	549861.3910167478	549861.3910167478	549861.3910167478	549861.3910167478	549861.3910167478	549861.3910167478	549861.3910167478	549861.3910167478	1.8185041893702796	1771351666	2540217869	4715166311	1138.26	720.0	490.0	100485399	16703647		ok	cpu/event=0xc0,cmask=1,inv=1/		/home/seunghyun/ycsb/.cache/duckdb_tpch/tpch_sf1.duckdb	/home/seunghyun/ycsb/results/chiplet_duckdb_tpch_sf1_single_thread_q21_madracks-mnode5_20260314T231814Z_2017190/runs/duckdb_tpch/chiplet_x7/inst49/load.stdout.log	/home/seunghyun/ycsb/results/chiplet_duckdb_tpch_sf1_single_thread_q21_madracks-mnode5_20260314T231814Z_2017190/runs/duckdb_tpch/chiplet_x7/inst49/load.stderr.log	/home/seunghyun/ycsb/results/chiplet_duckdb_tpch_sf1_single_thread_q21_madracks-mnode5_20260314T231814Z_2017190/runs/duckdb_tpch/chiplet_x7/inst49/run.stdout.log	/home/seunghyun/ycsb/results/chiplet_duckdb_tpch_sf1_single_thread_q21_madracks-mnode5_20260314T231814Z_2017190/runs/duckdb_tpch/chiplet_x7/inst49/run.stderr.log	/home/seunghyun/ycsb/results/chiplet_duckdb_tpch_sf1_single_thread_q21_madracks-mnode5_20260314T231814Z_2017190/runs/duckdb_tpch/chiplet_x7/inst49/perf.stat	/home/seunghyun/ycsb/results/chiplet_duckdb_tpch_sf1_single_thread_q21_madracks-mnode5_20260314T231814Z_2017190/runs/duckdb_tpch/chiplet_x7/inst49/time.txt		/home/seunghyun/ycsb/results/chiplet_duckdb_tpch_sf1_single_thread_q21_madracks-mnode5_20260314T231814Z_2017190/runs/duckdb_tpch/chiplet_x7
2026-03-14T23:18:22Z	madracks-mnode5	amd	duckdb_tpch	analytic	per_instance_external	NO_RETIRED_INST_CYCLES	user	chiplet_x7	84	50	50	50	0	0	1	False				1						Q21	DUCKDB_TPCH	SF1	0.5507739890017547	1.8156267724487878	queries/s	SUCCESSFUL	1	550742.0090143569	550742.0090143569	550742.0090143569	550742.0090143569	550742.0090143569	550742.0090143569	550742.0090143569	550742.0090143569	1.8156267724487878	1758562588	2529110609	4715636141	1134.17	750.0	450.0	100706410	16643676		ok	cpu/event=0xc0,cmask=1,inv=1/		/home/seunghyun/ycsb/.cache/duckdb_tpch/tpch_sf1.duckdb	/home/seunghyun/ycsb/results/chiplet_duckdb_tpch_sf1_single_thread_q21_madracks-mnode5_20260314T231814Z_2017190/runs/duckdb_tpch/chiplet_x7/inst50/load.stdout.log	/home/seunghyun/ycsb/results/chiplet_duckdb_tpch_sf1_single_thread_q21_madracks-mnode5_20260314T231814Z_2017190/runs/duckdb_tpch/chiplet_x7/inst50/load.stderr.log	/home/seunghyun/ycsb/results/chiplet_duckdb_tpch_sf1_single_thread_q21_madracks-mnode5_20260314T231814Z_2017190/runs/duckdb_tpch/chiplet_x7/inst50/run.stdout.log	/home/seunghyun/ycsb/results/chiplet_duckdb_tpch_sf1_single_thread_q21_madracks-mnode5_20260314T231814Z_2017190/runs/duckdb_tpch/chiplet_x7/inst50/run.stderr.log	/home/seunghyun/ycsb/results/chiplet_duckdb_tpch_sf1_single_thread_q21_madracks-mnode5_20260314T231814Z_2017190/runs/duckdb_tpch/chiplet_x7/inst50/perf.stat	/home/seunghyun/ycsb/results/chiplet_duckdb_tpch_sf1_single_thread_q21_madracks-mnode5_20260314T231814Z_2017190/runs/duckdb_tpch/chiplet_x7/inst50/time.txt		/home/seunghyun/ycsb/results/chiplet_duckdb_tpch_sf1_single_thread_q21_madracks-mnode5_20260314T231814Z_2017190/runs/duckdb_tpch/chiplet_x7
2026-03-14T23:18:22Z	madracks-mnode5	amd	duckdb_tpch	analytic	per_instance_external	NO_RETIRED_INST_CYCLES	user	chiplet_x7	84	51	51	51	0	0	1	False				1						Q21	DUCKDB_TPCH	SF1	0.5509959959890693	1.8148952211620755	queries/s	SUCCESSFUL	1	550962.3269899748	550962.3269899748	550962.3269899748	550962.3269899748	550962.3269899748	550962.3269899748	550962.3269899748	550962.3269899748	1.8148952211620755	1762333706	2531804590	4715314307	1134.85	700.0	500.0	101207568	16749830		ok	cpu/event=0xc0,cmask=1,inv=1/		/home/seunghyun/ycsb/.cache/duckdb_tpch/tpch_sf1.duckdb	/home/seunghyun/ycsb/results/chiplet_duckdb_tpch_sf1_single_thread_q21_madracks-mnode5_20260314T231814Z_2017190/runs/duckdb_tpch/chiplet_x7/inst51/load.stdout.log	/home/seunghyun/ycsb/results/chiplet_duckdb_tpch_sf1_single_thread_q21_madracks-mnode5_20260314T231814Z_2017190/runs/duckdb_tpch/chiplet_x7/inst51/load.stderr.log	/home/seunghyun/ycsb/results/chiplet_duckdb_tpch_sf1_single_thread_q21_madracks-mnode5_20260314T231814Z_2017190/runs/duckdb_tpch/chiplet_x7/inst51/run.stdout.log	/home/seunghyun/ycsb/results/chiplet_duckdb_tpch_sf1_single_thread_q21_madracks-mnode5_20260314T231814Z_2017190/runs/duckdb_tpch/chiplet_x7/inst51/run.stderr.log	/home/seunghyun/ycsb/results/chiplet_duckdb_tpch_sf1_single_thread_q21_madracks-mnode5_20260314T231814Z_2017190/runs/duckdb_tpch/chiplet_x7/inst51/perf.stat	/home/seunghyun/ycsb/results/chiplet_duckdb_tpch_sf1_single_thread_q21_madracks-mnode5_20260314T231814Z_2017190/runs/duckdb_tpch/chiplet_x7/inst51/time.txt		/home/seunghyun/ycsb/results/chiplet_duckdb_tpch_sf1_single_thread_q21_madracks-mnode5_20260314T231814Z_2017190/runs/duckdb_tpch/chiplet_x7
2026-03-14T23:18:22Z	madracks-mnode5	amd	duckdb_tpch	analytic	per_instance_external	NO_RETIRED_INST_CYCLES	user	chiplet_x7	84	52	52	52	0	0	1	False				1						Q21	DUCKDB_TPCH	SF1	0.5604809860233217	1.7841818454808203	queries/s	SUCCESSFUL	1	560450.5959781818	560450.5959781818	560450.5959781818	560450.5959781818	560450.5959781818	560450.5959781818	560450.5959781818	560450.5959781818	1.7841818454808203	1768048510	2538681699	4718152633	1138.04	710.0	490.0	100819370	17030018		ok	cpu/event=0xc0,cmask=1,inv=1/		/home/seunghyun/ycsb/.cache/duckdb_tpch/tpch_sf1.duckdb	/home/seunghyun/ycsb/results/chiplet_duckdb_tpch_sf1_single_thread_q21_madracks-mnode5_20260314T231814Z_2017190/runs/duckdb_tpch/chiplet_x7/inst52/load.stdout.log	/home/seunghyun/ycsb/results/chiplet_duckdb_tpch_sf1_single_thread_q21_madracks-mnode5_20260314T231814Z_2017190/runs/duckdb_tpch/chiplet_x7/inst52/load.stderr.log	/home/seunghyun/ycsb/results/chiplet_duckdb_tpch_sf1_single_thread_q21_madracks-mnode5_20260314T231814Z_2017190/runs/duckdb_tpch/chiplet_x7/inst52/run.stdout.log	/home/seunghyun/ycsb/results/chiplet_duckdb_tpch_sf1_single_thread_q21_madracks-mnode5_20260314T231814Z_2017190/runs/duckdb_tpch/chiplet_x7/inst52/run.stderr.log	/home/seunghyun/ycsb/results/chiplet_duckdb_tpch_sf1_single_thread_q21_madracks-mnode5_20260314T231814Z_2017190/runs/duckdb_tpch/chiplet_x7/inst52/perf.stat	/home/seunghyun/ycsb/results/chiplet_duckdb_tpch_sf1_single_thread_q21_madracks-mnode5_20260314T231814Z_2017190/runs/duckdb_tpch/chiplet_x7/inst52/time.txt		/home/seunghyun/ycsb/results/chiplet_duckdb_tpch_sf1_single_thread_q21_madracks-mnode5_20260314T231814Z_2017190/runs/duckdb_tpch/chiplet_x7
2026-03-14T23:18:22Z	madracks-mnode5	amd	duckdb_tpch	analytic	per_instance_external	NO_RETIRED_INST_CYCLES	user	chiplet_x7	84	53	53	53	0	0	1	False				1						Q21	DUCKDB_TPCH	SF1	0.5507856290205382	1.8155884019310735	queries/s	SUCCESSFUL	1	550461.5129902959	550461.5129902959	550461.5129902959	550461.5129902959	550461.5129902959	550461.5129902959	550461.5129902959	550461.5129902959	1.8155884019310735	1749731852	2518797389	4714637955	1129.35	710.0	480.0	100674185	16889213		ok	cpu/event=0xc0,cmask=1,inv=1/		/home/seunghyun/ycsb/.cache/duckdb_tpch/tpch_sf1.duckdb	/home/seunghyun/ycsb/results/chiplet_duckdb_tpch_sf1_single_thread_q21_madracks-mnode5_20260314T231814Z_2017190/runs/duckdb_tpch/chiplet_x7/inst53/load.stdout.log	/home/seunghyun/ycsb/results/chiplet_duckdb_tpch_sf1_single_thread_q21_madracks-mnode5_20260314T231814Z_2017190/runs/duckdb_tpch/chiplet_x7/inst53/load.stderr.log	/home/seunghyun/ycsb/results/chiplet_duckdb_tpch_sf1_single_thread_q21_madracks-mnode5_20260314T231814Z_2017190/runs/duckdb_tpch/chiplet_x7/inst53/run.stdout.log	/home/seunghyun/ycsb/results/chiplet_duckdb_tpch_sf1_single_thread_q21_madracks-mnode5_20260314T231814Z_2017190/runs/duckdb_tpch/chiplet_x7/inst53/run.stderr.log	/home/seunghyun/ycsb/results/chiplet_duckdb_tpch_sf1_single_thread_q21_madracks-mnode5_20260314T231814Z_2017190/runs/duckdb_tpch/chiplet_x7/inst53/perf.stat	/home/seunghyun/ycsb/results/chiplet_duckdb_tpch_sf1_single_thread_q21_madracks-mnode5_20260314T231814Z_2017190/runs/duckdb_tpch/chiplet_x7/inst53/time.txt		/home/seunghyun/ycsb/results/chiplet_duckdb_tpch_sf1_single_thread_q21_madracks-mnode5_20260314T231814Z_2017190/runs/duckdb_tpch/chiplet_x7
2026-03-14T23:18:22Z	madracks-mnode5	amd	duckdb_tpch	analytic	per_instance_external	NO_RETIRED_INST_CYCLES	user	chiplet_x7	84	54	54	54	0	0	1	False				1						Q21	DUCKDB_TPCH	SF1	0.5507402300136164	1.8157380657942424	queries/s	SUCCESSFUL	1	550709.0799510479	550709.0799510479	550709.0799510479	550709.0799510479	550709.0799510479	550709.0799510479	550709.0799510479	550709.0799510479	1.8157380657942424	1760695722	2530574444	4719268153	1134.94	720.0	470.0	100763846	16916854		ok	cpu/event=0xc0,cmask=1,inv=1/		/home/seunghyun/ycsb/.cache/duckdb_tpch/tpch_sf1.duckdb	/home/seunghyun/ycsb/results/chiplet_duckdb_tpch_sf1_single_thread_q21_madracks-mnode5_20260314T231814Z_2017190/runs/duckdb_tpch/chiplet_x7/inst54/load.stdout.log	/home/seunghyun/ycsb/results/chiplet_duckdb_tpch_sf1_single_thread_q21_madracks-mnode5_20260314T231814Z_2017190/runs/duckdb_tpch/chiplet_x7/inst54/load.stderr.log	/home/seunghyun/ycsb/results/chiplet_duckdb_tpch_sf1_single_thread_q21_madracks-mnode5_20260314T231814Z_2017190/runs/duckdb_tpch/chiplet_x7/inst54/run.stdout.log	/home/seunghyun/ycsb/results/chiplet_duckdb_tpch_sf1_single_thread_q21_madracks-mnode5_20260314T231814Z_2017190/runs/duckdb_tpch/chiplet_x7/inst54/run.stderr.log	/home/seunghyun/ycsb/results/chiplet_duckdb_tpch_sf1_single_thread_q21_madracks-mnode5_20260314T231814Z_2017190/runs/duckdb_tpch/chiplet_x7/inst54/perf.stat	/home/seunghyun/ycsb/results/chiplet_duckdb_tpch_sf1_single_thread_q21_madracks-mnode5_20260314T231814Z_2017190/runs/duckdb_tpch/chiplet_x7/inst54/time.txt		/home/seunghyun/ycsb/results/chiplet_duckdb_tpch_sf1_single_thread_q21_madracks-mnode5_20260314T231814Z_2017190/runs/duckdb_tpch/chiplet_x7
2026-03-14T23:18:22Z	madracks-mnode5	amd	duckdb_tpch	analytic	per_instance_external	NO_RETIRED_INST_CYCLES	user	chiplet_x7	84	55	55	55	0	0	1	False				1						Q21	DUCKDB_TPCH	SF1	0.6018617999507114	1.6615109981758163	queries/s	SUCCESSFUL	1	601827.0709901117	601827.0709901117	601827.0709901117	601827.0709901117	601827.0709901117	601827.0709901117	601827.0709901117	601827.0709901117	1.6615109981758163	1713344107	2482038623	4713528630	1112.16	740.0	420.0	101273732	17055202		ok	cpu/event=0xc0,cmask=1,inv=1/		/home/seunghyun/ycsb/.cache/duckdb_tpch/tpch_sf1.duckdb	/home/seunghyun/ycsb/results/chiplet_duckdb_tpch_sf1_single_thread_q21_madracks-mnode5_20260314T231814Z_2017190/runs/duckdb_tpch/chiplet_x7/inst55/load.stdout.log	/home/seunghyun/ycsb/results/chiplet_duckdb_tpch_sf1_single_thread_q21_madracks-mnode5_20260314T231814Z_2017190/runs/duckdb_tpch/chiplet_x7/inst55/load.stderr.log	/home/seunghyun/ycsb/results/chiplet_duckdb_tpch_sf1_single_thread_q21_madracks-mnode5_20260314T231814Z_2017190/runs/duckdb_tpch/chiplet_x7/inst55/run.stdout.log	/home/seunghyun/ycsb/results/chiplet_duckdb_tpch_sf1_single_thread_q21_madracks-mnode5_20260314T231814Z_2017190/runs/duckdb_tpch/chiplet_x7/inst55/run.stderr.log	/home/seunghyun/ycsb/results/chiplet_duckdb_tpch_sf1_single_thread_q21_madracks-mnode5_20260314T231814Z_2017190/runs/duckdb_tpch/chiplet_x7/inst55/perf.stat	/home/seunghyun/ycsb/results/chiplet_duckdb_tpch_sf1_single_thread_q21_madracks-mnode5_20260314T231814Z_2017190/runs/duckdb_tpch/chiplet_x7/inst55/time.txt		/home/seunghyun/ycsb/results/chiplet_duckdb_tpch_sf1_single_thread_q21_madracks-mnode5_20260314T231814Z_2017190/runs/duckdb_tpch/chiplet_x7
2026-03-14T23:18:22Z	madracks-mnode5	amd	duckdb_tpch	analytic	per_instance_external	NO_RETIRED_INST_CYCLES	user	chiplet_x7	84	56	56	56	0	0	1	False				1						Q21	DUCKDB_TPCH	SF1	0.5480359729845077	1.8246977375484599	queries/s	SUCCESSFUL	1	547998.8839942962	547998.8839942962	547998.8839942962	547998.8839942962	547998.8839942962	547998.8839942962	547998.8839942962	547998.8839942962	1.8246977375484599	1774976700	2544606276	4717481671	1141.12	720.0	480.0	100415476	16805973		ok	cpu/event=0xc0,cmask=1,inv=1/		/home/seunghyun/ycsb/.cache/duckdb_tpch/tpch_sf1.duckdb	/home/seunghyun/ycsb/results/chiplet_duckdb_tpch_sf1_single_thread_q21_madracks-mnode5_20260314T231814Z_2017190/runs/duckdb_tpch/chiplet_x7/inst56/load.stdout.log	/home/seunghyun/ycsb/results/chiplet_duckdb_tpch_sf1_single_thread_q21_madracks-mnode5_20260314T231814Z_2017190/runs/duckdb_tpch/chiplet_x7/inst56/load.stderr.log	/home/seunghyun/ycsb/results/chiplet_duckdb_tpch_sf1_single_thread_q21_madracks-mnode5_20260314T231814Z_2017190/runs/duckdb_tpch/chiplet_x7/inst56/run.stdout.log	/home/seunghyun/ycsb/results/chiplet_duckdb_tpch_sf1_single_thread_q21_madracks-mnode5_20260314T231814Z_2017190/runs/duckdb_tpch/chiplet_x7/inst56/run.stderr.log	/home/seunghyun/ycsb/results/chiplet_duckdb_tpch_sf1_single_thread_q21_madracks-mnode5_20260314T231814Z_2017190/runs/duckdb_tpch/chiplet_x7/inst56/perf.stat	/home/seunghyun/ycsb/results/chiplet_duckdb_tpch_sf1_single_thread_q21_madracks-mnode5_20260314T231814Z_2017190/runs/duckdb_tpch/chiplet_x7/inst56/time.txt		/home/seunghyun/ycsb/results/chiplet_duckdb_tpch_sf1_single_thread_q21_madracks-mnode5_20260314T231814Z_2017190/runs/duckdb_tpch/chiplet_x7
2026-03-14T23:18:22Z	madracks-mnode5	amd	duckdb_tpch	analytic	per_instance_external	NO_RETIRED_INST_CYCLES	user	chiplet_x7	84	57	57	57	0	0	1	False				1						Q21	DUCKDB_TPCH	SF1	0.5517261560307816	1.8124933702512531	queries/s	SUCCESSFUL	1	551695.0180171989	551695.0180171989	551695.0180171989	551695.0180171989	551695.0180171989	551695.0180171989	551695.0180171989	551695.0180171989	1.8124933702512531	1747433632	2516444267	4716037364	1127.91	690.0	490.0	100819878	16825235		ok	cpu/event=0xc0,cmask=1,inv=1/		/home/seunghyun/ycsb/.cache/duckdb_tpch/tpch_sf1.duckdb	/home/seunghyun/ycsb/results/chiplet_duckdb_tpch_sf1_single_thread_q21_madracks-mnode5_20260314T231814Z_2017190/runs/duckdb_tpch/chiplet_x7/inst57/load.stdout.log	/home/seunghyun/ycsb/results/chiplet_duckdb_tpch_sf1_single_thread_q21_madracks-mnode5_20260314T231814Z_2017190/runs/duckdb_tpch/chiplet_x7/inst57/load.stderr.log	/home/seunghyun/ycsb/results/chiplet_duckdb_tpch_sf1_single_thread_q21_madracks-mnode5_20260314T231814Z_2017190/runs/duckdb_tpch/chiplet_x7/inst57/run.stdout.log	/home/seunghyun/ycsb/results/chiplet_duckdb_tpch_sf1_single_thread_q21_madracks-mnode5_20260314T231814Z_2017190/runs/duckdb_tpch/chiplet_x7/inst57/run.stderr.log	/home/seunghyun/ycsb/results/chiplet_duckdb_tpch_sf1_single_thread_q21_madracks-mnode5_20260314T231814Z_2017190/runs/duckdb_tpch/chiplet_x7/inst57/perf.stat	/home/seunghyun/ycsb/results/chiplet_duckdb_tpch_sf1_single_thread_q21_madracks-mnode5_20260314T231814Z_2017190/runs/duckdb_tpch/chiplet_x7/inst57/time.txt		/home/seunghyun/ycsb/results/chiplet_duckdb_tpch_sf1_single_thread_q21_madracks-mnode5_20260314T231814Z_2017190/runs/duckdb_tpch/chiplet_x7
2026-03-14T23:18:22Z	madracks-mnode5	amd	duckdb_tpch	analytic	per_instance_external	NO_RETIRED_INST_CYCLES	user	chiplet_x7	84	58	58	58	0	0	1	False				1						Q21	DUCKDB_TPCH	SF1	0.5493297870270908	1.8204001013887927	queries/s	SUCCESSFUL	1	549299.1979699582	549299.1979699582	549299.1979699582	549299.1979699582	549299.1979699582	549299.1979699582	549299.1979699582	549299.1979699582	1.8204001013887927	1749522155	2518886637	4716775191	1129.74	650.0	540.0	101714339	17145496		ok	cpu/event=0xc0,cmask=1,inv=1/		/home/seunghyun/ycsb/.cache/duckdb_tpch/tpch_sf1.duckdb	/home/seunghyun/ycsb/results/chiplet_duckdb_tpch_sf1_single_thread_q21_madracks-mnode5_20260314T231814Z_2017190/runs/duckdb_tpch/chiplet_x7/inst58/load.stdout.log	/home/seunghyun/ycsb/results/chiplet_duckdb_tpch_sf1_single_thread_q21_madracks-mnode5_20260314T231814Z_2017190/runs/duckdb_tpch/chiplet_x7/inst58/load.stderr.log	/home/seunghyun/ycsb/results/chiplet_duckdb_tpch_sf1_single_thread_q21_madracks-mnode5_20260314T231814Z_2017190/runs/duckdb_tpch/chiplet_x7/inst58/run.stdout.log	/home/seunghyun/ycsb/results/chiplet_duckdb_tpch_sf1_single_thread_q21_madracks-mnode5_20260314T231814Z_2017190/runs/duckdb_tpch/chiplet_x7/inst58/run.stderr.log	/home/seunghyun/ycsb/results/chiplet_duckdb_tpch_sf1_single_thread_q21_madracks-mnode5_20260314T231814Z_2017190/runs/duckdb_tpch/chiplet_x7/inst58/perf.stat	/home/seunghyun/ycsb/results/chiplet_duckdb_tpch_sf1_single_thread_q21_madracks-mnode5_20260314T231814Z_2017190/runs/duckdb_tpch/chiplet_x7/inst58/time.txt		/home/seunghyun/ycsb/results/chiplet_duckdb_tpch_sf1_single_thread_q21_madracks-mnode5_20260314T231814Z_2017190/runs/duckdb_tpch/chiplet_x7
2026-03-14T23:18:22Z	madracks-mnode5	amd	duckdb_tpch	analytic	per_instance_external	NO_RETIRED_INST_CYCLES	user	chiplet_x7	84	59	59	59	0	0	1	False				1						Q21	DUCKDB_TPCH	SF1	0.5517673869617283	1.8123579313131133	queries/s	SUCCESSFUL	1	551735.4870098643	551735.4870098643	551735.4870098643	551735.4870098643	551735.4870098643	551735.4870098643	551735.4870098643	551735.4870098643	1.8123579313131133	1762616353	2532000804	4717058842	1135.33	680.0	500.0	100417967	16952812		ok	cpu/event=0xc0,cmask=1,inv=1/		/home/seunghyun/ycsb/.cache/duckdb_tpch/tpch_sf1.duckdb	/home/seunghyun/ycsb/results/chiplet_duckdb_tpch_sf1_single_thread_q21_madracks-mnode5_20260314T231814Z_2017190/runs/duckdb_tpch/chiplet_x7/inst59/load.stdout.log	/home/seunghyun/ycsb/results/chiplet_duckdb_tpch_sf1_single_thread_q21_madracks-mnode5_20260314T231814Z_2017190/runs/duckdb_tpch/chiplet_x7/inst59/load.stderr.log	/home/seunghyun/ycsb/results/chiplet_duckdb_tpch_sf1_single_thread_q21_madracks-mnode5_20260314T231814Z_2017190/runs/duckdb_tpch/chiplet_x7/inst59/run.stdout.log	/home/seunghyun/ycsb/results/chiplet_duckdb_tpch_sf1_single_thread_q21_madracks-mnode5_20260314T231814Z_2017190/runs/duckdb_tpch/chiplet_x7/inst59/run.stderr.log	/home/seunghyun/ycsb/results/chiplet_duckdb_tpch_sf1_single_thread_q21_madracks-mnode5_20260314T231814Z_2017190/runs/duckdb_tpch/chiplet_x7/inst59/perf.stat	/home/seunghyun/ycsb/results/chiplet_duckdb_tpch_sf1_single_thread_q21_madracks-mnode5_20260314T231814Z_2017190/runs/duckdb_tpch/chiplet_x7/inst59/time.txt		/home/seunghyun/ycsb/results/chiplet_duckdb_tpch_sf1_single_thread_q21_madracks-mnode5_20260314T231814Z_2017190/runs/duckdb_tpch/chiplet_x7
2026-03-14T23:18:22Z	madracks-mnode5	amd	duckdb_tpch	analytic	per_instance_external	NO_RETIRED_INST_CYCLES	user	chiplet_x7	84	60	60	60	0	0	1	False				1						Q21	DUCKDB_TPCH	SF1	0.5513695120462216	1.8136657507391694	queries/s	SUCCESSFUL	1	551327.3119577207	551327.3119577207	551327.3119577207	551327.3119577207	551327.3119577207	551327.3119577207	551327.3119577207	551327.3119577207	1.8136657507391694	1774265880	2544110049	4718705861	1141.48	700.0	500.0	101253301	16940570		ok	cpu/event=0xc0,cmask=1,inv=1/		/home/seunghyun/ycsb/.cache/duckdb_tpch/tpch_sf1.duckdb	/home/seunghyun/ycsb/results/chiplet_duckdb_tpch_sf1_single_thread_q21_madracks-mnode5_20260314T231814Z_2017190/runs/duckdb_tpch/chiplet_x7/inst60/load.stdout.log	/home/seunghyun/ycsb/results/chiplet_duckdb_tpch_sf1_single_thread_q21_madracks-mnode5_20260314T231814Z_2017190/runs/duckdb_tpch/chiplet_x7/inst60/load.stderr.log	/home/seunghyun/ycsb/results/chiplet_duckdb_tpch_sf1_single_thread_q21_madracks-mnode5_20260314T231814Z_2017190/runs/duckdb_tpch/chiplet_x7/inst60/run.stdout.log	/home/seunghyun/ycsb/results/chiplet_duckdb_tpch_sf1_single_thread_q21_madracks-mnode5_20260314T231814Z_2017190/runs/duckdb_tpch/chiplet_x7/inst60/run.stderr.log	/home/seunghyun/ycsb/results/chiplet_duckdb_tpch_sf1_single_thread_q21_madracks-mnode5_20260314T231814Z_2017190/runs/duckdb_tpch/chiplet_x7/inst60/perf.stat	/home/seunghyun/ycsb/results/chiplet_duckdb_tpch_sf1_single_thread_q21_madracks-mnode5_20260314T231814Z_2017190/runs/duckdb_tpch/chiplet_x7/inst60/time.txt		/home/seunghyun/ycsb/results/chiplet_duckdb_tpch_sf1_single_thread_q21_madracks-mnode5_20260314T231814Z_2017190/runs/duckdb_tpch/chiplet_x7
2026-03-14T23:18:22Z	madracks-mnode5	amd	duckdb_tpch	analytic	per_instance_external	NO_RETIRED_INST_CYCLES	user	chiplet_x7	84	61	61	61	0	0	1	False				1						Q21	DUCKDB_TPCH	SF1	0.5437310080160387	1.839144697023611	queries/s	SUCCESSFUL	1	543688.40000825	543688.40000825	543688.40000825	543688.40000825	543688.40000825	543688.40000825	543688.40000825	543688.40000825	1.839144697023611	1612780742	2378382038	4708856211	1068.26	670.0	440.0	100679299	17180165		ok	cpu/event=0xc0,cmask=1,inv=1/		/home/seunghyun/ycsb/.cache/duckdb_tpch/tpch_sf1.duckdb	/home/seunghyun/ycsb/results/chiplet_duckdb_tpch_sf1_single_thread_q21_madracks-mnode5_20260314T231814Z_2017190/runs/duckdb_tpch/chiplet_x7/inst61/load.stdout.log	/home/seunghyun/ycsb/results/chiplet_duckdb_tpch_sf1_single_thread_q21_madracks-mnode5_20260314T231814Z_2017190/runs/duckdb_tpch/chiplet_x7/inst61/load.stderr.log	/home/seunghyun/ycsb/results/chiplet_duckdb_tpch_sf1_single_thread_q21_madracks-mnode5_20260314T231814Z_2017190/runs/duckdb_tpch/chiplet_x7/inst61/run.stdout.log	/home/seunghyun/ycsb/results/chiplet_duckdb_tpch_sf1_single_thread_q21_madracks-mnode5_20260314T231814Z_2017190/runs/duckdb_tpch/chiplet_x7/inst61/run.stderr.log	/home/seunghyun/ycsb/results/chiplet_duckdb_tpch_sf1_single_thread_q21_madracks-mnode5_20260314T231814Z_2017190/runs/duckdb_tpch/chiplet_x7/inst61/perf.stat	/home/seunghyun/ycsb/results/chiplet_duckdb_tpch_sf1_single_thread_q21_madracks-mnode5_20260314T231814Z_2017190/runs/duckdb_tpch/chiplet_x7/inst61/time.txt		/home/seunghyun/ycsb/results/chiplet_duckdb_tpch_sf1_single_thread_q21_madracks-mnode5_20260314T231814Z_2017190/runs/duckdb_tpch/chiplet_x7
2026-03-14T23:18:22Z	madracks-mnode5	amd	duckdb_tpch	analytic	per_instance_external	NO_RETIRED_INST_CYCLES	user	chiplet_x7	84	62	62	62	0	0	1	False				1						Q21	DUCKDB_TPCH	SF1	0.5513134520151652	1.8138501724287557	queries/s	SUCCESSFUL	1	551282.5629557483	551282.5629557483	551282.5629557483	551282.5629557483	551282.5629557483	551282.5629557483	551282.5629557483	551282.5629557483	1.8138501724287557	1759781463	2526340178	4716613395	1132.52	710.0	470.0	101212050	16832828		ok	cpu/event=0xc0,cmask=1,inv=1/		/home/seunghyun/ycsb/.cache/duckdb_tpch/tpch_sf1.duckdb	/home/seunghyun/ycsb/results/chiplet_duckdb_tpch_sf1_single_thread_q21_madracks-mnode5_20260314T231814Z_2017190/runs/duckdb_tpch/chiplet_x7/inst62/load.stdout.log	/home/seunghyun/ycsb/results/chiplet_duckdb_tpch_sf1_single_thread_q21_madracks-mnode5_20260314T231814Z_2017190/runs/duckdb_tpch/chiplet_x7/inst62/load.stderr.log	/home/seunghyun/ycsb/results/chiplet_duckdb_tpch_sf1_single_thread_q21_madracks-mnode5_20260314T231814Z_2017190/runs/duckdb_tpch/chiplet_x7/inst62/run.stdout.log	/home/seunghyun/ycsb/results/chiplet_duckdb_tpch_sf1_single_thread_q21_madracks-mnode5_20260314T231814Z_2017190/runs/duckdb_tpch/chiplet_x7/inst62/run.stderr.log	/home/seunghyun/ycsb/results/chiplet_duckdb_tpch_sf1_single_thread_q21_madracks-mnode5_20260314T231814Z_2017190/runs/duckdb_tpch/chiplet_x7/inst62/perf.stat	/home/seunghyun/ycsb/results/chiplet_duckdb_tpch_sf1_single_thread_q21_madracks-mnode5_20260314T231814Z_2017190/runs/duckdb_tpch/chiplet_x7/inst62/time.txt		/home/seunghyun/ycsb/results/chiplet_duckdb_tpch_sf1_single_thread_q21_madracks-mnode5_20260314T231814Z_2017190/runs/duckdb_tpch/chiplet_x7
2026-03-14T23:18:22Z	madracks-mnode5	amd	duckdb_tpch	analytic	per_instance_external	NO_RETIRED_INST_CYCLES	user	chiplet_x7	84	63	63	63	0	0	1	False				1						Q21	DUCKDB_TPCH	SF1	0.5471658550086431	1.8275994213568094	queries/s	SUCCESSFUL	1	547134.1949887574	547134.1949887574	547134.1949887574	547134.1949887574	547134.1949887574	547134.1949887574	547134.1949887574	547134.1949887574	1.8275994213568094	1751689952	2520659101	4714253758	1130.13	670.0	520.0	100377641	16928313		ok	cpu/event=0xc0,cmask=1,inv=1/		/home/seunghyun/ycsb/.cache/duckdb_tpch/tpch_sf1.duckdb	/home/seunghyun/ycsb/results/chiplet_duckdb_tpch_sf1_single_thread_q21_madracks-mnode5_20260314T231814Z_2017190/runs/duckdb_tpch/chiplet_x7/inst63/load.stdout.log	/home/seunghyun/ycsb/results/chiplet_duckdb_tpch_sf1_single_thread_q21_madracks-mnode5_20260314T231814Z_2017190/runs/duckdb_tpch/chiplet_x7/inst63/load.stderr.log	/home/seunghyun/ycsb/results/chiplet_duckdb_tpch_sf1_single_thread_q21_madracks-mnode5_20260314T231814Z_2017190/runs/duckdb_tpch/chiplet_x7/inst63/run.stdout.log	/home/seunghyun/ycsb/results/chiplet_duckdb_tpch_sf1_single_thread_q21_madracks-mnode5_20260314T231814Z_2017190/runs/duckdb_tpch/chiplet_x7/inst63/run.stderr.log	/home/seunghyun/ycsb/results/chiplet_duckdb_tpch_sf1_single_thread_q21_madracks-mnode5_20260314T231814Z_2017190/runs/duckdb_tpch/chiplet_x7/inst63/perf.stat	/home/seunghyun/ycsb/results/chiplet_duckdb_tpch_sf1_single_thread_q21_madracks-mnode5_20260314T231814Z_2017190/runs/duckdb_tpch/chiplet_x7/inst63/time.txt		/home/seunghyun/ycsb/results/chiplet_duckdb_tpch_sf1_single_thread_q21_madracks-mnode5_20260314T231814Z_2017190/runs/duckdb_tpch/chiplet_x7
2026-03-14T23:18:22Z	madracks-mnode5	amd	duckdb_tpch	analytic	per_instance_external	NO_RETIRED_INST_CYCLES	user	chiplet_x7	84	64	64	64	0	0	1	False				1						Q21	DUCKDB_TPCH	SF1	0.5476544689736329	1.8259688483399292	queries/s	SUCCESSFUL	1	547622.2190191038	547622.2190191038	547622.2190191038	547622.2190191038	547622.2190191038	547622.2190191038	547622.2190191038	547622.2190191038	1.8259688483399292	1746845790	2515199098	4714311076	1128.14	720.0	470.0	100732793	16948040		ok	cpu/event=0xc0,cmask=1,inv=1/		/home/seunghyun/ycsb/.cache/duckdb_tpch/tpch_sf1.duckdb	/home/seunghyun/ycsb/results/chiplet_duckdb_tpch_sf1_single_thread_q21_madracks-mnode5_20260314T231814Z_2017190/runs/duckdb_tpch/chiplet_x7/inst64/load.stdout.log	/home/seunghyun/ycsb/results/chiplet_duckdb_tpch_sf1_single_thread_q21_madracks-mnode5_20260314T231814Z_2017190/runs/duckdb_tpch/chiplet_x7/inst64/load.stderr.log	/home/seunghyun/ycsb/results/chiplet_duckdb_tpch_sf1_single_thread_q21_madracks-mnode5_20260314T231814Z_2017190/runs/duckdb_tpch/chiplet_x7/inst64/run.stdout.log	/home/seunghyun/ycsb/results/chiplet_duckdb_tpch_sf1_single_thread_q21_madracks-mnode5_20260314T231814Z_2017190/runs/duckdb_tpch/chiplet_x7/inst64/run.stderr.log	/home/seunghyun/ycsb/results/chiplet_duckdb_tpch_sf1_single_thread_q21_madracks-mnode5_20260314T231814Z_2017190/runs/duckdb_tpch/chiplet_x7/inst64/perf.stat	/home/seunghyun/ycsb/results/chiplet_duckdb_tpch_sf1_single_thread_q21_madracks-mnode5_20260314T231814Z_2017190/runs/duckdb_tpch/chiplet_x7/inst64/time.txt		/home/seunghyun/ycsb/results/chiplet_duckdb_tpch_sf1_single_thread_q21_madracks-mnode5_20260314T231814Z_2017190/runs/duckdb_tpch/chiplet_x7
2026-03-14T23:18:22Z	madracks-mnode5	amd	duckdb_tpch	analytic	per_instance_external	NO_RETIRED_INST_CYCLES	user	chiplet_x7	84	65	65	65	0	0	1	False				1						Q21	DUCKDB_TPCH	SF1	0.5470343470224179	1.8280387793620922	queries/s	SUCCESSFUL	1	547001.6770414077	547001.6770414077	547001.6770414077	547001.6770414077	547001.6770414077	547001.6770414077	547001.6770414077	547001.6770414077	1.8280387793620922	1734291038	2503685371	4716932289	1123.54	700.0	480.0	101119262	17060304		ok	cpu/event=0xc0,cmask=1,inv=1/		/home/seunghyun/ycsb/.cache/duckdb_tpch/tpch_sf1.duckdb	/home/seunghyun/ycsb/results/chiplet_duckdb_tpch_sf1_single_thread_q21_madracks-mnode5_20260314T231814Z_2017190/runs/duckdb_tpch/chiplet_x7/inst65/load.stdout.log	/home/seunghyun/ycsb/results/chiplet_duckdb_tpch_sf1_single_thread_q21_madracks-mnode5_20260314T231814Z_2017190/runs/duckdb_tpch/chiplet_x7/inst65/load.stderr.log	/home/seunghyun/ycsb/results/chiplet_duckdb_tpch_sf1_single_thread_q21_madracks-mnode5_20260314T231814Z_2017190/runs/duckdb_tpch/chiplet_x7/inst65/run.stdout.log	/home/seunghyun/ycsb/results/chiplet_duckdb_tpch_sf1_single_thread_q21_madracks-mnode5_20260314T231814Z_2017190/runs/duckdb_tpch/chiplet_x7/inst65/run.stderr.log	/home/seunghyun/ycsb/results/chiplet_duckdb_tpch_sf1_single_thread_q21_madracks-mnode5_20260314T231814Z_2017190/runs/duckdb_tpch/chiplet_x7/inst65/perf.stat	/home/seunghyun/ycsb/results/chiplet_duckdb_tpch_sf1_single_thread_q21_madracks-mnode5_20260314T231814Z_2017190/runs/duckdb_tpch/chiplet_x7/inst65/time.txt		/home/seunghyun/ycsb/results/chiplet_duckdb_tpch_sf1_single_thread_q21_madracks-mnode5_20260314T231814Z_2017190/runs/duckdb_tpch/chiplet_x7
2026-03-14T23:18:22Z	madracks-mnode5	amd	duckdb_tpch	analytic	per_instance_external	NO_RETIRED_INST_CYCLES	user	chiplet_x7	84	66	66	66	0	0	1	False				1						Q21	DUCKDB_TPCH	SF1	0.5523985780309886	1.8102870640335027	queries/s	SUCCESSFUL	1	552356.5990151837	552356.5990151837	552356.5990151837	552356.5990151837	552356.5990151837	552356.5990151837	552356.5990151837	552356.5990151837	1.8102870640335027	1760852761	2528452592	4713500077	1133.67	670.0	530.0	100768399	16981896		ok	cpu/event=0xc0,cmask=1,inv=1/		/home/seunghyun/ycsb/.cache/duckdb_tpch/tpch_sf1.duckdb	/home/seunghyun/ycsb/results/chiplet_duckdb_tpch_sf1_single_thread_q21_madracks-mnode5_20260314T231814Z_2017190/runs/duckdb_tpch/chiplet_x7/inst66/load.stdout.log	/home/seunghyun/ycsb/results/chiplet_duckdb_tpch_sf1_single_thread_q21_madracks-mnode5_20260314T231814Z_2017190/runs/duckdb_tpch/chiplet_x7/inst66/load.stderr.log	/home/seunghyun/ycsb/results/chiplet_duckdb_tpch_sf1_single_thread_q21_madracks-mnode5_20260314T231814Z_2017190/runs/duckdb_tpch/chiplet_x7/inst66/run.stdout.log	/home/seunghyun/ycsb/results/chiplet_duckdb_tpch_sf1_single_thread_q21_madracks-mnode5_20260314T231814Z_2017190/runs/duckdb_tpch/chiplet_x7/inst66/run.stderr.log	/home/seunghyun/ycsb/results/chiplet_duckdb_tpch_sf1_single_thread_q21_madracks-mnode5_20260314T231814Z_2017190/runs/duckdb_tpch/chiplet_x7/inst66/perf.stat	/home/seunghyun/ycsb/results/chiplet_duckdb_tpch_sf1_single_thread_q21_madracks-mnode5_20260314T231814Z_2017190/runs/duckdb_tpch/chiplet_x7/inst66/time.txt		/home/seunghyun/ycsb/results/chiplet_duckdb_tpch_sf1_single_thread_q21_madracks-mnode5_20260314T231814Z_2017190/runs/duckdb_tpch/chiplet_x7
2026-03-14T23:18:22Z	madracks-mnode5	amd	duckdb_tpch	analytic	per_instance_external	NO_RETIRED_INST_CYCLES	user	chiplet_x7	84	67	67	67	0	0	1	False				1						Q21	DUCKDB_TPCH	SF1	0.5585496100247838	1.7903512634367937	queries/s	SUCCESSFUL	1	558517.8000037558	558517.8000037558	558517.8000037558	558517.8000037558	558517.8000037558	558517.8000037558	558517.8000037558	558517.8000037558	1.7903512634367937	1768600253	2537766857	4717706672	1138.7	720.0	460.0	101636697	16940836		ok	cpu/event=0xc0,cmask=1,inv=1/		/home/seunghyun/ycsb/.cache/duckdb_tpch/tpch_sf1.duckdb	/home/seunghyun/ycsb/results/chiplet_duckdb_tpch_sf1_single_thread_q21_madracks-mnode5_20260314T231814Z_2017190/runs/duckdb_tpch/chiplet_x7/inst67/load.stdout.log	/home/seunghyun/ycsb/results/chiplet_duckdb_tpch_sf1_single_thread_q21_madracks-mnode5_20260314T231814Z_2017190/runs/duckdb_tpch/chiplet_x7/inst67/load.stderr.log	/home/seunghyun/ycsb/results/chiplet_duckdb_tpch_sf1_single_thread_q21_madracks-mnode5_20260314T231814Z_2017190/runs/duckdb_tpch/chiplet_x7/inst67/run.stdout.log	/home/seunghyun/ycsb/results/chiplet_duckdb_tpch_sf1_single_thread_q21_madracks-mnode5_20260314T231814Z_2017190/runs/duckdb_tpch/chiplet_x7/inst67/run.stderr.log	/home/seunghyun/ycsb/results/chiplet_duckdb_tpch_sf1_single_thread_q21_madracks-mnode5_20260314T231814Z_2017190/runs/duckdb_tpch/chiplet_x7/inst67/perf.stat	/home/seunghyun/ycsb/results/chiplet_duckdb_tpch_sf1_single_thread_q21_madracks-mnode5_20260314T231814Z_2017190/runs/duckdb_tpch/chiplet_x7/inst67/time.txt		/home/seunghyun/ycsb/results/chiplet_duckdb_tpch_sf1_single_thread_q21_madracks-mnode5_20260314T231814Z_2017190/runs/duckdb_tpch/chiplet_x7
2026-03-14T23:18:22Z	madracks-mnode5	amd	duckdb_tpch	analytic	per_instance_external	NO_RETIRED_INST_CYCLES	user	chiplet_x7	84	68	68	68	0	0	1	False				1						Q21	DUCKDB_TPCH	SF1	0.5534807550138794	1.806747553444606	queries/s	SUCCESSFUL	1	553447.394981049	553447.394981049	553447.394981049	553447.394981049	553447.394981049	553447.394981049	553447.394981049	553447.394981049	1.806747553444606	1728372961	2498527322	4714946114	1130.42	700.0	480.0	100542268	16839227		ok	cpu/event=0xc0,cmask=1,inv=1/		/home/seunghyun/ycsb/.cache/duckdb_tpch/tpch_sf1.duckdb	/home/seunghyun/ycsb/results/chiplet_duckdb_tpch_sf1_single_thread_q21_madracks-mnode5_20260314T231814Z_2017190/runs/duckdb_tpch/chiplet_x7/inst68/load.stdout.log	/home/seunghyun/ycsb/results/chiplet_duckdb_tpch_sf1_single_thread_q21_madracks-mnode5_20260314T231814Z_2017190/runs/duckdb_tpch/chiplet_x7/inst68/load.stderr.log	/home/seunghyun/ycsb/results/chiplet_duckdb_tpch_sf1_single_thread_q21_madracks-mnode5_20260314T231814Z_2017190/runs/duckdb_tpch/chiplet_x7/inst68/run.stdout.log	/home/seunghyun/ycsb/results/chiplet_duckdb_tpch_sf1_single_thread_q21_madracks-mnode5_20260314T231814Z_2017190/runs/duckdb_tpch/chiplet_x7/inst68/run.stderr.log	/home/seunghyun/ycsb/results/chiplet_duckdb_tpch_sf1_single_thread_q21_madracks-mnode5_20260314T231814Z_2017190/runs/duckdb_tpch/chiplet_x7/inst68/perf.stat	/home/seunghyun/ycsb/results/chiplet_duckdb_tpch_sf1_single_thread_q21_madracks-mnode5_20260314T231814Z_2017190/runs/duckdb_tpch/chiplet_x7/inst68/time.txt		/home/seunghyun/ycsb/results/chiplet_duckdb_tpch_sf1_single_thread_q21_madracks-mnode5_20260314T231814Z_2017190/runs/duckdb_tpch/chiplet_x7
2026-03-14T23:18:22Z	madracks-mnode5	amd	duckdb_tpch	analytic	per_instance_external	NO_RETIRED_INST_CYCLES	user	chiplet_x7	84	69	69	69	0	0	1	False				1						Q21	DUCKDB_TPCH	SF1	0.5577877099858597	1.792796761379613	queries/s	SUCCESSFUL	1	557755.8799996041	557755.8799996041	557755.8799996041	557755.8799996041	557755.8799996041	557755.8799996041	557755.8799996041	557755.8799996041	1.792796761379613	1724995718	2493956088	4715561820	1118.0	700.0	480.0	100370543	16781824		ok	cpu/event=0xc0,cmask=1,inv=1/		/home/seunghyun/ycsb/.cache/duckdb_tpch/tpch_sf1.duckdb	/home/seunghyun/ycsb/results/chiplet_duckdb_tpch_sf1_single_thread_q21_madracks-mnode5_20260314T231814Z_2017190/runs/duckdb_tpch/chiplet_x7/inst69/load.stdout.log	/home/seunghyun/ycsb/results/chiplet_duckdb_tpch_sf1_single_thread_q21_madracks-mnode5_20260314T231814Z_2017190/runs/duckdb_tpch/chiplet_x7/inst69/load.stderr.log	/home/seunghyun/ycsb/results/chiplet_duckdb_tpch_sf1_single_thread_q21_madracks-mnode5_20260314T231814Z_2017190/runs/duckdb_tpch/chiplet_x7/inst69/run.stdout.log	/home/seunghyun/ycsb/results/chiplet_duckdb_tpch_sf1_single_thread_q21_madracks-mnode5_20260314T231814Z_2017190/runs/duckdb_tpch/chiplet_x7/inst69/run.stderr.log	/home/seunghyun/ycsb/results/chiplet_duckdb_tpch_sf1_single_thread_q21_madracks-mnode5_20260314T231814Z_2017190/runs/duckdb_tpch/chiplet_x7/inst69/perf.stat	/home/seunghyun/ycsb/results/chiplet_duckdb_tpch_sf1_single_thread_q21_madracks-mnode5_20260314T231814Z_2017190/runs/duckdb_tpch/chiplet_x7/inst69/time.txt		/home/seunghyun/ycsb/results/chiplet_duckdb_tpch_sf1_single_thread_q21_madracks-mnode5_20260314T231814Z_2017190/runs/duckdb_tpch/chiplet_x7
2026-03-14T23:18:22Z	madracks-mnode5	amd	duckdb_tpch	analytic	per_instance_external	NO_RETIRED_INST_CYCLES	user	chiplet_x7	84	70	70	70	0	0	1	False				1						Q21	DUCKDB_TPCH	SF1	0.8438436260330491	1.1850536866659167	queries/s	SUCCESSFUL	1	843807.4159785174	843807.4159785174	843807.4159785174	843807.4159785174	843807.4159785174	843807.4159785174	843807.4159785174	843807.4159785174	1.1850536866659167	1379381792	2133779315	4689819464	974.54	730.0	280.0	102101680	18176761		ok	cpu/event=0xc0,cmask=1,inv=1/		/home/seunghyun/ycsb/.cache/duckdb_tpch/tpch_sf1.duckdb	/home/seunghyun/ycsb/results/chiplet_duckdb_tpch_sf1_single_thread_q21_madracks-mnode5_20260314T231814Z_2017190/runs/duckdb_tpch/chiplet_x7/inst70/load.stdout.log	/home/seunghyun/ycsb/results/chiplet_duckdb_tpch_sf1_single_thread_q21_madracks-mnode5_20260314T231814Z_2017190/runs/duckdb_tpch/chiplet_x7/inst70/load.stderr.log	/home/seunghyun/ycsb/results/chiplet_duckdb_tpch_sf1_single_thread_q21_madracks-mnode5_20260314T231814Z_2017190/runs/duckdb_tpch/chiplet_x7/inst70/run.stdout.log	/home/seunghyun/ycsb/results/chiplet_duckdb_tpch_sf1_single_thread_q21_madracks-mnode5_20260314T231814Z_2017190/runs/duckdb_tpch/chiplet_x7/inst70/run.stderr.log	/home/seunghyun/ycsb/results/chiplet_duckdb_tpch_sf1_single_thread_q21_madracks-mnode5_20260314T231814Z_2017190/runs/duckdb_tpch/chiplet_x7/inst70/perf.stat	/home/seunghyun/ycsb/results/chiplet_duckdb_tpch_sf1_single_thread_q21_madracks-mnode5_20260314T231814Z_2017190/runs/duckdb_tpch/chiplet_x7/inst70/time.txt		/home/seunghyun/ycsb/results/chiplet_duckdb_tpch_sf1_single_thread_q21_madracks-mnode5_20260314T231814Z_2017190/runs/duckdb_tpch/chiplet_x7
2026-03-14T23:18:22Z	madracks-mnode5	amd	duckdb_tpch	analytic	per_instance_external	NO_RETIRED_INST_CYCLES	user	chiplet_x7	84	71	71	71	0	0	1	False				1						Q21	DUCKDB_TPCH	SF1	0.5507087300065905	1.8158419242564625	queries/s	SUCCESSFUL	1	550669.871037826	550669.871037826	550669.871037826	550669.871037826	550669.871037826	550669.871037826	550669.871037826	550669.871037826	1.8158419242564625	1779596632	2549896036	4718629337	1143.63	680.0	520.0	100608407	16914757		ok	cpu/event=0xc0,cmask=1,inv=1/		/home/seunghyun/ycsb/.cache/duckdb_tpch/tpch_sf1.duckdb	/home/seunghyun/ycsb/results/chiplet_duckdb_tpch_sf1_single_thread_q21_madracks-mnode5_20260314T231814Z_2017190/runs/duckdb_tpch/chiplet_x7/inst71/load.stdout.log	/home/seunghyun/ycsb/results/chiplet_duckdb_tpch_sf1_single_thread_q21_madracks-mnode5_20260314T231814Z_2017190/runs/duckdb_tpch/chiplet_x7/inst71/load.stderr.log	/home/seunghyun/ycsb/results/chiplet_duckdb_tpch_sf1_single_thread_q21_madracks-mnode5_20260314T231814Z_2017190/runs/duckdb_tpch/chiplet_x7/inst71/run.stdout.log	/home/seunghyun/ycsb/results/chiplet_duckdb_tpch_sf1_single_thread_q21_madracks-mnode5_20260314T231814Z_2017190/runs/duckdb_tpch/chiplet_x7/inst71/run.stderr.log	/home/seunghyun/ycsb/results/chiplet_duckdb_tpch_sf1_single_thread_q21_madracks-mnode5_20260314T231814Z_2017190/runs/duckdb_tpch/chiplet_x7/inst71/perf.stat	/home/seunghyun/ycsb/results/chiplet_duckdb_tpch_sf1_single_thread_q21_madracks-mnode5_20260314T231814Z_2017190/runs/duckdb_tpch/chiplet_x7/inst71/time.txt		/home/seunghyun/ycsb/results/chiplet_duckdb_tpch_sf1_single_thread_q21_madracks-mnode5_20260314T231814Z_2017190/runs/duckdb_tpch/chiplet_x7
2026-03-14T23:18:22Z	madracks-mnode5	amd	duckdb_tpch	analytic	per_instance_external	NO_RETIRED_INST_CYCLES	user	chiplet_x7	84	72	72	72	0	0	1	False				1						Q21	DUCKDB_TPCH	SF1	0.5586150489980355	1.790141532695294	queries/s	SUCCESSFUL	1	558581.9900152273	558581.9900152273	558581.9900152273	558581.9900152273	558581.9900152273	558581.9900152273	558581.9900152273	558581.9900152273	1.790141532695294	1773984882	2541372605	4716395698	1139.61	710.0	480.0	101004256	17061397		ok	cpu/event=0xc0,cmask=1,inv=1/		/home/seunghyun/ycsb/.cache/duckdb_tpch/tpch_sf1.duckdb	/home/seunghyun/ycsb/results/chiplet_duckdb_tpch_sf1_single_thread_q21_madracks-mnode5_20260314T231814Z_2017190/runs/duckdb_tpch/chiplet_x7/inst72/load.stdout.log	/home/seunghyun/ycsb/results/chiplet_duckdb_tpch_sf1_single_thread_q21_madracks-mnode5_20260314T231814Z_2017190/runs/duckdb_tpch/chiplet_x7/inst72/load.stderr.log	/home/seunghyun/ycsb/results/chiplet_duckdb_tpch_sf1_single_thread_q21_madracks-mnode5_20260314T231814Z_2017190/runs/duckdb_tpch/chiplet_x7/inst72/run.stdout.log	/home/seunghyun/ycsb/results/chiplet_duckdb_tpch_sf1_single_thread_q21_madracks-mnode5_20260314T231814Z_2017190/runs/duckdb_tpch/chiplet_x7/inst72/run.stderr.log	/home/seunghyun/ycsb/results/chiplet_duckdb_tpch_sf1_single_thread_q21_madracks-mnode5_20260314T231814Z_2017190/runs/duckdb_tpch/chiplet_x7/inst72/perf.stat	/home/seunghyun/ycsb/results/chiplet_duckdb_tpch_sf1_single_thread_q21_madracks-mnode5_20260314T231814Z_2017190/runs/duckdb_tpch/chiplet_x7/inst72/time.txt		/home/seunghyun/ycsb/results/chiplet_duckdb_tpch_sf1_single_thread_q21_madracks-mnode5_20260314T231814Z_2017190/runs/duckdb_tpch/chiplet_x7
2026-03-14T23:18:22Z	madracks-mnode5	amd	duckdb_tpch	analytic	per_instance_external	NO_RETIRED_INST_CYCLES	user	chiplet_x7	84	73	73	73	0	0	1	False				1						Q21	DUCKDB_TPCH	SF1	0.5461404779925942	1.8310307334765255	queries/s	SUCCESSFUL	1	546109.7989464179	546109.7989464179	546109.7989464179	546109.7989464179	546109.7989464179	546109.7989464179	546109.7989464179	546109.7989464179	1.8310307334765255	1745193040	2513467113	4716755741	1127.99	710.0	480.0	101718990	17017223		ok	cpu/event=0xc0,cmask=1,inv=1/		/home/seunghyun/ycsb/.cache/duckdb_tpch/tpch_sf1.duckdb	/home/seunghyun/ycsb/results/chiplet_duckdb_tpch_sf1_single_thread_q21_madracks-mnode5_20260314T231814Z_2017190/runs/duckdb_tpch/chiplet_x7/inst73/load.stdout.log	/home/seunghyun/ycsb/results/chiplet_duckdb_tpch_sf1_single_thread_q21_madracks-mnode5_20260314T231814Z_2017190/runs/duckdb_tpch/chiplet_x7/inst73/load.stderr.log	/home/seunghyun/ycsb/results/chiplet_duckdb_tpch_sf1_single_thread_q21_madracks-mnode5_20260314T231814Z_2017190/runs/duckdb_tpch/chiplet_x7/inst73/run.stdout.log	/home/seunghyun/ycsb/results/chiplet_duckdb_tpch_sf1_single_thread_q21_madracks-mnode5_20260314T231814Z_2017190/runs/duckdb_tpch/chiplet_x7/inst73/run.stderr.log	/home/seunghyun/ycsb/results/chiplet_duckdb_tpch_sf1_single_thread_q21_madracks-mnode5_20260314T231814Z_2017190/runs/duckdb_tpch/chiplet_x7/inst73/perf.stat	/home/seunghyun/ycsb/results/chiplet_duckdb_tpch_sf1_single_thread_q21_madracks-mnode5_20260314T231814Z_2017190/runs/duckdb_tpch/chiplet_x7/inst73/time.txt		/home/seunghyun/ycsb/results/chiplet_duckdb_tpch_sf1_single_thread_q21_madracks-mnode5_20260314T231814Z_2017190/runs/duckdb_tpch/chiplet_x7
2026-03-14T23:18:22Z	madracks-mnode5	amd	duckdb_tpch	analytic	per_instance_external	NO_RETIRED_INST_CYCLES	user	chiplet_x7	84	74	74	74	0	0	1	False				1						Q21	DUCKDB_TPCH	SF1	0.5444127399823628	1.8368416581000597	queries/s	SUCCESSFUL	1	544378.8900156505	544378.8900156505	544378.8900156505	544378.8900156505	544378.8900156505	544378.8900156505	544378.8900156505	544378.8900156505	1.8368416581000597	1756131456	2525378557	4715928518	1132.52	730.0	460.0	101246806	16887237		ok	cpu/event=0xc0,cmask=1,inv=1/		/home/seunghyun/ycsb/.cache/duckdb_tpch/tpch_sf1.duckdb	/home/seunghyun/ycsb/results/chiplet_duckdb_tpch_sf1_single_thread_q21_madracks-mnode5_20260314T231814Z_2017190/runs/duckdb_tpch/chiplet_x7/inst74/load.stdout.log	/home/seunghyun/ycsb/results/chiplet_duckdb_tpch_sf1_single_thread_q21_madracks-mnode5_20260314T231814Z_2017190/runs/duckdb_tpch/chiplet_x7/inst74/load.stderr.log	/home/seunghyun/ycsb/results/chiplet_duckdb_tpch_sf1_single_thread_q21_madracks-mnode5_20260314T231814Z_2017190/runs/duckdb_tpch/chiplet_x7/inst74/run.stdout.log	/home/seunghyun/ycsb/results/chiplet_duckdb_tpch_sf1_single_thread_q21_madracks-mnode5_20260314T231814Z_2017190/runs/duckdb_tpch/chiplet_x7/inst74/run.stderr.log	/home/seunghyun/ycsb/results/chiplet_duckdb_tpch_sf1_single_thread_q21_madracks-mnode5_20260314T231814Z_2017190/runs/duckdb_tpch/chiplet_x7/inst74/perf.stat	/home/seunghyun/ycsb/results/chiplet_duckdb_tpch_sf1_single_thread_q21_madracks-mnode5_20260314T231814Z_2017190/runs/duckdb_tpch/chiplet_x7/inst74/time.txt		/home/seunghyun/ycsb/results/chiplet_duckdb_tpch_sf1_single_thread_q21_madracks-mnode5_20260314T231814Z_2017190/runs/duckdb_tpch/chiplet_x7
2026-03-14T23:18:22Z	madracks-mnode5	amd	duckdb_tpch	analytic	per_instance_external	NO_RETIRED_INST_CYCLES	user	chiplet_x7	84	75	75	75	0	0	1	False				1						Q21	DUCKDB_TPCH	SF1	0.5462028670008294	1.830821587391048	queries/s	SUCCESSFUL	1	546171.8479637057	546171.8479637057	546171.8479637057	546171.8479637057	546171.8479637057	546171.8479637057	546171.8479637057	546171.8479637057	1.830821587391048	1726911085	2496009984	4712673357	1119.83	640.0	530.0	101005668	16800701		ok	cpu/event=0xc0,cmask=1,inv=1/		/home/seunghyun/ycsb/.cache/duckdb_tpch/tpch_sf1.duckdb	/home/seunghyun/ycsb/results/chiplet_duckdb_tpch_sf1_single_thread_q21_madracks-mnode5_20260314T231814Z_2017190/runs/duckdb_tpch/chiplet_x7/inst75/load.stdout.log	/home/seunghyun/ycsb/results/chiplet_duckdb_tpch_sf1_single_thread_q21_madracks-mnode5_20260314T231814Z_2017190/runs/duckdb_tpch/chiplet_x7/inst75/load.stderr.log	/home/seunghyun/ycsb/results/chiplet_duckdb_tpch_sf1_single_thread_q21_madracks-mnode5_20260314T231814Z_2017190/runs/duckdb_tpch/chiplet_x7/inst75/run.stdout.log	/home/seunghyun/ycsb/results/chiplet_duckdb_tpch_sf1_single_thread_q21_madracks-mnode5_20260314T231814Z_2017190/runs/duckdb_tpch/chiplet_x7/inst75/run.stderr.log	/home/seunghyun/ycsb/results/chiplet_duckdb_tpch_sf1_single_thread_q21_madracks-mnode5_20260314T231814Z_2017190/runs/duckdb_tpch/chiplet_x7/inst75/perf.stat	/home/seunghyun/ycsb/results/chiplet_duckdb_tpch_sf1_single_thread_q21_madracks-mnode5_20260314T231814Z_2017190/runs/duckdb_tpch/chiplet_x7/inst75/time.txt		/home/seunghyun/ycsb/results/chiplet_duckdb_tpch_sf1_single_thread_q21_madracks-mnode5_20260314T231814Z_2017190/runs/duckdb_tpch/chiplet_x7
2026-03-14T23:18:22Z	madracks-mnode5	amd	duckdb_tpch	analytic	per_instance_external	NO_RETIRED_INST_CYCLES	user	chiplet_x7	84	76	76	76	0	0	1	False				1						Q21	DUCKDB_TPCH	SF1	0.5538744299556129	1.8054633792719756	queries/s	SUCCESSFUL	1	553842.0000229962	553842.0000229962	553842.0000229962	553842.0000229962	553842.0000229962	553842.0000229962	553842.0000229962	553842.0000229962	1.8054633792719756	1742881825	2514208122	4719128069	1128.09	730.0	440.0	100662095	16970909		ok	cpu/event=0xc0,cmask=1,inv=1/		/home/seunghyun/ycsb/.cache/duckdb_tpch/tpch_sf1.duckdb	/home/seunghyun/ycsb/results/chiplet_duckdb_tpch_sf1_single_thread_q21_madracks-mnode5_20260314T231814Z_2017190/runs/duckdb_tpch/chiplet_x7/inst76/load.stdout.log	/home/seunghyun/ycsb/results/chiplet_duckdb_tpch_sf1_single_thread_q21_madracks-mnode5_20260314T231814Z_2017190/runs/duckdb_tpch/chiplet_x7/inst76/load.stderr.log	/home/seunghyun/ycsb/results/chiplet_duckdb_tpch_sf1_single_thread_q21_madracks-mnode5_20260314T231814Z_2017190/runs/duckdb_tpch/chiplet_x7/inst76/run.stdout.log	/home/seunghyun/ycsb/results/chiplet_duckdb_tpch_sf1_single_thread_q21_madracks-mnode5_20260314T231814Z_2017190/runs/duckdb_tpch/chiplet_x7/inst76/run.stderr.log	/home/seunghyun/ycsb/results/chiplet_duckdb_tpch_sf1_single_thread_q21_madracks-mnode5_20260314T231814Z_2017190/runs/duckdb_tpch/chiplet_x7/inst76/perf.stat	/home/seunghyun/ycsb/results/chiplet_duckdb_tpch_sf1_single_thread_q21_madracks-mnode5_20260314T231814Z_2017190/runs/duckdb_tpch/chiplet_x7/inst76/time.txt		/home/seunghyun/ycsb/results/chiplet_duckdb_tpch_sf1_single_thread_q21_madracks-mnode5_20260314T231814Z_2017190/runs/duckdb_tpch/chiplet_x7
2026-03-14T23:18:22Z	madracks-mnode5	amd	duckdb_tpch	analytic	per_instance_external	NO_RETIRED_INST_CYCLES	user	chiplet_x7	84	77	77	77	0	0	1	False				1						Q21	DUCKDB_TPCH	SF1	0.5909176589921117	1.6922831544848946	queries/s	SUCCESSFUL	1	590886.5790115669	590886.5790115669	590886.5790115669	590886.5790115669	590886.5790115669	590886.5790115669	590886.5790115669	590886.5790115669	1.6922831544848946	1716893255	2483683418	4715490072	1114.89	680.0	480.0	101276262	17307186		ok	cpu/event=0xc0,cmask=1,inv=1/		/home/seunghyun/ycsb/.cache/duckdb_tpch/tpch_sf1.duckdb	/home/seunghyun/ycsb/results/chiplet_duckdb_tpch_sf1_single_thread_q21_madracks-mnode5_20260314T231814Z_2017190/runs/duckdb_tpch/chiplet_x7/inst77/load.stdout.log	/home/seunghyun/ycsb/results/chiplet_duckdb_tpch_sf1_single_thread_q21_madracks-mnode5_20260314T231814Z_2017190/runs/duckdb_tpch/chiplet_x7/inst77/load.stderr.log	/home/seunghyun/ycsb/results/chiplet_duckdb_tpch_sf1_single_thread_q21_madracks-mnode5_20260314T231814Z_2017190/runs/duckdb_tpch/chiplet_x7/inst77/run.stdout.log	/home/seunghyun/ycsb/results/chiplet_duckdb_tpch_sf1_single_thread_q21_madracks-mnode5_20260314T231814Z_2017190/runs/duckdb_tpch/chiplet_x7/inst77/run.stderr.log	/home/seunghyun/ycsb/results/chiplet_duckdb_tpch_sf1_single_thread_q21_madracks-mnode5_20260314T231814Z_2017190/runs/duckdb_tpch/chiplet_x7/inst77/perf.stat	/home/seunghyun/ycsb/results/chiplet_duckdb_tpch_sf1_single_thread_q21_madracks-mnode5_20260314T231814Z_2017190/runs/duckdb_tpch/chiplet_x7/inst77/time.txt		/home/seunghyun/ycsb/results/chiplet_duckdb_tpch_sf1_single_thread_q21_madracks-mnode5_20260314T231814Z_2017190/runs/duckdb_tpch/chiplet_x7
2026-03-14T23:18:22Z	madracks-mnode5	amd	duckdb_tpch	analytic	per_instance_external	NO_RETIRED_INST_CYCLES	user	chiplet_x7	84	78	78	78	0	0	1	False				1						Q21	DUCKDB_TPCH	SF1	0.5557019669795409	1.7995257519698804	queries/s	SUCCESSFUL	1	555669.8669679463	555669.8669679463	555669.8669679463	555669.8669679463	555669.8669679463	555669.8669679463	555669.8669679463	555669.8669679463	1.7995257519698804	1727483836	2495377677	4713416206	1127.86	730.0	460.0	101507215	17477124		ok	cpu/event=0xc0,cmask=1,inv=1/		/home/seunghyun/ycsb/.cache/duckdb_tpch/tpch_sf1.duckdb	/home/seunghyun/ycsb/results/chiplet_duckdb_tpch_sf1_single_thread_q21_madracks-mnode5_20260314T231814Z_2017190/runs/duckdb_tpch/chiplet_x7/inst78/load.stdout.log	/home/seunghyun/ycsb/results/chiplet_duckdb_tpch_sf1_single_thread_q21_madracks-mnode5_20260314T231814Z_2017190/runs/duckdb_tpch/chiplet_x7/inst78/load.stderr.log	/home/seunghyun/ycsb/results/chiplet_duckdb_tpch_sf1_single_thread_q21_madracks-mnode5_20260314T231814Z_2017190/runs/duckdb_tpch/chiplet_x7/inst78/run.stdout.log	/home/seunghyun/ycsb/results/chiplet_duckdb_tpch_sf1_single_thread_q21_madracks-mnode5_20260314T231814Z_2017190/runs/duckdb_tpch/chiplet_x7/inst78/run.stderr.log	/home/seunghyun/ycsb/results/chiplet_duckdb_tpch_sf1_single_thread_q21_madracks-mnode5_20260314T231814Z_2017190/runs/duckdb_tpch/chiplet_x7/inst78/perf.stat	/home/seunghyun/ycsb/results/chiplet_duckdb_tpch_sf1_single_thread_q21_madracks-mnode5_20260314T231814Z_2017190/runs/duckdb_tpch/chiplet_x7/inst78/time.txt		/home/seunghyun/ycsb/results/chiplet_duckdb_tpch_sf1_single_thread_q21_madracks-mnode5_20260314T231814Z_2017190/runs/duckdb_tpch/chiplet_x7
2026-03-14T23:18:22Z	madracks-mnode5	amd	duckdb_tpch	analytic	per_instance_external	NO_RETIRED_INST_CYCLES	user	chiplet_x7	84	79	79	79	0	0	1	False				1						Q21	DUCKDB_TPCH	SF1	0.555635977012571	1.7997394721929167	queries/s	SUCCESSFUL	1	555594.2580103874	555594.2580103874	555594.2580103874	555594.2580103874	555594.2580103874	555594.2580103874	555594.2580103874	555594.2580103874	1.7997394721929167	1746984327	2514966312	4712685443	1128.08	730.0	460.0	100022985	16871595		ok	cpu/event=0xc0,cmask=1,inv=1/		/home/seunghyun/ycsb/.cache/duckdb_tpch/tpch_sf1.duckdb	/home/seunghyun/ycsb/results/chiplet_duckdb_tpch_sf1_single_thread_q21_madracks-mnode5_20260314T231814Z_2017190/runs/duckdb_tpch/chiplet_x7/inst79/load.stdout.log	/home/seunghyun/ycsb/results/chiplet_duckdb_tpch_sf1_single_thread_q21_madracks-mnode5_20260314T231814Z_2017190/runs/duckdb_tpch/chiplet_x7/inst79/load.stderr.log	/home/seunghyun/ycsb/results/chiplet_duckdb_tpch_sf1_single_thread_q21_madracks-mnode5_20260314T231814Z_2017190/runs/duckdb_tpch/chiplet_x7/inst79/run.stdout.log	/home/seunghyun/ycsb/results/chiplet_duckdb_tpch_sf1_single_thread_q21_madracks-mnode5_20260314T231814Z_2017190/runs/duckdb_tpch/chiplet_x7/inst79/run.stderr.log	/home/seunghyun/ycsb/results/chiplet_duckdb_tpch_sf1_single_thread_q21_madracks-mnode5_20260314T231814Z_2017190/runs/duckdb_tpch/chiplet_x7/inst79/perf.stat	/home/seunghyun/ycsb/results/chiplet_duckdb_tpch_sf1_single_thread_q21_madracks-mnode5_20260314T231814Z_2017190/runs/duckdb_tpch/chiplet_x7/inst79/time.txt		/home/seunghyun/ycsb/results/chiplet_duckdb_tpch_sf1_single_thread_q21_madracks-mnode5_20260314T231814Z_2017190/runs/duckdb_tpch/chiplet_x7
2026-03-14T23:18:22Z	madracks-mnode5	amd	duckdb_tpch	analytic	per_instance_external	NO_RETIRED_INST_CYCLES	user	chiplet_x7	84	80	80	80	0	0	1	False				1						Q21	DUCKDB_TPCH	SF1	0.5553508009761572	1.8006636494307189	queries/s	SUCCESSFUL	1	555318.9420024864	555318.9420024864	555318.9420024864	555318.9420024864	555318.9420024864	555318.9420024864	555318.9420024864	555318.9420024864	1.8006636494307189	1776910606	2545020107	4715594180	1143.77	670.0	520.0	101282677	17033387		ok	cpu/event=0xc0,cmask=1,inv=1/		/home/seunghyun/ycsb/.cache/duckdb_tpch/tpch_sf1.duckdb	/home/seunghyun/ycsb/results/chiplet_duckdb_tpch_sf1_single_thread_q21_madracks-mnode5_20260314T231814Z_2017190/runs/duckdb_tpch/chiplet_x7/inst80/load.stdout.log	/home/seunghyun/ycsb/results/chiplet_duckdb_tpch_sf1_single_thread_q21_madracks-mnode5_20260314T231814Z_2017190/runs/duckdb_tpch/chiplet_x7/inst80/load.stderr.log	/home/seunghyun/ycsb/results/chiplet_duckdb_tpch_sf1_single_thread_q21_madracks-mnode5_20260314T231814Z_2017190/runs/duckdb_tpch/chiplet_x7/inst80/run.stdout.log	/home/seunghyun/ycsb/results/chiplet_duckdb_tpch_sf1_single_thread_q21_madracks-mnode5_20260314T231814Z_2017190/runs/duckdb_tpch/chiplet_x7/inst80/run.stderr.log	/home/seunghyun/ycsb/results/chiplet_duckdb_tpch_sf1_single_thread_q21_madracks-mnode5_20260314T231814Z_2017190/runs/duckdb_tpch/chiplet_x7/inst80/perf.stat	/home/seunghyun/ycsb/results/chiplet_duckdb_tpch_sf1_single_thread_q21_madracks-mnode5_20260314T231814Z_2017190/runs/duckdb_tpch/chiplet_x7/inst80/time.txt		/home/seunghyun/ycsb/results/chiplet_duckdb_tpch_sf1_single_thread_q21_madracks-mnode5_20260314T231814Z_2017190/runs/duckdb_tpch/chiplet_x7
2026-03-14T23:18:22Z	madracks-mnode5	amd	duckdb_tpch	analytic	per_instance_external	NO_RETIRED_INST_CYCLES	user	chiplet_x7	84	81	81	81	0	0	1	False				1						Q21	DUCKDB_TPCH	SF1	0.5590243540355004	1.7888308313961143	queries/s	SUCCESSFUL	1	558992.4049563706	558992.4049563706	558992.4049563706	558992.4049563706	558992.4049563706	558992.4049563706	558992.4049563706	558992.4049563706	1.7888308313961143	1712387441	2480765497	4716715998	1122.29	730.0	450.0	101342835	17271534		ok	cpu/event=0xc0,cmask=1,inv=1/		/home/seunghyun/ycsb/.cache/duckdb_tpch/tpch_sf1.duckdb	/home/seunghyun/ycsb/results/chiplet_duckdb_tpch_sf1_single_thread_q21_madracks-mnode5_20260314T231814Z_2017190/runs/duckdb_tpch/chiplet_x7/inst81/load.stdout.log	/home/seunghyun/ycsb/results/chiplet_duckdb_tpch_sf1_single_thread_q21_madracks-mnode5_20260314T231814Z_2017190/runs/duckdb_tpch/chiplet_x7/inst81/load.stderr.log	/home/seunghyun/ycsb/results/chiplet_duckdb_tpch_sf1_single_thread_q21_madracks-mnode5_20260314T231814Z_2017190/runs/duckdb_tpch/chiplet_x7/inst81/run.stdout.log	/home/seunghyun/ycsb/results/chiplet_duckdb_tpch_sf1_single_thread_q21_madracks-mnode5_20260314T231814Z_2017190/runs/duckdb_tpch/chiplet_x7/inst81/run.stderr.log	/home/seunghyun/ycsb/results/chiplet_duckdb_tpch_sf1_single_thread_q21_madracks-mnode5_20260314T231814Z_2017190/runs/duckdb_tpch/chiplet_x7/inst81/perf.stat	/home/seunghyun/ycsb/results/chiplet_duckdb_tpch_sf1_single_thread_q21_madracks-mnode5_20260314T231814Z_2017190/runs/duckdb_tpch/chiplet_x7/inst81/time.txt		/home/seunghyun/ycsb/results/chiplet_duckdb_tpch_sf1_single_thread_q21_madracks-mnode5_20260314T231814Z_2017190/runs/duckdb_tpch/chiplet_x7
2026-03-14T23:18:22Z	madracks-mnode5	amd	duckdb_tpch	analytic	per_instance_external	NO_RETIRED_INST_CYCLES	user	chiplet_x7	84	82	82	82	0	0	1	False				1						Q21	DUCKDB_TPCH	SF1	0.5434025529539213	1.840256352429755	queries/s	SUCCESSFUL	1	543362.683034502	543362.683034502	543362.683034502	543362.683034502	543362.683034502	543362.683034502	543362.683034502	543362.683034502	1.840256352429755	1729462368	2496154597	4714942518	1121.08	650.0	520.0	101388746	17231031		ok	cpu/event=0xc0,cmask=1,inv=1/		/home/seunghyun/ycsb/.cache/duckdb_tpch/tpch_sf1.duckdb	/home/seunghyun/ycsb/results/chiplet_duckdb_tpch_sf1_single_thread_q21_madracks-mnode5_20260314T231814Z_2017190/runs/duckdb_tpch/chiplet_x7/inst82/load.stdout.log	/home/seunghyun/ycsb/results/chiplet_duckdb_tpch_sf1_single_thread_q21_madracks-mnode5_20260314T231814Z_2017190/runs/duckdb_tpch/chiplet_x7/inst82/load.stderr.log	/home/seunghyun/ycsb/results/chiplet_duckdb_tpch_sf1_single_thread_q21_madracks-mnode5_20260314T231814Z_2017190/runs/duckdb_tpch/chiplet_x7/inst82/run.stdout.log	/home/seunghyun/ycsb/results/chiplet_duckdb_tpch_sf1_single_thread_q21_madracks-mnode5_20260314T231814Z_2017190/runs/duckdb_tpch/chiplet_x7/inst82/run.stderr.log	/home/seunghyun/ycsb/results/chiplet_duckdb_tpch_sf1_single_thread_q21_madracks-mnode5_20260314T231814Z_2017190/runs/duckdb_tpch/chiplet_x7/inst82/perf.stat	/home/seunghyun/ycsb/results/chiplet_duckdb_tpch_sf1_single_thread_q21_madracks-mnode5_20260314T231814Z_2017190/runs/duckdb_tpch/chiplet_x7/inst82/time.txt		/home/seunghyun/ycsb/results/chiplet_duckdb_tpch_sf1_single_thread_q21_madracks-mnode5_20260314T231814Z_2017190/runs/duckdb_tpch/chiplet_x7
2026-03-14T23:18:22Z	madracks-mnode5	amd	duckdb_tpch	analytic	per_instance_external	NO_RETIRED_INST_CYCLES	user	chiplet_x7	84	83	83	83	0	0	1	False				1						Q21	DUCKDB_TPCH	SF1	0.5769950959947892	1.733116983041102	queries/s	SUCCESSFUL	1	576963.7459889054	576963.7459889054	576963.7459889054	576963.7459889054	576963.7459889054	576963.7459889054	576963.7459889054	576963.7459889054	1.733116983041102	1782929454	2551224943	4718973591	1144.21	720.0	500.0	100336322	16582205		ok	cpu/event=0xc0,cmask=1,inv=1/		/home/seunghyun/ycsb/.cache/duckdb_tpch/tpch_sf1.duckdb	/home/seunghyun/ycsb/results/chiplet_duckdb_tpch_sf1_single_thread_q21_madracks-mnode5_20260314T231814Z_2017190/runs/duckdb_tpch/chiplet_x7/inst83/load.stdout.log	/home/seunghyun/ycsb/results/chiplet_duckdb_tpch_sf1_single_thread_q21_madracks-mnode5_20260314T231814Z_2017190/runs/duckdb_tpch/chiplet_x7/inst83/load.stderr.log	/home/seunghyun/ycsb/results/chiplet_duckdb_tpch_sf1_single_thread_q21_madracks-mnode5_20260314T231814Z_2017190/runs/duckdb_tpch/chiplet_x7/inst83/run.stdout.log	/home/seunghyun/ycsb/results/chiplet_duckdb_tpch_sf1_single_thread_q21_madracks-mnode5_20260314T231814Z_2017190/runs/duckdb_tpch/chiplet_x7/inst83/run.stderr.log	/home/seunghyun/ycsb/results/chiplet_duckdb_tpch_sf1_single_thread_q21_madracks-mnode5_20260314T231814Z_2017190/runs/duckdb_tpch/chiplet_x7/inst83/perf.stat	/home/seunghyun/ycsb/results/chiplet_duckdb_tpch_sf1_single_thread_q21_madracks-mnode5_20260314T231814Z_2017190/runs/duckdb_tpch/chiplet_x7/inst83/time.txt		/home/seunghyun/ycsb/results/chiplet_duckdb_tpch_sf1_single_thread_q21_madracks-mnode5_20260314T231814Z_2017190/runs/duckdb_tpch/chiplet_x7
