timestamp_utc	host	arch	backend	mode	event_name	perf_scope	assignment_label	instance_count	instance_id	cpu_core	operation	operations	average_us	min_us	max_us	p50_us	p95_us	p99_us	p99_9_us	p99_99_us	status	run_stdout_log	result_dir
2026-03-14T06:05:25Z	madracks-mnode5	amd	rocksdb	embedded	NO_RETIRED_INST_CYCLES	user	chiplet_x1	12	0	0	READ	1000000	13.700691	1.0	19215.0	11.0	27.0	34.0	45.0	4057.0	ok	/home/seunghyun/ycsb/results/chiplet_ycsb_256mib_madracks-mnode5_20260314T060453Z_1429430/runs/rocksdb/chiplet_x1/inst00/run.stdout.log	/home/seunghyun/ycsb/results/chiplet_ycsb_256mib_madracks-mnode5_20260314T060453Z_1429430/runs/rocksdb/chiplet_x1
2026-03-14T06:05:25Z	madracks-mnode5	amd	rocksdb	embedded	NO_RETIRED_INST_CYCLES	user	chiplet_x1	12	0	0	CLEANUP	1	27192.0	27184.0	27199.0	27199.0	27199.0	27199.0	27199.0	27199.0	ok	/home/seunghyun/ycsb/results/chiplet_ycsb_256mib_madracks-mnode5_20260314T060453Z_1429430/runs/rocksdb/chiplet_x1/inst00/run.stdout.log	/home/seunghyun/ycsb/results/chiplet_ycsb_256mib_madracks-mnode5_20260314T060453Z_1429430/runs/rocksdb/chiplet_x1
2026-03-14T06:05:25Z	madracks-mnode5	amd	rocksdb	embedded	NO_RETIRED_INST_CYCLES	user	chiplet_x1	12	1	7	READ	1000000	13.987306	1.0	28063.0	11.0	28.0	36.0	45.0	4077.0	ok	/home/seunghyun/ycsb/results/chiplet_ycsb_256mib_madracks-mnode5_20260314T060453Z_1429430/runs/rocksdb/chiplet_x1/inst01/run.stdout.log	/home/seunghyun/ycsb/results/chiplet_ycsb_256mib_madracks-mnode5_20260314T060453Z_1429430/runs/rocksdb/chiplet_x1
2026-03-14T06:05:25Z	madracks-mnode5	amd	rocksdb	embedded	NO_RETIRED_INST_CYCLES	user	chiplet_x1	12	1	7	CLEANUP	1	26232.0	26224.0	26239.0	26239.0	26239.0	26239.0	26239.0	26239.0	ok	/home/seunghyun/ycsb/results/chiplet_ycsb_256mib_madracks-mnode5_20260314T060453Z_1429430/runs/rocksdb/chiplet_x1/inst01/run.stdout.log	/home/seunghyun/ycsb/results/chiplet_ycsb_256mib_madracks-mnode5_20260314T060453Z_1429430/runs/rocksdb/chiplet_x1
2026-03-14T06:05:25Z	madracks-mnode5	amd	rocksdb	embedded	NO_RETIRED_INST_CYCLES	user	chiplet_x1	12	2	14	READ	1000000	13.729792	1.0	16103.0	11.0	27.0	33.0	46.0	4063.0	ok	/home/seunghyun/ycsb/results/chiplet_ycsb_256mib_madracks-mnode5_20260314T060453Z_1429430/runs/rocksdb/chiplet_x1/inst02/run.stdout.log	/home/seunghyun/ycsb/results/chiplet_ycsb_256mib_madracks-mnode5_20260314T060453Z_1429430/runs/rocksdb/chiplet_x1
2026-03-14T06:05:25Z	madracks-mnode5	amd	rocksdb	embedded	NO_RETIRED_INST_CYCLES	user	chiplet_x1	12	2	14	CLEANUP	1	26456.0	26448.0	26463.0	26463.0	26463.0	26463.0	26463.0	26463.0	ok	/home/seunghyun/ycsb/results/chiplet_ycsb_256mib_madracks-mnode5_20260314T060453Z_1429430/runs/rocksdb/chiplet_x1/inst02/run.stdout.log	/home/seunghyun/ycsb/results/chiplet_ycsb_256mib_madracks-mnode5_20260314T060453Z_1429430/runs/rocksdb/chiplet_x1
2026-03-14T06:05:25Z	madracks-mnode5	amd	rocksdb	embedded	NO_RETIRED_INST_CYCLES	user	chiplet_x1	12	3	21	READ	1000000	13.766051	1.0	16023.0	10.0	28.0	34.0	45.0	4065.0	ok	/home/seunghyun/ycsb/results/chiplet_ycsb_256mib_madracks-mnode5_20260314T060453Z_1429430/runs/rocksdb/chiplet_x1/inst03/run.stdout.log	/home/seunghyun/ycsb/results/chiplet_ycsb_256mib_madracks-mnode5_20260314T060453Z_1429430/runs/rocksdb/chiplet_x1
2026-03-14T06:05:25Z	madracks-mnode5	amd	rocksdb	embedded	NO_RETIRED_INST_CYCLES	user	chiplet_x1	12	3	21	CLEANUP	1	25208.0	25200.0	25215.0	25215.0	25215.0	25215.0	25215.0	25215.0	ok	/home/seunghyun/ycsb/results/chiplet_ycsb_256mib_madracks-mnode5_20260314T060453Z_1429430/runs/rocksdb/chiplet_x1/inst03/run.stdout.log	/home/seunghyun/ycsb/results/chiplet_ycsb_256mib_madracks-mnode5_20260314T060453Z_1429430/runs/rocksdb/chiplet_x1
2026-03-14T06:05:25Z	madracks-mnode5	amd	rocksdb	embedded	NO_RETIRED_INST_CYCLES	user	chiplet_x1	12	4	28	READ	1000000	14.131929	2.0	16047.0	11.0	28.0	36.0	46.0	5819.0	ok	/home/seunghyun/ycsb/results/chiplet_ycsb_256mib_madracks-mnode5_20260314T060453Z_1429430/runs/rocksdb/chiplet_x1/inst04/run.stdout.log	/home/seunghyun/ycsb/results/chiplet_ycsb_256mib_madracks-mnode5_20260314T060453Z_1429430/runs/rocksdb/chiplet_x1
2026-03-14T06:05:25Z	madracks-mnode5	amd	rocksdb	embedded	NO_RETIRED_INST_CYCLES	user	chiplet_x1	12	4	28	CLEANUP	1	23944.0	23936.0	23951.0	23951.0	23951.0	23951.0	23951.0	23951.0	ok	/home/seunghyun/ycsb/results/chiplet_ycsb_256mib_madracks-mnode5_20260314T060453Z_1429430/runs/rocksdb/chiplet_x1/inst04/run.stdout.log	/home/seunghyun/ycsb/results/chiplet_ycsb_256mib_madracks-mnode5_20260314T060453Z_1429430/runs/rocksdb/chiplet_x1
2026-03-14T06:05:25Z	madracks-mnode5	amd	rocksdb	embedded	NO_RETIRED_INST_CYCLES	user	chiplet_x1	12	5	35	READ	1000000	14.022286	1.0	24927.0	11.0	28.0	36.0	45.0	4063.0	ok	/home/seunghyun/ycsb/results/chiplet_ycsb_256mib_madracks-mnode5_20260314T060453Z_1429430/runs/rocksdb/chiplet_x1/inst05/run.stdout.log	/home/seunghyun/ycsb/results/chiplet_ycsb_256mib_madracks-mnode5_20260314T060453Z_1429430/runs/rocksdb/chiplet_x1
2026-03-14T06:05:25Z	madracks-mnode5	amd	rocksdb	embedded	NO_RETIRED_INST_CYCLES	user	chiplet_x1	12	5	35	CLEANUP	1	24840.0	24832.0	24847.0	24847.0	24847.0	24847.0	24847.0	24847.0	ok	/home/seunghyun/ycsb/results/chiplet_ycsb_256mib_madracks-mnode5_20260314T060453Z_1429430/runs/rocksdb/chiplet_x1/inst05/run.stdout.log	/home/seunghyun/ycsb/results/chiplet_ycsb_256mib_madracks-mnode5_20260314T060453Z_1429430/runs/rocksdb/chiplet_x1
2026-03-14T06:05:25Z	madracks-mnode5	amd	rocksdb	embedded	NO_RETIRED_INST_CYCLES	user	chiplet_x1	12	6	42	READ	1000000	14.03611	1.0	20687.0	10.0	28.0	35.0	45.0	4075.0	ok	/home/seunghyun/ycsb/results/chiplet_ycsb_256mib_madracks-mnode5_20260314T060453Z_1429430/runs/rocksdb/chiplet_x1/inst06/run.stdout.log	/home/seunghyun/ycsb/results/chiplet_ycsb_256mib_madracks-mnode5_20260314T060453Z_1429430/runs/rocksdb/chiplet_x1
2026-03-14T06:05:25Z	madracks-mnode5	amd	rocksdb	embedded	NO_RETIRED_INST_CYCLES	user	chiplet_x1	12	6	42	CLEANUP	1	26696.0	26688.0	26703.0	26703.0	26703.0	26703.0	26703.0	26703.0	ok	/home/seunghyun/ycsb/results/chiplet_ycsb_256mib_madracks-mnode5_20260314T060453Z_1429430/runs/rocksdb/chiplet_x1/inst06/run.stdout.log	/home/seunghyun/ycsb/results/chiplet_ycsb_256mib_madracks-mnode5_20260314T060453Z_1429430/runs/rocksdb/chiplet_x1
2026-03-14T06:05:25Z	madracks-mnode5	amd	rocksdb	embedded	NO_RETIRED_INST_CYCLES	user	chiplet_x1	12	7	49	READ	1000000	14.026367	1.0	20079.0	11.0	28.0	36.0	46.0	4063.0	ok	/home/seunghyun/ycsb/results/chiplet_ycsb_256mib_madracks-mnode5_20260314T060453Z_1429430/runs/rocksdb/chiplet_x1/inst07/run.stdout.log	/home/seunghyun/ycsb/results/chiplet_ycsb_256mib_madracks-mnode5_20260314T060453Z_1429430/runs/rocksdb/chiplet_x1
2026-03-14T06:05:25Z	madracks-mnode5	amd	rocksdb	embedded	NO_RETIRED_INST_CYCLES	user	chiplet_x1	12	7	49	CLEANUP	1	24888.0	24880.0	24895.0	24895.0	24895.0	24895.0	24895.0	24895.0	ok	/home/seunghyun/ycsb/results/chiplet_ycsb_256mib_madracks-mnode5_20260314T060453Z_1429430/runs/rocksdb/chiplet_x1/inst07/run.stdout.log	/home/seunghyun/ycsb/results/chiplet_ycsb_256mib_madracks-mnode5_20260314T060453Z_1429430/runs/rocksdb/chiplet_x1
2026-03-14T06:05:25Z	madracks-mnode5	amd	rocksdb	embedded	NO_RETIRED_INST_CYCLES	user	chiplet_x1	12	8	56	READ	1000000	13.690063	1.0	16063.0	10.0	24.0	33.0	45.0	4061.0	ok	/home/seunghyun/ycsb/results/chiplet_ycsb_256mib_madracks-mnode5_20260314T060453Z_1429430/runs/rocksdb/chiplet_x1/inst08/run.stdout.log	/home/seunghyun/ycsb/results/chiplet_ycsb_256mib_madracks-mnode5_20260314T060453Z_1429430/runs/rocksdb/chiplet_x1
2026-03-14T06:05:25Z	madracks-mnode5	amd	rocksdb	embedded	NO_RETIRED_INST_CYCLES	user	chiplet_x1	12	8	56	CLEANUP	1	27304.0	27296.0	27311.0	27311.0	27311.0	27311.0	27311.0	27311.0	ok	/home/seunghyun/ycsb/results/chiplet_ycsb_256mib_madracks-mnode5_20260314T060453Z_1429430/runs/rocksdb/chiplet_x1/inst08/run.stdout.log	/home/seunghyun/ycsb/results/chiplet_ycsb_256mib_madracks-mnode5_20260314T060453Z_1429430/runs/rocksdb/chiplet_x1
2026-03-14T06:05:25Z	madracks-mnode5	amd	rocksdb	embedded	NO_RETIRED_INST_CYCLES	user	chiplet_x1	12	9	63	READ	1000000	13.950504	1.0	20095.0	10.0	28.0	36.0	46.0	4063.0	ok	/home/seunghyun/ycsb/results/chiplet_ycsb_256mib_madracks-mnode5_20260314T060453Z_1429430/runs/rocksdb/chiplet_x1/inst09/run.stdout.log	/home/seunghyun/ycsb/results/chiplet_ycsb_256mib_madracks-mnode5_20260314T060453Z_1429430/runs/rocksdb/chiplet_x1
2026-03-14T06:05:25Z	madracks-mnode5	amd	rocksdb	embedded	NO_RETIRED_INST_CYCLES	user	chiplet_x1	12	9	63	CLEANUP	1	26552.0	26544.0	26559.0	26559.0	26559.0	26559.0	26559.0	26559.0	ok	/home/seunghyun/ycsb/results/chiplet_ycsb_256mib_madracks-mnode5_20260314T060453Z_1429430/runs/rocksdb/chiplet_x1/inst09/run.stdout.log	/home/seunghyun/ycsb/results/chiplet_ycsb_256mib_madracks-mnode5_20260314T060453Z_1429430/runs/rocksdb/chiplet_x1
2026-03-14T06:05:25Z	madracks-mnode5	amd	rocksdb	embedded	NO_RETIRED_INST_CYCLES	user	chiplet_x1	12	10	70	READ	1000000	13.588581	2.0	12103.0	10.0	27.0	33.0	45.0	4061.0	ok	/home/seunghyun/ycsb/results/chiplet_ycsb_256mib_madracks-mnode5_20260314T060453Z_1429430/runs/rocksdb/chiplet_x1/inst10/run.stdout.log	/home/seunghyun/ycsb/results/chiplet_ycsb_256mib_madracks-mnode5_20260314T060453Z_1429430/runs/rocksdb/chiplet_x1
2026-03-14T06:05:25Z	madracks-mnode5	amd	rocksdb	embedded	NO_RETIRED_INST_CYCLES	user	chiplet_x1	12	10	70	CLEANUP	1	26264.0	26256.0	26271.0	26271.0	26271.0	26271.0	26271.0	26271.0	ok	/home/seunghyun/ycsb/results/chiplet_ycsb_256mib_madracks-mnode5_20260314T060453Z_1429430/runs/rocksdb/chiplet_x1/inst10/run.stdout.log	/home/seunghyun/ycsb/results/chiplet_ycsb_256mib_madracks-mnode5_20260314T060453Z_1429430/runs/rocksdb/chiplet_x1
2026-03-14T06:05:25Z	madracks-mnode5	amd	rocksdb	embedded	NO_RETIRED_INST_CYCLES	user	chiplet_x1	12	11	77	READ	1000000	14.060312	1.0	16055.0	11.0	28.0	34.0	45.0	5639.0	ok	/home/seunghyun/ycsb/results/chiplet_ycsb_256mib_madracks-mnode5_20260314T060453Z_1429430/runs/rocksdb/chiplet_x1/inst11/run.stdout.log	/home/seunghyun/ycsb/results/chiplet_ycsb_256mib_madracks-mnode5_20260314T060453Z_1429430/runs/rocksdb/chiplet_x1
2026-03-14T06:05:25Z	madracks-mnode5	amd	rocksdb	embedded	NO_RETIRED_INST_CYCLES	user	chiplet_x1	12	11	77	CLEANUP	1	24040.0	24032.0	24047.0	24047.0	24047.0	24047.0	24047.0	24047.0	ok	/home/seunghyun/ycsb/results/chiplet_ycsb_256mib_madracks-mnode5_20260314T060453Z_1429430/runs/rocksdb/chiplet_x1/inst11/run.stdout.log	/home/seunghyun/ycsb/results/chiplet_ycsb_256mib_madracks-mnode5_20260314T060453Z_1429430/runs/rocksdb/chiplet_x1
2026-03-14T06:06:10Z	madracks-mnode5	amd	rocksdb	embedded	NO_RETIRED_INST_CYCLES	user	chiplet_x2	24	0	0	READ	1000000	14.96848	1.0	21231.0	11.0	30.0	37.0	58.0	4065.0	ok	/home/seunghyun/ycsb/results/chiplet_ycsb_256mib_madracks-mnode5_20260314T060453Z_1429430/runs/rocksdb/chiplet_x2/inst00/run.stdout.log	/home/seunghyun/ycsb/results/chiplet_ycsb_256mib_madracks-mnode5_20260314T060453Z_1429430/runs/rocksdb/chiplet_x2
2026-03-14T06:06:10Z	madracks-mnode5	amd	rocksdb	embedded	NO_RETIRED_INST_CYCLES	user	chiplet_x2	24	0	0	CLEANUP	1	33808.0	33792.0	33823.0	33823.0	33823.0	33823.0	33823.0	33823.0	ok	/home/seunghyun/ycsb/results/chiplet_ycsb_256mib_madracks-mnode5_20260314T060453Z_1429430/runs/rocksdb/chiplet_x2/inst00/run.stdout.log	/home/seunghyun/ycsb/results/chiplet_ycsb_256mib_madracks-mnode5_20260314T060453Z_1429430/runs/rocksdb/chiplet_x2
2026-03-14T06:06:10Z	madracks-mnode5	amd	rocksdb	embedded	NO_RETIRED_INST_CYCLES	user	chiplet_x2	24	1	1	READ	1000000	14.279073	1.0	20767.0	11.0	29.0	36.0	49.0	4067.0	ok	/home/seunghyun/ycsb/results/chiplet_ycsb_256mib_madracks-mnode5_20260314T060453Z_1429430/runs/rocksdb/chiplet_x2/inst01/run.stdout.log	/home/seunghyun/ycsb/results/chiplet_ycsb_256mib_madracks-mnode5_20260314T060453Z_1429430/runs/rocksdb/chiplet_x2
2026-03-14T06:06:10Z	madracks-mnode5	amd	rocksdb	embedded	NO_RETIRED_INST_CYCLES	user	chiplet_x2	24	1	1	CLEANUP	1	25320.0	25312.0	25327.0	25327.0	25327.0	25327.0	25327.0	25327.0	ok	/home/seunghyun/ycsb/results/chiplet_ycsb_256mib_madracks-mnode5_20260314T060453Z_1429430/runs/rocksdb/chiplet_x2/inst01/run.stdout.log	/home/seunghyun/ycsb/results/chiplet_ycsb_256mib_madracks-mnode5_20260314T060453Z_1429430/runs/rocksdb/chiplet_x2
2026-03-14T06:06:10Z	madracks-mnode5	amd	rocksdb	embedded	NO_RETIRED_INST_CYCLES	user	chiplet_x2	24	2	7	READ	1000000	14.772413	1.0	18207.0	11.0	29.0	37.0	53.0	4059.0	ok	/home/seunghyun/ycsb/results/chiplet_ycsb_256mib_madracks-mnode5_20260314T060453Z_1429430/runs/rocksdb/chiplet_x2/inst02/run.stdout.log	/home/seunghyun/ycsb/results/chiplet_ycsb_256mib_madracks-mnode5_20260314T060453Z_1429430/runs/rocksdb/chiplet_x2
2026-03-14T06:06:10Z	madracks-mnode5	amd	rocksdb	embedded	NO_RETIRED_INST_CYCLES	user	chiplet_x2	24	2	7	CLEANUP	1	25544.0	25536.0	25551.0	25551.0	25551.0	25551.0	25551.0	25551.0	ok	/home/seunghyun/ycsb/results/chiplet_ycsb_256mib_madracks-mnode5_20260314T060453Z_1429430/runs/rocksdb/chiplet_x2/inst02/run.stdout.log	/home/seunghyun/ycsb/results/chiplet_ycsb_256mib_madracks-mnode5_20260314T060453Z_1429430/runs/rocksdb/chiplet_x2
2026-03-14T06:06:10Z	madracks-mnode5	amd	rocksdb	embedded	NO_RETIRED_INST_CYCLES	user	chiplet_x2	24	3	8	READ	1000000	14.497621	1.0	16071.0	11.0	29.0	36.0	48.0	4583.0	ok	/home/seunghyun/ycsb/results/chiplet_ycsb_256mib_madracks-mnode5_20260314T060453Z_1429430/runs/rocksdb/chiplet_x2/inst03/run.stdout.log	/home/seunghyun/ycsb/results/chiplet_ycsb_256mib_madracks-mnode5_20260314T060453Z_1429430/runs/rocksdb/chiplet_x2
2026-03-14T06:06:10Z	madracks-mnode5	amd	rocksdb	embedded	NO_RETIRED_INST_CYCLES	user	chiplet_x2	24	3	8	CLEANUP	1	25912.0	25904.0	25919.0	25919.0	25919.0	25919.0	25919.0	25919.0	ok	/home/seunghyun/ycsb/results/chiplet_ycsb_256mib_madracks-mnode5_20260314T060453Z_1429430/runs/rocksdb/chiplet_x2/inst03/run.stdout.log	/home/seunghyun/ycsb/results/chiplet_ycsb_256mib_madracks-mnode5_20260314T060453Z_1429430/runs/rocksdb/chiplet_x2
2026-03-14T06:06:10Z	madracks-mnode5	amd	rocksdb	embedded	NO_RETIRED_INST_CYCLES	user	chiplet_x2	24	4	14	READ	1000000	14.706777	1.0	20063.0	11.0	29.0	37.0	55.0	4063.0	ok	/home/seunghyun/ycsb/results/chiplet_ycsb_256mib_madracks-mnode5_20260314T060453Z_1429430/runs/rocksdb/chiplet_x2/inst04/run.stdout.log	/home/seunghyun/ycsb/results/chiplet_ycsb_256mib_madracks-mnode5_20260314T060453Z_1429430/runs/rocksdb/chiplet_x2
2026-03-14T06:06:10Z	madracks-mnode5	amd	rocksdb	embedded	NO_RETIRED_INST_CYCLES	user	chiplet_x2	24	4	14	CLEANUP	1	26088.0	26080.0	26095.0	26095.0	26095.0	26095.0	26095.0	26095.0	ok	/home/seunghyun/ycsb/results/chiplet_ycsb_256mib_madracks-mnode5_20260314T060453Z_1429430/runs/rocksdb/chiplet_x2/inst04/run.stdout.log	/home/seunghyun/ycsb/results/chiplet_ycsb_256mib_madracks-mnode5_20260314T060453Z_1429430/runs/rocksdb/chiplet_x2
2026-03-14T06:06:10Z	madracks-mnode5	amd	rocksdb	embedded	NO_RETIRED_INST_CYCLES	user	chiplet_x2	24	5	15	READ	1000000	14.963022	1.0	18047.0	11.0	29.0	37.0	56.0	4057.0	ok	/home/seunghyun/ycsb/results/chiplet_ycsb_256mib_madracks-mnode5_20260314T060453Z_1429430/runs/rocksdb/chiplet_x2/inst05/run.stdout.log	/home/seunghyun/ycsb/results/chiplet_ycsb_256mib_madracks-mnode5_20260314T060453Z_1429430/runs/rocksdb/chiplet_x2
2026-03-14T06:06:10Z	madracks-mnode5	amd	rocksdb	embedded	NO_RETIRED_INST_CYCLES	user	chiplet_x2	24	5	15	CLEANUP	1	36912.0	36896.0	36927.0	36927.0	36927.0	36927.0	36927.0	36927.0	ok	/home/seunghyun/ycsb/results/chiplet_ycsb_256mib_madracks-mnode5_20260314T060453Z_1429430/runs/rocksdb/chiplet_x2/inst05/run.stdout.log	/home/seunghyun/ycsb/results/chiplet_ycsb_256mib_madracks-mnode5_20260314T060453Z_1429430/runs/rocksdb/chiplet_x2
2026-03-14T06:06:10Z	madracks-mnode5	amd	rocksdb	embedded	NO_RETIRED_INST_CYCLES	user	chiplet_x2	24	6	21	READ	1000000	14.358563	1.0	24863.0	10.0	29.0	37.0	51.0	4303.0	ok	/home/seunghyun/ycsb/results/chiplet_ycsb_256mib_madracks-mnode5_20260314T060453Z_1429430/runs/rocksdb/chiplet_x2/inst06/run.stdout.log	/home/seunghyun/ycsb/results/chiplet_ycsb_256mib_madracks-mnode5_20260314T060453Z_1429430/runs/rocksdb/chiplet_x2
2026-03-14T06:06:10Z	madracks-mnode5	amd	rocksdb	embedded	NO_RETIRED_INST_CYCLES	user	chiplet_x2	24	6	21	CLEANUP	1	26600.0	26592.0	26607.0	26607.0	26607.0	26607.0	26607.0	26607.0	ok	/home/seunghyun/ycsb/results/chiplet_ycsb_256mib_madracks-mnode5_20260314T060453Z_1429430/runs/rocksdb/chiplet_x2/inst06/run.stdout.log	/home/seunghyun/ycsb/results/chiplet_ycsb_256mib_madracks-mnode5_20260314T060453Z_1429430/runs/rocksdb/chiplet_x2
2026-03-14T06:06:10Z	madracks-mnode5	amd	rocksdb	embedded	NO_RETIRED_INST_CYCLES	user	chiplet_x2	24	7	22	READ	1000000	14.868961	1.0	12111.0	11.0	30.0	37.0	54.0	4057.0	ok	/home/seunghyun/ycsb/results/chiplet_ycsb_256mib_madracks-mnode5_20260314T060453Z_1429430/runs/rocksdb/chiplet_x2/inst07/run.stdout.log	/home/seunghyun/ycsb/results/chiplet_ycsb_256mib_madracks-mnode5_20260314T060453Z_1429430/runs/rocksdb/chiplet_x2
2026-03-14T06:06:10Z	madracks-mnode5	amd	rocksdb	embedded	NO_RETIRED_INST_CYCLES	user	chiplet_x2	24	7	22	CLEANUP	1	31576.0	31568.0	31583.0	31583.0	31583.0	31583.0	31583.0	31583.0	ok	/home/seunghyun/ycsb/results/chiplet_ycsb_256mib_madracks-mnode5_20260314T060453Z_1429430/runs/rocksdb/chiplet_x2/inst07/run.stdout.log	/home/seunghyun/ycsb/results/chiplet_ycsb_256mib_madracks-mnode5_20260314T060453Z_1429430/runs/rocksdb/chiplet_x2
2026-03-14T06:06:10Z	madracks-mnode5	amd	rocksdb	embedded	NO_RETIRED_INST_CYCLES	user	chiplet_x2	24	8	28	READ	1000000	14.857314	1.0	22863.0	11.0	29.0	37.0	57.0	4067.0	ok	/home/seunghyun/ycsb/results/chiplet_ycsb_256mib_madracks-mnode5_20260314T060453Z_1429430/runs/rocksdb/chiplet_x2/inst08/run.stdout.log	/home/seunghyun/ycsb/results/chiplet_ycsb_256mib_madracks-mnode5_20260314T060453Z_1429430/runs/rocksdb/chiplet_x2
2026-03-14T06:06:10Z	madracks-mnode5	amd	rocksdb	embedded	NO_RETIRED_INST_CYCLES	user	chiplet_x2	24	8	28	CLEANUP	1	28584.0	28576.0	28591.0	28591.0	28591.0	28591.0	28591.0	28591.0	ok	/home/seunghyun/ycsb/results/chiplet_ycsb_256mib_madracks-mnode5_20260314T060453Z_1429430/runs/rocksdb/chiplet_x2/inst08/run.stdout.log	/home/seunghyun/ycsb/results/chiplet_ycsb_256mib_madracks-mnode5_20260314T060453Z_1429430/runs/rocksdb/chiplet_x2
2026-03-14T06:06:10Z	madracks-mnode5	amd	rocksdb	embedded	NO_RETIRED_INST_CYCLES	user	chiplet_x2	24	9	29	READ	1000000	15.041693	1.0	20127.0	11.0	30.0	37.0	58.0	4057.0	ok	/home/seunghyun/ycsb/results/chiplet_ycsb_256mib_madracks-mnode5_20260314T060453Z_1429430/runs/rocksdb/chiplet_x2/inst09/run.stdout.log	/home/seunghyun/ycsb/results/chiplet_ycsb_256mib_madracks-mnode5_20260314T060453Z_1429430/runs/rocksdb/chiplet_x2
2026-03-14T06:06:10Z	madracks-mnode5	amd	rocksdb	embedded	NO_RETIRED_INST_CYCLES	user	chiplet_x2	24	9	29	CLEANUP	1	41200.0	41184.0	41215.0	41215.0	41215.0	41215.0	41215.0	41215.0	ok	/home/seunghyun/ycsb/results/chiplet_ycsb_256mib_madracks-mnode5_20260314T060453Z_1429430/runs/rocksdb/chiplet_x2/inst09/run.stdout.log	/home/seunghyun/ycsb/results/chiplet_ycsb_256mib_madracks-mnode5_20260314T060453Z_1429430/runs/rocksdb/chiplet_x2
2026-03-14T06:06:10Z	madracks-mnode5	amd	rocksdb	embedded	NO_RETIRED_INST_CYCLES	user	chiplet_x2	24	10	35	READ	1000000	14.859602	2.0	20095.0	11.0	29.0	37.0	52.0	4061.0	ok	/home/seunghyun/ycsb/results/chiplet_ycsb_256mib_madracks-mnode5_20260314T060453Z_1429430/runs/rocksdb/chiplet_x2/inst10/run.stdout.log	/home/seunghyun/ycsb/results/chiplet_ycsb_256mib_madracks-mnode5_20260314T060453Z_1429430/runs/rocksdb/chiplet_x2
2026-03-14T06:06:10Z	madracks-mnode5	amd	rocksdb	embedded	NO_RETIRED_INST_CYCLES	user	chiplet_x2	24	10	35	CLEANUP	1	32880.0	32864.0	32895.0	32895.0	32895.0	32895.0	32895.0	32895.0	ok	/home/seunghyun/ycsb/results/chiplet_ycsb_256mib_madracks-mnode5_20260314T060453Z_1429430/runs/rocksdb/chiplet_x2/inst10/run.stdout.log	/home/seunghyun/ycsb/results/chiplet_ycsb_256mib_madracks-mnode5_20260314T060453Z_1429430/runs/rocksdb/chiplet_x2
2026-03-14T06:06:10Z	madracks-mnode5	amd	rocksdb	embedded	NO_RETIRED_INST_CYCLES	user	chiplet_x2	24	11	36	READ	1000000	14.603495	1.0	21439.0	11.0	29.0	37.0	55.0	4059.0	ok	/home/seunghyun/ycsb/results/chiplet_ycsb_256mib_madracks-mnode5_20260314T060453Z_1429430/runs/rocksdb/chiplet_x2/inst11/run.stdout.log	/home/seunghyun/ycsb/results/chiplet_ycsb_256mib_madracks-mnode5_20260314T060453Z_1429430/runs/rocksdb/chiplet_x2
2026-03-14T06:06:10Z	madracks-mnode5	amd	rocksdb	embedded	NO_RETIRED_INST_CYCLES	user	chiplet_x2	24	11	36	CLEANUP	1	26024.0	26016.0	26031.0	26031.0	26031.0	26031.0	26031.0	26031.0	ok	/home/seunghyun/ycsb/results/chiplet_ycsb_256mib_madracks-mnode5_20260314T060453Z_1429430/runs/rocksdb/chiplet_x2/inst11/run.stdout.log	/home/seunghyun/ycsb/results/chiplet_ycsb_256mib_madracks-mnode5_20260314T060453Z_1429430/runs/rocksdb/chiplet_x2
2026-03-14T06:06:10Z	madracks-mnode5	amd	rocksdb	embedded	NO_RETIRED_INST_CYCLES	user	chiplet_x2	24	12	42	READ	1000000	14.874022	1.0	16103.0	11.0	29.0	37.0	53.0	4061.0	ok	/home/seunghyun/ycsb/results/chiplet_ycsb_256mib_madracks-mnode5_20260314T060453Z_1429430/runs/rocksdb/chiplet_x2/inst12/run.stdout.log	/home/seunghyun/ycsb/results/chiplet_ycsb_256mib_madracks-mnode5_20260314T060453Z_1429430/runs/rocksdb/chiplet_x2
2026-03-14T06:06:10Z	madracks-mnode5	amd	rocksdb	embedded	NO_RETIRED_INST_CYCLES	user	chiplet_x2	24	12	42	CLEANUP	1	25160.0	25152.0	25167.0	25167.0	25167.0	25167.0	25167.0	25167.0	ok	/home/seunghyun/ycsb/results/chiplet_ycsb_256mib_madracks-mnode5_20260314T060453Z_1429430/runs/rocksdb/chiplet_x2/inst12/run.stdout.log	/home/seunghyun/ycsb/results/chiplet_ycsb_256mib_madracks-mnode5_20260314T060453Z_1429430/runs/rocksdb/chiplet_x2
2026-03-14T06:06:10Z	madracks-mnode5	amd	rocksdb	embedded	NO_RETIRED_INST_CYCLES	user	chiplet_x2	24	13	43	READ	1000000	14.839823	1.0	18383.0	10.0	29.0	37.0	55.0	4059.0	ok	/home/seunghyun/ycsb/results/chiplet_ycsb_256mib_madracks-mnode5_20260314T060453Z_1429430/runs/rocksdb/chiplet_x2/inst13/run.stdout.log	/home/seunghyun/ycsb/results/chiplet_ycsb_256mib_madracks-mnode5_20260314T060453Z_1429430/runs/rocksdb/chiplet_x2
2026-03-14T06:06:10Z	madracks-mnode5	amd	rocksdb	embedded	NO_RETIRED_INST_CYCLES	user	chiplet_x2	24	13	43	CLEANUP	1	32520.0	32512.0	32527.0	32527.0	32527.0	32527.0	32527.0	32527.0	ok	/home/seunghyun/ycsb/results/chiplet_ycsb_256mib_madracks-mnode5_20260314T060453Z_1429430/runs/rocksdb/chiplet_x2/inst13/run.stdout.log	/home/seunghyun/ycsb/results/chiplet_ycsb_256mib_madracks-mnode5_20260314T060453Z_1429430/runs/rocksdb/chiplet_x2
2026-03-14T06:06:10Z	madracks-mnode5	amd	rocksdb	embedded	NO_RETIRED_INST_CYCLES	user	chiplet_x2	24	14	49	READ	1000000	15.035144	1.0	16111.0	11.0	29.0	37.0	56.0	4847.0	ok	/home/seunghyun/ycsb/results/chiplet_ycsb_256mib_madracks-mnode5_20260314T060453Z_1429430/runs/rocksdb/chiplet_x2/inst14/run.stdout.log	/home/seunghyun/ycsb/results/chiplet_ycsb_256mib_madracks-mnode5_20260314T060453Z_1429430/runs/rocksdb/chiplet_x2
2026-03-14T06:06:10Z	madracks-mnode5	amd	rocksdb	embedded	NO_RETIRED_INST_CYCLES	user	chiplet_x2	24	14	49	CLEANUP	1	26008.0	26000.0	26015.0	26015.0	26015.0	26015.0	26015.0	26015.0	ok	/home/seunghyun/ycsb/results/chiplet_ycsb_256mib_madracks-mnode5_20260314T060453Z_1429430/runs/rocksdb/chiplet_x2/inst14/run.stdout.log	/home/seunghyun/ycsb/results/chiplet_ycsb_256mib_madracks-mnode5_20260314T060453Z_1429430/runs/rocksdb/chiplet_x2
2026-03-14T06:06:10Z	madracks-mnode5	amd	rocksdb	embedded	NO_RETIRED_INST_CYCLES	user	chiplet_x2	24	15	50	READ	1000000	14.23935	1.0	16335.0	11.0	29.0	36.0	47.0	4065.0	ok	/home/seunghyun/ycsb/results/chiplet_ycsb_256mib_madracks-mnode5_20260314T060453Z_1429430/runs/rocksdb/chiplet_x2/inst15/run.stdout.log	/home/seunghyun/ycsb/results/chiplet_ycsb_256mib_madracks-mnode5_20260314T060453Z_1429430/runs/rocksdb/chiplet_x2
2026-03-14T06:06:10Z	madracks-mnode5	amd	rocksdb	embedded	NO_RETIRED_INST_CYCLES	user	chiplet_x2	24	15	50	CLEANUP	1	25128.0	25120.0	25135.0	25135.0	25135.0	25135.0	25135.0	25135.0	ok	/home/seunghyun/ycsb/results/chiplet_ycsb_256mib_madracks-mnode5_20260314T060453Z_1429430/runs/rocksdb/chiplet_x2/inst15/run.stdout.log	/home/seunghyun/ycsb/results/chiplet_ycsb_256mib_madracks-mnode5_20260314T060453Z_1429430/runs/rocksdb/chiplet_x2
2026-03-14T06:06:10Z	madracks-mnode5	amd	rocksdb	embedded	NO_RETIRED_INST_CYCLES	user	chiplet_x2	24	16	56	READ	1000000	14.867635	1.0	16143.0	11.0	29.0	37.0	57.0	4059.0	ok	/home/seunghyun/ycsb/results/chiplet_ycsb_256mib_madracks-mnode5_20260314T060453Z_1429430/runs/rocksdb/chiplet_x2/inst16/run.stdout.log	/home/seunghyun/ycsb/results/chiplet_ycsb_256mib_madracks-mnode5_20260314T060453Z_1429430/runs/rocksdb/chiplet_x2
2026-03-14T06:06:10Z	madracks-mnode5	amd	rocksdb	embedded	NO_RETIRED_INST_CYCLES	user	chiplet_x2	24	16	56	CLEANUP	1	29048.0	29040.0	29055.0	29055.0	29055.0	29055.0	29055.0	29055.0	ok	/home/seunghyun/ycsb/results/chiplet_ycsb_256mib_madracks-mnode5_20260314T060453Z_1429430/runs/rocksdb/chiplet_x2/inst16/run.stdout.log	/home/seunghyun/ycsb/results/chiplet_ycsb_256mib_madracks-mnode5_20260314T060453Z_1429430/runs/rocksdb/chiplet_x2
2026-03-14T06:06:10Z	madracks-mnode5	amd	rocksdb	embedded	NO_RETIRED_INST_CYCLES	user	chiplet_x2	24	17	57	READ	1000000	15.063163	1.0	15735.0	11.0	30.0	37.0	56.0	4057.0	ok	/home/seunghyun/ycsb/results/chiplet_ycsb_256mib_madracks-mnode5_20260314T060453Z_1429430/runs/rocksdb/chiplet_x2/inst17/run.stdout.log	/home/seunghyun/ycsb/results/chiplet_ycsb_256mib_madracks-mnode5_20260314T060453Z_1429430/runs/rocksdb/chiplet_x2
2026-03-14T06:06:10Z	madracks-mnode5	amd	rocksdb	embedded	NO_RETIRED_INST_CYCLES	user	chiplet_x2	24	17	57	CLEANUP	1	43984.0	43968.0	43999.0	43999.0	43999.0	43999.0	43999.0	43999.0	ok	/home/seunghyun/ycsb/results/chiplet_ycsb_256mib_madracks-mnode5_20260314T060453Z_1429430/runs/rocksdb/chiplet_x2/inst17/run.stdout.log	/home/seunghyun/ycsb/results/chiplet_ycsb_256mib_madracks-mnode5_20260314T060453Z_1429430/runs/rocksdb/chiplet_x2
2026-03-14T06:06:10Z	madracks-mnode5	amd	rocksdb	embedded	NO_RETIRED_INST_CYCLES	user	chiplet_x2	24	18	63	READ	1000000	14.85437	1.0	14367.0	11.0	29.0	37.0	54.0	4063.0	ok	/home/seunghyun/ycsb/results/chiplet_ycsb_256mib_madracks-mnode5_20260314T060453Z_1429430/runs/rocksdb/chiplet_x2/inst18/run.stdout.log	/home/seunghyun/ycsb/results/chiplet_ycsb_256mib_madracks-mnode5_20260314T060453Z_1429430/runs/rocksdb/chiplet_x2
2026-03-14T06:06:10Z	madracks-mnode5	amd	rocksdb	embedded	NO_RETIRED_INST_CYCLES	user	chiplet_x2	24	18	63	CLEANUP	1	25656.0	25648.0	25663.0	25663.0	25663.0	25663.0	25663.0	25663.0	ok	/home/seunghyun/ycsb/results/chiplet_ycsb_256mib_madracks-mnode5_20260314T060453Z_1429430/runs/rocksdb/chiplet_x2/inst18/run.stdout.log	/home/seunghyun/ycsb/results/chiplet_ycsb_256mib_madracks-mnode5_20260314T060453Z_1429430/runs/rocksdb/chiplet_x2
2026-03-14T06:06:10Z	madracks-mnode5	amd	rocksdb	embedded	NO_RETIRED_INST_CYCLES	user	chiplet_x2	24	19	64	READ	1000000	14.750503	1.0	17343.0	11.0	30.0	37.0	53.0	4065.0	ok	/home/seunghyun/ycsb/results/chiplet_ycsb_256mib_madracks-mnode5_20260314T060453Z_1429430/runs/rocksdb/chiplet_x2/inst19/run.stdout.log	/home/seunghyun/ycsb/results/chiplet_ycsb_256mib_madracks-mnode5_20260314T060453Z_1429430/runs/rocksdb/chiplet_x2
2026-03-14T06:06:10Z	madracks-mnode5	amd	rocksdb	embedded	NO_RETIRED_INST_CYCLES	user	chiplet_x2	24	19	64	CLEANUP	1	25192.0	25184.0	25199.0	25199.0	25199.0	25199.0	25199.0	25199.0	ok	/home/seunghyun/ycsb/results/chiplet_ycsb_256mib_madracks-mnode5_20260314T060453Z_1429430/runs/rocksdb/chiplet_x2/inst19/run.stdout.log	/home/seunghyun/ycsb/results/chiplet_ycsb_256mib_madracks-mnode5_20260314T060453Z_1429430/runs/rocksdb/chiplet_x2
2026-03-14T06:06:10Z	madracks-mnode5	amd	rocksdb	embedded	NO_RETIRED_INST_CYCLES	user	chiplet_x2	24	20	70	READ	1000000	14.59716	1.0	18367.0	11.0	29.0	37.0	54.0	4059.0	ok	/home/seunghyun/ycsb/results/chiplet_ycsb_256mib_madracks-mnode5_20260314T060453Z_1429430/runs/rocksdb/chiplet_x2/inst20/run.stdout.log	/home/seunghyun/ycsb/results/chiplet_ycsb_256mib_madracks-mnode5_20260314T060453Z_1429430/runs/rocksdb/chiplet_x2
2026-03-14T06:06:10Z	madracks-mnode5	amd	rocksdb	embedded	NO_RETIRED_INST_CYCLES	user	chiplet_x2	24	20	70	CLEANUP	1	25064.0	25056.0	25071.0	25071.0	25071.0	25071.0	25071.0	25071.0	ok	/home/seunghyun/ycsb/results/chiplet_ycsb_256mib_madracks-mnode5_20260314T060453Z_1429430/runs/rocksdb/chiplet_x2/inst20/run.stdout.log	/home/seunghyun/ycsb/results/chiplet_ycsb_256mib_madracks-mnode5_20260314T060453Z_1429430/runs/rocksdb/chiplet_x2
2026-03-14T06:06:10Z	madracks-mnode5	amd	rocksdb	embedded	NO_RETIRED_INST_CYCLES	user	chiplet_x2	24	21	71	READ	1000000	14.805281	1.0	16119.0	11.0	29.0	37.0	53.0	4059.0	ok	/home/seunghyun/ycsb/results/chiplet_ycsb_256mib_madracks-mnode5_20260314T060453Z_1429430/runs/rocksdb/chiplet_x2/inst21/run.stdout.log	/home/seunghyun/ycsb/results/chiplet_ycsb_256mib_madracks-mnode5_20260314T060453Z_1429430/runs/rocksdb/chiplet_x2
2026-03-14T06:06:10Z	madracks-mnode5	amd	rocksdb	embedded	NO_RETIRED_INST_CYCLES	user	chiplet_x2	24	21	71	CLEANUP	1	25176.0	25168.0	25183.0	25183.0	25183.0	25183.0	25183.0	25183.0	ok	/home/seunghyun/ycsb/results/chiplet_ycsb_256mib_madracks-mnode5_20260314T060453Z_1429430/runs/rocksdb/chiplet_x2/inst21/run.stdout.log	/home/seunghyun/ycsb/results/chiplet_ycsb_256mib_madracks-mnode5_20260314T060453Z_1429430/runs/rocksdb/chiplet_x2
2026-03-14T06:06:10Z	madracks-mnode5	amd	rocksdb	embedded	NO_RETIRED_INST_CYCLES	user	chiplet_x2	24	22	77	READ	1000000	14.834724	1.0	15895.0	11.0	30.0	37.0	55.0	4059.0	ok	/home/seunghyun/ycsb/results/chiplet_ycsb_256mib_madracks-mnode5_20260314T060453Z_1429430/runs/rocksdb/chiplet_x2/inst22/run.stdout.log	/home/seunghyun/ycsb/results/chiplet_ycsb_256mib_madracks-mnode5_20260314T060453Z_1429430/runs/rocksdb/chiplet_x2
2026-03-14T06:06:10Z	madracks-mnode5	amd	rocksdb	embedded	NO_RETIRED_INST_CYCLES	user	chiplet_x2	24	22	77	CLEANUP	1	26728.0	26720.0	26735.0	26735.0	26735.0	26735.0	26735.0	26735.0	ok	/home/seunghyun/ycsb/results/chiplet_ycsb_256mib_madracks-mnode5_20260314T060453Z_1429430/runs/rocksdb/chiplet_x2/inst22/run.stdout.log	/home/seunghyun/ycsb/results/chiplet_ycsb_256mib_madracks-mnode5_20260314T060453Z_1429430/runs/rocksdb/chiplet_x2
2026-03-14T06:06:10Z	madracks-mnode5	amd	rocksdb	embedded	NO_RETIRED_INST_CYCLES	user	chiplet_x2	24	23	78	READ	1000000	14.730246	1.0	16023.0	11.0	29.0	37.0	56.0	4061.0	ok	/home/seunghyun/ycsb/results/chiplet_ycsb_256mib_madracks-mnode5_20260314T060453Z_1429430/runs/rocksdb/chiplet_x2/inst23/run.stdout.log	/home/seunghyun/ycsb/results/chiplet_ycsb_256mib_madracks-mnode5_20260314T060453Z_1429430/runs/rocksdb/chiplet_x2
2026-03-14T06:06:10Z	madracks-mnode5	amd	rocksdb	embedded	NO_RETIRED_INST_CYCLES	user	chiplet_x2	24	23	78	CLEANUP	1	29128.0	29120.0	29135.0	29135.0	29135.0	29135.0	29135.0	29135.0	ok	/home/seunghyun/ycsb/results/chiplet_ycsb_256mib_madracks-mnode5_20260314T060453Z_1429430/runs/rocksdb/chiplet_x2/inst23/run.stdout.log	/home/seunghyun/ycsb/results/chiplet_ycsb_256mib_madracks-mnode5_20260314T060453Z_1429430/runs/rocksdb/chiplet_x2
2026-03-14T06:07:08Z	madracks-mnode5	amd	rocksdb	embedded	NO_RETIRED_INST_CYCLES	user	chiplet_x3	36	0	0	READ	1000000	16.845652	2.0	24063.0	11.0	32.0	40.0	76.0	4103.0	ok	/home/seunghyun/ycsb/results/chiplet_ycsb_256mib_madracks-mnode5_20260314T060453Z_1429430/runs/rocksdb/chiplet_x3/inst00/run.stdout.log	/home/seunghyun/ycsb/results/chiplet_ycsb_256mib_madracks-mnode5_20260314T060453Z_1429430/runs/rocksdb/chiplet_x3
2026-03-14T06:07:08Z	madracks-mnode5	amd	rocksdb	embedded	NO_RETIRED_INST_CYCLES	user	chiplet_x3	36	0	0	CLEANUP	1	35408.0	35392.0	35423.0	35423.0	35423.0	35423.0	35423.0	35423.0	ok	/home/seunghyun/ycsb/results/chiplet_ycsb_256mib_madracks-mnode5_20260314T060453Z_1429430/runs/rocksdb/chiplet_x3/inst00/run.stdout.log	/home/seunghyun/ycsb/results/chiplet_ycsb_256mib_madracks-mnode5_20260314T060453Z_1429430/runs/rocksdb/chiplet_x3
2026-03-14T06:07:08Z	madracks-mnode5	amd	rocksdb	embedded	NO_RETIRED_INST_CYCLES	user	chiplet_x3	36	1	1	READ	1000000	16.629354	1.0	16127.0	11.0	32.0	39.0	76.0	4295.0	ok	/home/seunghyun/ycsb/results/chiplet_ycsb_256mib_madracks-mnode5_20260314T060453Z_1429430/runs/rocksdb/chiplet_x3/inst01/run.stdout.log	/home/seunghyun/ycsb/results/chiplet_ycsb_256mib_madracks-mnode5_20260314T060453Z_1429430/runs/rocksdb/chiplet_x3
2026-03-14T06:07:08Z	madracks-mnode5	amd	rocksdb	embedded	NO_RETIRED_INST_CYCLES	user	chiplet_x3	36	1	1	CLEANUP	1	3417.0	3416.0	3417.0	3417.0	3417.0	3417.0	3417.0	3417.0	ok	/home/seunghyun/ycsb/results/chiplet_ycsb_256mib_madracks-mnode5_20260314T060453Z_1429430/runs/rocksdb/chiplet_x3/inst01/run.stdout.log	/home/seunghyun/ycsb/results/chiplet_ycsb_256mib_madracks-mnode5_20260314T060453Z_1429430/runs/rocksdb/chiplet_x3
2026-03-14T06:07:08Z	madracks-mnode5	amd	rocksdb	embedded	NO_RETIRED_INST_CYCLES	user	chiplet_x3	36	2	2	READ	1000000	15.694405	1.0	24111.0	11.0	31.0	39.0	71.0	4059.0	ok	/home/seunghyun/ycsb/results/chiplet_ycsb_256mib_madracks-mnode5_20260314T060453Z_1429430/runs/rocksdb/chiplet_x3/inst02/run.stdout.log	/home/seunghyun/ycsb/results/chiplet_ycsb_256mib_madracks-mnode5_20260314T060453Z_1429430/runs/rocksdb/chiplet_x3
2026-03-14T06:07:08Z	madracks-mnode5	amd	rocksdb	embedded	NO_RETIRED_INST_CYCLES	user	chiplet_x3	36	2	2	CLEANUP	1	24712.0	24704.0	24719.0	24719.0	24719.0	24719.0	24719.0	24719.0	ok	/home/seunghyun/ycsb/results/chiplet_ycsb_256mib_madracks-mnode5_20260314T060453Z_1429430/runs/rocksdb/chiplet_x3/inst02/run.stdout.log	/home/seunghyun/ycsb/results/chiplet_ycsb_256mib_madracks-mnode5_20260314T060453Z_1429430/runs/rocksdb/chiplet_x3
2026-03-14T06:07:08Z	madracks-mnode5	amd	rocksdb	embedded	NO_RETIRED_INST_CYCLES	user	chiplet_x3	36	3	7	READ	1000000	17.243835	1.0	17887.0	11.0	32.0	40.0	76.0	5339.0	ok	/home/seunghyun/ycsb/results/chiplet_ycsb_256mib_madracks-mnode5_20260314T060453Z_1429430/runs/rocksdb/chiplet_x3/inst03/run.stdout.log	/home/seunghyun/ycsb/results/chiplet_ycsb_256mib_madracks-mnode5_20260314T060453Z_1429430/runs/rocksdb/chiplet_x3
2026-03-14T06:07:08Z	madracks-mnode5	amd	rocksdb	embedded	NO_RETIRED_INST_CYCLES	user	chiplet_x3	36	3	7	CLEANUP	1	26216.0	26208.0	26223.0	26223.0	26223.0	26223.0	26223.0	26223.0	ok	/home/seunghyun/ycsb/results/chiplet_ycsb_256mib_madracks-mnode5_20260314T060453Z_1429430/runs/rocksdb/chiplet_x3/inst03/run.stdout.log	/home/seunghyun/ycsb/results/chiplet_ycsb_256mib_madracks-mnode5_20260314T060453Z_1429430/runs/rocksdb/chiplet_x3
2026-03-14T06:07:08Z	madracks-mnode5	amd	rocksdb	embedded	NO_RETIRED_INST_CYCLES	user	chiplet_x3	36	4	8	READ	1000000	16.553895	1.0	14791.0	11.0	32.0	39.0	76.0	4079.0	ok	/home/seunghyun/ycsb/results/chiplet_ycsb_256mib_madracks-mnode5_20260314T060453Z_1429430/runs/rocksdb/chiplet_x3/inst04/run.stdout.log	/home/seunghyun/ycsb/results/chiplet_ycsb_256mib_madracks-mnode5_20260314T060453Z_1429430/runs/rocksdb/chiplet_x3
2026-03-14T06:07:08Z	madracks-mnode5	amd	rocksdb	embedded	NO_RETIRED_INST_CYCLES	user	chiplet_x3	36	4	8	CLEANUP	1	25576.0	25568.0	25583.0	25583.0	25583.0	25583.0	25583.0	25583.0	ok	/home/seunghyun/ycsb/results/chiplet_ycsb_256mib_madracks-mnode5_20260314T060453Z_1429430/runs/rocksdb/chiplet_x3/inst04/run.stdout.log	/home/seunghyun/ycsb/results/chiplet_ycsb_256mib_madracks-mnode5_20260314T060453Z_1429430/runs/rocksdb/chiplet_x3
2026-03-14T06:07:08Z	madracks-mnode5	amd	rocksdb	embedded	NO_RETIRED_INST_CYCLES	user	chiplet_x3	36	5	9	READ	1000000	16.837262	1.0	16079.0	11.0	32.0	40.0	81.0	4071.0	ok	/home/seunghyun/ycsb/results/chiplet_ycsb_256mib_madracks-mnode5_20260314T060453Z_1429430/runs/rocksdb/chiplet_x3/inst05/run.stdout.log	/home/seunghyun/ycsb/results/chiplet_ycsb_256mib_madracks-mnode5_20260314T060453Z_1429430/runs/rocksdb/chiplet_x3
2026-03-14T06:07:08Z	madracks-mnode5	amd	rocksdb	embedded	NO_RETIRED_INST_CYCLES	user	chiplet_x3	36	5	9	CLEANUP	1	30664.0	30656.0	30671.0	30671.0	30671.0	30671.0	30671.0	30671.0	ok	/home/seunghyun/ycsb/results/chiplet_ycsb_256mib_madracks-mnode5_20260314T060453Z_1429430/runs/rocksdb/chiplet_x3/inst05/run.stdout.log	/home/seunghyun/ycsb/results/chiplet_ycsb_256mib_madracks-mnode5_20260314T060453Z_1429430/runs/rocksdb/chiplet_x3
2026-03-14T06:07:08Z	madracks-mnode5	amd	rocksdb	embedded	NO_RETIRED_INST_CYCLES	user	chiplet_x3	36	6	14	READ	1000000	15.856026	1.0	16111.0	11.0	31.0	38.0	57.0	4343.0	ok	/home/seunghyun/ycsb/results/chiplet_ycsb_256mib_madracks-mnode5_20260314T060453Z_1429430/runs/rocksdb/chiplet_x3/inst06/run.stdout.log	/home/seunghyun/ycsb/results/chiplet_ycsb_256mib_madracks-mnode5_20260314T060453Z_1429430/runs/rocksdb/chiplet_x3
2026-03-14T06:07:08Z	madracks-mnode5	amd	rocksdb	embedded	NO_RETIRED_INST_CYCLES	user	chiplet_x3	36	6	14	CLEANUP	1	26152.0	26144.0	26159.0	26159.0	26159.0	26159.0	26159.0	26159.0	ok	/home/seunghyun/ycsb/results/chiplet_ycsb_256mib_madracks-mnode5_20260314T060453Z_1429430/runs/rocksdb/chiplet_x3/inst06/run.stdout.log	/home/seunghyun/ycsb/results/chiplet_ycsb_256mib_madracks-mnode5_20260314T060453Z_1429430/runs/rocksdb/chiplet_x3
2026-03-14T06:07:08Z	madracks-mnode5	amd	rocksdb	embedded	NO_RETIRED_INST_CYCLES	user	chiplet_x3	36	7	15	READ	1000000	15.852702	1.0	16127.0	11.0	31.0	38.0	57.0	4347.0	ok	/home/seunghyun/ycsb/results/chiplet_ycsb_256mib_madracks-mnode5_20260314T060453Z_1429430/runs/rocksdb/chiplet_x3/inst07/run.stdout.log	/home/seunghyun/ycsb/results/chiplet_ycsb_256mib_madracks-mnode5_20260314T060453Z_1429430/runs/rocksdb/chiplet_x3
2026-03-14T06:07:08Z	madracks-mnode5	amd	rocksdb	embedded	NO_RETIRED_INST_CYCLES	user	chiplet_x3	36	7	15	CLEANUP	1	78048.0	78016.0	78079.0	78079.0	78079.0	78079.0	78079.0	78079.0	ok	/home/seunghyun/ycsb/results/chiplet_ycsb_256mib_madracks-mnode5_20260314T060453Z_1429430/runs/rocksdb/chiplet_x3/inst07/run.stdout.log	/home/seunghyun/ycsb/results/chiplet_ycsb_256mib_madracks-mnode5_20260314T060453Z_1429430/runs/rocksdb/chiplet_x3
2026-03-14T06:07:08Z	madracks-mnode5	amd	rocksdb	embedded	NO_RETIRED_INST_CYCLES	user	chiplet_x3	36	8	16	READ	1000000	16.527468	1.0	21567.0	11.0	32.0	39.0	75.0	4863.0	ok	/home/seunghyun/ycsb/results/chiplet_ycsb_256mib_madracks-mnode5_20260314T060453Z_1429430/runs/rocksdb/chiplet_x3/inst08/run.stdout.log	/home/seunghyun/ycsb/results/chiplet_ycsb_256mib_madracks-mnode5_20260314T060453Z_1429430/runs/rocksdb/chiplet_x3
2026-03-14T06:07:08Z	madracks-mnode5	amd	rocksdb	embedded	NO_RETIRED_INST_CYCLES	user	chiplet_x3	36	8	16	CLEANUP	1	26280.0	26272.0	26287.0	26287.0	26287.0	26287.0	26287.0	26287.0	ok	/home/seunghyun/ycsb/results/chiplet_ycsb_256mib_madracks-mnode5_20260314T060453Z_1429430/runs/rocksdb/chiplet_x3/inst08/run.stdout.log	/home/seunghyun/ycsb/results/chiplet_ycsb_256mib_madracks-mnode5_20260314T060453Z_1429430/runs/rocksdb/chiplet_x3
2026-03-14T06:07:08Z	madracks-mnode5	amd	rocksdb	embedded	NO_RETIRED_INST_CYCLES	user	chiplet_x3	36	9	21	READ	1000000	17.427363	1.0	22639.0	11.0	32.0	39.0	76.0	5099.0	ok	/home/seunghyun/ycsb/results/chiplet_ycsb_256mib_madracks-mnode5_20260314T060453Z_1429430/runs/rocksdb/chiplet_x3/inst09/run.stdout.log	/home/seunghyun/ycsb/results/chiplet_ycsb_256mib_madracks-mnode5_20260314T060453Z_1429430/runs/rocksdb/chiplet_x3
2026-03-14T06:07:08Z	madracks-mnode5	amd	rocksdb	embedded	NO_RETIRED_INST_CYCLES	user	chiplet_x3	36	9	21	CLEANUP	1	29800.0	29792.0	29807.0	29807.0	29807.0	29807.0	29807.0	29807.0	ok	/home/seunghyun/ycsb/results/chiplet_ycsb_256mib_madracks-mnode5_20260314T060453Z_1429430/runs/rocksdb/chiplet_x3/inst09/run.stdout.log	/home/seunghyun/ycsb/results/chiplet_ycsb_256mib_madracks-mnode5_20260314T060453Z_1429430/runs/rocksdb/chiplet_x3
2026-03-14T06:07:08Z	madracks-mnode5	amd	rocksdb	embedded	NO_RETIRED_INST_CYCLES	user	chiplet_x3	36	10	22	READ	1000000	17.153406	1.0	32047.0	11.0	32.0	40.0	75.0	4095.0	ok	/home/seunghyun/ycsb/results/chiplet_ycsb_256mib_madracks-mnode5_20260314T060453Z_1429430/runs/rocksdb/chiplet_x3/inst10/run.stdout.log	/home/seunghyun/ycsb/results/chiplet_ycsb_256mib_madracks-mnode5_20260314T060453Z_1429430/runs/rocksdb/chiplet_x3
2026-03-14T06:07:08Z	madracks-mnode5	amd	rocksdb	embedded	NO_RETIRED_INST_CYCLES	user	chiplet_x3	36	10	22	CLEANUP	1	25384.0	25376.0	25391.0	25391.0	25391.0	25391.0	25391.0	25391.0	ok	/home/seunghyun/ycsb/results/chiplet_ycsb_256mib_madracks-mnode5_20260314T060453Z_1429430/runs/rocksdb/chiplet_x3/inst10/run.stdout.log	/home/seunghyun/ycsb/results/chiplet_ycsb_256mib_madracks-mnode5_20260314T060453Z_1429430/runs/rocksdb/chiplet_x3
2026-03-14T06:07:08Z	madracks-mnode5	amd	rocksdb	embedded	NO_RETIRED_INST_CYCLES	user	chiplet_x3	36	11	23	READ	1000000	17.512055	1.0	16895.0	11.0	32.0	40.0	77.0	4803.0	ok	/home/seunghyun/ycsb/results/chiplet_ycsb_256mib_madracks-mnode5_20260314T060453Z_1429430/runs/rocksdb/chiplet_x3/inst11/run.stdout.log	/home/seunghyun/ycsb/results/chiplet_ycsb_256mib_madracks-mnode5_20260314T060453Z_1429430/runs/rocksdb/chiplet_x3
2026-03-14T06:07:08Z	madracks-mnode5	amd	rocksdb	embedded	NO_RETIRED_INST_CYCLES	user	chiplet_x3	36	11	23	CLEANUP	1	32376.0	32368.0	32383.0	32383.0	32383.0	32383.0	32383.0	32383.0	ok	/home/seunghyun/ycsb/results/chiplet_ycsb_256mib_madracks-mnode5_20260314T060453Z_1429430/runs/rocksdb/chiplet_x3/inst11/run.stdout.log	/home/seunghyun/ycsb/results/chiplet_ycsb_256mib_madracks-mnode5_20260314T060453Z_1429430/runs/rocksdb/chiplet_x3
2026-03-14T06:07:08Z	madracks-mnode5	amd	rocksdb	embedded	NO_RETIRED_INST_CYCLES	user	chiplet_x3	36	12	28	READ	1000000	17.235035	1.0	24095.0	11.0	32.0	40.0	75.0	5079.0	ok	/home/seunghyun/ycsb/results/chiplet_ycsb_256mib_madracks-mnode5_20260314T060453Z_1429430/runs/rocksdb/chiplet_x3/inst12/run.stdout.log	/home/seunghyun/ycsb/results/chiplet_ycsb_256mib_madracks-mnode5_20260314T060453Z_1429430/runs/rocksdb/chiplet_x3
2026-03-14T06:07:08Z	madracks-mnode5	amd	rocksdb	embedded	NO_RETIRED_INST_CYCLES	user	chiplet_x3	36	12	28	CLEANUP	1	25768.0	25760.0	25775.0	25775.0	25775.0	25775.0	25775.0	25775.0	ok	/home/seunghyun/ycsb/results/chiplet_ycsb_256mib_madracks-mnode5_20260314T060453Z_1429430/runs/rocksdb/chiplet_x3/inst12/run.stdout.log	/home/seunghyun/ycsb/results/chiplet_ycsb_256mib_madracks-mnode5_20260314T060453Z_1429430/runs/rocksdb/chiplet_x3
2026-03-14T06:07:08Z	madracks-mnode5	amd	rocksdb	embedded	NO_RETIRED_INST_CYCLES	user	chiplet_x3	36	13	29	READ	1000000	16.599667	1.0	15695.0	11.0	32.0	39.0	74.0	4081.0	ok	/home/seunghyun/ycsb/results/chiplet_ycsb_256mib_madracks-mnode5_20260314T060453Z_1429430/runs/rocksdb/chiplet_x3/inst13/run.stdout.log	/home/seunghyun/ycsb/results/chiplet_ycsb_256mib_madracks-mnode5_20260314T060453Z_1429430/runs/rocksdb/chiplet_x3
2026-03-14T06:07:08Z	madracks-mnode5	amd	rocksdb	embedded	NO_RETIRED_INST_CYCLES	user	chiplet_x3	36	13	29	CLEANUP	1	27192.0	27184.0	27199.0	27199.0	27199.0	27199.0	27199.0	27199.0	ok	/home/seunghyun/ycsb/results/chiplet_ycsb_256mib_madracks-mnode5_20260314T060453Z_1429430/runs/rocksdb/chiplet_x3/inst13/run.stdout.log	/home/seunghyun/ycsb/results/chiplet_ycsb_256mib_madracks-mnode5_20260314T060453Z_1429430/runs/rocksdb/chiplet_x3
2026-03-14T06:07:08Z	madracks-mnode5	amd	rocksdb	embedded	NO_RETIRED_INST_CYCLES	user	chiplet_x3	36	14	30	READ	1000000	17.518318	1.0	23151.0	11.0	32.0	40.0	77.0	4287.0	ok	/home/seunghyun/ycsb/results/chiplet_ycsb_256mib_madracks-mnode5_20260314T060453Z_1429430/runs/rocksdb/chiplet_x3/inst14/run.stdout.log	/home/seunghyun/ycsb/results/chiplet_ycsb_256mib_madracks-mnode5_20260314T060453Z_1429430/runs/rocksdb/chiplet_x3
2026-03-14T06:07:08Z	madracks-mnode5	amd	rocksdb	embedded	NO_RETIRED_INST_CYCLES	user	chiplet_x3	36	14	30	CLEANUP	1	27256.0	27248.0	27263.0	27263.0	27263.0	27263.0	27263.0	27263.0	ok	/home/seunghyun/ycsb/results/chiplet_ycsb_256mib_madracks-mnode5_20260314T060453Z_1429430/runs/rocksdb/chiplet_x3/inst14/run.stdout.log	/home/seunghyun/ycsb/results/chiplet_ycsb_256mib_madracks-mnode5_20260314T060453Z_1429430/runs/rocksdb/chiplet_x3
2026-03-14T06:07:08Z	madracks-mnode5	amd	rocksdb	embedded	NO_RETIRED_INST_CYCLES	user	chiplet_x3	36	15	35	READ	1000000	16.762495	1.0	20079.0	11.0	32.0	39.0	75.0	6299.0	ok	/home/seunghyun/ycsb/results/chiplet_ycsb_256mib_madracks-mnode5_20260314T060453Z_1429430/runs/rocksdb/chiplet_x3/inst15/run.stdout.log	/home/seunghyun/ycsb/results/chiplet_ycsb_256mib_madracks-mnode5_20260314T060453Z_1429430/runs/rocksdb/chiplet_x3
2026-03-14T06:07:08Z	madracks-mnode5	amd	rocksdb	embedded	NO_RETIRED_INST_CYCLES	user	chiplet_x3	36	15	35	CLEANUP	1	2943.0	2942.0	2943.0	2943.0	2943.0	2943.0	2943.0	2943.0	ok	/home/seunghyun/ycsb/results/chiplet_ycsb_256mib_madracks-mnode5_20260314T060453Z_1429430/runs/rocksdb/chiplet_x3/inst15/run.stdout.log	/home/seunghyun/ycsb/results/chiplet_ycsb_256mib_madracks-mnode5_20260314T060453Z_1429430/runs/rocksdb/chiplet_x3
2026-03-14T06:07:08Z	madracks-mnode5	amd	rocksdb	embedded	NO_RETIRED_INST_CYCLES	user	chiplet_x3	36	16	36	READ	1000000	16.819327	1.0	16079.0	11.0	32.0	39.0	76.0	4375.0	ok	/home/seunghyun/ycsb/results/chiplet_ycsb_256mib_madracks-mnode5_20260314T060453Z_1429430/runs/rocksdb/chiplet_x3/inst16/run.stdout.log	/home/seunghyun/ycsb/results/chiplet_ycsb_256mib_madracks-mnode5_20260314T060453Z_1429430/runs/rocksdb/chiplet_x3
2026-03-14T06:07:08Z	madracks-mnode5	amd	rocksdb	embedded	NO_RETIRED_INST_CYCLES	user	chiplet_x3	36	16	36	CLEANUP	1	2867.0	2866.0	2867.0	2867.0	2867.0	2867.0	2867.0	2867.0	ok	/home/seunghyun/ycsb/results/chiplet_ycsb_256mib_madracks-mnode5_20260314T060453Z_1429430/runs/rocksdb/chiplet_x3/inst16/run.stdout.log	/home/seunghyun/ycsb/results/chiplet_ycsb_256mib_madracks-mnode5_20260314T060453Z_1429430/runs/rocksdb/chiplet_x3
2026-03-14T06:07:08Z	madracks-mnode5	amd	rocksdb	embedded	NO_RETIRED_INST_CYCLES	user	chiplet_x3	36	17	37	READ	1000000	16.558361	1.0	15807.0	11.0	32.0	39.0	75.0	4061.0	ok	/home/seunghyun/ycsb/results/chiplet_ycsb_256mib_madracks-mnode5_20260314T060453Z_1429430/runs/rocksdb/chiplet_x3/inst17/run.stdout.log	/home/seunghyun/ycsb/results/chiplet_ycsb_256mib_madracks-mnode5_20260314T060453Z_1429430/runs/rocksdb/chiplet_x3
2026-03-14T06:07:08Z	madracks-mnode5	amd	rocksdb	embedded	NO_RETIRED_INST_CYCLES	user	chiplet_x3	36	17	37	CLEANUP	1	25720.0	25712.0	25727.0	25727.0	25727.0	25727.0	25727.0	25727.0	ok	/home/seunghyun/ycsb/results/chiplet_ycsb_256mib_madracks-mnode5_20260314T060453Z_1429430/runs/rocksdb/chiplet_x3/inst17/run.stdout.log	/home/seunghyun/ycsb/results/chiplet_ycsb_256mib_madracks-mnode5_20260314T060453Z_1429430/runs/rocksdb/chiplet_x3
2026-03-14T06:07:08Z	madracks-mnode5	amd	rocksdb	embedded	NO_RETIRED_INST_CYCLES	user	chiplet_x3	36	18	42	READ	1000000	17.358278	1.0	18991.0	11.0	32.0	40.0	76.0	5195.0	ok	/home/seunghyun/ycsb/results/chiplet_ycsb_256mib_madracks-mnode5_20260314T060453Z_1429430/runs/rocksdb/chiplet_x3/inst18/run.stdout.log	/home/seunghyun/ycsb/results/chiplet_ycsb_256mib_madracks-mnode5_20260314T060453Z_1429430/runs/rocksdb/chiplet_x3
2026-03-14T06:07:08Z	madracks-mnode5	amd	rocksdb	embedded	NO_RETIRED_INST_CYCLES	user	chiplet_x3	36	18	42	CLEANUP	1	27016.0	27008.0	27023.0	27023.0	27023.0	27023.0	27023.0	27023.0	ok	/home/seunghyun/ycsb/results/chiplet_ycsb_256mib_madracks-mnode5_20260314T060453Z_1429430/runs/rocksdb/chiplet_x3/inst18/run.stdout.log	/home/seunghyun/ycsb/results/chiplet_ycsb_256mib_madracks-mnode5_20260314T060453Z_1429430/runs/rocksdb/chiplet_x3
2026-03-14T06:07:08Z	madracks-mnode5	amd	rocksdb	embedded	NO_RETIRED_INST_CYCLES	user	chiplet_x3	36	19	43	READ	1000000	17.392236	1.0	20079.0	11.0	32.0	40.0	76.0	5115.0	ok	/home/seunghyun/ycsb/results/chiplet_ycsb_256mib_madracks-mnode5_20260314T060453Z_1429430/runs/rocksdb/chiplet_x3/inst19/run.stdout.log	/home/seunghyun/ycsb/results/chiplet_ycsb_256mib_madracks-mnode5_20260314T060453Z_1429430/runs/rocksdb/chiplet_x3
2026-03-14T06:07:08Z	madracks-mnode5	amd	rocksdb	embedded	NO_RETIRED_INST_CYCLES	user	chiplet_x3	36	19	43	CLEANUP	1	3751.0	3750.0	3751.0	3751.0	3751.0	3751.0	3751.0	3751.0	ok	/home/seunghyun/ycsb/results/chiplet_ycsb_256mib_madracks-mnode5_20260314T060453Z_1429430/runs/rocksdb/chiplet_x3/inst19/run.stdout.log	/home/seunghyun/ycsb/results/chiplet_ycsb_256mib_madracks-mnode5_20260314T060453Z_1429430/runs/rocksdb/chiplet_x3
2026-03-14T06:07:08Z	madracks-mnode5	amd	rocksdb	embedded	NO_RETIRED_INST_CYCLES	user	chiplet_x3	36	20	44	READ	1000000	16.808114	1.0	18479.0	11.0	32.0	39.0	77.0	4359.0	ok	/home/seunghyun/ycsb/results/chiplet_ycsb_256mib_madracks-mnode5_20260314T060453Z_1429430/runs/rocksdb/chiplet_x3/inst20/run.stdout.log	/home/seunghyun/ycsb/results/chiplet_ycsb_256mib_madracks-mnode5_20260314T060453Z_1429430/runs/rocksdb/chiplet_x3
2026-03-14T06:07:08Z	madracks-mnode5	amd	rocksdb	embedded	NO_RETIRED_INST_CYCLES	user	chiplet_x3	36	20	44	CLEANUP	1	2927.0	2926.0	2927.0	2927.0	2927.0	2927.0	2927.0	2927.0	ok	/home/seunghyun/ycsb/results/chiplet_ycsb_256mib_madracks-mnode5_20260314T060453Z_1429430/runs/rocksdb/chiplet_x3/inst20/run.stdout.log	/home/seunghyun/ycsb/results/chiplet_ycsb_256mib_madracks-mnode5_20260314T060453Z_1429430/runs/rocksdb/chiplet_x3
2026-03-14T06:07:08Z	madracks-mnode5	amd	rocksdb	embedded	NO_RETIRED_INST_CYCLES	user	chiplet_x3	36	21	49	READ	1000000	16.834283	1.0	24079.0	11.0	32.0	39.0	78.0	5095.0	ok	/home/seunghyun/ycsb/results/chiplet_ycsb_256mib_madracks-mnode5_20260314T060453Z_1429430/runs/rocksdb/chiplet_x3/inst21/run.stdout.log	/home/seunghyun/ycsb/results/chiplet_ycsb_256mib_madracks-mnode5_20260314T060453Z_1429430/runs/rocksdb/chiplet_x3
2026-03-14T06:07:08Z	madracks-mnode5	amd	rocksdb	embedded	NO_RETIRED_INST_CYCLES	user	chiplet_x3	36	21	49	CLEANUP	1	27032.0	27024.0	27039.0	27039.0	27039.0	27039.0	27039.0	27039.0	ok	/home/seunghyun/ycsb/results/chiplet_ycsb_256mib_madracks-mnode5_20260314T060453Z_1429430/runs/rocksdb/chiplet_x3/inst21/run.stdout.log	/home/seunghyun/ycsb/results/chiplet_ycsb_256mib_madracks-mnode5_20260314T060453Z_1429430/runs/rocksdb/chiplet_x3
2026-03-14T06:07:08Z	madracks-mnode5	amd	rocksdb	embedded	NO_RETIRED_INST_CYCLES	user	chiplet_x3	36	22	50	READ	1000000	17.165202	1.0	17919.0	11.0	32.0	40.0	75.0	5503.0	ok	/home/seunghyun/ycsb/results/chiplet_ycsb_256mib_madracks-mnode5_20260314T060453Z_1429430/runs/rocksdb/chiplet_x3/inst22/run.stdout.log	/home/seunghyun/ycsb/results/chiplet_ycsb_256mib_madracks-mnode5_20260314T060453Z_1429430/runs/rocksdb/chiplet_x3
2026-03-14T06:07:08Z	madracks-mnode5	amd	rocksdb	embedded	NO_RETIRED_INST_CYCLES	user	chiplet_x3	36	22	50	CLEANUP	1	25208.0	25200.0	25215.0	25215.0	25215.0	25215.0	25215.0	25215.0	ok	/home/seunghyun/ycsb/results/chiplet_ycsb_256mib_madracks-mnode5_20260314T060453Z_1429430/runs/rocksdb/chiplet_x3/inst22/run.stdout.log	/home/seunghyun/ycsb/results/chiplet_ycsb_256mib_madracks-mnode5_20260314T060453Z_1429430/runs/rocksdb/chiplet_x3
2026-03-14T06:07:08Z	madracks-mnode5	amd	rocksdb	embedded	NO_RETIRED_INST_CYCLES	user	chiplet_x3	36	23	51	READ	1000000	17.270507	1.0	24079.0	11.0	32.0	40.0	76.0	4235.0	ok	/home/seunghyun/ycsb/results/chiplet_ycsb_256mib_madracks-mnode5_20260314T060453Z_1429430/runs/rocksdb/chiplet_x3/inst23/run.stdout.log	/home/seunghyun/ycsb/results/chiplet_ycsb_256mib_madracks-mnode5_20260314T060453Z_1429430/runs/rocksdb/chiplet_x3
2026-03-14T06:07:08Z	madracks-mnode5	amd	rocksdb	embedded	NO_RETIRED_INST_CYCLES	user	chiplet_x3	36	23	51	CLEANUP	1	27704.0	27696.0	27711.0	27711.0	27711.0	27711.0	27711.0	27711.0	ok	/home/seunghyun/ycsb/results/chiplet_ycsb_256mib_madracks-mnode5_20260314T060453Z_1429430/runs/rocksdb/chiplet_x3/inst23/run.stdout.log	/home/seunghyun/ycsb/results/chiplet_ycsb_256mib_madracks-mnode5_20260314T060453Z_1429430/runs/rocksdb/chiplet_x3
2026-03-14T06:07:08Z	madracks-mnode5	amd	rocksdb	embedded	NO_RETIRED_INST_CYCLES	user	chiplet_x3	36	24	56	READ	1000000	16.048004	1.0	12327.0	11.0	31.0	38.0	61.0	4087.0	ok	/home/seunghyun/ycsb/results/chiplet_ycsb_256mib_madracks-mnode5_20260314T060453Z_1429430/runs/rocksdb/chiplet_x3/inst24/run.stdout.log	/home/seunghyun/ycsb/results/chiplet_ycsb_256mib_madracks-mnode5_20260314T060453Z_1429430/runs/rocksdb/chiplet_x3
2026-03-14T06:07:08Z	madracks-mnode5	amd	rocksdb	embedded	NO_RETIRED_INST_CYCLES	user	chiplet_x3	36	24	56	CLEANUP	1	27880.0	27872.0	27887.0	27887.0	27887.0	27887.0	27887.0	27887.0	ok	/home/seunghyun/ycsb/results/chiplet_ycsb_256mib_madracks-mnode5_20260314T060453Z_1429430/runs/rocksdb/chiplet_x3/inst24/run.stdout.log	/home/seunghyun/ycsb/results/chiplet_ycsb_256mib_madracks-mnode5_20260314T060453Z_1429430/runs/rocksdb/chiplet_x3
2026-03-14T06:07:08Z	madracks-mnode5	amd	rocksdb	embedded	NO_RETIRED_INST_CYCLES	user	chiplet_x3	36	25	57	READ	1000000	17.415113	1.0	16063.0	11.0	32.0	40.0	77.0	4923.0	ok	/home/seunghyun/ycsb/results/chiplet_ycsb_256mib_madracks-mnode5_20260314T060453Z_1429430/runs/rocksdb/chiplet_x3/inst25/run.stdout.log	/home/seunghyun/ycsb/results/chiplet_ycsb_256mib_madracks-mnode5_20260314T060453Z_1429430/runs/rocksdb/chiplet_x3
2026-03-14T06:07:08Z	madracks-mnode5	amd	rocksdb	embedded	NO_RETIRED_INST_CYCLES	user	chiplet_x3	36	25	57	CLEANUP	1	30200.0	30192.0	30207.0	30207.0	30207.0	30207.0	30207.0	30207.0	ok	/home/seunghyun/ycsb/results/chiplet_ycsb_256mib_madracks-mnode5_20260314T060453Z_1429430/runs/rocksdb/chiplet_x3/inst25/run.stdout.log	/home/seunghyun/ycsb/results/chiplet_ycsb_256mib_madracks-mnode5_20260314T060453Z_1429430/runs/rocksdb/chiplet_x3
2026-03-14T06:07:08Z	madracks-mnode5	amd	rocksdb	embedded	NO_RETIRED_INST_CYCLES	user	chiplet_x3	36	26	58	READ	1000000	17.142228	1.0	16671.0	11.0	32.0	39.0	76.0	4073.0	ok	/home/seunghyun/ycsb/results/chiplet_ycsb_256mib_madracks-mnode5_20260314T060453Z_1429430/runs/rocksdb/chiplet_x3/inst26/run.stdout.log	/home/seunghyun/ycsb/results/chiplet_ycsb_256mib_madracks-mnode5_20260314T060453Z_1429430/runs/rocksdb/chiplet_x3
2026-03-14T06:07:08Z	madracks-mnode5	amd	rocksdb	embedded	NO_RETIRED_INST_CYCLES	user	chiplet_x3	36	26	58	CLEANUP	1	25128.0	25120.0	25135.0	25135.0	25135.0	25135.0	25135.0	25135.0	ok	/home/seunghyun/ycsb/results/chiplet_ycsb_256mib_madracks-mnode5_20260314T060453Z_1429430/runs/rocksdb/chiplet_x3/inst26/run.stdout.log	/home/seunghyun/ycsb/results/chiplet_ycsb_256mib_madracks-mnode5_20260314T060453Z_1429430/runs/rocksdb/chiplet_x3
2026-03-14T06:07:08Z	madracks-mnode5	amd	rocksdb	embedded	NO_RETIRED_INST_CYCLES	user	chiplet_x3	36	27	63	READ	1000000	16.536894	1.0	20047.0	11.0	32.0	40.0	75.0	4083.0	ok	/home/seunghyun/ycsb/results/chiplet_ycsb_256mib_madracks-mnode5_20260314T060453Z_1429430/runs/rocksdb/chiplet_x3/inst27/run.stdout.log	/home/seunghyun/ycsb/results/chiplet_ycsb_256mib_madracks-mnode5_20260314T060453Z_1429430/runs/rocksdb/chiplet_x3
2026-03-14T06:07:08Z	madracks-mnode5	amd	rocksdb	embedded	NO_RETIRED_INST_CYCLES	user	chiplet_x3	36	27	63	CLEANUP	1	25912.0	25904.0	25919.0	25919.0	25919.0	25919.0	25919.0	25919.0	ok	/home/seunghyun/ycsb/results/chiplet_ycsb_256mib_madracks-mnode5_20260314T060453Z_1429430/runs/rocksdb/chiplet_x3/inst27/run.stdout.log	/home/seunghyun/ycsb/results/chiplet_ycsb_256mib_madracks-mnode5_20260314T060453Z_1429430/runs/rocksdb/chiplet_x3
2026-03-14T06:07:08Z	madracks-mnode5	amd	rocksdb	embedded	NO_RETIRED_INST_CYCLES	user	chiplet_x3	36	28	64	READ	1000000	16.86415	1.0	20079.0	11.0	32.0	39.0	76.0	4103.0	ok	/home/seunghyun/ycsb/results/chiplet_ycsb_256mib_madracks-mnode5_20260314T060453Z_1429430/runs/rocksdb/chiplet_x3/inst28/run.stdout.log	/home/seunghyun/ycsb/results/chiplet_ycsb_256mib_madracks-mnode5_20260314T060453Z_1429430/runs/rocksdb/chiplet_x3
2026-03-14T06:07:08Z	madracks-mnode5	amd	rocksdb	embedded	NO_RETIRED_INST_CYCLES	user	chiplet_x3	36	28	64	CLEANUP	1	31400.0	31392.0	31407.0	31407.0	31407.0	31407.0	31407.0	31407.0	ok	/home/seunghyun/ycsb/results/chiplet_ycsb_256mib_madracks-mnode5_20260314T060453Z_1429430/runs/rocksdb/chiplet_x3/inst28/run.stdout.log	/home/seunghyun/ycsb/results/chiplet_ycsb_256mib_madracks-mnode5_20260314T060453Z_1429430/runs/rocksdb/chiplet_x3
2026-03-14T06:07:08Z	madracks-mnode5	amd	rocksdb	embedded	NO_RETIRED_INST_CYCLES	user	chiplet_x3	36	29	65	READ	1000000	17.471207	1.0	20063.0	11.0	32.0	40.0	76.0	4755.0	ok	/home/seunghyun/ycsb/results/chiplet_ycsb_256mib_madracks-mnode5_20260314T060453Z_1429430/runs/rocksdb/chiplet_x3/inst29/run.stdout.log	/home/seunghyun/ycsb/results/chiplet_ycsb_256mib_madracks-mnode5_20260314T060453Z_1429430/runs/rocksdb/chiplet_x3
2026-03-14T06:07:08Z	madracks-mnode5	amd	rocksdb	embedded	NO_RETIRED_INST_CYCLES	user	chiplet_x3	36	29	65	CLEANUP	1	33136.0	33120.0	33151.0	33151.0	33151.0	33151.0	33151.0	33151.0	ok	/home/seunghyun/ycsb/results/chiplet_ycsb_256mib_madracks-mnode5_20260314T060453Z_1429430/runs/rocksdb/chiplet_x3/inst29/run.stdout.log	/home/seunghyun/ycsb/results/chiplet_ycsb_256mib_madracks-mnode5_20260314T060453Z_1429430/runs/rocksdb/chiplet_x3
2026-03-14T06:07:08Z	madracks-mnode5	amd	rocksdb	embedded	NO_RETIRED_INST_CYCLES	user	chiplet_x3	36	30	70	READ	1000000	17.267987	1.0	20031.0	11.0	32.0	40.0	77.0	4743.0	ok	/home/seunghyun/ycsb/results/chiplet_ycsb_256mib_madracks-mnode5_20260314T060453Z_1429430/runs/rocksdb/chiplet_x3/inst30/run.stdout.log	/home/seunghyun/ycsb/results/chiplet_ycsb_256mib_madracks-mnode5_20260314T060453Z_1429430/runs/rocksdb/chiplet_x3
2026-03-14T06:07:08Z	madracks-mnode5	amd	rocksdb	embedded	NO_RETIRED_INST_CYCLES	user	chiplet_x3	36	30	70	CLEANUP	1	27432.0	27424.0	27439.0	27439.0	27439.0	27439.0	27439.0	27439.0	ok	/home/seunghyun/ycsb/results/chiplet_ycsb_256mib_madracks-mnode5_20260314T060453Z_1429430/runs/rocksdb/chiplet_x3/inst30/run.stdout.log	/home/seunghyun/ycsb/results/chiplet_ycsb_256mib_madracks-mnode5_20260314T060453Z_1429430/runs/rocksdb/chiplet_x3
2026-03-14T06:07:08Z	madracks-mnode5	amd	rocksdb	embedded	NO_RETIRED_INST_CYCLES	user	chiplet_x3	36	31	71	READ	1000000	15.983921	1.0	20127.0	11.0	31.0	38.0	71.0	4063.0	ok	/home/seunghyun/ycsb/results/chiplet_ycsb_256mib_madracks-mnode5_20260314T060453Z_1429430/runs/rocksdb/chiplet_x3/inst31/run.stdout.log	/home/seunghyun/ycsb/results/chiplet_ycsb_256mib_madracks-mnode5_20260314T060453Z_1429430/runs/rocksdb/chiplet_x3
2026-03-14T06:07:08Z	madracks-mnode5	amd	rocksdb	embedded	NO_RETIRED_INST_CYCLES	user	chiplet_x3	36	31	71	CLEANUP	1	2193.0	2192.0	2193.0	2193.0	2193.0	2193.0	2193.0	2193.0	ok	/home/seunghyun/ycsb/results/chiplet_ycsb_256mib_madracks-mnode5_20260314T060453Z_1429430/runs/rocksdb/chiplet_x3/inst31/run.stdout.log	/home/seunghyun/ycsb/results/chiplet_ycsb_256mib_madracks-mnode5_20260314T060453Z_1429430/runs/rocksdb/chiplet_x3
2026-03-14T06:07:08Z	madracks-mnode5	amd	rocksdb	embedded	NO_RETIRED_INST_CYCLES	user	chiplet_x3	36	32	72	READ	1000000	16.86499	1.0	19359.0	11.0	32.0	40.0	77.0	4911.0	ok	/home/seunghyun/ycsb/results/chiplet_ycsb_256mib_madracks-mnode5_20260314T060453Z_1429430/runs/rocksdb/chiplet_x3/inst32/run.stdout.log	/home/seunghyun/ycsb/results/chiplet_ycsb_256mib_madracks-mnode5_20260314T060453Z_1429430/runs/rocksdb/chiplet_x3
2026-03-14T06:07:08Z	madracks-mnode5	amd	rocksdb	embedded	NO_RETIRED_INST_CYCLES	user	chiplet_x3	36	32	72	CLEANUP	1	26776.0	26768.0	26783.0	26783.0	26783.0	26783.0	26783.0	26783.0	ok	/home/seunghyun/ycsb/results/chiplet_ycsb_256mib_madracks-mnode5_20260314T060453Z_1429430/runs/rocksdb/chiplet_x3/inst32/run.stdout.log	/home/seunghyun/ycsb/results/chiplet_ycsb_256mib_madracks-mnode5_20260314T060453Z_1429430/runs/rocksdb/chiplet_x3
2026-03-14T06:07:08Z	madracks-mnode5	amd	rocksdb	embedded	NO_RETIRED_INST_CYCLES	user	chiplet_x3	36	33	77	READ	1000000	16.53077	1.0	25999.0	11.0	32.0	39.0	76.0	4065.0	ok	/home/seunghyun/ycsb/results/chiplet_ycsb_256mib_madracks-mnode5_20260314T060453Z_1429430/runs/rocksdb/chiplet_x3/inst33/run.stdout.log	/home/seunghyun/ycsb/results/chiplet_ycsb_256mib_madracks-mnode5_20260314T060453Z_1429430/runs/rocksdb/chiplet_x3
2026-03-14T06:07:08Z	madracks-mnode5	amd	rocksdb	embedded	NO_RETIRED_INST_CYCLES	user	chiplet_x3	36	33	77	CLEANUP	1	3017.0	3016.0	3017.0	3017.0	3017.0	3017.0	3017.0	3017.0	ok	/home/seunghyun/ycsb/results/chiplet_ycsb_256mib_madracks-mnode5_20260314T060453Z_1429430/runs/rocksdb/chiplet_x3/inst33/run.stdout.log	/home/seunghyun/ycsb/results/chiplet_ycsb_256mib_madracks-mnode5_20260314T060453Z_1429430/runs/rocksdb/chiplet_x3
2026-03-14T06:07:08Z	madracks-mnode5	amd	rocksdb	embedded	NO_RETIRED_INST_CYCLES	user	chiplet_x3	36	34	78	READ	1000000	16.562082	1.0	32047.0	11.0	31.0	39.0	75.0	4085.0	ok	/home/seunghyun/ycsb/results/chiplet_ycsb_256mib_madracks-mnode5_20260314T060453Z_1429430/runs/rocksdb/chiplet_x3/inst34/run.stdout.log	/home/seunghyun/ycsb/results/chiplet_ycsb_256mib_madracks-mnode5_20260314T060453Z_1429430/runs/rocksdb/chiplet_x3
2026-03-14T06:07:08Z	madracks-mnode5	amd	rocksdb	embedded	NO_RETIRED_INST_CYCLES	user	chiplet_x3	36	34	78	CLEANUP	1	31304.0	31296.0	31311.0	31311.0	31311.0	31311.0	31311.0	31311.0	ok	/home/seunghyun/ycsb/results/chiplet_ycsb_256mib_madracks-mnode5_20260314T060453Z_1429430/runs/rocksdb/chiplet_x3/inst34/run.stdout.log	/home/seunghyun/ycsb/results/chiplet_ycsb_256mib_madracks-mnode5_20260314T060453Z_1429430/runs/rocksdb/chiplet_x3
2026-03-14T06:07:08Z	madracks-mnode5	amd	rocksdb	embedded	NO_RETIRED_INST_CYCLES	user	chiplet_x3	36	35	79	READ	1000000	16.73639	1.0	20079.0	11.0	32.0	40.0	76.0	4571.0	ok	/home/seunghyun/ycsb/results/chiplet_ycsb_256mib_madracks-mnode5_20260314T060453Z_1429430/runs/rocksdb/chiplet_x3/inst35/run.stdout.log	/home/seunghyun/ycsb/results/chiplet_ycsb_256mib_madracks-mnode5_20260314T060453Z_1429430/runs/rocksdb/chiplet_x3
2026-03-14T06:07:08Z	madracks-mnode5	amd	rocksdb	embedded	NO_RETIRED_INST_CYCLES	user	chiplet_x3	36	35	79	CLEANUP	1	26808.0	26800.0	26815.0	26815.0	26815.0	26815.0	26815.0	26815.0	ok	/home/seunghyun/ycsb/results/chiplet_ycsb_256mib_madracks-mnode5_20260314T060453Z_1429430/runs/rocksdb/chiplet_x3/inst35/run.stdout.log	/home/seunghyun/ycsb/results/chiplet_ycsb_256mib_madracks-mnode5_20260314T060453Z_1429430/runs/rocksdb/chiplet_x3
2026-03-14T06:08:19Z	madracks-mnode5	amd	rocksdb	embedded	NO_RETIRED_INST_CYCLES	user	chiplet_x4	48	0	0	READ	1000000	18.58581	1.0	20095.0	11.0	33.0	41.0	92.0	4095.0	ok	/home/seunghyun/ycsb/results/chiplet_ycsb_256mib_madracks-mnode5_20260314T060453Z_1429430/runs/rocksdb/chiplet_x4/inst00/run.stdout.log	/home/seunghyun/ycsb/results/chiplet_ycsb_256mib_madracks-mnode5_20260314T060453Z_1429430/runs/rocksdb/chiplet_x4
2026-03-14T06:08:19Z	madracks-mnode5	amd	rocksdb	embedded	NO_RETIRED_INST_CYCLES	user	chiplet_x4	48	0	0	CLEANUP	1	38992.0	38976.0	39007.0	39007.0	39007.0	39007.0	39007.0	39007.0	ok	/home/seunghyun/ycsb/results/chiplet_ycsb_256mib_madracks-mnode5_20260314T060453Z_1429430/runs/rocksdb/chiplet_x4/inst00/run.stdout.log	/home/seunghyun/ycsb/results/chiplet_ycsb_256mib_madracks-mnode5_20260314T060453Z_1429430/runs/rocksdb/chiplet_x4
2026-03-14T06:08:19Z	madracks-mnode5	amd	rocksdb	embedded	NO_RETIRED_INST_CYCLES	user	chiplet_x4	48	1	1	READ	1000000	18.212965	1.0	16079.0	11.0	33.0	41.0	88.0	4963.0	ok	/home/seunghyun/ycsb/results/chiplet_ycsb_256mib_madracks-mnode5_20260314T060453Z_1429430/runs/rocksdb/chiplet_x4/inst01/run.stdout.log	/home/seunghyun/ycsb/results/chiplet_ycsb_256mib_madracks-mnode5_20260314T060453Z_1429430/runs/rocksdb/chiplet_x4
2026-03-14T06:08:19Z	madracks-mnode5	amd	rocksdb	embedded	NO_RETIRED_INST_CYCLES	user	chiplet_x4	48	1	1	CLEANUP	1	34928.0	34912.0	34943.0	34943.0	34943.0	34943.0	34943.0	34943.0	ok	/home/seunghyun/ycsb/results/chiplet_ycsb_256mib_madracks-mnode5_20260314T060453Z_1429430/runs/rocksdb/chiplet_x4/inst01/run.stdout.log	/home/seunghyun/ycsb/results/chiplet_ycsb_256mib_madracks-mnode5_20260314T060453Z_1429430/runs/rocksdb/chiplet_x4
2026-03-14T06:08:19Z	madracks-mnode5	amd	rocksdb	embedded	NO_RETIRED_INST_CYCLES	user	chiplet_x4	48	2	2	READ	1000000	17.672069	1.0	20095.0	11.0	32.0	39.0	81.0	4087.0	ok	/home/seunghyun/ycsb/results/chiplet_ycsb_256mib_madracks-mnode5_20260314T060453Z_1429430/runs/rocksdb/chiplet_x4/inst02/run.stdout.log	/home/seunghyun/ycsb/results/chiplet_ycsb_256mib_madracks-mnode5_20260314T060453Z_1429430/runs/rocksdb/chiplet_x4
2026-03-14T06:08:19Z	madracks-mnode5	amd	rocksdb	embedded	NO_RETIRED_INST_CYCLES	user	chiplet_x4	48	2	2	CLEANUP	1	106912.0	106880.0	106943.0	106943.0	106943.0	106943.0	106943.0	106943.0	ok	/home/seunghyun/ycsb/results/chiplet_ycsb_256mib_madracks-mnode5_20260314T060453Z_1429430/runs/rocksdb/chiplet_x4/inst02/run.stdout.log	/home/seunghyun/ycsb/results/chiplet_ycsb_256mib_madracks-mnode5_20260314T060453Z_1429430/runs/rocksdb/chiplet_x4
2026-03-14T06:08:19Z	madracks-mnode5	amd	rocksdb	embedded	NO_RETIRED_INST_CYCLES	user	chiplet_x4	48	3	3	READ	1000000	18.653645	1.0	21151.0	11.0	33.0	41.0	89.0	5595.0	ok	/home/seunghyun/ycsb/results/chiplet_ycsb_256mib_madracks-mnode5_20260314T060453Z_1429430/runs/rocksdb/chiplet_x4/inst03/run.stdout.log	/home/seunghyun/ycsb/results/chiplet_ycsb_256mib_madracks-mnode5_20260314T060453Z_1429430/runs/rocksdb/chiplet_x4
2026-03-14T06:08:19Z	madracks-mnode5	amd	rocksdb	embedded	NO_RETIRED_INST_CYCLES	user	chiplet_x4	48	3	3	CLEANUP	1	35504.0	35488.0	35519.0	35519.0	35519.0	35519.0	35519.0	35519.0	ok	/home/seunghyun/ycsb/results/chiplet_ycsb_256mib_madracks-mnode5_20260314T060453Z_1429430/runs/rocksdb/chiplet_x4/inst03/run.stdout.log	/home/seunghyun/ycsb/results/chiplet_ycsb_256mib_madracks-mnode5_20260314T060453Z_1429430/runs/rocksdb/chiplet_x4
2026-03-14T06:08:19Z	madracks-mnode5	amd	rocksdb	embedded	NO_RETIRED_INST_CYCLES	user	chiplet_x4	48	4	7	READ	1000000	18.602232	1.0	17199.0	11.0	33.0	41.0	89.0	4115.0	ok	/home/seunghyun/ycsb/results/chiplet_ycsb_256mib_madracks-mnode5_20260314T060453Z_1429430/runs/rocksdb/chiplet_x4/inst04/run.stdout.log	/home/seunghyun/ycsb/results/chiplet_ycsb_256mib_madracks-mnode5_20260314T060453Z_1429430/runs/rocksdb/chiplet_x4
2026-03-14T06:08:19Z	madracks-mnode5	amd	rocksdb	embedded	NO_RETIRED_INST_CYCLES	user	chiplet_x4	48	4	7	CLEANUP	1	35280.0	35264.0	35295.0	35295.0	35295.0	35295.0	35295.0	35295.0	ok	/home/seunghyun/ycsb/results/chiplet_ycsb_256mib_madracks-mnode5_20260314T060453Z_1429430/runs/rocksdb/chiplet_x4/inst04/run.stdout.log	/home/seunghyun/ycsb/results/chiplet_ycsb_256mib_madracks-mnode5_20260314T060453Z_1429430/runs/rocksdb/chiplet_x4
2026-03-14T06:08:19Z	madracks-mnode5	amd	rocksdb	embedded	NO_RETIRED_INST_CYCLES	user	chiplet_x4	48	5	8	READ	1000000	18.355918	2.0	16303.0	11.0	33.0	40.0	88.0	4175.0	ok	/home/seunghyun/ycsb/results/chiplet_ycsb_256mib_madracks-mnode5_20260314T060453Z_1429430/runs/rocksdb/chiplet_x4/inst05/run.stdout.log	/home/seunghyun/ycsb/results/chiplet_ycsb_256mib_madracks-mnode5_20260314T060453Z_1429430/runs/rocksdb/chiplet_x4
2026-03-14T06:08:19Z	madracks-mnode5	amd	rocksdb	embedded	NO_RETIRED_INST_CYCLES	user	chiplet_x4	48	5	8	CLEANUP	1	33616.0	33600.0	33631.0	33631.0	33631.0	33631.0	33631.0	33631.0	ok	/home/seunghyun/ycsb/results/chiplet_ycsb_256mib_madracks-mnode5_20260314T060453Z_1429430/runs/rocksdb/chiplet_x4/inst05/run.stdout.log	/home/seunghyun/ycsb/results/chiplet_ycsb_256mib_madracks-mnode5_20260314T060453Z_1429430/runs/rocksdb/chiplet_x4
2026-03-14T06:08:19Z	madracks-mnode5	amd	rocksdb	embedded	NO_RETIRED_INST_CYCLES	user	chiplet_x4	48	6	9	READ	1000000	18.579683	1.0	16095.0	11.0	33.0	41.0	92.0	4067.0	ok	/home/seunghyun/ycsb/results/chiplet_ycsb_256mib_madracks-mnode5_20260314T060453Z_1429430/runs/rocksdb/chiplet_x4/inst06/run.stdout.log	/home/seunghyun/ycsb/results/chiplet_ycsb_256mib_madracks-mnode5_20260314T060453Z_1429430/runs/rocksdb/chiplet_x4
2026-03-14T06:08:19Z	madracks-mnode5	amd	rocksdb	embedded	NO_RETIRED_INST_CYCLES	user	chiplet_x4	48	6	9	CLEANUP	1	3105.0	3104.0	3105.0	3105.0	3105.0	3105.0	3105.0	3105.0	ok	/home/seunghyun/ycsb/results/chiplet_ycsb_256mib_madracks-mnode5_20260314T060453Z_1429430/runs/rocksdb/chiplet_x4/inst06/run.stdout.log	/home/seunghyun/ycsb/results/chiplet_ycsb_256mib_madracks-mnode5_20260314T060453Z_1429430/runs/rocksdb/chiplet_x4
2026-03-14T06:08:19Z	madracks-mnode5	amd	rocksdb	embedded	NO_RETIRED_INST_CYCLES	user	chiplet_x4	48	7	10	READ	1000000	18.611478	1.0	24063.0	11.0	33.0	41.0	87.0	4635.0	ok	/home/seunghyun/ycsb/results/chiplet_ycsb_256mib_madracks-mnode5_20260314T060453Z_1429430/runs/rocksdb/chiplet_x4/inst07/run.stdout.log	/home/seunghyun/ycsb/results/chiplet_ycsb_256mib_madracks-mnode5_20260314T060453Z_1429430/runs/rocksdb/chiplet_x4
2026-03-14T06:08:19Z	madracks-mnode5	amd	rocksdb	embedded	NO_RETIRED_INST_CYCLES	user	chiplet_x4	48	7	10	CLEANUP	1	33584.0	33568.0	33599.0	33599.0	33599.0	33599.0	33599.0	33599.0	ok	/home/seunghyun/ycsb/results/chiplet_ycsb_256mib_madracks-mnode5_20260314T060453Z_1429430/runs/rocksdb/chiplet_x4/inst07/run.stdout.log	/home/seunghyun/ycsb/results/chiplet_ycsb_256mib_madracks-mnode5_20260314T060453Z_1429430/runs/rocksdb/chiplet_x4
2026-03-14T06:08:19Z	madracks-mnode5	amd	rocksdb	embedded	NO_RETIRED_INST_CYCLES	user	chiplet_x4	48	8	14	READ	1000000	18.558622	1.0	17919.0	11.0	33.0	41.0	89.0	4943.0	ok	/home/seunghyun/ycsb/results/chiplet_ycsb_256mib_madracks-mnode5_20260314T060453Z_1429430/runs/rocksdb/chiplet_x4/inst08/run.stdout.log	/home/seunghyun/ycsb/results/chiplet_ycsb_256mib_madracks-mnode5_20260314T060453Z_1429430/runs/rocksdb/chiplet_x4
2026-03-14T06:08:19Z	madracks-mnode5	amd	rocksdb	embedded	NO_RETIRED_INST_CYCLES	user	chiplet_x4	48	8	14	CLEANUP	1	30904.0	30896.0	30911.0	30911.0	30911.0	30911.0	30911.0	30911.0	ok	/home/seunghyun/ycsb/results/chiplet_ycsb_256mib_madracks-mnode5_20260314T060453Z_1429430/runs/rocksdb/chiplet_x4/inst08/run.stdout.log	/home/seunghyun/ycsb/results/chiplet_ycsb_256mib_madracks-mnode5_20260314T060453Z_1429430/runs/rocksdb/chiplet_x4
2026-03-14T06:08:19Z	madracks-mnode5	amd	rocksdb	embedded	NO_RETIRED_INST_CYCLES	user	chiplet_x4	48	9	15	READ	1000000	17.114016	1.0	18271.0	11.0	32.0	40.0	84.0	4081.0	ok	/home/seunghyun/ycsb/results/chiplet_ycsb_256mib_madracks-mnode5_20260314T060453Z_1429430/runs/rocksdb/chiplet_x4/inst09/run.stdout.log	/home/seunghyun/ycsb/results/chiplet_ycsb_256mib_madracks-mnode5_20260314T060453Z_1429430/runs/rocksdb/chiplet_x4
2026-03-14T06:08:19Z	madracks-mnode5	amd	rocksdb	embedded	NO_RETIRED_INST_CYCLES	user	chiplet_x4	48	9	15	CLEANUP	1	2265.0	2264.0	2265.0	2265.0	2265.0	2265.0	2265.0	2265.0	ok	/home/seunghyun/ycsb/results/chiplet_ycsb_256mib_madracks-mnode5_20260314T060453Z_1429430/runs/rocksdb/chiplet_x4/inst09/run.stdout.log	/home/seunghyun/ycsb/results/chiplet_ycsb_256mib_madracks-mnode5_20260314T060453Z_1429430/runs/rocksdb/chiplet_x4
2026-03-14T06:08:19Z	madracks-mnode5	amd	rocksdb	embedded	NO_RETIRED_INST_CYCLES	user	chiplet_x4	48	10	16	READ	1000000	18.499943	1.0	16071.0	11.0	33.0	41.0	92.0	8043.0	ok	/home/seunghyun/ycsb/results/chiplet_ycsb_256mib_madracks-mnode5_20260314T060453Z_1429430/runs/rocksdb/chiplet_x4/inst10/run.stdout.log	/home/seunghyun/ycsb/results/chiplet_ycsb_256mib_madracks-mnode5_20260314T060453Z_1429430/runs/rocksdb/chiplet_x4
2026-03-14T06:08:19Z	madracks-mnode5	amd	rocksdb	embedded	NO_RETIRED_INST_CYCLES	user	chiplet_x4	48	10	16	CLEANUP	1	26392.0	26384.0	26399.0	26399.0	26399.0	26399.0	26399.0	26399.0	ok	/home/seunghyun/ycsb/results/chiplet_ycsb_256mib_madracks-mnode5_20260314T060453Z_1429430/runs/rocksdb/chiplet_x4/inst10/run.stdout.log	/home/seunghyun/ycsb/results/chiplet_ycsb_256mib_madracks-mnode5_20260314T060453Z_1429430/runs/rocksdb/chiplet_x4
2026-03-14T06:08:19Z	madracks-mnode5	amd	rocksdb	embedded	NO_RETIRED_INST_CYCLES	user	chiplet_x4	48	11	17	READ	1000000	18.184784	2.0	21263.0	11.0	33.0	40.0	86.0	4387.0	ok	/home/seunghyun/ycsb/results/chiplet_ycsb_256mib_madracks-mnode5_20260314T060453Z_1429430/runs/rocksdb/chiplet_x4/inst11/run.stdout.log	/home/seunghyun/ycsb/results/chiplet_ycsb_256mib_madracks-mnode5_20260314T060453Z_1429430/runs/rocksdb/chiplet_x4
2026-03-14T06:08:19Z	madracks-mnode5	amd	rocksdb	embedded	NO_RETIRED_INST_CYCLES	user	chiplet_x4	48	11	17	CLEANUP	1	35216.0	35200.0	35231.0	35231.0	35231.0	35231.0	35231.0	35231.0	ok	/home/seunghyun/ycsb/results/chiplet_ycsb_256mib_madracks-mnode5_20260314T060453Z_1429430/runs/rocksdb/chiplet_x4/inst11/run.stdout.log	/home/seunghyun/ycsb/results/chiplet_ycsb_256mib_madracks-mnode5_20260314T060453Z_1429430/runs/rocksdb/chiplet_x4
2026-03-14T06:08:19Z	madracks-mnode5	amd	rocksdb	embedded	NO_RETIRED_INST_CYCLES	user	chiplet_x4	48	12	21	READ	1000000	18.576112	2.0	24079.0	11.0	33.0	41.0	89.0	4067.0	ok	/home/seunghyun/ycsb/results/chiplet_ycsb_256mib_madracks-mnode5_20260314T060453Z_1429430/runs/rocksdb/chiplet_x4/inst12/run.stdout.log	/home/seunghyun/ycsb/results/chiplet_ycsb_256mib_madracks-mnode5_20260314T060453Z_1429430/runs/rocksdb/chiplet_x4
2026-03-14T06:08:19Z	madracks-mnode5	amd	rocksdb	embedded	NO_RETIRED_INST_CYCLES	user	chiplet_x4	48	12	21	CLEANUP	1	42224.0	42208.0	42239.0	42239.0	42239.0	42239.0	42239.0	42239.0	ok	/home/seunghyun/ycsb/results/chiplet_ycsb_256mib_madracks-mnode5_20260314T060453Z_1429430/runs/rocksdb/chiplet_x4/inst12/run.stdout.log	/home/seunghyun/ycsb/results/chiplet_ycsb_256mib_madracks-mnode5_20260314T060453Z_1429430/runs/rocksdb/chiplet_x4
2026-03-14T06:08:19Z	madracks-mnode5	amd	rocksdb	embedded	NO_RETIRED_INST_CYCLES	user	chiplet_x4	48	13	22	READ	1000000	18.51166	2.0	16079.0	12.0	33.0	41.0	91.0	4951.0	ok	/home/seunghyun/ycsb/results/chiplet_ycsb_256mib_madracks-mnode5_20260314T060453Z_1429430/runs/rocksdb/chiplet_x4/inst13/run.stdout.log	/home/seunghyun/ycsb/results/chiplet_ycsb_256mib_madracks-mnode5_20260314T060453Z_1429430/runs/rocksdb/chiplet_x4
2026-03-14T06:08:19Z	madracks-mnode5	amd	rocksdb	embedded	NO_RETIRED_INST_CYCLES	user	chiplet_x4	48	13	22	CLEANUP	1	35888.0	35872.0	35903.0	35903.0	35903.0	35903.0	35903.0	35903.0	ok	/home/seunghyun/ycsb/results/chiplet_ycsb_256mib_madracks-mnode5_20260314T060453Z_1429430/runs/rocksdb/chiplet_x4/inst13/run.stdout.log	/home/seunghyun/ycsb/results/chiplet_ycsb_256mib_madracks-mnode5_20260314T060453Z_1429430/runs/rocksdb/chiplet_x4
2026-03-14T06:08:19Z	madracks-mnode5	amd	rocksdb	embedded	NO_RETIRED_INST_CYCLES	user	chiplet_x4	48	14	23	READ	1000000	18.544553	1.0	16135.0	11.0	33.0	41.0	92.0	4091.0	ok	/home/seunghyun/ycsb/results/chiplet_ycsb_256mib_madracks-mnode5_20260314T060453Z_1429430/runs/rocksdb/chiplet_x4/inst14/run.stdout.log	/home/seunghyun/ycsb/results/chiplet_ycsb_256mib_madracks-mnode5_20260314T060453Z_1429430/runs/rocksdb/chiplet_x4
2026-03-14T06:08:19Z	madracks-mnode5	amd	rocksdb	embedded	NO_RETIRED_INST_CYCLES	user	chiplet_x4	48	14	23	CLEANUP	1	27448.0	27440.0	27455.0	27455.0	27455.0	27455.0	27455.0	27455.0	ok	/home/seunghyun/ycsb/results/chiplet_ycsb_256mib_madracks-mnode5_20260314T060453Z_1429430/runs/rocksdb/chiplet_x4/inst14/run.stdout.log	/home/seunghyun/ycsb/results/chiplet_ycsb_256mib_madracks-mnode5_20260314T060453Z_1429430/runs/rocksdb/chiplet_x4
2026-03-14T06:08:19Z	madracks-mnode5	amd	rocksdb	embedded	NO_RETIRED_INST_CYCLES	user	chiplet_x4	48	15	24	READ	1000000	18.694299	1.0	15559.0	11.0	33.0	41.0	91.0	4651.0	ok	/home/seunghyun/ycsb/results/chiplet_ycsb_256mib_madracks-mnode5_20260314T060453Z_1429430/runs/rocksdb/chiplet_x4/inst15/run.stdout.log	/home/seunghyun/ycsb/results/chiplet_ycsb_256mib_madracks-mnode5_20260314T060453Z_1429430/runs/rocksdb/chiplet_x4
2026-03-14T06:08:19Z	madracks-mnode5	amd	rocksdb	embedded	NO_RETIRED_INST_CYCLES	user	chiplet_x4	48	15	24	CLEANUP	1	36176.0	36160.0	36191.0	36191.0	36191.0	36191.0	36191.0	36191.0	ok	/home/seunghyun/ycsb/results/chiplet_ycsb_256mib_madracks-mnode5_20260314T060453Z_1429430/runs/rocksdb/chiplet_x4/inst15/run.stdout.log	/home/seunghyun/ycsb/results/chiplet_ycsb_256mib_madracks-mnode5_20260314T060453Z_1429430/runs/rocksdb/chiplet_x4
2026-03-14T06:08:19Z	madracks-mnode5	amd	rocksdb	embedded	NO_RETIRED_INST_CYCLES	user	chiplet_x4	48	16	28	READ	1000000	18.210849	1.0	20063.0	11.0	33.0	40.0	90.0	5835.0	ok	/home/seunghyun/ycsb/results/chiplet_ycsb_256mib_madracks-mnode5_20260314T060453Z_1429430/runs/rocksdb/chiplet_x4/inst16/run.stdout.log	/home/seunghyun/ycsb/results/chiplet_ycsb_256mib_madracks-mnode5_20260314T060453Z_1429430/runs/rocksdb/chiplet_x4
2026-03-14T06:08:19Z	madracks-mnode5	amd	rocksdb	embedded	NO_RETIRED_INST_CYCLES	user	chiplet_x4	48	16	28	CLEANUP	1	26440.0	26432.0	26447.0	26447.0	26447.0	26447.0	26447.0	26447.0	ok	/home/seunghyun/ycsb/results/chiplet_ycsb_256mib_madracks-mnode5_20260314T060453Z_1429430/runs/rocksdb/chiplet_x4/inst16/run.stdout.log	/home/seunghyun/ycsb/results/chiplet_ycsb_256mib_madracks-mnode5_20260314T060453Z_1429430/runs/rocksdb/chiplet_x4
2026-03-14T06:08:19Z	madracks-mnode5	amd	rocksdb	embedded	NO_RETIRED_INST_CYCLES	user	chiplet_x4	48	17	29	READ	1000000	18.35938	1.0	12135.0	11.0	33.0	40.0	91.0	4075.0	ok	/home/seunghyun/ycsb/results/chiplet_ycsb_256mib_madracks-mnode5_20260314T060453Z_1429430/runs/rocksdb/chiplet_x4/inst17/run.stdout.log	/home/seunghyun/ycsb/results/chiplet_ycsb_256mib_madracks-mnode5_20260314T060453Z_1429430/runs/rocksdb/chiplet_x4
2026-03-14T06:08:19Z	madracks-mnode5	amd	rocksdb	embedded	NO_RETIRED_INST_CYCLES	user	chiplet_x4	48	17	29	CLEANUP	1	35376.0	35360.0	35391.0	35391.0	35391.0	35391.0	35391.0	35391.0	ok	/home/seunghyun/ycsb/results/chiplet_ycsb_256mib_madracks-mnode5_20260314T060453Z_1429430/runs/rocksdb/chiplet_x4/inst17/run.stdout.log	/home/seunghyun/ycsb/results/chiplet_ycsb_256mib_madracks-mnode5_20260314T060453Z_1429430/runs/rocksdb/chiplet_x4
2026-03-14T06:08:19Z	madracks-mnode5	amd	rocksdb	embedded	NO_RETIRED_INST_CYCLES	user	chiplet_x4	48	18	30	READ	1000000	18.442502	1.0	16143.0	11.0	33.0	41.0	91.0	4071.0	ok	/home/seunghyun/ycsb/results/chiplet_ycsb_256mib_madracks-mnode5_20260314T060453Z_1429430/runs/rocksdb/chiplet_x4/inst18/run.stdout.log	/home/seunghyun/ycsb/results/chiplet_ycsb_256mib_madracks-mnode5_20260314T060453Z_1429430/runs/rocksdb/chiplet_x4
2026-03-14T06:08:19Z	madracks-mnode5	amd	rocksdb	embedded	NO_RETIRED_INST_CYCLES	user	chiplet_x4	48	18	30	CLEANUP	1	33840.0	33824.0	33855.0	33855.0	33855.0	33855.0	33855.0	33855.0	ok	/home/seunghyun/ycsb/results/chiplet_ycsb_256mib_madracks-mnode5_20260314T060453Z_1429430/runs/rocksdb/chiplet_x4/inst18/run.stdout.log	/home/seunghyun/ycsb/results/chiplet_ycsb_256mib_madracks-mnode5_20260314T060453Z_1429430/runs/rocksdb/chiplet_x4
2026-03-14T06:08:19Z	madracks-mnode5	amd	rocksdb	embedded	NO_RETIRED_INST_CYCLES	user	chiplet_x4	48	19	31	READ	1000000	18.719082	1.0	20063.0	11.0	33.0	41.0	89.0	4379.0	ok	/home/seunghyun/ycsb/results/chiplet_ycsb_256mib_madracks-mnode5_20260314T060453Z_1429430/runs/rocksdb/chiplet_x4/inst19/run.stdout.log	/home/seunghyun/ycsb/results/chiplet_ycsb_256mib_madracks-mnode5_20260314T060453Z_1429430/runs/rocksdb/chiplet_x4
2026-03-14T06:08:19Z	madracks-mnode5	amd	rocksdb	embedded	NO_RETIRED_INST_CYCLES	user	chiplet_x4	48	19	31	CLEANUP	1	35760.0	35744.0	35775.0	35775.0	35775.0	35775.0	35775.0	35775.0	ok	/home/seunghyun/ycsb/results/chiplet_ycsb_256mib_madracks-mnode5_20260314T060453Z_1429430/runs/rocksdb/chiplet_x4/inst19/run.stdout.log	/home/seunghyun/ycsb/results/chiplet_ycsb_256mib_madracks-mnode5_20260314T060453Z_1429430/runs/rocksdb/chiplet_x4
2026-03-14T06:08:19Z	madracks-mnode5	amd	rocksdb	embedded	NO_RETIRED_INST_CYCLES	user	chiplet_x4	48	20	35	READ	1000000	18.394681	1.0	16055.0	11.0	33.0	41.0	91.0	5119.0	ok	/home/seunghyun/ycsb/results/chiplet_ycsb_256mib_madracks-mnode5_20260314T060453Z_1429430/runs/rocksdb/chiplet_x4/inst20/run.stdout.log	/home/seunghyun/ycsb/results/chiplet_ycsb_256mib_madracks-mnode5_20260314T060453Z_1429430/runs/rocksdb/chiplet_x4
2026-03-14T06:08:19Z	madracks-mnode5	amd	rocksdb	embedded	NO_RETIRED_INST_CYCLES	user	chiplet_x4	48	20	35	CLEANUP	1	27496.0	27488.0	27503.0	27503.0	27503.0	27503.0	27503.0	27503.0	ok	/home/seunghyun/ycsb/results/chiplet_ycsb_256mib_madracks-mnode5_20260314T060453Z_1429430/runs/rocksdb/chiplet_x4/inst20/run.stdout.log	/home/seunghyun/ycsb/results/chiplet_ycsb_256mib_madracks-mnode5_20260314T060453Z_1429430/runs/rocksdb/chiplet_x4
2026-03-14T06:08:19Z	madracks-mnode5	amd	rocksdb	embedded	NO_RETIRED_INST_CYCLES	user	chiplet_x4	48	21	36	READ	1000000	16.922202	1.0	16479.0	11.0	32.0	39.0	78.0	4065.0	ok	/home/seunghyun/ycsb/results/chiplet_ycsb_256mib_madracks-mnode5_20260314T060453Z_1429430/runs/rocksdb/chiplet_x4/inst21/run.stdout.log	/home/seunghyun/ycsb/results/chiplet_ycsb_256mib_madracks-mnode5_20260314T060453Z_1429430/runs/rocksdb/chiplet_x4
2026-03-14T06:08:19Z	madracks-mnode5	amd	rocksdb	embedded	NO_RETIRED_INST_CYCLES	user	chiplet_x4	48	21	36	CLEANUP	1	150208.0	150144.0	150271.0	150271.0	150271.0	150271.0	150271.0	150271.0	ok	/home/seunghyun/ycsb/results/chiplet_ycsb_256mib_madracks-mnode5_20260314T060453Z_1429430/runs/rocksdb/chiplet_x4/inst21/run.stdout.log	/home/seunghyun/ycsb/results/chiplet_ycsb_256mib_madracks-mnode5_20260314T060453Z_1429430/runs/rocksdb/chiplet_x4
2026-03-14T06:08:19Z	madracks-mnode5	amd	rocksdb	embedded	NO_RETIRED_INST_CYCLES	user	chiplet_x4	48	22	37	READ	1000000	18.068496	1.0	12111.0	11.0	33.0	40.0	90.0	4065.0	ok	/home/seunghyun/ycsb/results/chiplet_ycsb_256mib_madracks-mnode5_20260314T060453Z_1429430/runs/rocksdb/chiplet_x4/inst22/run.stdout.log	/home/seunghyun/ycsb/results/chiplet_ycsb_256mib_madracks-mnode5_20260314T060453Z_1429430/runs/rocksdb/chiplet_x4
2026-03-14T06:08:19Z	madracks-mnode5	amd	rocksdb	embedded	NO_RETIRED_INST_CYCLES	user	chiplet_x4	48	22	37	CLEANUP	1	26328.0	26320.0	26335.0	26335.0	26335.0	26335.0	26335.0	26335.0	ok	/home/seunghyun/ycsb/results/chiplet_ycsb_256mib_madracks-mnode5_20260314T060453Z_1429430/runs/rocksdb/chiplet_x4/inst22/run.stdout.log	/home/seunghyun/ycsb/results/chiplet_ycsb_256mib_madracks-mnode5_20260314T060453Z_1429430/runs/rocksdb/chiplet_x4
2026-03-14T06:08:19Z	madracks-mnode5	amd	rocksdb	embedded	NO_RETIRED_INST_CYCLES	user	chiplet_x4	48	23	38	READ	1000000	18.533816	1.0	20927.0	11.0	33.0	41.0	88.0	5243.0	ok	/home/seunghyun/ycsb/results/chiplet_ycsb_256mib_madracks-mnode5_20260314T060453Z_1429430/runs/rocksdb/chiplet_x4/inst23/run.stdout.log	/home/seunghyun/ycsb/results/chiplet_ycsb_256mib_madracks-mnode5_20260314T060453Z_1429430/runs/rocksdb/chiplet_x4
2026-03-14T06:08:19Z	madracks-mnode5	amd	rocksdb	embedded	NO_RETIRED_INST_CYCLES	user	chiplet_x4	48	23	38	CLEANUP	1	36880.0	36864.0	36895.0	36895.0	36895.0	36895.0	36895.0	36895.0	ok	/home/seunghyun/ycsb/results/chiplet_ycsb_256mib_madracks-mnode5_20260314T060453Z_1429430/runs/rocksdb/chiplet_x4/inst23/run.stdout.log	/home/seunghyun/ycsb/results/chiplet_ycsb_256mib_madracks-mnode5_20260314T060453Z_1429430/runs/rocksdb/chiplet_x4
2026-03-14T06:08:19Z	madracks-mnode5	amd	rocksdb	embedded	NO_RETIRED_INST_CYCLES	user	chiplet_x4	48	24	42	READ	1000000	18.547903	1.0	24063.0	11.0	33.0	41.0	89.0	8043.0	ok	/home/seunghyun/ycsb/results/chiplet_ycsb_256mib_madracks-mnode5_20260314T060453Z_1429430/runs/rocksdb/chiplet_x4/inst24/run.stdout.log	/home/seunghyun/ycsb/results/chiplet_ycsb_256mib_madracks-mnode5_20260314T060453Z_1429430/runs/rocksdb/chiplet_x4
2026-03-14T06:08:19Z	madracks-mnode5	amd	rocksdb	embedded	NO_RETIRED_INST_CYCLES	user	chiplet_x4	48	24	42	CLEANUP	1	26632.0	26624.0	26639.0	26639.0	26639.0	26639.0	26639.0	26639.0	ok	/home/seunghyun/ycsb/results/chiplet_ycsb_256mib_madracks-mnode5_20260314T060453Z_1429430/runs/rocksdb/chiplet_x4/inst24/run.stdout.log	/home/seunghyun/ycsb/results/chiplet_ycsb_256mib_madracks-mnode5_20260314T060453Z_1429430/runs/rocksdb/chiplet_x4
2026-03-14T06:08:19Z	madracks-mnode5	amd	rocksdb	embedded	NO_RETIRED_INST_CYCLES	user	chiplet_x4	48	25	43	READ	1000000	18.293957	1.0	14279.0	11.0	33.0	40.0	88.0	4099.0	ok	/home/seunghyun/ycsb/results/chiplet_ycsb_256mib_madracks-mnode5_20260314T060453Z_1429430/runs/rocksdb/chiplet_x4/inst25/run.stdout.log	/home/seunghyun/ycsb/results/chiplet_ycsb_256mib_madracks-mnode5_20260314T060453Z_1429430/runs/rocksdb/chiplet_x4
2026-03-14T06:08:19Z	madracks-mnode5	amd	rocksdb	embedded	NO_RETIRED_INST_CYCLES	user	chiplet_x4	48	25	43	CLEANUP	1	27640.0	27632.0	27647.0	27647.0	27647.0	27647.0	27647.0	27647.0	ok	/home/seunghyun/ycsb/results/chiplet_ycsb_256mib_madracks-mnode5_20260314T060453Z_1429430/runs/rocksdb/chiplet_x4/inst25/run.stdout.log	/home/seunghyun/ycsb/results/chiplet_ycsb_256mib_madracks-mnode5_20260314T060453Z_1429430/runs/rocksdb/chiplet_x4
2026-03-14T06:08:19Z	madracks-mnode5	amd	rocksdb	embedded	NO_RETIRED_INST_CYCLES	user	chiplet_x4	48	26	44	READ	1000000	18.511958	1.0	16959.0	11.0	33.0	41.0	91.0	4085.0	ok	/home/seunghyun/ycsb/results/chiplet_ycsb_256mib_madracks-mnode5_20260314T060453Z_1429430/runs/rocksdb/chiplet_x4/inst26/run.stdout.log	/home/seunghyun/ycsb/results/chiplet_ycsb_256mib_madracks-mnode5_20260314T060453Z_1429430/runs/rocksdb/chiplet_x4
2026-03-14T06:08:19Z	madracks-mnode5	amd	rocksdb	embedded	NO_RETIRED_INST_CYCLES	user	chiplet_x4	48	26	44	CLEANUP	1	27096.0	27088.0	27103.0	27103.0	27103.0	27103.0	27103.0	27103.0	ok	/home/seunghyun/ycsb/results/chiplet_ycsb_256mib_madracks-mnode5_20260314T060453Z_1429430/runs/rocksdb/chiplet_x4/inst26/run.stdout.log	/home/seunghyun/ycsb/results/chiplet_ycsb_256mib_madracks-mnode5_20260314T060453Z_1429430/runs/rocksdb/chiplet_x4
2026-03-14T06:08:19Z	madracks-mnode5	amd	rocksdb	embedded	NO_RETIRED_INST_CYCLES	user	chiplet_x4	48	27	45	READ	1000000	18.370161	1.0	17071.0	11.0	33.0	41.0	90.0	4099.0	ok	/home/seunghyun/ycsb/results/chiplet_ycsb_256mib_madracks-mnode5_20260314T060453Z_1429430/runs/rocksdb/chiplet_x4/inst27/run.stdout.log	/home/seunghyun/ycsb/results/chiplet_ycsb_256mib_madracks-mnode5_20260314T060453Z_1429430/runs/rocksdb/chiplet_x4
2026-03-14T06:08:19Z	madracks-mnode5	amd	rocksdb	embedded	NO_RETIRED_INST_CYCLES	user	chiplet_x4	48	27	45	CLEANUP	1	27800.0	27792.0	27807.0	27807.0	27807.0	27807.0	27807.0	27807.0	ok	/home/seunghyun/ycsb/results/chiplet_ycsb_256mib_madracks-mnode5_20260314T060453Z_1429430/runs/rocksdb/chiplet_x4/inst27/run.stdout.log	/home/seunghyun/ycsb/results/chiplet_ycsb_256mib_madracks-mnode5_20260314T060453Z_1429430/runs/rocksdb/chiplet_x4
2026-03-14T06:08:19Z	madracks-mnode5	amd	rocksdb	embedded	NO_RETIRED_INST_CYCLES	user	chiplet_x4	48	28	49	READ	1000000	18.600313	1.0	16079.0	11.0	33.0	40.0	88.0	4127.0	ok	/home/seunghyun/ycsb/results/chiplet_ycsb_256mib_madracks-mnode5_20260314T060453Z_1429430/runs/rocksdb/chiplet_x4/inst28/run.stdout.log	/home/seunghyun/ycsb/results/chiplet_ycsb_256mib_madracks-mnode5_20260314T060453Z_1429430/runs/rocksdb/chiplet_x4
2026-03-14T06:08:19Z	madracks-mnode5	amd	rocksdb	embedded	NO_RETIRED_INST_CYCLES	user	chiplet_x4	48	28	49	CLEANUP	1	29752.0	29744.0	29759.0	29759.0	29759.0	29759.0	29759.0	29759.0	ok	/home/seunghyun/ycsb/results/chiplet_ycsb_256mib_madracks-mnode5_20260314T060453Z_1429430/runs/rocksdb/chiplet_x4/inst28/run.stdout.log	/home/seunghyun/ycsb/results/chiplet_ycsb_256mib_madracks-mnode5_20260314T060453Z_1429430/runs/rocksdb/chiplet_x4
2026-03-14T06:08:19Z	madracks-mnode5	amd	rocksdb	embedded	NO_RETIRED_INST_CYCLES	user	chiplet_x4	48	29	50	READ	1000000	18.704163	1.0	16111.0	11.0	33.0	41.0	89.0	4967.0	ok	/home/seunghyun/ycsb/results/chiplet_ycsb_256mib_madracks-mnode5_20260314T060453Z_1429430/runs/rocksdb/chiplet_x4/inst29/run.stdout.log	/home/seunghyun/ycsb/results/chiplet_ycsb_256mib_madracks-mnode5_20260314T060453Z_1429430/runs/rocksdb/chiplet_x4
2026-03-14T06:08:19Z	madracks-mnode5	amd	rocksdb	embedded	NO_RETIRED_INST_CYCLES	user	chiplet_x4	48	29	50	CLEANUP	1	33328.0	33312.0	33343.0	33343.0	33343.0	33343.0	33343.0	33343.0	ok	/home/seunghyun/ycsb/results/chiplet_ycsb_256mib_madracks-mnode5_20260314T060453Z_1429430/runs/rocksdb/chiplet_x4/inst29/run.stdout.log	/home/seunghyun/ycsb/results/chiplet_ycsb_256mib_madracks-mnode5_20260314T060453Z_1429430/runs/rocksdb/chiplet_x4
2026-03-14T06:08:19Z	madracks-mnode5	amd	rocksdb	embedded	NO_RETIRED_INST_CYCLES	user	chiplet_x4	48	30	51	READ	1000000	18.680096	1.0	18671.0	11.0	33.0	41.0	88.0	5079.0	ok	/home/seunghyun/ycsb/results/chiplet_ycsb_256mib_madracks-mnode5_20260314T060453Z_1429430/runs/rocksdb/chiplet_x4/inst30/run.stdout.log	/home/seunghyun/ycsb/results/chiplet_ycsb_256mib_madracks-mnode5_20260314T060453Z_1429430/runs/rocksdb/chiplet_x4
2026-03-14T06:08:19Z	madracks-mnode5	amd	rocksdb	embedded	NO_RETIRED_INST_CYCLES	user	chiplet_x4	48	30	51	CLEANUP	1	3711.0	3710.0	3711.0	3711.0	3711.0	3711.0	3711.0	3711.0	ok	/home/seunghyun/ycsb/results/chiplet_ycsb_256mib_madracks-mnode5_20260314T060453Z_1429430/runs/rocksdb/chiplet_x4/inst30/run.stdout.log	/home/seunghyun/ycsb/results/chiplet_ycsb_256mib_madracks-mnode5_20260314T060453Z_1429430/runs/rocksdb/chiplet_x4
2026-03-14T06:08:19Z	madracks-mnode5	amd	rocksdb	embedded	NO_RETIRED_INST_CYCLES	user	chiplet_x4	48	31	52	READ	1000000	18.639048	1.0	24095.0	11.0	33.0	41.0	88.0	4919.0	ok	/home/seunghyun/ycsb/results/chiplet_ycsb_256mib_madracks-mnode5_20260314T060453Z_1429430/runs/rocksdb/chiplet_x4/inst31/run.stdout.log	/home/seunghyun/ycsb/results/chiplet_ycsb_256mib_madracks-mnode5_20260314T060453Z_1429430/runs/rocksdb/chiplet_x4
2026-03-14T06:08:19Z	madracks-mnode5	amd	rocksdb	embedded	NO_RETIRED_INST_CYCLES	user	chiplet_x4	48	31	52	CLEANUP	1	32168.0	32160.0	32175.0	32175.0	32175.0	32175.0	32175.0	32175.0	ok	/home/seunghyun/ycsb/results/chiplet_ycsb_256mib_madracks-mnode5_20260314T060453Z_1429430/runs/rocksdb/chiplet_x4/inst31/run.stdout.log	/home/seunghyun/ycsb/results/chiplet_ycsb_256mib_madracks-mnode5_20260314T060453Z_1429430/runs/rocksdb/chiplet_x4
2026-03-14T06:08:19Z	madracks-mnode5	amd	rocksdb	embedded	NO_RETIRED_INST_CYCLES	user	chiplet_x4	48	32	56	READ	1000000	18.717222	1.0	25519.0	11.0	33.0	41.0	89.0	5119.0	ok	/home/seunghyun/ycsb/results/chiplet_ycsb_256mib_madracks-mnode5_20260314T060453Z_1429430/runs/rocksdb/chiplet_x4/inst32/run.stdout.log	/home/seunghyun/ycsb/results/chiplet_ycsb_256mib_madracks-mnode5_20260314T060453Z_1429430/runs/rocksdb/chiplet_x4
2026-03-14T06:08:19Z	madracks-mnode5	amd	rocksdb	embedded	NO_RETIRED_INST_CYCLES	user	chiplet_x4	48	32	56	CLEANUP	1	33520.0	33504.0	33535.0	33535.0	33535.0	33535.0	33535.0	33535.0	ok	/home/seunghyun/ycsb/results/chiplet_ycsb_256mib_madracks-mnode5_20260314T060453Z_1429430/runs/rocksdb/chiplet_x4/inst32/run.stdout.log	/home/seunghyun/ycsb/results/chiplet_ycsb_256mib_madracks-mnode5_20260314T060453Z_1429430/runs/rocksdb/chiplet_x4
2026-03-14T06:08:19Z	madracks-mnode5	amd	rocksdb	embedded	NO_RETIRED_INST_CYCLES	user	chiplet_x4	48	33	57	READ	1000000	18.12629	1.0	18175.0	11.0	33.0	40.0	89.0	4283.0	ok	/home/seunghyun/ycsb/results/chiplet_ycsb_256mib_madracks-mnode5_20260314T060453Z_1429430/runs/rocksdb/chiplet_x4/inst33/run.stdout.log	/home/seunghyun/ycsb/results/chiplet_ycsb_256mib_madracks-mnode5_20260314T060453Z_1429430/runs/rocksdb/chiplet_x4
2026-03-14T06:08:19Z	madracks-mnode5	amd	rocksdb	embedded	NO_RETIRED_INST_CYCLES	user	chiplet_x4	48	33	57	CLEANUP	1	26376.0	26368.0	26383.0	26383.0	26383.0	26383.0	26383.0	26383.0	ok	/home/seunghyun/ycsb/results/chiplet_ycsb_256mib_madracks-mnode5_20260314T060453Z_1429430/runs/rocksdb/chiplet_x4/inst33/run.stdout.log	/home/seunghyun/ycsb/results/chiplet_ycsb_256mib_madracks-mnode5_20260314T060453Z_1429430/runs/rocksdb/chiplet_x4
2026-03-14T06:08:19Z	madracks-mnode5	amd	rocksdb	embedded	NO_RETIRED_INST_CYCLES	user	chiplet_x4	48	34	58	READ	1000000	18.917855	1.0	21135.0	11.0	33.0	41.0	93.0	4091.0	ok	/home/seunghyun/ycsb/results/chiplet_ycsb_256mib_madracks-mnode5_20260314T060453Z_1429430/runs/rocksdb/chiplet_x4/inst34/run.stdout.log	/home/seunghyun/ycsb/results/chiplet_ycsb_256mib_madracks-mnode5_20260314T060453Z_1429430/runs/rocksdb/chiplet_x4
2026-03-14T06:08:19Z	madracks-mnode5	amd	rocksdb	embedded	NO_RETIRED_INST_CYCLES	user	chiplet_x4	48	34	58	CLEANUP	1	36912.0	36896.0	36927.0	36927.0	36927.0	36927.0	36927.0	36927.0	ok	/home/seunghyun/ycsb/results/chiplet_ycsb_256mib_madracks-mnode5_20260314T060453Z_1429430/runs/rocksdb/chiplet_x4/inst34/run.stdout.log	/home/seunghyun/ycsb/results/chiplet_ycsb_256mib_madracks-mnode5_20260314T060453Z_1429430/runs/rocksdb/chiplet_x4
2026-03-14T06:08:19Z	madracks-mnode5	amd	rocksdb	embedded	NO_RETIRED_INST_CYCLES	user	chiplet_x4	48	35	59	READ	1000000	18.534562	1.0	34111.0	11.0	33.0	40.0	87.0	4659.0	ok	/home/seunghyun/ycsb/results/chiplet_ycsb_256mib_madracks-mnode5_20260314T060453Z_1429430/runs/rocksdb/chiplet_x4/inst35/run.stdout.log	/home/seunghyun/ycsb/results/chiplet_ycsb_256mib_madracks-mnode5_20260314T060453Z_1429430/runs/rocksdb/chiplet_x4
2026-03-14T06:08:19Z	madracks-mnode5	amd	rocksdb	embedded	NO_RETIRED_INST_CYCLES	user	chiplet_x4	48	35	59	CLEANUP	1	30216.0	30208.0	30223.0	30223.0	30223.0	30223.0	30223.0	30223.0	ok	/home/seunghyun/ycsb/results/chiplet_ycsb_256mib_madracks-mnode5_20260314T060453Z_1429430/runs/rocksdb/chiplet_x4/inst35/run.stdout.log	/home/seunghyun/ycsb/results/chiplet_ycsb_256mib_madracks-mnode5_20260314T060453Z_1429430/runs/rocksdb/chiplet_x4
2026-03-14T06:08:19Z	madracks-mnode5	amd	rocksdb	embedded	NO_RETIRED_INST_CYCLES	user	chiplet_x4	48	36	63	READ	1000000	18.66297	1.0	20143.0	11.0	33.0	41.0	89.0	4555.0	ok	/home/seunghyun/ycsb/results/chiplet_ycsb_256mib_madracks-mnode5_20260314T060453Z_1429430/runs/rocksdb/chiplet_x4/inst36/run.stdout.log	/home/seunghyun/ycsb/results/chiplet_ycsb_256mib_madracks-mnode5_20260314T060453Z_1429430/runs/rocksdb/chiplet_x4
2026-03-14T06:08:19Z	madracks-mnode5	amd	rocksdb	embedded	NO_RETIRED_INST_CYCLES	user	chiplet_x4	48	36	63	CLEANUP	1	30200.0	30192.0	30207.0	30207.0	30207.0	30207.0	30207.0	30207.0	ok	/home/seunghyun/ycsb/results/chiplet_ycsb_256mib_madracks-mnode5_20260314T060453Z_1429430/runs/rocksdb/chiplet_x4/inst36/run.stdout.log	/home/seunghyun/ycsb/results/chiplet_ycsb_256mib_madracks-mnode5_20260314T060453Z_1429430/runs/rocksdb/chiplet_x4
2026-03-14T06:08:19Z	madracks-mnode5	amd	rocksdb	embedded	NO_RETIRED_INST_CYCLES	user	chiplet_x4	48	37	64	READ	1000000	18.438545	1.0	12111.0	11.0	33.0	41.0	91.0	4331.0	ok	/home/seunghyun/ycsb/results/chiplet_ycsb_256mib_madracks-mnode5_20260314T060453Z_1429430/runs/rocksdb/chiplet_x4/inst37/run.stdout.log	/home/seunghyun/ycsb/results/chiplet_ycsb_256mib_madracks-mnode5_20260314T060453Z_1429430/runs/rocksdb/chiplet_x4
2026-03-14T06:08:19Z	madracks-mnode5	amd	rocksdb	embedded	NO_RETIRED_INST_CYCLES	user	chiplet_x4	48	37	64	CLEANUP	1	28648.0	28640.0	28655.0	28655.0	28655.0	28655.0	28655.0	28655.0	ok	/home/seunghyun/ycsb/results/chiplet_ycsb_256mib_madracks-mnode5_20260314T060453Z_1429430/runs/rocksdb/chiplet_x4/inst37/run.stdout.log	/home/seunghyun/ycsb/results/chiplet_ycsb_256mib_madracks-mnode5_20260314T060453Z_1429430/runs/rocksdb/chiplet_x4
2026-03-14T06:08:19Z	madracks-mnode5	amd	rocksdb	embedded	NO_RETIRED_INST_CYCLES	user	chiplet_x4	48	38	65	READ	1000000	18.394449	1.0	20079.0	11.0	33.0	40.0	89.0	5063.0	ok	/home/seunghyun/ycsb/results/chiplet_ycsb_256mib_madracks-mnode5_20260314T060453Z_1429430/runs/rocksdb/chiplet_x4/inst38/run.stdout.log	/home/seunghyun/ycsb/results/chiplet_ycsb_256mib_madracks-mnode5_20260314T060453Z_1429430/runs/rocksdb/chiplet_x4
2026-03-14T06:08:19Z	madracks-mnode5	amd	rocksdb	embedded	NO_RETIRED_INST_CYCLES	user	chiplet_x4	48	38	65	CLEANUP	1	39024.0	39008.0	39039.0	39039.0	39039.0	39039.0	39039.0	39039.0	ok	/home/seunghyun/ycsb/results/chiplet_ycsb_256mib_madracks-mnode5_20260314T060453Z_1429430/runs/rocksdb/chiplet_x4/inst38/run.stdout.log	/home/seunghyun/ycsb/results/chiplet_ycsb_256mib_madracks-mnode5_20260314T060453Z_1429430/runs/rocksdb/chiplet_x4
2026-03-14T06:08:19Z	madracks-mnode5	amd	rocksdb	embedded	NO_RETIRED_INST_CYCLES	user	chiplet_x4	48	39	66	READ	1000000	18.418073	1.0	20063.0	11.0	33.0	40.0	90.0	4065.0	ok	/home/seunghyun/ycsb/results/chiplet_ycsb_256mib_madracks-mnode5_20260314T060453Z_1429430/runs/rocksdb/chiplet_x4/inst39/run.stdout.log	/home/seunghyun/ycsb/results/chiplet_ycsb_256mib_madracks-mnode5_20260314T060453Z_1429430/runs/rocksdb/chiplet_x4
2026-03-14T06:08:19Z	madracks-mnode5	amd	rocksdb	embedded	NO_RETIRED_INST_CYCLES	user	chiplet_x4	48	39	66	CLEANUP	1	40240.0	40224.0	40255.0	40255.0	40255.0	40255.0	40255.0	40255.0	ok	/home/seunghyun/ycsb/results/chiplet_ycsb_256mib_madracks-mnode5_20260314T060453Z_1429430/runs/rocksdb/chiplet_x4/inst39/run.stdout.log	/home/seunghyun/ycsb/results/chiplet_ycsb_256mib_madracks-mnode5_20260314T060453Z_1429430/runs/rocksdb/chiplet_x4
2026-03-14T06:08:19Z	madracks-mnode5	amd	rocksdb	embedded	NO_RETIRED_INST_CYCLES	user	chiplet_x4	48	40	70	READ	1000000	18.496222	1.0	16087.0	11.0	33.0	40.0	89.0	4139.0	ok	/home/seunghyun/ycsb/results/chiplet_ycsb_256mib_madracks-mnode5_20260314T060453Z_1429430/runs/rocksdb/chiplet_x4/inst40/run.stdout.log	/home/seunghyun/ycsb/results/chiplet_ycsb_256mib_madracks-mnode5_20260314T060453Z_1429430/runs/rocksdb/chiplet_x4
2026-03-14T06:08:19Z	madracks-mnode5	amd	rocksdb	embedded	NO_RETIRED_INST_CYCLES	user	chiplet_x4	48	40	70	CLEANUP	1	26360.0	26352.0	26367.0	26367.0	26367.0	26367.0	26367.0	26367.0	ok	/home/seunghyun/ycsb/results/chiplet_ycsb_256mib_madracks-mnode5_20260314T060453Z_1429430/runs/rocksdb/chiplet_x4/inst40/run.stdout.log	/home/seunghyun/ycsb/results/chiplet_ycsb_256mib_madracks-mnode5_20260314T060453Z_1429430/runs/rocksdb/chiplet_x4
2026-03-14T06:08:19Z	madracks-mnode5	amd	rocksdb	embedded	NO_RETIRED_INST_CYCLES	user	chiplet_x4	48	41	71	READ	1000000	18.382691	1.0	12047.0	11.0	33.0	40.0	89.0	4063.0	ok	/home/seunghyun/ycsb/results/chiplet_ycsb_256mib_madracks-mnode5_20260314T060453Z_1429430/runs/rocksdb/chiplet_x4/inst41/run.stdout.log	/home/seunghyun/ycsb/results/chiplet_ycsb_256mib_madracks-mnode5_20260314T060453Z_1429430/runs/rocksdb/chiplet_x4
2026-03-14T06:08:19Z	madracks-mnode5	amd	rocksdb	embedded	NO_RETIRED_INST_CYCLES	user	chiplet_x4	48	41	71	CLEANUP	1	28040.0	28032.0	28047.0	28047.0	28047.0	28047.0	28047.0	28047.0	ok	/home/seunghyun/ycsb/results/chiplet_ycsb_256mib_madracks-mnode5_20260314T060453Z_1429430/runs/rocksdb/chiplet_x4/inst41/run.stdout.log	/home/seunghyun/ycsb/results/chiplet_ycsb_256mib_madracks-mnode5_20260314T060453Z_1429430/runs/rocksdb/chiplet_x4
2026-03-14T06:08:19Z	madracks-mnode5	amd	rocksdb	embedded	NO_RETIRED_INST_CYCLES	user	chiplet_x4	48	42	72	READ	1000000	18.605338	1.0	16751.0	11.0	33.0	41.0	89.0	4839.0	ok	/home/seunghyun/ycsb/results/chiplet_ycsb_256mib_madracks-mnode5_20260314T060453Z_1429430/runs/rocksdb/chiplet_x4/inst42/run.stdout.log	/home/seunghyun/ycsb/results/chiplet_ycsb_256mib_madracks-mnode5_20260314T060453Z_1429430/runs/rocksdb/chiplet_x4
2026-03-14T06:08:19Z	madracks-mnode5	amd	rocksdb	embedded	NO_RETIRED_INST_CYCLES	user	chiplet_x4	48	42	72	CLEANUP	1	35120.0	35104.0	35135.0	35135.0	35135.0	35135.0	35135.0	35135.0	ok	/home/seunghyun/ycsb/results/chiplet_ycsb_256mib_madracks-mnode5_20260314T060453Z_1429430/runs/rocksdb/chiplet_x4/inst42/run.stdout.log	/home/seunghyun/ycsb/results/chiplet_ycsb_256mib_madracks-mnode5_20260314T060453Z_1429430/runs/rocksdb/chiplet_x4
2026-03-14T06:08:19Z	madracks-mnode5	amd	rocksdb	embedded	NO_RETIRED_INST_CYCLES	user	chiplet_x4	48	43	73	READ	1000000	18.322468	1.0	19391.0	11.0	33.0	40.0	87.0	5023.0	ok	/home/seunghyun/ycsb/results/chiplet_ycsb_256mib_madracks-mnode5_20260314T060453Z_1429430/runs/rocksdb/chiplet_x4/inst43/run.stdout.log	/home/seunghyun/ycsb/results/chiplet_ycsb_256mib_madracks-mnode5_20260314T060453Z_1429430/runs/rocksdb/chiplet_x4
2026-03-14T06:08:19Z	madracks-mnode5	amd	rocksdb	embedded	NO_RETIRED_INST_CYCLES	user	chiplet_x4	48	43	73	CLEANUP	1	42864.0	42848.0	42879.0	42879.0	42879.0	42879.0	42879.0	42879.0	ok	/home/seunghyun/ycsb/results/chiplet_ycsb_256mib_madracks-mnode5_20260314T060453Z_1429430/runs/rocksdb/chiplet_x4/inst43/run.stdout.log	/home/seunghyun/ycsb/results/chiplet_ycsb_256mib_madracks-mnode5_20260314T060453Z_1429430/runs/rocksdb/chiplet_x4
2026-03-14T06:08:19Z	madracks-mnode5	amd	rocksdb	embedded	NO_RETIRED_INST_CYCLES	user	chiplet_x4	48	44	77	READ	1000000	18.454325	1.0	16175.0	11.0	33.0	40.0	91.0	4091.0	ok	/home/seunghyun/ycsb/results/chiplet_ycsb_256mib_madracks-mnode5_20260314T060453Z_1429430/runs/rocksdb/chiplet_x4/inst44/run.stdout.log	/home/seunghyun/ycsb/results/chiplet_ycsb_256mib_madracks-mnode5_20260314T060453Z_1429430/runs/rocksdb/chiplet_x4
2026-03-14T06:08:19Z	madracks-mnode5	amd	rocksdb	embedded	NO_RETIRED_INST_CYCLES	user	chiplet_x4	48	44	77	CLEANUP	1	26552.0	26544.0	26559.0	26559.0	26559.0	26559.0	26559.0	26559.0	ok	/home/seunghyun/ycsb/results/chiplet_ycsb_256mib_madracks-mnode5_20260314T060453Z_1429430/runs/rocksdb/chiplet_x4/inst44/run.stdout.log	/home/seunghyun/ycsb/results/chiplet_ycsb_256mib_madracks-mnode5_20260314T060453Z_1429430/runs/rocksdb/chiplet_x4
2026-03-14T06:08:19Z	madracks-mnode5	amd	rocksdb	embedded	NO_RETIRED_INST_CYCLES	user	chiplet_x4	48	45	78	READ	1000000	18.550148	1.0	20079.0	11.0	33.0	41.0	93.0	4091.0	ok	/home/seunghyun/ycsb/results/chiplet_ycsb_256mib_madracks-mnode5_20260314T060453Z_1429430/runs/rocksdb/chiplet_x4/inst45/run.stdout.log	/home/seunghyun/ycsb/results/chiplet_ycsb_256mib_madracks-mnode5_20260314T060453Z_1429430/runs/rocksdb/chiplet_x4
2026-03-14T06:08:19Z	madracks-mnode5	amd	rocksdb	embedded	NO_RETIRED_INST_CYCLES	user	chiplet_x4	48	45	78	CLEANUP	1	37648.0	37632.0	37663.0	37663.0	37663.0	37663.0	37663.0	37663.0	ok	/home/seunghyun/ycsb/results/chiplet_ycsb_256mib_madracks-mnode5_20260314T060453Z_1429430/runs/rocksdb/chiplet_x4/inst45/run.stdout.log	/home/seunghyun/ycsb/results/chiplet_ycsb_256mib_madracks-mnode5_20260314T060453Z_1429430/runs/rocksdb/chiplet_x4
2026-03-14T06:08:19Z	madracks-mnode5	amd	rocksdb	embedded	NO_RETIRED_INST_CYCLES	user	chiplet_x4	48	46	79	READ	1000000	18.467722	1.0	18815.0	11.0	33.0	41.0	93.0	4071.0	ok	/home/seunghyun/ycsb/results/chiplet_ycsb_256mib_madracks-mnode5_20260314T060453Z_1429430/runs/rocksdb/chiplet_x4/inst46/run.stdout.log	/home/seunghyun/ycsb/results/chiplet_ycsb_256mib_madracks-mnode5_20260314T060453Z_1429430/runs/rocksdb/chiplet_x4
2026-03-14T06:08:19Z	madracks-mnode5	amd	rocksdb	embedded	NO_RETIRED_INST_CYCLES	user	chiplet_x4	48	46	79	CLEANUP	1	8204.0	8200.0	8207.0	8207.0	8207.0	8207.0	8207.0	8207.0	ok	/home/seunghyun/ycsb/results/chiplet_ycsb_256mib_madracks-mnode5_20260314T060453Z_1429430/runs/rocksdb/chiplet_x4/inst46/run.stdout.log	/home/seunghyun/ycsb/results/chiplet_ycsb_256mib_madracks-mnode5_20260314T060453Z_1429430/runs/rocksdb/chiplet_x4
2026-03-14T06:08:19Z	madracks-mnode5	amd	rocksdb	embedded	NO_RETIRED_INST_CYCLES	user	chiplet_x4	48	47	80	READ	1000000	18.381173	1.0	16103.0	11.0	33.0	41.0	87.0	4667.0	ok	/home/seunghyun/ycsb/results/chiplet_ycsb_256mib_madracks-mnode5_20260314T060453Z_1429430/runs/rocksdb/chiplet_x4/inst47/run.stdout.log	/home/seunghyun/ycsb/results/chiplet_ycsb_256mib_madracks-mnode5_20260314T060453Z_1429430/runs/rocksdb/chiplet_x4
2026-03-14T06:08:19Z	madracks-mnode5	amd	rocksdb	embedded	NO_RETIRED_INST_CYCLES	user	chiplet_x4	48	47	80	CLEANUP	1	40016.0	40000.0	40031.0	40031.0	40031.0	40031.0	40031.0	40031.0	ok	/home/seunghyun/ycsb/results/chiplet_ycsb_256mib_madracks-mnode5_20260314T060453Z_1429430/runs/rocksdb/chiplet_x4/inst47/run.stdout.log	/home/seunghyun/ycsb/results/chiplet_ycsb_256mib_madracks-mnode5_20260314T060453Z_1429430/runs/rocksdb/chiplet_x4
2026-03-14T06:09:44Z	madracks-mnode5	amd	rocksdb	embedded	NO_RETIRED_INST_CYCLES	user	chiplet_x5	60	0	0	READ	1000000	20.328078	1.0	173567.0	15.0	34.0	41.0	102.0	4065.0	ok	/home/seunghyun/ycsb/results/chiplet_ycsb_256mib_madracks-mnode5_20260314T060453Z_1429430/runs/rocksdb/chiplet_x5/inst00/run.stdout.log	/home/seunghyun/ycsb/results/chiplet_ycsb_256mib_madracks-mnode5_20260314T060453Z_1429430/runs/rocksdb/chiplet_x5
2026-03-14T06:09:44Z	madracks-mnode5	amd	rocksdb	embedded	NO_RETIRED_INST_CYCLES	user	chiplet_x5	60	0	0	CLEANUP	1	26360.0	26352.0	26367.0	26367.0	26367.0	26367.0	26367.0	26367.0	ok	/home/seunghyun/ycsb/results/chiplet_ycsb_256mib_madracks-mnode5_20260314T060453Z_1429430/runs/rocksdb/chiplet_x5/inst00/run.stdout.log	/home/seunghyun/ycsb/results/chiplet_ycsb_256mib_madracks-mnode5_20260314T060453Z_1429430/runs/rocksdb/chiplet_x5
2026-03-14T06:09:44Z	madracks-mnode5	amd	rocksdb	embedded	NO_RETIRED_INST_CYCLES	user	chiplet_x5	60	1	1	READ	1000000	18.034968	2.0	15223.0	11.0	32.0	40.0	86.0	4073.0	ok	/home/seunghyun/ycsb/results/chiplet_ycsb_256mib_madracks-mnode5_20260314T060453Z_1429430/runs/rocksdb/chiplet_x5/inst01/run.stdout.log	/home/seunghyun/ycsb/results/chiplet_ycsb_256mib_madracks-mnode5_20260314T060453Z_1429430/runs/rocksdb/chiplet_x5
2026-03-14T06:09:44Z	madracks-mnode5	amd	rocksdb	embedded	NO_RETIRED_INST_CYCLES	user	chiplet_x5	60	1	1	CLEANUP	1	28024.0	28016.0	28031.0	28031.0	28031.0	28031.0	28031.0	28031.0	ok	/home/seunghyun/ycsb/results/chiplet_ycsb_256mib_madracks-mnode5_20260314T060453Z_1429430/runs/rocksdb/chiplet_x5/inst01/run.stdout.log	/home/seunghyun/ycsb/results/chiplet_ycsb_256mib_madracks-mnode5_20260314T060453Z_1429430/runs/rocksdb/chiplet_x5
2026-03-14T06:09:44Z	madracks-mnode5	amd	rocksdb	embedded	NO_RETIRED_INST_CYCLES	user	chiplet_x5	60	2	2	READ	1000000	19.849426	1.0	16119.0	13.0	33.0	41.0	99.0	4067.0	ok	/home/seunghyun/ycsb/results/chiplet_ycsb_256mib_madracks-mnode5_20260314T060453Z_1429430/runs/rocksdb/chiplet_x5/inst02/run.stdout.log	/home/seunghyun/ycsb/results/chiplet_ycsb_256mib_madracks-mnode5_20260314T060453Z_1429430/runs/rocksdb/chiplet_x5
2026-03-14T06:09:44Z	madracks-mnode5	amd	rocksdb	embedded	NO_RETIRED_INST_CYCLES	user	chiplet_x5	60	2	2	CLEANUP	1	26648.0	26640.0	26655.0	26655.0	26655.0	26655.0	26655.0	26655.0	ok	/home/seunghyun/ycsb/results/chiplet_ycsb_256mib_madracks-mnode5_20260314T060453Z_1429430/runs/rocksdb/chiplet_x5/inst02/run.stdout.log	/home/seunghyun/ycsb/results/chiplet_ycsb_256mib_madracks-mnode5_20260314T060453Z_1429430/runs/rocksdb/chiplet_x5
2026-03-14T06:09:44Z	madracks-mnode5	amd	rocksdb	embedded	NO_RETIRED_INST_CYCLES	user	chiplet_x5	60	3	3	READ	1000000	20.307251	1.0	17711.0	13.0	34.0	41.0	95.0	4099.0	ok	/home/seunghyun/ycsb/results/chiplet_ycsb_256mib_madracks-mnode5_20260314T060453Z_1429430/runs/rocksdb/chiplet_x5/inst03/run.stdout.log	/home/seunghyun/ycsb/results/chiplet_ycsb_256mib_madracks-mnode5_20260314T060453Z_1429430/runs/rocksdb/chiplet_x5
2026-03-14T06:09:44Z	madracks-mnode5	amd	rocksdb	embedded	NO_RETIRED_INST_CYCLES	user	chiplet_x5	60	3	3	CLEANUP	1	26680.0	26672.0	26687.0	26687.0	26687.0	26687.0	26687.0	26687.0	ok	/home/seunghyun/ycsb/results/chiplet_ycsb_256mib_madracks-mnode5_20260314T060453Z_1429430/runs/rocksdb/chiplet_x5/inst03/run.stdout.log	/home/seunghyun/ycsb/results/chiplet_ycsb_256mib_madracks-mnode5_20260314T060453Z_1429430/runs/rocksdb/chiplet_x5
2026-03-14T06:09:44Z	madracks-mnode5	amd	rocksdb	embedded	NO_RETIRED_INST_CYCLES	user	chiplet_x5	60	4	4	READ	1000000	20.494541	1.0	15863.0	14.0	34.0	41.0	104.0	4075.0	ok	/home/seunghyun/ycsb/results/chiplet_ycsb_256mib_madracks-mnode5_20260314T060453Z_1429430/runs/rocksdb/chiplet_x5/inst04/run.stdout.log	/home/seunghyun/ycsb/results/chiplet_ycsb_256mib_madracks-mnode5_20260314T060453Z_1429430/runs/rocksdb/chiplet_x5
2026-03-14T06:09:44Z	madracks-mnode5	amd	rocksdb	embedded	NO_RETIRED_INST_CYCLES	user	chiplet_x5	60	4	4	CLEANUP	1	26728.0	26720.0	26735.0	26735.0	26735.0	26735.0	26735.0	26735.0	ok	/home/seunghyun/ycsb/results/chiplet_ycsb_256mib_madracks-mnode5_20260314T060453Z_1429430/runs/rocksdb/chiplet_x5/inst04/run.stdout.log	/home/seunghyun/ycsb/results/chiplet_ycsb_256mib_madracks-mnode5_20260314T060453Z_1429430/runs/rocksdb/chiplet_x5
2026-03-14T06:09:44Z	madracks-mnode5	amd	rocksdb	embedded	NO_RETIRED_INST_CYCLES	user	chiplet_x5	60	5	7	READ	1000000	20.199785	1.0	73215.0	13.0	34.0	41.0	97.0	4207.0	ok	/home/seunghyun/ycsb/results/chiplet_ycsb_256mib_madracks-mnode5_20260314T060453Z_1429430/runs/rocksdb/chiplet_x5/inst05/run.stdout.log	/home/seunghyun/ycsb/results/chiplet_ycsb_256mib_madracks-mnode5_20260314T060453Z_1429430/runs/rocksdb/chiplet_x5
2026-03-14T06:09:44Z	madracks-mnode5	amd	rocksdb	embedded	NO_RETIRED_INST_CYCLES	user	chiplet_x5	60	5	7	CLEANUP	1	25400.0	25392.0	25407.0	25407.0	25407.0	25407.0	25407.0	25407.0	ok	/home/seunghyun/ycsb/results/chiplet_ycsb_256mib_madracks-mnode5_20260314T060453Z_1429430/runs/rocksdb/chiplet_x5/inst05/run.stdout.log	/home/seunghyun/ycsb/results/chiplet_ycsb_256mib_madracks-mnode5_20260314T060453Z_1429430/runs/rocksdb/chiplet_x5
2026-03-14T06:09:44Z	madracks-mnode5	amd	rocksdb	embedded	NO_RETIRED_INST_CYCLES	user	chiplet_x5	60	6	8	READ	1000000	18.565742	1.0	20079.0	11.0	32.0	40.0	88.0	4085.0	ok	/home/seunghyun/ycsb/results/chiplet_ycsb_256mib_madracks-mnode5_20260314T060453Z_1429430/runs/rocksdb/chiplet_x5/inst06/run.stdout.log	/home/seunghyun/ycsb/results/chiplet_ycsb_256mib_madracks-mnode5_20260314T060453Z_1429430/runs/rocksdb/chiplet_x5
2026-03-14T06:09:44Z	madracks-mnode5	amd	rocksdb	embedded	NO_RETIRED_INST_CYCLES	user	chiplet_x5	60	6	8	CLEANUP	1	29624.0	29616.0	29631.0	29631.0	29631.0	29631.0	29631.0	29631.0	ok	/home/seunghyun/ycsb/results/chiplet_ycsb_256mib_madracks-mnode5_20260314T060453Z_1429430/runs/rocksdb/chiplet_x5/inst06/run.stdout.log	/home/seunghyun/ycsb/results/chiplet_ycsb_256mib_madracks-mnode5_20260314T060453Z_1429430/runs/rocksdb/chiplet_x5
2026-03-14T06:09:44Z	madracks-mnode5	amd	rocksdb	embedded	NO_RETIRED_INST_CYCLES	user	chiplet_x5	60	7	9	READ	1000000	20.063954	1.0	24143.0	14.0	34.0	41.0	101.0	4077.0	ok	/home/seunghyun/ycsb/results/chiplet_ycsb_256mib_madracks-mnode5_20260314T060453Z_1429430/runs/rocksdb/chiplet_x5/inst07/run.stdout.log	/home/seunghyun/ycsb/results/chiplet_ycsb_256mib_madracks-mnode5_20260314T060453Z_1429430/runs/rocksdb/chiplet_x5
2026-03-14T06:09:44Z	madracks-mnode5	amd	rocksdb	embedded	NO_RETIRED_INST_CYCLES	user	chiplet_x5	60	7	9	CLEANUP	1	28024.0	28016.0	28031.0	28031.0	28031.0	28031.0	28031.0	28031.0	ok	/home/seunghyun/ycsb/results/chiplet_ycsb_256mib_madracks-mnode5_20260314T060453Z_1429430/runs/rocksdb/chiplet_x5/inst07/run.stdout.log	/home/seunghyun/ycsb/results/chiplet_ycsb_256mib_madracks-mnode5_20260314T060453Z_1429430/runs/rocksdb/chiplet_x5
2026-03-14T06:09:44Z	madracks-mnode5	amd	rocksdb	embedded	NO_RETIRED_INST_CYCLES	user	chiplet_x5	60	8	10	READ	1000000	20.04425	1.0	102591.0	13.0	34.0	41.0	95.0	4283.0	ok	/home/seunghyun/ycsb/results/chiplet_ycsb_256mib_madracks-mnode5_20260314T060453Z_1429430/runs/rocksdb/chiplet_x5/inst08/run.stdout.log	/home/seunghyun/ycsb/results/chiplet_ycsb_256mib_madracks-mnode5_20260314T060453Z_1429430/runs/rocksdb/chiplet_x5
2026-03-14T06:09:44Z	madracks-mnode5	amd	rocksdb	embedded	NO_RETIRED_INST_CYCLES	user	chiplet_x5	60	8	10	CLEANUP	1	25688.0	25680.0	25695.0	25695.0	25695.0	25695.0	25695.0	25695.0	ok	/home/seunghyun/ycsb/results/chiplet_ycsb_256mib_madracks-mnode5_20260314T060453Z_1429430/runs/rocksdb/chiplet_x5/inst08/run.stdout.log	/home/seunghyun/ycsb/results/chiplet_ycsb_256mib_madracks-mnode5_20260314T060453Z_1429430/runs/rocksdb/chiplet_x5
2026-03-14T06:09:44Z	madracks-mnode5	amd	rocksdb	embedded	NO_RETIRED_INST_CYCLES	user	chiplet_x5	60	9	11	READ	1000000	19.090905	1.0	12663.0	12.0	33.0	40.0	90.0	4079.0	ok	/home/seunghyun/ycsb/results/chiplet_ycsb_256mib_madracks-mnode5_20260314T060453Z_1429430/runs/rocksdb/chiplet_x5/inst09/run.stdout.log	/home/seunghyun/ycsb/results/chiplet_ycsb_256mib_madracks-mnode5_20260314T060453Z_1429430/runs/rocksdb/chiplet_x5
2026-03-14T06:09:44Z	madracks-mnode5	amd	rocksdb	embedded	NO_RETIRED_INST_CYCLES	user	chiplet_x5	60	9	11	CLEANUP	1	271232.0	271104.0	271359.0	271359.0	271359.0	271359.0	271359.0	271359.0	ok	/home/seunghyun/ycsb/results/chiplet_ycsb_256mib_madracks-mnode5_20260314T060453Z_1429430/runs/rocksdb/chiplet_x5/inst09/run.stdout.log	/home/seunghyun/ycsb/results/chiplet_ycsb_256mib_madracks-mnode5_20260314T060453Z_1429430/runs/rocksdb/chiplet_x5
2026-03-14T06:09:44Z	madracks-mnode5	amd	rocksdb	embedded	NO_RETIRED_INST_CYCLES	user	chiplet_x5	60	10	14	READ	1000000	20.911162	1.0	16119.0	20.0	34.0	41.0	100.0	4069.0	ok	/home/seunghyun/ycsb/results/chiplet_ycsb_256mib_madracks-mnode5_20260314T060453Z_1429430/runs/rocksdb/chiplet_x5/inst10/run.stdout.log	/home/seunghyun/ycsb/results/chiplet_ycsb_256mib_madracks-mnode5_20260314T060453Z_1429430/runs/rocksdb/chiplet_x5
2026-03-14T06:09:44Z	madracks-mnode5	amd	rocksdb	embedded	NO_RETIRED_INST_CYCLES	user	chiplet_x5	60	10	14	CLEANUP	1	31560.0	31552.0	31567.0	31567.0	31567.0	31567.0	31567.0	31567.0	ok	/home/seunghyun/ycsb/results/chiplet_ycsb_256mib_madracks-mnode5_20260314T060453Z_1429430/runs/rocksdb/chiplet_x5/inst10/run.stdout.log	/home/seunghyun/ycsb/results/chiplet_ycsb_256mib_madracks-mnode5_20260314T060453Z_1429430/runs/rocksdb/chiplet_x5
2026-03-14T06:09:44Z	madracks-mnode5	amd	rocksdb	embedded	NO_RETIRED_INST_CYCLES	user	chiplet_x5	60	11	15	READ	1000000	20.935974	1.0	12135.0	20.0	34.0	42.0	99.0	4071.0	ok	/home/seunghyun/ycsb/results/chiplet_ycsb_256mib_madracks-mnode5_20260314T060453Z_1429430/runs/rocksdb/chiplet_x5/inst11/run.stdout.log	/home/seunghyun/ycsb/results/chiplet_ycsb_256mib_madracks-mnode5_20260314T060453Z_1429430/runs/rocksdb/chiplet_x5
2026-03-14T06:09:44Z	madracks-mnode5	amd	rocksdb	embedded	NO_RETIRED_INST_CYCLES	user	chiplet_x5	60	11	15	CLEANUP	1	32008.0	32000.0	32015.0	32015.0	32015.0	32015.0	32015.0	32015.0	ok	/home/seunghyun/ycsb/results/chiplet_ycsb_256mib_madracks-mnode5_20260314T060453Z_1429430/runs/rocksdb/chiplet_x5/inst11/run.stdout.log	/home/seunghyun/ycsb/results/chiplet_ycsb_256mib_madracks-mnode5_20260314T060453Z_1429430/runs/rocksdb/chiplet_x5
2026-03-14T06:09:44Z	madracks-mnode5	amd	rocksdb	embedded	NO_RETIRED_INST_CYCLES	user	chiplet_x5	60	12	16	READ	1000000	20.981005	1.0	16367.0	20.0	34.0	41.0	101.0	4235.0	ok	/home/seunghyun/ycsb/results/chiplet_ycsb_256mib_madracks-mnode5_20260314T060453Z_1429430/runs/rocksdb/chiplet_x5/inst12/run.stdout.log	/home/seunghyun/ycsb/results/chiplet_ycsb_256mib_madracks-mnode5_20260314T060453Z_1429430/runs/rocksdb/chiplet_x5
2026-03-14T06:09:44Z	madracks-mnode5	amd	rocksdb	embedded	NO_RETIRED_INST_CYCLES	user	chiplet_x5	60	12	16	CLEANUP	1	30088.0	30080.0	30095.0	30095.0	30095.0	30095.0	30095.0	30095.0	ok	/home/seunghyun/ycsb/results/chiplet_ycsb_256mib_madracks-mnode5_20260314T060453Z_1429430/runs/rocksdb/chiplet_x5/inst12/run.stdout.log	/home/seunghyun/ycsb/results/chiplet_ycsb_256mib_madracks-mnode5_20260314T060453Z_1429430/runs/rocksdb/chiplet_x5
2026-03-14T06:09:44Z	madracks-mnode5	amd	rocksdb	embedded	NO_RETIRED_INST_CYCLES	user	chiplet_x5	60	13	17	READ	1000000	20.117558	1.0	16183.0	13.0	34.0	41.0	98.0	4073.0	ok	/home/seunghyun/ycsb/results/chiplet_ycsb_256mib_madracks-mnode5_20260314T060453Z_1429430/runs/rocksdb/chiplet_x5/inst13/run.stdout.log	/home/seunghyun/ycsb/results/chiplet_ycsb_256mib_madracks-mnode5_20260314T060453Z_1429430/runs/rocksdb/chiplet_x5
2026-03-14T06:09:44Z	madracks-mnode5	amd	rocksdb	embedded	NO_RETIRED_INST_CYCLES	user	chiplet_x5	60	13	17	CLEANUP	1	25736.0	25728.0	25743.0	25743.0	25743.0	25743.0	25743.0	25743.0	ok	/home/seunghyun/ycsb/results/chiplet_ycsb_256mib_madracks-mnode5_20260314T060453Z_1429430/runs/rocksdb/chiplet_x5/inst13/run.stdout.log	/home/seunghyun/ycsb/results/chiplet_ycsb_256mib_madracks-mnode5_20260314T060453Z_1429430/runs/rocksdb/chiplet_x5
2026-03-14T06:09:44Z	madracks-mnode5	amd	rocksdb	embedded	NO_RETIRED_INST_CYCLES	user	chiplet_x5	60	14	18	READ	1000000	20.694065	1.0	260735.0	14.0	34.0	42.0	99.0	4081.0	ok	/home/seunghyun/ycsb/results/chiplet_ycsb_256mib_madracks-mnode5_20260314T060453Z_1429430/runs/rocksdb/chiplet_x5/inst14/run.stdout.log	/home/seunghyun/ycsb/results/chiplet_ycsb_256mib_madracks-mnode5_20260314T060453Z_1429430/runs/rocksdb/chiplet_x5
2026-03-14T06:09:44Z	madracks-mnode5	amd	rocksdb	embedded	NO_RETIRED_INST_CYCLES	user	chiplet_x5	60	14	18	CLEANUP	1	28216.0	28208.0	28223.0	28223.0	28223.0	28223.0	28223.0	28223.0	ok	/home/seunghyun/ycsb/results/chiplet_ycsb_256mib_madracks-mnode5_20260314T060453Z_1429430/runs/rocksdb/chiplet_x5/inst14/run.stdout.log	/home/seunghyun/ycsb/results/chiplet_ycsb_256mib_madracks-mnode5_20260314T060453Z_1429430/runs/rocksdb/chiplet_x5
2026-03-14T06:09:44Z	madracks-mnode5	amd	rocksdb	embedded	NO_RETIRED_INST_CYCLES	user	chiplet_x5	60	15	21	READ	1000000	20.42701	1.0	25807.0	14.0	34.0	41.0	101.0	4085.0	ok	/home/seunghyun/ycsb/results/chiplet_ycsb_256mib_madracks-mnode5_20260314T060453Z_1429430/runs/rocksdb/chiplet_x5/inst15/run.stdout.log	/home/seunghyun/ycsb/results/chiplet_ycsb_256mib_madracks-mnode5_20260314T060453Z_1429430/runs/rocksdb/chiplet_x5
2026-03-14T06:09:44Z	madracks-mnode5	amd	rocksdb	embedded	NO_RETIRED_INST_CYCLES	user	chiplet_x5	60	15	21	CLEANUP	1	24760.0	24752.0	24767.0	24767.0	24767.0	24767.0	24767.0	24767.0	ok	/home/seunghyun/ycsb/results/chiplet_ycsb_256mib_madracks-mnode5_20260314T060453Z_1429430/runs/rocksdb/chiplet_x5/inst15/run.stdout.log	/home/seunghyun/ycsb/results/chiplet_ycsb_256mib_madracks-mnode5_20260314T060453Z_1429430/runs/rocksdb/chiplet_x5
2026-03-14T06:09:44Z	madracks-mnode5	amd	rocksdb	embedded	NO_RETIRED_INST_CYCLES	user	chiplet_x5	60	16	22	READ	1000000	20.105672	1.0	92095.0	13.0	34.0	41.0	96.0	4081.0	ok	/home/seunghyun/ycsb/results/chiplet_ycsb_256mib_madracks-mnode5_20260314T060453Z_1429430/runs/rocksdb/chiplet_x5/inst16/run.stdout.log	/home/seunghyun/ycsb/results/chiplet_ycsb_256mib_madracks-mnode5_20260314T060453Z_1429430/runs/rocksdb/chiplet_x5
2026-03-14T06:09:44Z	madracks-mnode5	amd	rocksdb	embedded	NO_RETIRED_INST_CYCLES	user	chiplet_x5	60	16	22	CLEANUP	1	25992.0	25984.0	25999.0	25999.0	25999.0	25999.0	25999.0	25999.0	ok	/home/seunghyun/ycsb/results/chiplet_ycsb_256mib_madracks-mnode5_20260314T060453Z_1429430/runs/rocksdb/chiplet_x5/inst16/run.stdout.log	/home/seunghyun/ycsb/results/chiplet_ycsb_256mib_madracks-mnode5_20260314T060453Z_1429430/runs/rocksdb/chiplet_x5
2026-03-14T06:09:44Z	madracks-mnode5	amd	rocksdb	embedded	NO_RETIRED_INST_CYCLES	user	chiplet_x5	60	17	23	READ	1000000	20.402669	1.0	64831.0	14.0	34.0	41.0	101.0	4073.0	ok	/home/seunghyun/ycsb/results/chiplet_ycsb_256mib_madracks-mnode5_20260314T060453Z_1429430/runs/rocksdb/chiplet_x5/inst17/run.stdout.log	/home/seunghyun/ycsb/results/chiplet_ycsb_256mib_madracks-mnode5_20260314T060453Z_1429430/runs/rocksdb/chiplet_x5
2026-03-14T06:09:44Z	madracks-mnode5	amd	rocksdb	embedded	NO_RETIRED_INST_CYCLES	user	chiplet_x5	60	17	23	CLEANUP	1	26424.0	26416.0	26431.0	26431.0	26431.0	26431.0	26431.0	26431.0	ok	/home/seunghyun/ycsb/results/chiplet_ycsb_256mib_madracks-mnode5_20260314T060453Z_1429430/runs/rocksdb/chiplet_x5/inst17/run.stdout.log	/home/seunghyun/ycsb/results/chiplet_ycsb_256mib_madracks-mnode5_20260314T060453Z_1429430/runs/rocksdb/chiplet_x5
2026-03-14T06:09:44Z	madracks-mnode5	amd	rocksdb	embedded	NO_RETIRED_INST_CYCLES	user	chiplet_x5	60	18	24	READ	1000000	20.902754	1.0	16119.0	20.0	34.0	41.0	99.0	4081.0	ok	/home/seunghyun/ycsb/results/chiplet_ycsb_256mib_madracks-mnode5_20260314T060453Z_1429430/runs/rocksdb/chiplet_x5/inst18/run.stdout.log	/home/seunghyun/ycsb/results/chiplet_ycsb_256mib_madracks-mnode5_20260314T060453Z_1429430/runs/rocksdb/chiplet_x5
2026-03-14T06:09:44Z	madracks-mnode5	amd	rocksdb	embedded	NO_RETIRED_INST_CYCLES	user	chiplet_x5	60	18	24	CLEANUP	1	27928.0	27920.0	27935.0	27935.0	27935.0	27935.0	27935.0	27935.0	ok	/home/seunghyun/ycsb/results/chiplet_ycsb_256mib_madracks-mnode5_20260314T060453Z_1429430/runs/rocksdb/chiplet_x5/inst18/run.stdout.log	/home/seunghyun/ycsb/results/chiplet_ycsb_256mib_madracks-mnode5_20260314T060453Z_1429430/runs/rocksdb/chiplet_x5
2026-03-14T06:09:44Z	madracks-mnode5	amd	rocksdb	embedded	NO_RETIRED_INST_CYCLES	user	chiplet_x5	60	19	25	READ	1000000	20.964826	2.0	20079.0	20.0	34.0	41.0	97.0	4603.0	ok	/home/seunghyun/ycsb/results/chiplet_ycsb_256mib_madracks-mnode5_20260314T060453Z_1429430/runs/rocksdb/chiplet_x5/inst19/run.stdout.log	/home/seunghyun/ycsb/results/chiplet_ycsb_256mib_madracks-mnode5_20260314T060453Z_1429430/runs/rocksdb/chiplet_x5
2026-03-14T06:09:44Z	madracks-mnode5	amd	rocksdb	embedded	NO_RETIRED_INST_CYCLES	user	chiplet_x5	60	19	25	CLEANUP	1	25496.0	25488.0	25503.0	25503.0	25503.0	25503.0	25503.0	25503.0	ok	/home/seunghyun/ycsb/results/chiplet_ycsb_256mib_madracks-mnode5_20260314T060453Z_1429430/runs/rocksdb/chiplet_x5/inst19/run.stdout.log	/home/seunghyun/ycsb/results/chiplet_ycsb_256mib_madracks-mnode5_20260314T060453Z_1429430/runs/rocksdb/chiplet_x5
2026-03-14T06:09:44Z	madracks-mnode5	amd	rocksdb	embedded	NO_RETIRED_INST_CYCLES	user	chiplet_x5	60	20	28	READ	1000000	20.081438	1.0	13095.0	13.0	34.0	41.0	109.0	4075.0	ok	/home/seunghyun/ycsb/results/chiplet_ycsb_256mib_madracks-mnode5_20260314T060453Z_1429430/runs/rocksdb/chiplet_x5/inst20/run.stdout.log	/home/seunghyun/ycsb/results/chiplet_ycsb_256mib_madracks-mnode5_20260314T060453Z_1429430/runs/rocksdb/chiplet_x5
2026-03-14T06:09:44Z	madracks-mnode5	amd	rocksdb	embedded	NO_RETIRED_INST_CYCLES	user	chiplet_x5	60	20	28	CLEANUP	1	26056.0	26048.0	26063.0	26063.0	26063.0	26063.0	26063.0	26063.0	ok	/home/seunghyun/ycsb/results/chiplet_ycsb_256mib_madracks-mnode5_20260314T060453Z_1429430/runs/rocksdb/chiplet_x5/inst20/run.stdout.log	/home/seunghyun/ycsb/results/chiplet_ycsb_256mib_madracks-mnode5_20260314T060453Z_1429430/runs/rocksdb/chiplet_x5
2026-03-14T06:09:44Z	madracks-mnode5	amd	rocksdb	embedded	NO_RETIRED_INST_CYCLES	user	chiplet_x5	60	21	29	READ	1000000	20.863496	2.0	19375.0	19.0	34.0	41.0	99.0	4073.0	ok	/home/seunghyun/ycsb/results/chiplet_ycsb_256mib_madracks-mnode5_20260314T060453Z_1429430/runs/rocksdb/chiplet_x5/inst21/run.stdout.log	/home/seunghyun/ycsb/results/chiplet_ycsb_256mib_madracks-mnode5_20260314T060453Z_1429430/runs/rocksdb/chiplet_x5
2026-03-14T06:09:44Z	madracks-mnode5	amd	rocksdb	embedded	NO_RETIRED_INST_CYCLES	user	chiplet_x5	60	21	29	CLEANUP	1	25432.0	25424.0	25439.0	25439.0	25439.0	25439.0	25439.0	25439.0	ok	/home/seunghyun/ycsb/results/chiplet_ycsb_256mib_madracks-mnode5_20260314T060453Z_1429430/runs/rocksdb/chiplet_x5/inst21/run.stdout.log	/home/seunghyun/ycsb/results/chiplet_ycsb_256mib_madracks-mnode5_20260314T060453Z_1429430/runs/rocksdb/chiplet_x5
2026-03-14T06:09:44Z	madracks-mnode5	amd	rocksdb	embedded	NO_RETIRED_INST_CYCLES	user	chiplet_x5	60	22	30	READ	1000000	20.840575	1.0	16063.0	19.0	34.0	41.0	97.0	4075.0	ok	/home/seunghyun/ycsb/results/chiplet_ycsb_256mib_madracks-mnode5_20260314T060453Z_1429430/runs/rocksdb/chiplet_x5/inst22/run.stdout.log	/home/seunghyun/ycsb/results/chiplet_ycsb_256mib_madracks-mnode5_20260314T060453Z_1429430/runs/rocksdb/chiplet_x5
2026-03-14T06:09:44Z	madracks-mnode5	amd	rocksdb	embedded	NO_RETIRED_INST_CYCLES	user	chiplet_x5	60	22	30	CLEANUP	1	26776.0	26768.0	26783.0	26783.0	26783.0	26783.0	26783.0	26783.0	ok	/home/seunghyun/ycsb/results/chiplet_ycsb_256mib_madracks-mnode5_20260314T060453Z_1429430/runs/rocksdb/chiplet_x5/inst22/run.stdout.log	/home/seunghyun/ycsb/results/chiplet_ycsb_256mib_madracks-mnode5_20260314T060453Z_1429430/runs/rocksdb/chiplet_x5
2026-03-14T06:09:44Z	madracks-mnode5	amd	rocksdb	embedded	NO_RETIRED_INST_CYCLES	user	chiplet_x5	60	23	31	READ	1000000	21.002605	1.0	12111.0	20.0	34.0	41.0	100.0	4085.0	ok	/home/seunghyun/ycsb/results/chiplet_ycsb_256mib_madracks-mnode5_20260314T060453Z_1429430/runs/rocksdb/chiplet_x5/inst23/run.stdout.log	/home/seunghyun/ycsb/results/chiplet_ycsb_256mib_madracks-mnode5_20260314T060453Z_1429430/runs/rocksdb/chiplet_x5
2026-03-14T06:09:44Z	madracks-mnode5	amd	rocksdb	embedded	NO_RETIRED_INST_CYCLES	user	chiplet_x5	60	23	31	CLEANUP	1	33104.0	33088.0	33119.0	33119.0	33119.0	33119.0	33119.0	33119.0	ok	/home/seunghyun/ycsb/results/chiplet_ycsb_256mib_madracks-mnode5_20260314T060453Z_1429430/runs/rocksdb/chiplet_x5/inst23/run.stdout.log	/home/seunghyun/ycsb/results/chiplet_ycsb_256mib_madracks-mnode5_20260314T060453Z_1429430/runs/rocksdb/chiplet_x5
2026-03-14T06:09:44Z	madracks-mnode5	amd	rocksdb	embedded	NO_RETIRED_INST_CYCLES	user	chiplet_x5	60	24	32	READ	1000000	21.029094	1.0	20143.0	20.0	34.0	41.0	100.0	4081.0	ok	/home/seunghyun/ycsb/results/chiplet_ycsb_256mib_madracks-mnode5_20260314T060453Z_1429430/runs/rocksdb/chiplet_x5/inst24/run.stdout.log	/home/seunghyun/ycsb/results/chiplet_ycsb_256mib_madracks-mnode5_20260314T060453Z_1429430/runs/rocksdb/chiplet_x5
2026-03-14T06:09:44Z	madracks-mnode5	amd	rocksdb	embedded	NO_RETIRED_INST_CYCLES	user	chiplet_x5	60	24	32	CLEANUP	1	34864.0	34848.0	34879.0	34879.0	34879.0	34879.0	34879.0	34879.0	ok	/home/seunghyun/ycsb/results/chiplet_ycsb_256mib_madracks-mnode5_20260314T060453Z_1429430/runs/rocksdb/chiplet_x5/inst24/run.stdout.log	/home/seunghyun/ycsb/results/chiplet_ycsb_256mib_madracks-mnode5_20260314T060453Z_1429430/runs/rocksdb/chiplet_x5
2026-03-14T06:09:44Z	madracks-mnode5	amd	rocksdb	embedded	NO_RETIRED_INST_CYCLES	user	chiplet_x5	60	25	35	READ	1000000	21.149693	1.0	16607.0	20.0	34.0	41.0	101.0	4383.0	ok	/home/seunghyun/ycsb/results/chiplet_ycsb_256mib_madracks-mnode5_20260314T060453Z_1429430/runs/rocksdb/chiplet_x5/inst25/run.stdout.log	/home/seunghyun/ycsb/results/chiplet_ycsb_256mib_madracks-mnode5_20260314T060453Z_1429430/runs/rocksdb/chiplet_x5
2026-03-14T06:09:44Z	madracks-mnode5	amd	rocksdb	embedded	NO_RETIRED_INST_CYCLES	user	chiplet_x5	60	25	35	CLEANUP	1	39248.0	39232.0	39263.0	39263.0	39263.0	39263.0	39263.0	39263.0	ok	/home/seunghyun/ycsb/results/chiplet_ycsb_256mib_madracks-mnode5_20260314T060453Z_1429430/runs/rocksdb/chiplet_x5/inst25/run.stdout.log	/home/seunghyun/ycsb/results/chiplet_ycsb_256mib_madracks-mnode5_20260314T060453Z_1429430/runs/rocksdb/chiplet_x5
2026-03-14T06:09:44Z	madracks-mnode5	amd	rocksdb	embedded	NO_RETIRED_INST_CYCLES	user	chiplet_x5	60	26	36	READ	1000000	21.016406	1.0	23759.0	20.0	34.0	41.0	100.0	4107.0	ok	/home/seunghyun/ycsb/results/chiplet_ycsb_256mib_madracks-mnode5_20260314T060453Z_1429430/runs/rocksdb/chiplet_x5/inst26/run.stdout.log	/home/seunghyun/ycsb/results/chiplet_ycsb_256mib_madracks-mnode5_20260314T060453Z_1429430/runs/rocksdb/chiplet_x5
2026-03-14T06:09:44Z	madracks-mnode5	amd	rocksdb	embedded	NO_RETIRED_INST_CYCLES	user	chiplet_x5	60	26	36	CLEANUP	1	32200.0	32192.0	32207.0	32207.0	32207.0	32207.0	32207.0	32207.0	ok	/home/seunghyun/ycsb/results/chiplet_ycsb_256mib_madracks-mnode5_20260314T060453Z_1429430/runs/rocksdb/chiplet_x5/inst26/run.stdout.log	/home/seunghyun/ycsb/results/chiplet_ycsb_256mib_madracks-mnode5_20260314T060453Z_1429430/runs/rocksdb/chiplet_x5
2026-03-14T06:09:44Z	madracks-mnode5	amd	rocksdb	embedded	NO_RETIRED_INST_CYCLES	user	chiplet_x5	60	27	37	READ	1000000	20.910961	1.0	17967.0	20.0	34.0	41.0	100.0	4071.0	ok	/home/seunghyun/ycsb/results/chiplet_ycsb_256mib_madracks-mnode5_20260314T060453Z_1429430/runs/rocksdb/chiplet_x5/inst27/run.stdout.log	/home/seunghyun/ycsb/results/chiplet_ycsb_256mib_madracks-mnode5_20260314T060453Z_1429430/runs/rocksdb/chiplet_x5
2026-03-14T06:09:44Z	madracks-mnode5	amd	rocksdb	embedded	NO_RETIRED_INST_CYCLES	user	chiplet_x5	60	27	37	CLEANUP	1	30776.0	30768.0	30783.0	30783.0	30783.0	30783.0	30783.0	30783.0	ok	/home/seunghyun/ycsb/results/chiplet_ycsb_256mib_madracks-mnode5_20260314T060453Z_1429430/runs/rocksdb/chiplet_x5/inst27/run.stdout.log	/home/seunghyun/ycsb/results/chiplet_ycsb_256mib_madracks-mnode5_20260314T060453Z_1429430/runs/rocksdb/chiplet_x5
2026-03-14T06:09:44Z	madracks-mnode5	amd	rocksdb	embedded	NO_RETIRED_INST_CYCLES	user	chiplet_x5	60	28	38	READ	1000000	20.98723	1.0	12111.0	20.0	34.0	41.0	99.0	4071.0	ok	/home/seunghyun/ycsb/results/chiplet_ycsb_256mib_madracks-mnode5_20260314T060453Z_1429430/runs/rocksdb/chiplet_x5/inst28/run.stdout.log	/home/seunghyun/ycsb/results/chiplet_ycsb_256mib_madracks-mnode5_20260314T060453Z_1429430/runs/rocksdb/chiplet_x5
2026-03-14T06:09:44Z	madracks-mnode5	amd	rocksdb	embedded	NO_RETIRED_INST_CYCLES	user	chiplet_x5	60	28	38	CLEANUP	1	34352.0	34336.0	34367.0	34367.0	34367.0	34367.0	34367.0	34367.0	ok	/home/seunghyun/ycsb/results/chiplet_ycsb_256mib_madracks-mnode5_20260314T060453Z_1429430/runs/rocksdb/chiplet_x5/inst28/run.stdout.log	/home/seunghyun/ycsb/results/chiplet_ycsb_256mib_madracks-mnode5_20260314T060453Z_1429430/runs/rocksdb/chiplet_x5
2026-03-14T06:09:44Z	madracks-mnode5	amd	rocksdb	embedded	NO_RETIRED_INST_CYCLES	user	chiplet_x5	60	29	39	READ	1000000	21.011327	1.0	14887.0	20.0	34.0	41.0	100.0	4077.0	ok	/home/seunghyun/ycsb/results/chiplet_ycsb_256mib_madracks-mnode5_20260314T060453Z_1429430/runs/rocksdb/chiplet_x5/inst29/run.stdout.log	/home/seunghyun/ycsb/results/chiplet_ycsb_256mib_madracks-mnode5_20260314T060453Z_1429430/runs/rocksdb/chiplet_x5
2026-03-14T06:09:44Z	madracks-mnode5	amd	rocksdb	embedded	NO_RETIRED_INST_CYCLES	user	chiplet_x5	60	29	39	CLEANUP	1	33136.0	33120.0	33151.0	33151.0	33151.0	33151.0	33151.0	33151.0	ok	/home/seunghyun/ycsb/results/chiplet_ycsb_256mib_madracks-mnode5_20260314T060453Z_1429430/runs/rocksdb/chiplet_x5/inst29/run.stdout.log	/home/seunghyun/ycsb/results/chiplet_ycsb_256mib_madracks-mnode5_20260314T060453Z_1429430/runs/rocksdb/chiplet_x5
2026-03-14T06:09:44Z	madracks-mnode5	amd	rocksdb	embedded	NO_RETIRED_INST_CYCLES	user	chiplet_x5	60	30	42	READ	1000000	19.843932	1.0	151423.0	12.0	34.0	41.0	95.0	4077.0	ok	/home/seunghyun/ycsb/results/chiplet_ycsb_256mib_madracks-mnode5_20260314T060453Z_1429430/runs/rocksdb/chiplet_x5/inst30/run.stdout.log	/home/seunghyun/ycsb/results/chiplet_ycsb_256mib_madracks-mnode5_20260314T060453Z_1429430/runs/rocksdb/chiplet_x5
2026-03-14T06:09:44Z	madracks-mnode5	amd	rocksdb	embedded	NO_RETIRED_INST_CYCLES	user	chiplet_x5	60	30	42	CLEANUP	1	26392.0	26384.0	26399.0	26399.0	26399.0	26399.0	26399.0	26399.0	ok	/home/seunghyun/ycsb/results/chiplet_ycsb_256mib_madracks-mnode5_20260314T060453Z_1429430/runs/rocksdb/chiplet_x5/inst30/run.stdout.log	/home/seunghyun/ycsb/results/chiplet_ycsb_256mib_madracks-mnode5_20260314T060453Z_1429430/runs/rocksdb/chiplet_x5
2026-03-14T06:09:44Z	madracks-mnode5	amd	rocksdb	embedded	NO_RETIRED_INST_CYCLES	user	chiplet_x5	60	31	43	READ	1000000	20.177722	1.0	27775.0	14.0	34.0	41.0	96.0	4083.0	ok	/home/seunghyun/ycsb/results/chiplet_ycsb_256mib_madracks-mnode5_20260314T060453Z_1429430/runs/rocksdb/chiplet_x5/inst31/run.stdout.log	/home/seunghyun/ycsb/results/chiplet_ycsb_256mib_madracks-mnode5_20260314T060453Z_1429430/runs/rocksdb/chiplet_x5
2026-03-14T06:09:44Z	madracks-mnode5	amd	rocksdb	embedded	NO_RETIRED_INST_CYCLES	user	chiplet_x5	60	31	43	CLEANUP	1	28584.0	28576.0	28591.0	28591.0	28591.0	28591.0	28591.0	28591.0	ok	/home/seunghyun/ycsb/results/chiplet_ycsb_256mib_madracks-mnode5_20260314T060453Z_1429430/runs/rocksdb/chiplet_x5/inst31/run.stdout.log	/home/seunghyun/ycsb/results/chiplet_ycsb_256mib_madracks-mnode5_20260314T060453Z_1429430/runs/rocksdb/chiplet_x5
2026-03-14T06:09:44Z	madracks-mnode5	amd	rocksdb	embedded	NO_RETIRED_INST_CYCLES	user	chiplet_x5	60	32	44	READ	1000000	21.008685	1.0	16135.0	20.0	34.0	42.0	100.0	4069.0	ok	/home/seunghyun/ycsb/results/chiplet_ycsb_256mib_madracks-mnode5_20260314T060453Z_1429430/runs/rocksdb/chiplet_x5/inst32/run.stdout.log	/home/seunghyun/ycsb/results/chiplet_ycsb_256mib_madracks-mnode5_20260314T060453Z_1429430/runs/rocksdb/chiplet_x5
2026-03-14T06:09:44Z	madracks-mnode5	amd	rocksdb	embedded	NO_RETIRED_INST_CYCLES	user	chiplet_x5	60	32	44	CLEANUP	1	37808.0	37792.0	37823.0	37823.0	37823.0	37823.0	37823.0	37823.0	ok	/home/seunghyun/ycsb/results/chiplet_ycsb_256mib_madracks-mnode5_20260314T060453Z_1429430/runs/rocksdb/chiplet_x5/inst32/run.stdout.log	/home/seunghyun/ycsb/results/chiplet_ycsb_256mib_madracks-mnode5_20260314T060453Z_1429430/runs/rocksdb/chiplet_x5
2026-03-14T06:09:44Z	madracks-mnode5	amd	rocksdb	embedded	NO_RETIRED_INST_CYCLES	user	chiplet_x5	60	33	45	READ	1000000	21.077157	1.0	16071.0	20.0	34.0	42.0	100.0	4087.0	ok	/home/seunghyun/ycsb/results/chiplet_ycsb_256mib_madracks-mnode5_20260314T060453Z_1429430/runs/rocksdb/chiplet_x5/inst33/run.stdout.log	/home/seunghyun/ycsb/results/chiplet_ycsb_256mib_madracks-mnode5_20260314T060453Z_1429430/runs/rocksdb/chiplet_x5
2026-03-14T06:09:44Z	madracks-mnode5	amd	rocksdb	embedded	NO_RETIRED_INST_CYCLES	user	chiplet_x5	60	33	45	CLEANUP	1	38928.0	38912.0	38943.0	38943.0	38943.0	38943.0	38943.0	38943.0	ok	/home/seunghyun/ycsb/results/chiplet_ycsb_256mib_madracks-mnode5_20260314T060453Z_1429430/runs/rocksdb/chiplet_x5/inst33/run.stdout.log	/home/seunghyun/ycsb/results/chiplet_ycsb_256mib_madracks-mnode5_20260314T060453Z_1429430/runs/rocksdb/chiplet_x5
2026-03-14T06:09:44Z	madracks-mnode5	amd	rocksdb	embedded	NO_RETIRED_INST_CYCLES	user	chiplet_x5	60	34	46	READ	1000000	20.811095	1.0	20111.0	19.0	34.0	41.0	98.0	4081.0	ok	/home/seunghyun/ycsb/results/chiplet_ycsb_256mib_madracks-mnode5_20260314T060453Z_1429430/runs/rocksdb/chiplet_x5/inst34/run.stdout.log	/home/seunghyun/ycsb/results/chiplet_ycsb_256mib_madracks-mnode5_20260314T060453Z_1429430/runs/rocksdb/chiplet_x5
2026-03-14T06:09:44Z	madracks-mnode5	amd	rocksdb	embedded	NO_RETIRED_INST_CYCLES	user	chiplet_x5	60	34	46	CLEANUP	1	2987.0	2986.0	2987.0	2987.0	2987.0	2987.0	2987.0	2987.0	ok	/home/seunghyun/ycsb/results/chiplet_ycsb_256mib_madracks-mnode5_20260314T060453Z_1429430/runs/rocksdb/chiplet_x5/inst34/run.stdout.log	/home/seunghyun/ycsb/results/chiplet_ycsb_256mib_madracks-mnode5_20260314T060453Z_1429430/runs/rocksdb/chiplet_x5
2026-03-14T06:09:44Z	madracks-mnode5	amd	rocksdb	embedded	NO_RETIRED_INST_CYCLES	user	chiplet_x5	60	35	49	READ	1000000	21.052945	2.0	16143.0	20.0	34.0	42.0	100.0	4073.0	ok	/home/seunghyun/ycsb/results/chiplet_ycsb_256mib_madracks-mnode5_20260314T060453Z_1429430/runs/rocksdb/chiplet_x5/inst35/run.stdout.log	/home/seunghyun/ycsb/results/chiplet_ycsb_256mib_madracks-mnode5_20260314T060453Z_1429430/runs/rocksdb/chiplet_x5
2026-03-14T06:09:44Z	madracks-mnode5	amd	rocksdb	embedded	NO_RETIRED_INST_CYCLES	user	chiplet_x5	60	35	49	CLEANUP	1	34928.0	34912.0	34943.0	34943.0	34943.0	34943.0	34943.0	34943.0	ok	/home/seunghyun/ycsb/results/chiplet_ycsb_256mib_madracks-mnode5_20260314T060453Z_1429430/runs/rocksdb/chiplet_x5/inst35/run.stdout.log	/home/seunghyun/ycsb/results/chiplet_ycsb_256mib_madracks-mnode5_20260314T060453Z_1429430/runs/rocksdb/chiplet_x5
2026-03-14T06:09:44Z	madracks-mnode5	amd	rocksdb	embedded	NO_RETIRED_INST_CYCLES	user	chiplet_x5	60	36	50	READ	1000000	20.975435	1.0	19567.0	20.0	34.0	42.0	100.0	4077.0	ok	/home/seunghyun/ycsb/results/chiplet_ycsb_256mib_madracks-mnode5_20260314T060453Z_1429430/runs/rocksdb/chiplet_x5/inst36/run.stdout.log	/home/seunghyun/ycsb/results/chiplet_ycsb_256mib_madracks-mnode5_20260314T060453Z_1429430/runs/rocksdb/chiplet_x5
2026-03-14T06:09:44Z	madracks-mnode5	amd	rocksdb	embedded	NO_RETIRED_INST_CYCLES	user	chiplet_x5	60	36	50	CLEANUP	1	31432.0	31424.0	31439.0	31439.0	31439.0	31439.0	31439.0	31439.0	ok	/home/seunghyun/ycsb/results/chiplet_ycsb_256mib_madracks-mnode5_20260314T060453Z_1429430/runs/rocksdb/chiplet_x5/inst36/run.stdout.log	/home/seunghyun/ycsb/results/chiplet_ycsb_256mib_madracks-mnode5_20260314T060453Z_1429430/runs/rocksdb/chiplet_x5
2026-03-14T06:09:44Z	madracks-mnode5	amd	rocksdb	embedded	NO_RETIRED_INST_CYCLES	user	chiplet_x5	60	37	51	READ	1000000	21.031514	1.0	21295.0	20.0	34.0	41.0	101.0	4073.0	ok	/home/seunghyun/ycsb/results/chiplet_ycsb_256mib_madracks-mnode5_20260314T060453Z_1429430/runs/rocksdb/chiplet_x5/inst37/run.stdout.log	/home/seunghyun/ycsb/results/chiplet_ycsb_256mib_madracks-mnode5_20260314T060453Z_1429430/runs/rocksdb/chiplet_x5
2026-03-14T06:09:44Z	madracks-mnode5	amd	rocksdb	embedded	NO_RETIRED_INST_CYCLES	user	chiplet_x5	60	37	51	CLEANUP	1	33360.0	33344.0	33375.0	33375.0	33375.0	33375.0	33375.0	33375.0	ok	/home/seunghyun/ycsb/results/chiplet_ycsb_256mib_madracks-mnode5_20260314T060453Z_1429430/runs/rocksdb/chiplet_x5/inst37/run.stdout.log	/home/seunghyun/ycsb/results/chiplet_ycsb_256mib_madracks-mnode5_20260314T060453Z_1429430/runs/rocksdb/chiplet_x5
2026-03-14T06:09:44Z	madracks-mnode5	amd	rocksdb	embedded	NO_RETIRED_INST_CYCLES	user	chiplet_x5	60	38	52	READ	1000000	20.803207	1.0	12719.0	19.0	34.0	41.0	99.0	4107.0	ok	/home/seunghyun/ycsb/results/chiplet_ycsb_256mib_madracks-mnode5_20260314T060453Z_1429430/runs/rocksdb/chiplet_x5/inst38/run.stdout.log	/home/seunghyun/ycsb/results/chiplet_ycsb_256mib_madracks-mnode5_20260314T060453Z_1429430/runs/rocksdb/chiplet_x5
2026-03-14T06:09:44Z	madracks-mnode5	amd	rocksdb	embedded	NO_RETIRED_INST_CYCLES	user	chiplet_x5	60	38	52	CLEANUP	1	29752.0	29744.0	29759.0	29759.0	29759.0	29759.0	29759.0	29759.0	ok	/home/seunghyun/ycsb/results/chiplet_ycsb_256mib_madracks-mnode5_20260314T060453Z_1429430/runs/rocksdb/chiplet_x5/inst38/run.stdout.log	/home/seunghyun/ycsb/results/chiplet_ycsb_256mib_madracks-mnode5_20260314T060453Z_1429430/runs/rocksdb/chiplet_x5
2026-03-14T06:09:44Z	madracks-mnode5	amd	rocksdb	embedded	NO_RETIRED_INST_CYCLES	user	chiplet_x5	60	39	53	READ	1000000	20.001789	1.0	206719.0	12.0	34.0	41.0	98.0	4085.0	ok	/home/seunghyun/ycsb/results/chiplet_ycsb_256mib_madracks-mnode5_20260314T060453Z_1429430/runs/rocksdb/chiplet_x5/inst39/run.stdout.log	/home/seunghyun/ycsb/results/chiplet_ycsb_256mib_madracks-mnode5_20260314T060453Z_1429430/runs/rocksdb/chiplet_x5
2026-03-14T06:09:44Z	madracks-mnode5	amd	rocksdb	embedded	NO_RETIRED_INST_CYCLES	user	chiplet_x5	60	39	53	CLEANUP	1	25704.0	25696.0	25711.0	25711.0	25711.0	25711.0	25711.0	25711.0	ok	/home/seunghyun/ycsb/results/chiplet_ycsb_256mib_madracks-mnode5_20260314T060453Z_1429430/runs/rocksdb/chiplet_x5/inst39/run.stdout.log	/home/seunghyun/ycsb/results/chiplet_ycsb_256mib_madracks-mnode5_20260314T060453Z_1429430/runs/rocksdb/chiplet_x5
2026-03-14T06:09:44Z	madracks-mnode5	amd	rocksdb	embedded	NO_RETIRED_INST_CYCLES	user	chiplet_x5	60	40	56	READ	1000000	20.411795	2.0	17999.0	15.0	34.0	41.0	101.0	4067.0	ok	/home/seunghyun/ycsb/results/chiplet_ycsb_256mib_madracks-mnode5_20260314T060453Z_1429430/runs/rocksdb/chiplet_x5/inst40/run.stdout.log	/home/seunghyun/ycsb/results/chiplet_ycsb_256mib_madracks-mnode5_20260314T060453Z_1429430/runs/rocksdb/chiplet_x5
2026-03-14T06:09:44Z	madracks-mnode5	amd	rocksdb	embedded	NO_RETIRED_INST_CYCLES	user	chiplet_x5	60	40	56	CLEANUP	1	26968.0	26960.0	26975.0	26975.0	26975.0	26975.0	26975.0	26975.0	ok	/home/seunghyun/ycsb/results/chiplet_ycsb_256mib_madracks-mnode5_20260314T060453Z_1429430/runs/rocksdb/chiplet_x5/inst40/run.stdout.log	/home/seunghyun/ycsb/results/chiplet_ycsb_256mib_madracks-mnode5_20260314T060453Z_1429430/runs/rocksdb/chiplet_x5
2026-03-14T06:09:44Z	madracks-mnode5	amd	rocksdb	embedded	NO_RETIRED_INST_CYCLES	user	chiplet_x5	60	41	57	READ	1000000	20.486962	1.0	16735.0	13.0	34.0	41.0	101.0	4077.0	ok	/home/seunghyun/ycsb/results/chiplet_ycsb_256mib_madracks-mnode5_20260314T060453Z_1429430/runs/rocksdb/chiplet_x5/inst41/run.stdout.log	/home/seunghyun/ycsb/results/chiplet_ycsb_256mib_madracks-mnode5_20260314T060453Z_1429430/runs/rocksdb/chiplet_x5
2026-03-14T06:09:44Z	madracks-mnode5	amd	rocksdb	embedded	NO_RETIRED_INST_CYCLES	user	chiplet_x5	60	41	57	CLEANUP	1	28216.0	28208.0	28223.0	28223.0	28223.0	28223.0	28223.0	28223.0	ok	/home/seunghyun/ycsb/results/chiplet_ycsb_256mib_madracks-mnode5_20260314T060453Z_1429430/runs/rocksdb/chiplet_x5/inst41/run.stdout.log	/home/seunghyun/ycsb/results/chiplet_ycsb_256mib_madracks-mnode5_20260314T060453Z_1429430/runs/rocksdb/chiplet_x5
2026-03-14T06:09:44Z	madracks-mnode5	amd	rocksdb	embedded	NO_RETIRED_INST_CYCLES	user	chiplet_x5	60	42	58	READ	1000000	20.466315	1.0	14103.0	13.0	34.0	42.0	95.0	4099.0	ok	/home/seunghyun/ycsb/results/chiplet_ycsb_256mib_madracks-mnode5_20260314T060453Z_1429430/runs/rocksdb/chiplet_x5/inst42/run.stdout.log	/home/seunghyun/ycsb/results/chiplet_ycsb_256mib_madracks-mnode5_20260314T060453Z_1429430/runs/rocksdb/chiplet_x5
2026-03-14T06:09:44Z	madracks-mnode5	amd	rocksdb	embedded	NO_RETIRED_INST_CYCLES	user	chiplet_x5	60	42	58	CLEANUP	1	29304.0	29296.0	29311.0	29311.0	29311.0	29311.0	29311.0	29311.0	ok	/home/seunghyun/ycsb/results/chiplet_ycsb_256mib_madracks-mnode5_20260314T060453Z_1429430/runs/rocksdb/chiplet_x5/inst42/run.stdout.log	/home/seunghyun/ycsb/results/chiplet_ycsb_256mib_madracks-mnode5_20260314T060453Z_1429430/runs/rocksdb/chiplet_x5
2026-03-14T06:09:44Z	madracks-mnode5	amd	rocksdb	embedded	NO_RETIRED_INST_CYCLES	user	chiplet_x5	60	43	59	READ	1000000	20.829752	1.0	19183.0	20.0	34.0	41.0	99.0	4069.0	ok	/home/seunghyun/ycsb/results/chiplet_ycsb_256mib_madracks-mnode5_20260314T060453Z_1429430/runs/rocksdb/chiplet_x5/inst43/run.stdout.log	/home/seunghyun/ycsb/results/chiplet_ycsb_256mib_madracks-mnode5_20260314T060453Z_1429430/runs/rocksdb/chiplet_x5
2026-03-14T06:09:44Z	madracks-mnode5	amd	rocksdb	embedded	NO_RETIRED_INST_CYCLES	user	chiplet_x5	60	43	59	CLEANUP	1	29560.0	29552.0	29567.0	29567.0	29567.0	29567.0	29567.0	29567.0	ok	/home/seunghyun/ycsb/results/chiplet_ycsb_256mib_madracks-mnode5_20260314T060453Z_1429430/runs/rocksdb/chiplet_x5/inst43/run.stdout.log	/home/seunghyun/ycsb/results/chiplet_ycsb_256mib_madracks-mnode5_20260314T060453Z_1429430/runs/rocksdb/chiplet_x5
2026-03-14T06:09:44Z	madracks-mnode5	amd	rocksdb	embedded	NO_RETIRED_INST_CYCLES	user	chiplet_x5	60	44	60	READ	1000000	20.788977	1.0	16095.0	20.0	34.0	41.0	99.0	4093.0	ok	/home/seunghyun/ycsb/results/chiplet_ycsb_256mib_madracks-mnode5_20260314T060453Z_1429430/runs/rocksdb/chiplet_x5/inst44/run.stdout.log	/home/seunghyun/ycsb/results/chiplet_ycsb_256mib_madracks-mnode5_20260314T060453Z_1429430/runs/rocksdb/chiplet_x5
2026-03-14T06:09:44Z	madracks-mnode5	amd	rocksdb	embedded	NO_RETIRED_INST_CYCLES	user	chiplet_x5	60	44	60	CLEANUP	1	29000.0	28992.0	29007.0	29007.0	29007.0	29007.0	29007.0	29007.0	ok	/home/seunghyun/ycsb/results/chiplet_ycsb_256mib_madracks-mnode5_20260314T060453Z_1429430/runs/rocksdb/chiplet_x5/inst44/run.stdout.log	/home/seunghyun/ycsb/results/chiplet_ycsb_256mib_madracks-mnode5_20260314T060453Z_1429430/runs/rocksdb/chiplet_x5
2026-03-14T06:09:44Z	madracks-mnode5	amd	rocksdb	embedded	NO_RETIRED_INST_CYCLES	user	chiplet_x5	60	45	63	READ	1000000	21.037148	1.0	12151.0	20.0	34.0	41.0	100.0	4283.0	ok	/home/seunghyun/ycsb/results/chiplet_ycsb_256mib_madracks-mnode5_20260314T060453Z_1429430/runs/rocksdb/chiplet_x5/inst45/run.stdout.log	/home/seunghyun/ycsb/results/chiplet_ycsb_256mib_madracks-mnode5_20260314T060453Z_1429430/runs/rocksdb/chiplet_x5
2026-03-14T06:09:44Z	madracks-mnode5	amd	rocksdb	embedded	NO_RETIRED_INST_CYCLES	user	chiplet_x5	60	45	63	CLEANUP	1	2815.0	2814.0	2815.0	2815.0	2815.0	2815.0	2815.0	2815.0	ok	/home/seunghyun/ycsb/results/chiplet_ycsb_256mib_madracks-mnode5_20260314T060453Z_1429430/runs/rocksdb/chiplet_x5/inst45/run.stdout.log	/home/seunghyun/ycsb/results/chiplet_ycsb_256mib_madracks-mnode5_20260314T060453Z_1429430/runs/rocksdb/chiplet_x5
2026-03-14T06:09:44Z	madracks-mnode5	amd	rocksdb	embedded	NO_RETIRED_INST_CYCLES	user	chiplet_x5	60	46	64	READ	1000000	20.360147	1.0	16095.0	15.0	34.0	41.0	102.0	4071.0	ok	/home/seunghyun/ycsb/results/chiplet_ycsb_256mib_madracks-mnode5_20260314T060453Z_1429430/runs/rocksdb/chiplet_x5/inst46/run.stdout.log	/home/seunghyun/ycsb/results/chiplet_ycsb_256mib_madracks-mnode5_20260314T060453Z_1429430/runs/rocksdb/chiplet_x5
2026-03-14T06:09:44Z	madracks-mnode5	amd	rocksdb	embedded	NO_RETIRED_INST_CYCLES	user	chiplet_x5	60	46	64	CLEANUP	1	24712.0	24704.0	24719.0	24719.0	24719.0	24719.0	24719.0	24719.0	ok	/home/seunghyun/ycsb/results/chiplet_ycsb_256mib_madracks-mnode5_20260314T060453Z_1429430/runs/rocksdb/chiplet_x5/inst46/run.stdout.log	/home/seunghyun/ycsb/results/chiplet_ycsb_256mib_madracks-mnode5_20260314T060453Z_1429430/runs/rocksdb/chiplet_x5
2026-03-14T06:09:44Z	madracks-mnode5	amd	rocksdb	embedded	NO_RETIRED_INST_CYCLES	user	chiplet_x5	60	47	65	READ	1000000	19.829514	1.0	20095.0	12.0	34.0	41.0	98.0	4069.0	ok	/home/seunghyun/ycsb/results/chiplet_ycsb_256mib_madracks-mnode5_20260314T060453Z_1429430/runs/rocksdb/chiplet_x5/inst47/run.stdout.log	/home/seunghyun/ycsb/results/chiplet_ycsb_256mib_madracks-mnode5_20260314T060453Z_1429430/runs/rocksdb/chiplet_x5
2026-03-14T06:09:44Z	madracks-mnode5	amd	rocksdb	embedded	NO_RETIRED_INST_CYCLES	user	chiplet_x5	60	47	65	CLEANUP	1	25640.0	25632.0	25647.0	25647.0	25647.0	25647.0	25647.0	25647.0	ok	/home/seunghyun/ycsb/results/chiplet_ycsb_256mib_madracks-mnode5_20260314T060453Z_1429430/runs/rocksdb/chiplet_x5/inst47/run.stdout.log	/home/seunghyun/ycsb/results/chiplet_ycsb_256mib_madracks-mnode5_20260314T060453Z_1429430/runs/rocksdb/chiplet_x5
2026-03-14T06:09:44Z	madracks-mnode5	amd	rocksdb	embedded	NO_RETIRED_INST_CYCLES	user	chiplet_x5	60	48	66	READ	1000000	21.013483	1.0	17087.0	20.0	34.0	42.0	99.0	4095.0	ok	/home/seunghyun/ycsb/results/chiplet_ycsb_256mib_madracks-mnode5_20260314T060453Z_1429430/runs/rocksdb/chiplet_x5/inst48/run.stdout.log	/home/seunghyun/ycsb/results/chiplet_ycsb_256mib_madracks-mnode5_20260314T060453Z_1429430/runs/rocksdb/chiplet_x5
2026-03-14T06:09:44Z	madracks-mnode5	amd	rocksdb	embedded	NO_RETIRED_INST_CYCLES	user	chiplet_x5	60	48	66	CLEANUP	1	35664.0	35648.0	35679.0	35679.0	35679.0	35679.0	35679.0	35679.0	ok	/home/seunghyun/ycsb/results/chiplet_ycsb_256mib_madracks-mnode5_20260314T060453Z_1429430/runs/rocksdb/chiplet_x5/inst48/run.stdout.log	/home/seunghyun/ycsb/results/chiplet_ycsb_256mib_madracks-mnode5_20260314T060453Z_1429430/runs/rocksdb/chiplet_x5
2026-03-14T06:09:44Z	madracks-mnode5	amd	rocksdb	embedded	NO_RETIRED_INST_CYCLES	user	chiplet_x5	60	49	67	READ	1000000	20.947938	1.0	22863.0	20.0	34.0	41.0	99.0	4065.0	ok	/home/seunghyun/ycsb/results/chiplet_ycsb_256mib_madracks-mnode5_20260314T060453Z_1429430/runs/rocksdb/chiplet_x5/inst49/run.stdout.log	/home/seunghyun/ycsb/results/chiplet_ycsb_256mib_madracks-mnode5_20260314T060453Z_1429430/runs/rocksdb/chiplet_x5
2026-03-14T06:09:44Z	madracks-mnode5	amd	rocksdb	embedded	NO_RETIRED_INST_CYCLES	user	chiplet_x5	60	49	67	CLEANUP	1	32232.0	32224.0	32239.0	32239.0	32239.0	32239.0	32239.0	32239.0	ok	/home/seunghyun/ycsb/results/chiplet_ycsb_256mib_madracks-mnode5_20260314T060453Z_1429430/runs/rocksdb/chiplet_x5/inst49/run.stdout.log	/home/seunghyun/ycsb/results/chiplet_ycsb_256mib_madracks-mnode5_20260314T060453Z_1429430/runs/rocksdb/chiplet_x5
2026-03-14T06:09:44Z	madracks-mnode5	amd	rocksdb	embedded	NO_RETIRED_INST_CYCLES	user	chiplet_x5	60	50	70	READ	1000000	20.701287	1.0	16847.0	19.0	34.0	41.0	97.0	4067.0	ok	/home/seunghyun/ycsb/results/chiplet_ycsb_256mib_madracks-mnode5_20260314T060453Z_1429430/runs/rocksdb/chiplet_x5/inst50/run.stdout.log	/home/seunghyun/ycsb/results/chiplet_ycsb_256mib_madracks-mnode5_20260314T060453Z_1429430/runs/rocksdb/chiplet_x5
2026-03-14T06:09:44Z	madracks-mnode5	amd	rocksdb	embedded	NO_RETIRED_INST_CYCLES	user	chiplet_x5	60	50	70	CLEANUP	1	25672.0	25664.0	25679.0	25679.0	25679.0	25679.0	25679.0	25679.0	ok	/home/seunghyun/ycsb/results/chiplet_ycsb_256mib_madracks-mnode5_20260314T060453Z_1429430/runs/rocksdb/chiplet_x5/inst50/run.stdout.log	/home/seunghyun/ycsb/results/chiplet_ycsb_256mib_madracks-mnode5_20260314T060453Z_1429430/runs/rocksdb/chiplet_x5
2026-03-14T06:09:44Z	madracks-mnode5	amd	rocksdb	embedded	NO_RETIRED_INST_CYCLES	user	chiplet_x5	60	51	71	READ	1000000	20.281224	1.0	16119.0	14.0	34.0	41.0	96.0	4063.0	ok	/home/seunghyun/ycsb/results/chiplet_ycsb_256mib_madracks-mnode5_20260314T060453Z_1429430/runs/rocksdb/chiplet_x5/inst51/run.stdout.log	/home/seunghyun/ycsb/results/chiplet_ycsb_256mib_madracks-mnode5_20260314T060453Z_1429430/runs/rocksdb/chiplet_x5
2026-03-14T06:09:44Z	madracks-mnode5	amd	rocksdb	embedded	NO_RETIRED_INST_CYCLES	user	chiplet_x5	60	51	71	CLEANUP	1	27016.0	27008.0	27023.0	27023.0	27023.0	27023.0	27023.0	27023.0	ok	/home/seunghyun/ycsb/results/chiplet_ycsb_256mib_madracks-mnode5_20260314T060453Z_1429430/runs/rocksdb/chiplet_x5/inst51/run.stdout.log	/home/seunghyun/ycsb/results/chiplet_ycsb_256mib_madracks-mnode5_20260314T060453Z_1429430/runs/rocksdb/chiplet_x5
2026-03-14T06:09:44Z	madracks-mnode5	amd	rocksdb	embedded	NO_RETIRED_INST_CYCLES	user	chiplet_x5	60	52	72	READ	1000000	21.036234	1.0	16159.0	20.0	34.0	41.0	100.0	4299.0	ok	/home/seunghyun/ycsb/results/chiplet_ycsb_256mib_madracks-mnode5_20260314T060453Z_1429430/runs/rocksdb/chiplet_x5/inst52/run.stdout.log	/home/seunghyun/ycsb/results/chiplet_ycsb_256mib_madracks-mnode5_20260314T060453Z_1429430/runs/rocksdb/chiplet_x5
2026-03-14T06:09:44Z	madracks-mnode5	amd	rocksdb	embedded	NO_RETIRED_INST_CYCLES	user	chiplet_x5	60	52	72	CLEANUP	1	32784.0	32768.0	32799.0	32799.0	32799.0	32799.0	32799.0	32799.0	ok	/home/seunghyun/ycsb/results/chiplet_ycsb_256mib_madracks-mnode5_20260314T060453Z_1429430/runs/rocksdb/chiplet_x5/inst52/run.stdout.log	/home/seunghyun/ycsb/results/chiplet_ycsb_256mib_madracks-mnode5_20260314T060453Z_1429430/runs/rocksdb/chiplet_x5
2026-03-14T06:09:44Z	madracks-mnode5	amd	rocksdb	embedded	NO_RETIRED_INST_CYCLES	user	chiplet_x5	60	53	73	READ	1000000	20.94265	1.0	16271.0	20.0	34.0	41.0	100.0	4359.0	ok	/home/seunghyun/ycsb/results/chiplet_ycsb_256mib_madracks-mnode5_20260314T060453Z_1429430/runs/rocksdb/chiplet_x5/inst53/run.stdout.log	/home/seunghyun/ycsb/results/chiplet_ycsb_256mib_madracks-mnode5_20260314T060453Z_1429430/runs/rocksdb/chiplet_x5
2026-03-14T06:09:44Z	madracks-mnode5	amd	rocksdb	embedded	NO_RETIRED_INST_CYCLES	user	chiplet_x5	60	53	73	CLEANUP	1	27960.0	27952.0	27967.0	27967.0	27967.0	27967.0	27967.0	27967.0	ok	/home/seunghyun/ycsb/results/chiplet_ycsb_256mib_madracks-mnode5_20260314T060453Z_1429430/runs/rocksdb/chiplet_x5/inst53/run.stdout.log	/home/seunghyun/ycsb/results/chiplet_ycsb_256mib_madracks-mnode5_20260314T060453Z_1429430/runs/rocksdb/chiplet_x5
2026-03-14T06:09:44Z	madracks-mnode5	amd	rocksdb	embedded	NO_RETIRED_INST_CYCLES	user	chiplet_x5	60	54	74	READ	1000000	20.95116	1.0	21663.0	20.0	34.0	41.0	99.0	4067.0	ok	/home/seunghyun/ycsb/results/chiplet_ycsb_256mib_madracks-mnode5_20260314T060453Z_1429430/runs/rocksdb/chiplet_x5/inst54/run.stdout.log	/home/seunghyun/ycsb/results/chiplet_ycsb_256mib_madracks-mnode5_20260314T060453Z_1429430/runs/rocksdb/chiplet_x5
2026-03-14T06:09:44Z	madracks-mnode5	amd	rocksdb	embedded	NO_RETIRED_INST_CYCLES	user	chiplet_x5	60	54	74	CLEANUP	1	31816.0	31808.0	31823.0	31823.0	31823.0	31823.0	31823.0	31823.0	ok	/home/seunghyun/ycsb/results/chiplet_ycsb_256mib_madracks-mnode5_20260314T060453Z_1429430/runs/rocksdb/chiplet_x5/inst54/run.stdout.log	/home/seunghyun/ycsb/results/chiplet_ycsb_256mib_madracks-mnode5_20260314T060453Z_1429430/runs/rocksdb/chiplet_x5
2026-03-14T06:09:44Z	madracks-mnode5	amd	rocksdb	embedded	NO_RETIRED_INST_CYCLES	user	chiplet_x5	60	55	77	READ	1000000	21.214655	1.0	12159.0	20.0	34.0	42.0	100.0	4107.0	ok	/home/seunghyun/ycsb/results/chiplet_ycsb_256mib_madracks-mnode5_20260314T060453Z_1429430/runs/rocksdb/chiplet_x5/inst55/run.stdout.log	/home/seunghyun/ycsb/results/chiplet_ycsb_256mib_madracks-mnode5_20260314T060453Z_1429430/runs/rocksdb/chiplet_x5
2026-03-14T06:09:44Z	madracks-mnode5	amd	rocksdb	embedded	NO_RETIRED_INST_CYCLES	user	chiplet_x5	60	55	77	CLEANUP	1	38512.0	38496.0	38527.0	38527.0	38527.0	38527.0	38527.0	38527.0	ok	/home/seunghyun/ycsb/results/chiplet_ycsb_256mib_madracks-mnode5_20260314T060453Z_1429430/runs/rocksdb/chiplet_x5/inst55/run.stdout.log	/home/seunghyun/ycsb/results/chiplet_ycsb_256mib_madracks-mnode5_20260314T060453Z_1429430/runs/rocksdb/chiplet_x5
2026-03-14T06:09:44Z	madracks-mnode5	amd	rocksdb	embedded	NO_RETIRED_INST_CYCLES	user	chiplet_x5	60	56	78	READ	1000000	20.974289	1.0	70015.0	19.0	34.0	41.0	101.0	4267.0	ok	/home/seunghyun/ycsb/results/chiplet_ycsb_256mib_madracks-mnode5_20260314T060453Z_1429430/runs/rocksdb/chiplet_x5/inst56/run.stdout.log	/home/seunghyun/ycsb/results/chiplet_ycsb_256mib_madracks-mnode5_20260314T060453Z_1429430/runs/rocksdb/chiplet_x5
2026-03-14T06:09:44Z	madracks-mnode5	amd	rocksdb	embedded	NO_RETIRED_INST_CYCLES	user	chiplet_x5	60	56	78	CLEANUP	1	31320.0	31312.0	31327.0	31327.0	31327.0	31327.0	31327.0	31327.0	ok	/home/seunghyun/ycsb/results/chiplet_ycsb_256mib_madracks-mnode5_20260314T060453Z_1429430/runs/rocksdb/chiplet_x5/inst56/run.stdout.log	/home/seunghyun/ycsb/results/chiplet_ycsb_256mib_madracks-mnode5_20260314T060453Z_1429430/runs/rocksdb/chiplet_x5
2026-03-14T06:09:44Z	madracks-mnode5	amd	rocksdb	embedded	NO_RETIRED_INST_CYCLES	user	chiplet_x5	60	57	79	READ	1000000	20.969186	1.0	16943.0	20.0	34.0	41.0	99.0	4115.0	ok	/home/seunghyun/ycsb/results/chiplet_ycsb_256mib_madracks-mnode5_20260314T060453Z_1429430/runs/rocksdb/chiplet_x5/inst57/run.stdout.log	/home/seunghyun/ycsb/results/chiplet_ycsb_256mib_madracks-mnode5_20260314T060453Z_1429430/runs/rocksdb/chiplet_x5
2026-03-14T06:09:44Z	madracks-mnode5	amd	rocksdb	embedded	NO_RETIRED_INST_CYCLES	user	chiplet_x5	60	57	79	CLEANUP	1	30568.0	30560.0	30575.0	30575.0	30575.0	30575.0	30575.0	30575.0	ok	/home/seunghyun/ycsb/results/chiplet_ycsb_256mib_madracks-mnode5_20260314T060453Z_1429430/runs/rocksdb/chiplet_x5/inst57/run.stdout.log	/home/seunghyun/ycsb/results/chiplet_ycsb_256mib_madracks-mnode5_20260314T060453Z_1429430/runs/rocksdb/chiplet_x5
2026-03-14T06:09:44Z	madracks-mnode5	amd	rocksdb	embedded	NO_RETIRED_INST_CYCLES	user	chiplet_x5	60	58	80	READ	1000000	20.864915	1.0	20159.0	19.0	34.0	41.0	100.0	4127.0	ok	/home/seunghyun/ycsb/results/chiplet_ycsb_256mib_madracks-mnode5_20260314T060453Z_1429430/runs/rocksdb/chiplet_x5/inst58/run.stdout.log	/home/seunghyun/ycsb/results/chiplet_ycsb_256mib_madracks-mnode5_20260314T060453Z_1429430/runs/rocksdb/chiplet_x5
2026-03-14T06:09:44Z	madracks-mnode5	amd	rocksdb	embedded	NO_RETIRED_INST_CYCLES	user	chiplet_x5	60	58	80	CLEANUP	1	27240.0	27232.0	27247.0	27247.0	27247.0	27247.0	27247.0	27247.0	ok	/home/seunghyun/ycsb/results/chiplet_ycsb_256mib_madracks-mnode5_20260314T060453Z_1429430/runs/rocksdb/chiplet_x5/inst58/run.stdout.log	/home/seunghyun/ycsb/results/chiplet_ycsb_256mib_madracks-mnode5_20260314T060453Z_1429430/runs/rocksdb/chiplet_x5
2026-03-14T06:09:44Z	madracks-mnode5	amd	rocksdb	embedded	NO_RETIRED_INST_CYCLES	user	chiplet_x5	60	59	81	READ	1000000	21.136699	1.0	20879.0	20.0	34.0	42.0	98.0	4093.0	ok	/home/seunghyun/ycsb/results/chiplet_ycsb_256mib_madracks-mnode5_20260314T060453Z_1429430/runs/rocksdb/chiplet_x5/inst59/run.stdout.log	/home/seunghyun/ycsb/results/chiplet_ycsb_256mib_madracks-mnode5_20260314T060453Z_1429430/runs/rocksdb/chiplet_x5
2026-03-14T06:09:44Z	madracks-mnode5	amd	rocksdb	embedded	NO_RETIRED_INST_CYCLES	user	chiplet_x5	60	59	81	CLEANUP	1	32040.0	32032.0	32047.0	32047.0	32047.0	32047.0	32047.0	32047.0	ok	/home/seunghyun/ycsb/results/chiplet_ycsb_256mib_madracks-mnode5_20260314T060453Z_1429430/runs/rocksdb/chiplet_x5/inst59/run.stdout.log	/home/seunghyun/ycsb/results/chiplet_ycsb_256mib_madracks-mnode5_20260314T060453Z_1429430/runs/rocksdb/chiplet_x5
2026-03-14T06:11:24Z	madracks-mnode5	amd	rocksdb	embedded	NO_RETIRED_INST_CYCLES	user	chiplet_x6	72	0	0	READ	1000000	22.355913	1.0	16079.0	20.0	35.0	42.0	114.0	4123.0	ok	/home/seunghyun/ycsb/results/chiplet_ycsb_256mib_madracks-mnode5_20260314T060453Z_1429430/runs/rocksdb/chiplet_x6/inst00/run.stdout.log	/home/seunghyun/ycsb/results/chiplet_ycsb_256mib_madracks-mnode5_20260314T060453Z_1429430/runs/rocksdb/chiplet_x6
2026-03-14T06:11:24Z	madracks-mnode5	amd	rocksdb	embedded	NO_RETIRED_INST_CYCLES	user	chiplet_x6	72	0	0	CLEANUP	1	26424.0	26416.0	26431.0	26431.0	26431.0	26431.0	26431.0	26431.0	ok	/home/seunghyun/ycsb/results/chiplet_ycsb_256mib_madracks-mnode5_20260314T060453Z_1429430/runs/rocksdb/chiplet_x6/inst00/run.stdout.log	/home/seunghyun/ycsb/results/chiplet_ycsb_256mib_madracks-mnode5_20260314T060453Z_1429430/runs/rocksdb/chiplet_x6
2026-03-14T06:11:24Z	madracks-mnode5	amd	rocksdb	embedded	NO_RETIRED_INST_CYCLES	user	chiplet_x6	72	1	1	READ	1000000	22.413878	1.0	16071.0	20.0	36.0	42.0	114.0	4077.0	ok	/home/seunghyun/ycsb/results/chiplet_ycsb_256mib_madracks-mnode5_20260314T060453Z_1429430/runs/rocksdb/chiplet_x6/inst01/run.stdout.log	/home/seunghyun/ycsb/results/chiplet_ycsb_256mib_madracks-mnode5_20260314T060453Z_1429430/runs/rocksdb/chiplet_x6
2026-03-14T06:11:24Z	madracks-mnode5	amd	rocksdb	embedded	NO_RETIRED_INST_CYCLES	user	chiplet_x6	72	1	1	CLEANUP	1	33808.0	33792.0	33823.0	33823.0	33823.0	33823.0	33823.0	33823.0	ok	/home/seunghyun/ycsb/results/chiplet_ycsb_256mib_madracks-mnode5_20260314T060453Z_1429430/runs/rocksdb/chiplet_x6/inst01/run.stdout.log	/home/seunghyun/ycsb/results/chiplet_ycsb_256mib_madracks-mnode5_20260314T060453Z_1429430/runs/rocksdb/chiplet_x6
2026-03-14T06:11:24Z	madracks-mnode5	amd	rocksdb	embedded	NO_RETIRED_INST_CYCLES	user	chiplet_x6	72	2	2	READ	1000000	22.690469	2.0	219903.0	21.0	36.0	42.0	116.0	4095.0	ok	/home/seunghyun/ycsb/results/chiplet_ycsb_256mib_madracks-mnode5_20260314T060453Z_1429430/runs/rocksdb/chiplet_x6/inst02/run.stdout.log	/home/seunghyun/ycsb/results/chiplet_ycsb_256mib_madracks-mnode5_20260314T060453Z_1429430/runs/rocksdb/chiplet_x6
2026-03-14T06:11:24Z	madracks-mnode5	amd	rocksdb	embedded	NO_RETIRED_INST_CYCLES	user	chiplet_x6	72	2	2	CLEANUP	1	45296.0	45280.0	45311.0	45311.0	45311.0	45311.0	45311.0	45311.0	ok	/home/seunghyun/ycsb/results/chiplet_ycsb_256mib_madracks-mnode5_20260314T060453Z_1429430/runs/rocksdb/chiplet_x6/inst02/run.stdout.log	/home/seunghyun/ycsb/results/chiplet_ycsb_256mib_madracks-mnode5_20260314T060453Z_1429430/runs/rocksdb/chiplet_x6
2026-03-14T06:11:24Z	madracks-mnode5	amd	rocksdb	embedded	NO_RETIRED_INST_CYCLES	user	chiplet_x6	72	3	3	READ	1000000	22.48353	1.0	18175.0	20.0	35.0	42.0	115.0	4079.0	ok	/home/seunghyun/ycsb/results/chiplet_ycsb_256mib_madracks-mnode5_20260314T060453Z_1429430/runs/rocksdb/chiplet_x6/inst03/run.stdout.log	/home/seunghyun/ycsb/results/chiplet_ycsb_256mib_madracks-mnode5_20260314T060453Z_1429430/runs/rocksdb/chiplet_x6
2026-03-14T06:11:24Z	madracks-mnode5	amd	rocksdb	embedded	NO_RETIRED_INST_CYCLES	user	chiplet_x6	72	3	3	CLEANUP	1	29624.0	29616.0	29631.0	29631.0	29631.0	29631.0	29631.0	29631.0	ok	/home/seunghyun/ycsb/results/chiplet_ycsb_256mib_madracks-mnode5_20260314T060453Z_1429430/runs/rocksdb/chiplet_x6/inst03/run.stdout.log	/home/seunghyun/ycsb/results/chiplet_ycsb_256mib_madracks-mnode5_20260314T060453Z_1429430/runs/rocksdb/chiplet_x6
2026-03-14T06:11:24Z	madracks-mnode5	amd	rocksdb	embedded	NO_RETIRED_INST_CYCLES	user	chiplet_x6	72	4	4	READ	1000000	22.480255	1.0	16111.0	20.0	36.0	42.0	113.0	4089.0	ok	/home/seunghyun/ycsb/results/chiplet_ycsb_256mib_madracks-mnode5_20260314T060453Z_1429430/runs/rocksdb/chiplet_x6/inst04/run.stdout.log	/home/seunghyun/ycsb/results/chiplet_ycsb_256mib_madracks-mnode5_20260314T060453Z_1429430/runs/rocksdb/chiplet_x6
2026-03-14T06:11:24Z	madracks-mnode5	amd	rocksdb	embedded	NO_RETIRED_INST_CYCLES	user	chiplet_x6	72	4	4	CLEANUP	1	30472.0	30464.0	30479.0	30479.0	30479.0	30479.0	30479.0	30479.0	ok	/home/seunghyun/ycsb/results/chiplet_ycsb_256mib_madracks-mnode5_20260314T060453Z_1429430/runs/rocksdb/chiplet_x6/inst04/run.stdout.log	/home/seunghyun/ycsb/results/chiplet_ycsb_256mib_madracks-mnode5_20260314T060453Z_1429430/runs/rocksdb/chiplet_x6
2026-03-14T06:11:24Z	madracks-mnode5	amd	rocksdb	embedded	NO_RETIRED_INST_CYCLES	user	chiplet_x6	72	5	5	READ	1000000	22.546455	1.0	16895.0	21.0	36.0	42.0	115.0	4081.0	ok	/home/seunghyun/ycsb/results/chiplet_ycsb_256mib_madracks-mnode5_20260314T060453Z_1429430/runs/rocksdb/chiplet_x6/inst05/run.stdout.log	/home/seunghyun/ycsb/results/chiplet_ycsb_256mib_madracks-mnode5_20260314T060453Z_1429430/runs/rocksdb/chiplet_x6
2026-03-14T06:11:24Z	madracks-mnode5	amd	rocksdb	embedded	NO_RETIRED_INST_CYCLES	user	chiplet_x6	72	5	5	CLEANUP	1	32520.0	32512.0	32527.0	32527.0	32527.0	32527.0	32527.0	32527.0	ok	/home/seunghyun/ycsb/results/chiplet_ycsb_256mib_madracks-mnode5_20260314T060453Z_1429430/runs/rocksdb/chiplet_x6/inst05/run.stdout.log	/home/seunghyun/ycsb/results/chiplet_ycsb_256mib_madracks-mnode5_20260314T060453Z_1429430/runs/rocksdb/chiplet_x6
2026-03-14T06:11:24Z	madracks-mnode5	amd	rocksdb	embedded	NO_RETIRED_INST_CYCLES	user	chiplet_x6	72	6	7	READ	1000000	20.809568	1.0	16095.0	19.0	34.0	41.0	114.0	4323.0	ok	/home/seunghyun/ycsb/results/chiplet_ycsb_256mib_madracks-mnode5_20260314T060453Z_1429430/runs/rocksdb/chiplet_x6/inst06/run.stdout.log	/home/seunghyun/ycsb/results/chiplet_ycsb_256mib_madracks-mnode5_20260314T060453Z_1429430/runs/rocksdb/chiplet_x6
2026-03-14T06:11:24Z	madracks-mnode5	amd	rocksdb	embedded	NO_RETIRED_INST_CYCLES	user	chiplet_x6	72	6	7	CLEANUP	1	25896.0	25888.0	25903.0	25903.0	25903.0	25903.0	25903.0	25903.0	ok	/home/seunghyun/ycsb/results/chiplet_ycsb_256mib_madracks-mnode5_20260314T060453Z_1429430/runs/rocksdb/chiplet_x6/inst06/run.stdout.log	/home/seunghyun/ycsb/results/chiplet_ycsb_256mib_madracks-mnode5_20260314T060453Z_1429430/runs/rocksdb/chiplet_x6
2026-03-14T06:11:24Z	madracks-mnode5	amd	rocksdb	embedded	NO_RETIRED_INST_CYCLES	user	chiplet_x6	72	7	8	READ	1000000	20.587032	1.0	16783.0	19.0	33.0	40.0	100.0	4077.0	ok	/home/seunghyun/ycsb/results/chiplet_ycsb_256mib_madracks-mnode5_20260314T060453Z_1429430/runs/rocksdb/chiplet_x6/inst07/run.stdout.log	/home/seunghyun/ycsb/results/chiplet_ycsb_256mib_madracks-mnode5_20260314T060453Z_1429430/runs/rocksdb/chiplet_x6
2026-03-14T06:11:24Z	madracks-mnode5	amd	rocksdb	embedded	NO_RETIRED_INST_CYCLES	user	chiplet_x6	72	7	8	CLEANUP	1	27992.0	27984.0	27999.0	27999.0	27999.0	27999.0	27999.0	27999.0	ok	/home/seunghyun/ycsb/results/chiplet_ycsb_256mib_madracks-mnode5_20260314T060453Z_1429430/runs/rocksdb/chiplet_x6/inst07/run.stdout.log	/home/seunghyun/ycsb/results/chiplet_ycsb_256mib_madracks-mnode5_20260314T060453Z_1429430/runs/rocksdb/chiplet_x6
2026-03-14T06:11:24Z	madracks-mnode5	amd	rocksdb	embedded	NO_RETIRED_INST_CYCLES	user	chiplet_x6	72	8	9	READ	1000000	17.859266	1.0	82175.0	11.0	33.0	41.0	107.0	4283.0	ok	/home/seunghyun/ycsb/results/chiplet_ycsb_256mib_madracks-mnode5_20260314T060453Z_1429430/runs/rocksdb/chiplet_x6/inst08/run.stdout.log	/home/seunghyun/ycsb/results/chiplet_ycsb_256mib_madracks-mnode5_20260314T060453Z_1429430/runs/rocksdb/chiplet_x6
2026-03-14T06:11:24Z	madracks-mnode5	amd	rocksdb	embedded	NO_RETIRED_INST_CYCLES	user	chiplet_x6	72	8	9	CLEANUP	1	231104.0	231040.0	231167.0	231167.0	231167.0	231167.0	231167.0	231167.0	ok	/home/seunghyun/ycsb/results/chiplet_ycsb_256mib_madracks-mnode5_20260314T060453Z_1429430/runs/rocksdb/chiplet_x6/inst08/run.stdout.log	/home/seunghyun/ycsb/results/chiplet_ycsb_256mib_madracks-mnode5_20260314T060453Z_1429430/runs/rocksdb/chiplet_x6
2026-03-14T06:11:24Z	madracks-mnode5	amd	rocksdb	embedded	NO_RETIRED_INST_CYCLES	user	chiplet_x6	72	9	10	READ	1000000	18.381993	1.0	16159.0	12.0	32.0	40.0	91.0	4077.0	ok	/home/seunghyun/ycsb/results/chiplet_ycsb_256mib_madracks-mnode5_20260314T060453Z_1429430/runs/rocksdb/chiplet_x6/inst09/run.stdout.log	/home/seunghyun/ycsb/results/chiplet_ycsb_256mib_madracks-mnode5_20260314T060453Z_1429430/runs/rocksdb/chiplet_x6
2026-03-14T06:11:24Z	madracks-mnode5	amd	rocksdb	embedded	NO_RETIRED_INST_CYCLES	user	chiplet_x6	72	9	10	CLEANUP	1	30728.0	30720.0	30735.0	30735.0	30735.0	30735.0	30735.0	30735.0	ok	/home/seunghyun/ycsb/results/chiplet_ycsb_256mib_madracks-mnode5_20260314T060453Z_1429430/runs/rocksdb/chiplet_x6/inst09/run.stdout.log	/home/seunghyun/ycsb/results/chiplet_ycsb_256mib_madracks-mnode5_20260314T060453Z_1429430/runs/rocksdb/chiplet_x6
2026-03-14T06:11:24Z	madracks-mnode5	amd	rocksdb	embedded	NO_RETIRED_INST_CYCLES	user	chiplet_x6	72	10	11	READ	1000000	22.399893	1.0	210431.0	20.0	36.0	42.0	115.0	4251.0	ok	/home/seunghyun/ycsb/results/chiplet_ycsb_256mib_madracks-mnode5_20260314T060453Z_1429430/runs/rocksdb/chiplet_x6/inst10/run.stdout.log	/home/seunghyun/ycsb/results/chiplet_ycsb_256mib_madracks-mnode5_20260314T060453Z_1429430/runs/rocksdb/chiplet_x6
2026-03-14T06:11:24Z	madracks-mnode5	amd	rocksdb	embedded	NO_RETIRED_INST_CYCLES	user	chiplet_x6	72	10	11	CLEANUP	1	3133.0	3132.0	3133.0	3133.0	3133.0	3133.0	3133.0	3133.0	ok	/home/seunghyun/ycsb/results/chiplet_ycsb_256mib_madracks-mnode5_20260314T060453Z_1429430/runs/rocksdb/chiplet_x6/inst10/run.stdout.log	/home/seunghyun/ycsb/results/chiplet_ycsb_256mib_madracks-mnode5_20260314T060453Z_1429430/runs/rocksdb/chiplet_x6
2026-03-14T06:11:24Z	madracks-mnode5	amd	rocksdb	embedded	NO_RETIRED_INST_CYCLES	user	chiplet_x6	72	11	12	READ	1000000	21.975972	1.0	16103.0	20.0	35.0	42.0	114.0	4069.0	ok	/home/seunghyun/ycsb/results/chiplet_ycsb_256mib_madracks-mnode5_20260314T060453Z_1429430/runs/rocksdb/chiplet_x6/inst11/run.stdout.log	/home/seunghyun/ycsb/results/chiplet_ycsb_256mib_madracks-mnode5_20260314T060453Z_1429430/runs/rocksdb/chiplet_x6
2026-03-14T06:11:24Z	madracks-mnode5	amd	rocksdb	embedded	NO_RETIRED_INST_CYCLES	user	chiplet_x6	72	11	12	CLEANUP	1	26456.0	26448.0	26463.0	26463.0	26463.0	26463.0	26463.0	26463.0	ok	/home/seunghyun/ycsb/results/chiplet_ycsb_256mib_madracks-mnode5_20260314T060453Z_1429430/runs/rocksdb/chiplet_x6/inst11/run.stdout.log	/home/seunghyun/ycsb/results/chiplet_ycsb_256mib_madracks-mnode5_20260314T060453Z_1429430/runs/rocksdb/chiplet_x6
2026-03-14T06:11:24Z	madracks-mnode5	amd	rocksdb	embedded	NO_RETIRED_INST_CYCLES	user	chiplet_x6	72	12	14	READ	1000000	18.969004	1.0	12087.0	12.0	33.0	41.0	115.0	4081.0	ok	/home/seunghyun/ycsb/results/chiplet_ycsb_256mib_madracks-mnode5_20260314T060453Z_1429430/runs/rocksdb/chiplet_x6/inst12/run.stdout.log	/home/seunghyun/ycsb/results/chiplet_ycsb_256mib_madracks-mnode5_20260314T060453Z_1429430/runs/rocksdb/chiplet_x6
2026-03-14T06:11:24Z	madracks-mnode5	amd	rocksdb	embedded	NO_RETIRED_INST_CYCLES	user	chiplet_x6	72	12	14	CLEANUP	1	31416.0	31408.0	31423.0	31423.0	31423.0	31423.0	31423.0	31423.0	ok	/home/seunghyun/ycsb/results/chiplet_ycsb_256mib_madracks-mnode5_20260314T060453Z_1429430/runs/rocksdb/chiplet_x6/inst12/run.stdout.log	/home/seunghyun/ycsb/results/chiplet_ycsb_256mib_madracks-mnode5_20260314T060453Z_1429430/runs/rocksdb/chiplet_x6
2026-03-14T06:11:24Z	madracks-mnode5	amd	rocksdb	embedded	NO_RETIRED_INST_CYCLES	user	chiplet_x6	72	13	15	READ	1000000	22.583099	1.0	262655.0	20.0	35.0	42.0	116.0	4091.0	ok	/home/seunghyun/ycsb/results/chiplet_ycsb_256mib_madracks-mnode5_20260314T060453Z_1429430/runs/rocksdb/chiplet_x6/inst13/run.stdout.log	/home/seunghyun/ycsb/results/chiplet_ycsb_256mib_madracks-mnode5_20260314T060453Z_1429430/runs/rocksdb/chiplet_x6
2026-03-14T06:11:24Z	madracks-mnode5	amd	rocksdb	embedded	NO_RETIRED_INST_CYCLES	user	chiplet_x6	72	13	15	CLEANUP	1	3455.0	3454.0	3455.0	3455.0	3455.0	3455.0	3455.0	3455.0	ok	/home/seunghyun/ycsb/results/chiplet_ycsb_256mib_madracks-mnode5_20260314T060453Z_1429430/runs/rocksdb/chiplet_x6/inst13/run.stdout.log	/home/seunghyun/ycsb/results/chiplet_ycsb_256mib_madracks-mnode5_20260314T060453Z_1429430/runs/rocksdb/chiplet_x6
2026-03-14T06:11:24Z	madracks-mnode5	amd	rocksdb	embedded	NO_RETIRED_INST_CYCLES	user	chiplet_x6	72	14	16	READ	1000000	22.441074	1.0	22991.0	20.0	35.0	42.0	116.0	4091.0	ok	/home/seunghyun/ycsb/results/chiplet_ycsb_256mib_madracks-mnode5_20260314T060453Z_1429430/runs/rocksdb/chiplet_x6/inst14/run.stdout.log	/home/seunghyun/ycsb/results/chiplet_ycsb_256mib_madracks-mnode5_20260314T060453Z_1429430/runs/rocksdb/chiplet_x6
2026-03-14T06:11:24Z	madracks-mnode5	amd	rocksdb	embedded	NO_RETIRED_INST_CYCLES	user	chiplet_x6	72	14	16	CLEANUP	1	31320.0	31312.0	31327.0	31327.0	31327.0	31327.0	31327.0	31327.0	ok	/home/seunghyun/ycsb/results/chiplet_ycsb_256mib_madracks-mnode5_20260314T060453Z_1429430/runs/rocksdb/chiplet_x6/inst14/run.stdout.log	/home/seunghyun/ycsb/results/chiplet_ycsb_256mib_madracks-mnode5_20260314T060453Z_1429430/runs/rocksdb/chiplet_x6
2026-03-14T06:11:24Z	madracks-mnode5	amd	rocksdb	embedded	NO_RETIRED_INST_CYCLES	user	chiplet_x6	72	15	17	READ	1000000	22.552142	1.0	153471.0	20.0	35.0	42.0	116.0	4107.0	ok	/home/seunghyun/ycsb/results/chiplet_ycsb_256mib_madracks-mnode5_20260314T060453Z_1429430/runs/rocksdb/chiplet_x6/inst15/run.stdout.log	/home/seunghyun/ycsb/results/chiplet_ycsb_256mib_madracks-mnode5_20260314T060453Z_1429430/runs/rocksdb/chiplet_x6
2026-03-14T06:11:24Z	madracks-mnode5	amd	rocksdb	embedded	NO_RETIRED_INST_CYCLES	user	chiplet_x6	72	15	17	CLEANUP	1	37424.0	37408.0	37439.0	37439.0	37439.0	37439.0	37439.0	37439.0	ok	/home/seunghyun/ycsb/results/chiplet_ycsb_256mib_madracks-mnode5_20260314T060453Z_1429430/runs/rocksdb/chiplet_x6/inst15/run.stdout.log	/home/seunghyun/ycsb/results/chiplet_ycsb_256mib_madracks-mnode5_20260314T060453Z_1429430/runs/rocksdb/chiplet_x6
2026-03-14T06:11:24Z	madracks-mnode5	amd	rocksdb	embedded	NO_RETIRED_INST_CYCLES	user	chiplet_x6	72	16	18	READ	1000000	22.702825	1.0	334079.0	20.0	36.0	42.0	115.0	4093.0	ok	/home/seunghyun/ycsb/results/chiplet_ycsb_256mib_madracks-mnode5_20260314T060453Z_1429430/runs/rocksdb/chiplet_x6/inst16/run.stdout.log	/home/seunghyun/ycsb/results/chiplet_ycsb_256mib_madracks-mnode5_20260314T060453Z_1429430/runs/rocksdb/chiplet_x6
2026-03-14T06:11:24Z	madracks-mnode5	amd	rocksdb	embedded	NO_RETIRED_INST_CYCLES	user	chiplet_x6	72	16	18	CLEANUP	1	47600.0	47584.0	47615.0	47615.0	47615.0	47615.0	47615.0	47615.0	ok	/home/seunghyun/ycsb/results/chiplet_ycsb_256mib_madracks-mnode5_20260314T060453Z_1429430/runs/rocksdb/chiplet_x6/inst16/run.stdout.log	/home/seunghyun/ycsb/results/chiplet_ycsb_256mib_madracks-mnode5_20260314T060453Z_1429430/runs/rocksdb/chiplet_x6
2026-03-14T06:11:24Z	madracks-mnode5	amd	rocksdb	embedded	NO_RETIRED_INST_CYCLES	user	chiplet_x6	72	17	19	READ	1000000	22.578706	1.0	273919.0	20.0	36.0	42.0	116.0	4079.0	ok	/home/seunghyun/ycsb/results/chiplet_ycsb_256mib_madracks-mnode5_20260314T060453Z_1429430/runs/rocksdb/chiplet_x6/inst17/run.stdout.log	/home/seunghyun/ycsb/results/chiplet_ycsb_256mib_madracks-mnode5_20260314T060453Z_1429430/runs/rocksdb/chiplet_x6
2026-03-14T06:11:24Z	madracks-mnode5	amd	rocksdb	embedded	NO_RETIRED_INST_CYCLES	user	chiplet_x6	72	17	19	CLEANUP	1	38192.0	38176.0	38207.0	38207.0	38207.0	38207.0	38207.0	38207.0	ok	/home/seunghyun/ycsb/results/chiplet_ycsb_256mib_madracks-mnode5_20260314T060453Z_1429430/runs/rocksdb/chiplet_x6/inst17/run.stdout.log	/home/seunghyun/ycsb/results/chiplet_ycsb_256mib_madracks-mnode5_20260314T060453Z_1429430/runs/rocksdb/chiplet_x6
2026-03-14T06:11:24Z	madracks-mnode5	amd	rocksdb	embedded	NO_RETIRED_INST_CYCLES	user	chiplet_x6	72	18	21	READ	1000000	18.87377	1.0	16095.0	12.0	34.0	41.0	111.0	4379.0	ok	/home/seunghyun/ycsb/results/chiplet_ycsb_256mib_madracks-mnode5_20260314T060453Z_1429430/runs/rocksdb/chiplet_x6/inst18/run.stdout.log	/home/seunghyun/ycsb/results/chiplet_ycsb_256mib_madracks-mnode5_20260314T060453Z_1429430/runs/rocksdb/chiplet_x6
2026-03-14T06:11:24Z	madracks-mnode5	amd	rocksdb	embedded	NO_RETIRED_INST_CYCLES	user	chiplet_x6	72	18	21	CLEANUP	1	34800.0	34784.0	34815.0	34815.0	34815.0	34815.0	34815.0	34815.0	ok	/home/seunghyun/ycsb/results/chiplet_ycsb_256mib_madracks-mnode5_20260314T060453Z_1429430/runs/rocksdb/chiplet_x6/inst18/run.stdout.log	/home/seunghyun/ycsb/results/chiplet_ycsb_256mib_madracks-mnode5_20260314T060453Z_1429430/runs/rocksdb/chiplet_x6
2026-03-14T06:11:24Z	madracks-mnode5	amd	rocksdb	embedded	NO_RETIRED_INST_CYCLES	user	chiplet_x6	72	19	22	READ	1000000	22.368047	1.0	13831.0	20.0	35.0	42.0	115.0	4143.0	ok	/home/seunghyun/ycsb/results/chiplet_ycsb_256mib_madracks-mnode5_20260314T060453Z_1429430/runs/rocksdb/chiplet_x6/inst19/run.stdout.log	/home/seunghyun/ycsb/results/chiplet_ycsb_256mib_madracks-mnode5_20260314T060453Z_1429430/runs/rocksdb/chiplet_x6
2026-03-14T06:11:24Z	madracks-mnode5	amd	rocksdb	embedded	NO_RETIRED_INST_CYCLES	user	chiplet_x6	72	19	22	CLEANUP	1	29448.0	29440.0	29455.0	29455.0	29455.0	29455.0	29455.0	29455.0	ok	/home/seunghyun/ycsb/results/chiplet_ycsb_256mib_madracks-mnode5_20260314T060453Z_1429430/runs/rocksdb/chiplet_x6/inst19/run.stdout.log	/home/seunghyun/ycsb/results/chiplet_ycsb_256mib_madracks-mnode5_20260314T060453Z_1429430/runs/rocksdb/chiplet_x6
2026-03-14T06:11:24Z	madracks-mnode5	amd	rocksdb	embedded	NO_RETIRED_INST_CYCLES	user	chiplet_x6	72	20	23	READ	1000000	22.57856	1.0	265727.0	20.0	35.0	42.0	116.0	4239.0	ok	/home/seunghyun/ycsb/results/chiplet_ycsb_256mib_madracks-mnode5_20260314T060453Z_1429430/runs/rocksdb/chiplet_x6/inst20/run.stdout.log	/home/seunghyun/ycsb/results/chiplet_ycsb_256mib_madracks-mnode5_20260314T060453Z_1429430/runs/rocksdb/chiplet_x6
2026-03-14T06:11:24Z	madracks-mnode5	amd	rocksdb	embedded	NO_RETIRED_INST_CYCLES	user	chiplet_x6	72	20	23	CLEANUP	1	39280.0	39264.0	39295.0	39295.0	39295.0	39295.0	39295.0	39295.0	ok	/home/seunghyun/ycsb/results/chiplet_ycsb_256mib_madracks-mnode5_20260314T060453Z_1429430/runs/rocksdb/chiplet_x6/inst20/run.stdout.log	/home/seunghyun/ycsb/results/chiplet_ycsb_256mib_madracks-mnode5_20260314T060453Z_1429430/runs/rocksdb/chiplet_x6
2026-03-14T06:11:24Z	madracks-mnode5	amd	rocksdb	embedded	NO_RETIRED_INST_CYCLES	user	chiplet_x6	72	21	24	READ	1000000	20.466209	1.0	15063.0	13.0	34.0	42.0	111.0	4087.0	ok	/home/seunghyun/ycsb/results/chiplet_ycsb_256mib_madracks-mnode5_20260314T060453Z_1429430/runs/rocksdb/chiplet_x6/inst21/run.stdout.log	/home/seunghyun/ycsb/results/chiplet_ycsb_256mib_madracks-mnode5_20260314T060453Z_1429430/runs/rocksdb/chiplet_x6
2026-03-14T06:11:24Z	madracks-mnode5	amd	rocksdb	embedded	NO_RETIRED_INST_CYCLES	user	chiplet_x6	72	21	24	CLEANUP	1	26888.0	26880.0	26895.0	26895.0	26895.0	26895.0	26895.0	26895.0	ok	/home/seunghyun/ycsb/results/chiplet_ycsb_256mib_madracks-mnode5_20260314T060453Z_1429430/runs/rocksdb/chiplet_x6/inst21/run.stdout.log	/home/seunghyun/ycsb/results/chiplet_ycsb_256mib_madracks-mnode5_20260314T060453Z_1429430/runs/rocksdb/chiplet_x6
2026-03-14T06:11:24Z	madracks-mnode5	amd	rocksdb	embedded	NO_RETIRED_INST_CYCLES	user	chiplet_x6	72	22	25	READ	1000000	22.490286	1.0	182655.0	20.0	35.0	42.0	116.0	4081.0	ok	/home/seunghyun/ycsb/results/chiplet_ycsb_256mib_madracks-mnode5_20260314T060453Z_1429430/runs/rocksdb/chiplet_x6/inst22/run.stdout.log	/home/seunghyun/ycsb/results/chiplet_ycsb_256mib_madracks-mnode5_20260314T060453Z_1429430/runs/rocksdb/chiplet_x6
2026-03-14T06:11:24Z	madracks-mnode5	amd	rocksdb	embedded	NO_RETIRED_INST_CYCLES	user	chiplet_x6	72	22	25	CLEANUP	1	34192.0	34176.0	34207.0	34207.0	34207.0	34207.0	34207.0	34207.0	ok	/home/seunghyun/ycsb/results/chiplet_ycsb_256mib_madracks-mnode5_20260314T060453Z_1429430/runs/rocksdb/chiplet_x6/inst22/run.stdout.log	/home/seunghyun/ycsb/results/chiplet_ycsb_256mib_madracks-mnode5_20260314T060453Z_1429430/runs/rocksdb/chiplet_x6
2026-03-14T06:11:24Z	madracks-mnode5	amd	rocksdb	embedded	NO_RETIRED_INST_CYCLES	user	chiplet_x6	72	23	26	READ	1000000	22.608605	1.0	349183.0	20.0	35.0	42.0	116.0	4071.0	ok	/home/seunghyun/ycsb/results/chiplet_ycsb_256mib_madracks-mnode5_20260314T060453Z_1429430/runs/rocksdb/chiplet_x6/inst23/run.stdout.log	/home/seunghyun/ycsb/results/chiplet_ycsb_256mib_madracks-mnode5_20260314T060453Z_1429430/runs/rocksdb/chiplet_x6
2026-03-14T06:11:24Z	madracks-mnode5	amd	rocksdb	embedded	NO_RETIRED_INST_CYCLES	user	chiplet_x6	72	23	26	CLEANUP	1	38640.0	38624.0	38655.0	38655.0	38655.0	38655.0	38655.0	38655.0	ok	/home/seunghyun/ycsb/results/chiplet_ycsb_256mib_madracks-mnode5_20260314T060453Z_1429430/runs/rocksdb/chiplet_x6/inst23/run.stdout.log	/home/seunghyun/ycsb/results/chiplet_ycsb_256mib_madracks-mnode5_20260314T060453Z_1429430/runs/rocksdb/chiplet_x6
2026-03-14T06:11:24Z	madracks-mnode5	amd	rocksdb	embedded	NO_RETIRED_INST_CYCLES	user	chiplet_x6	72	24	28	READ	1000000	22.600632	2.0	131071.0	20.0	35.0	42.0	115.0	4407.0	ok	/home/seunghyun/ycsb/results/chiplet_ycsb_256mib_madracks-mnode5_20260314T060453Z_1429430/runs/rocksdb/chiplet_x6/inst24/run.stdout.log	/home/seunghyun/ycsb/results/chiplet_ycsb_256mib_madracks-mnode5_20260314T060453Z_1429430/runs/rocksdb/chiplet_x6
2026-03-14T06:11:24Z	madracks-mnode5	amd	rocksdb	embedded	NO_RETIRED_INST_CYCLES	user	chiplet_x6	72	24	28	CLEANUP	1	40048.0	40032.0	40063.0	40063.0	40063.0	40063.0	40063.0	40063.0	ok	/home/seunghyun/ycsb/results/chiplet_ycsb_256mib_madracks-mnode5_20260314T060453Z_1429430/runs/rocksdb/chiplet_x6/inst24/run.stdout.log	/home/seunghyun/ycsb/results/chiplet_ycsb_256mib_madracks-mnode5_20260314T060453Z_1429430/runs/rocksdb/chiplet_x6
2026-03-14T06:11:24Z	madracks-mnode5	amd	rocksdb	embedded	NO_RETIRED_INST_CYCLES	user	chiplet_x6	72	25	29	READ	1000000	22.530451	1.0	93183.0	20.0	35.0	42.0	116.0	4085.0	ok	/home/seunghyun/ycsb/results/chiplet_ycsb_256mib_madracks-mnode5_20260314T060453Z_1429430/runs/rocksdb/chiplet_x6/inst25/run.stdout.log	/home/seunghyun/ycsb/results/chiplet_ycsb_256mib_madracks-mnode5_20260314T060453Z_1429430/runs/rocksdb/chiplet_x6
2026-03-14T06:11:24Z	madracks-mnode5	amd	rocksdb	embedded	NO_RETIRED_INST_CYCLES	user	chiplet_x6	72	25	29	CLEANUP	1	33872.0	33856.0	33887.0	33887.0	33887.0	33887.0	33887.0	33887.0	ok	/home/seunghyun/ycsb/results/chiplet_ycsb_256mib_madracks-mnode5_20260314T060453Z_1429430/runs/rocksdb/chiplet_x6/inst25/run.stdout.log	/home/seunghyun/ycsb/results/chiplet_ycsb_256mib_madracks-mnode5_20260314T060453Z_1429430/runs/rocksdb/chiplet_x6
2026-03-14T06:11:24Z	madracks-mnode5	amd	rocksdb	embedded	NO_RETIRED_INST_CYCLES	user	chiplet_x6	72	26	30	READ	1000000	22.486687	1.0	16431.0	20.0	35.0	42.0	117.0	4095.0	ok	/home/seunghyun/ycsb/results/chiplet_ycsb_256mib_madracks-mnode5_20260314T060453Z_1429430/runs/rocksdb/chiplet_x6/inst26/run.stdout.log	/home/seunghyun/ycsb/results/chiplet_ycsb_256mib_madracks-mnode5_20260314T060453Z_1429430/runs/rocksdb/chiplet_x6
2026-03-14T06:11:24Z	madracks-mnode5	amd	rocksdb	embedded	NO_RETIRED_INST_CYCLES	user	chiplet_x6	72	26	30	CLEANUP	1	32712.0	32704.0	32719.0	32719.0	32719.0	32719.0	32719.0	32719.0	ok	/home/seunghyun/ycsb/results/chiplet_ycsb_256mib_madracks-mnode5_20260314T060453Z_1429430/runs/rocksdb/chiplet_x6/inst26/run.stdout.log	/home/seunghyun/ycsb/results/chiplet_ycsb_256mib_madracks-mnode5_20260314T060453Z_1429430/runs/rocksdb/chiplet_x6
2026-03-14T06:11:24Z	madracks-mnode5	amd	rocksdb	embedded	NO_RETIRED_INST_CYCLES	user	chiplet_x6	72	27	31	READ	1000000	22.38813	1.0	12727.0	20.0	35.0	42.0	116.0	4067.0	ok	/home/seunghyun/ycsb/results/chiplet_ycsb_256mib_madracks-mnode5_20260314T060453Z_1429430/runs/rocksdb/chiplet_x6/inst27/run.stdout.log	/home/seunghyun/ycsb/results/chiplet_ycsb_256mib_madracks-mnode5_20260314T060453Z_1429430/runs/rocksdb/chiplet_x6
2026-03-14T06:11:24Z	madracks-mnode5	amd	rocksdb	embedded	NO_RETIRED_INST_CYCLES	user	chiplet_x6	72	27	31	CLEANUP	1	30632.0	30624.0	30639.0	30639.0	30639.0	30639.0	30639.0	30639.0	ok	/home/seunghyun/ycsb/results/chiplet_ycsb_256mib_madracks-mnode5_20260314T060453Z_1429430/runs/rocksdb/chiplet_x6/inst27/run.stdout.log	/home/seunghyun/ycsb/results/chiplet_ycsb_256mib_madracks-mnode5_20260314T060453Z_1429430/runs/rocksdb/chiplet_x6
2026-03-14T06:11:24Z	madracks-mnode5	amd	rocksdb	embedded	NO_RETIRED_INST_CYCLES	user	chiplet_x6	72	28	32	READ	1000000	22.690959	1.0	273663.0	20.0	36.0	42.0	116.0	4203.0	ok	/home/seunghyun/ycsb/results/chiplet_ycsb_256mib_madracks-mnode5_20260314T060453Z_1429430/runs/rocksdb/chiplet_x6/inst28/run.stdout.log	/home/seunghyun/ycsb/results/chiplet_ycsb_256mib_madracks-mnode5_20260314T060453Z_1429430/runs/rocksdb/chiplet_x6
2026-03-14T06:11:24Z	madracks-mnode5	amd	rocksdb	embedded	NO_RETIRED_INST_CYCLES	user	chiplet_x6	72	28	32	CLEANUP	1	49424.0	49408.0	49439.0	49439.0	49439.0	49439.0	49439.0	49439.0	ok	/home/seunghyun/ycsb/results/chiplet_ycsb_256mib_madracks-mnode5_20260314T060453Z_1429430/runs/rocksdb/chiplet_x6/inst28/run.stdout.log	/home/seunghyun/ycsb/results/chiplet_ycsb_256mib_madracks-mnode5_20260314T060453Z_1429430/runs/rocksdb/chiplet_x6
2026-03-14T06:11:24Z	madracks-mnode5	amd	rocksdb	embedded	NO_RETIRED_INST_CYCLES	user	chiplet_x6	72	29	33	READ	1000000	22.607212	1.0	103871.0	20.0	36.0	42.0	115.0	4135.0	ok	/home/seunghyun/ycsb/results/chiplet_ycsb_256mib_madracks-mnode5_20260314T060453Z_1429430/runs/rocksdb/chiplet_x6/inst29/run.stdout.log	/home/seunghyun/ycsb/results/chiplet_ycsb_256mib_madracks-mnode5_20260314T060453Z_1429430/runs/rocksdb/chiplet_x6
2026-03-14T06:11:24Z	madracks-mnode5	amd	rocksdb	embedded	NO_RETIRED_INST_CYCLES	user	chiplet_x6	72	29	33	CLEANUP	1	40624.0	40608.0	40639.0	40639.0	40639.0	40639.0	40639.0	40639.0	ok	/home/seunghyun/ycsb/results/chiplet_ycsb_256mib_madracks-mnode5_20260314T060453Z_1429430/runs/rocksdb/chiplet_x6/inst29/run.stdout.log	/home/seunghyun/ycsb/results/chiplet_ycsb_256mib_madracks-mnode5_20260314T060453Z_1429430/runs/rocksdb/chiplet_x6
2026-03-14T06:11:24Z	madracks-mnode5	amd	rocksdb	embedded	NO_RETIRED_INST_CYCLES	user	chiplet_x6	72	30	35	READ	1000000	22.480251	1.0	17279.0	20.0	36.0	42.0	116.0	4203.0	ok	/home/seunghyun/ycsb/results/chiplet_ycsb_256mib_madracks-mnode5_20260314T060453Z_1429430/runs/rocksdb/chiplet_x6/inst30/run.stdout.log	/home/seunghyun/ycsb/results/chiplet_ycsb_256mib_madracks-mnode5_20260314T060453Z_1429430/runs/rocksdb/chiplet_x6
2026-03-14T06:11:24Z	madracks-mnode5	amd	rocksdb	embedded	NO_RETIRED_INST_CYCLES	user	chiplet_x6	72	30	35	CLEANUP	1	33680.0	33664.0	33695.0	33695.0	33695.0	33695.0	33695.0	33695.0	ok	/home/seunghyun/ycsb/results/chiplet_ycsb_256mib_madracks-mnode5_20260314T060453Z_1429430/runs/rocksdb/chiplet_x6/inst30/run.stdout.log	/home/seunghyun/ycsb/results/chiplet_ycsb_256mib_madracks-mnode5_20260314T060453Z_1429430/runs/rocksdb/chiplet_x6
2026-03-14T06:11:24Z	madracks-mnode5	amd	rocksdb	embedded	NO_RETIRED_INST_CYCLES	user	chiplet_x6	72	31	36	READ	1000000	22.362801	1.0	19455.0	20.0	36.0	42.0	113.0	4081.0	ok	/home/seunghyun/ycsb/results/chiplet_ycsb_256mib_madracks-mnode5_20260314T060453Z_1429430/runs/rocksdb/chiplet_x6/inst31/run.stdout.log	/home/seunghyun/ycsb/results/chiplet_ycsb_256mib_madracks-mnode5_20260314T060453Z_1429430/runs/rocksdb/chiplet_x6
2026-03-14T06:11:24Z	madracks-mnode5	amd	rocksdb	embedded	NO_RETIRED_INST_CYCLES	user	chiplet_x6	72	31	36	CLEANUP	1	28776.0	28768.0	28783.0	28783.0	28783.0	28783.0	28783.0	28783.0	ok	/home/seunghyun/ycsb/results/chiplet_ycsb_256mib_madracks-mnode5_20260314T060453Z_1429430/runs/rocksdb/chiplet_x6/inst31/run.stdout.log	/home/seunghyun/ycsb/results/chiplet_ycsb_256mib_madracks-mnode5_20260314T060453Z_1429430/runs/rocksdb/chiplet_x6
2026-03-14T06:11:24Z	madracks-mnode5	amd	rocksdb	embedded	NO_RETIRED_INST_CYCLES	user	chiplet_x6	72	32	37	READ	1000000	22.624915	1.0	289023.0	20.0	35.0	42.0	116.0	4807.0	ok	/home/seunghyun/ycsb/results/chiplet_ycsb_256mib_madracks-mnode5_20260314T060453Z_1429430/runs/rocksdb/chiplet_x6/inst32/run.stdout.log	/home/seunghyun/ycsb/results/chiplet_ycsb_256mib_madracks-mnode5_20260314T060453Z_1429430/runs/rocksdb/chiplet_x6
2026-03-14T06:11:24Z	madracks-mnode5	amd	rocksdb	embedded	NO_RETIRED_INST_CYCLES	user	chiplet_x6	72	32	37	CLEANUP	1	41136.0	41120.0	41151.0	41151.0	41151.0	41151.0	41151.0	41151.0	ok	/home/seunghyun/ycsb/results/chiplet_ycsb_256mib_madracks-mnode5_20260314T060453Z_1429430/runs/rocksdb/chiplet_x6/inst32/run.stdout.log	/home/seunghyun/ycsb/results/chiplet_ycsb_256mib_madracks-mnode5_20260314T060453Z_1429430/runs/rocksdb/chiplet_x6
2026-03-14T06:11:24Z	madracks-mnode5	amd	rocksdb	embedded	NO_RETIRED_INST_CYCLES	user	chiplet_x6	72	33	38	READ	1000000	19.166182	1.0	20111.0	12.0	34.0	41.0	114.0	6899.0	ok	/home/seunghyun/ycsb/results/chiplet_ycsb_256mib_madracks-mnode5_20260314T060453Z_1429430/runs/rocksdb/chiplet_x6/inst33/run.stdout.log	/home/seunghyun/ycsb/results/chiplet_ycsb_256mib_madracks-mnode5_20260314T060453Z_1429430/runs/rocksdb/chiplet_x6
2026-03-14T06:11:24Z	madracks-mnode5	amd	rocksdb	embedded	NO_RETIRED_INST_CYCLES	user	chiplet_x6	72	33	38	CLEANUP	1	32584.0	32576.0	32591.0	32591.0	32591.0	32591.0	32591.0	32591.0	ok	/home/seunghyun/ycsb/results/chiplet_ycsb_256mib_madracks-mnode5_20260314T060453Z_1429430/runs/rocksdb/chiplet_x6/inst33/run.stdout.log	/home/seunghyun/ycsb/results/chiplet_ycsb_256mib_madracks-mnode5_20260314T060453Z_1429430/runs/rocksdb/chiplet_x6
2026-03-14T06:11:24Z	madracks-mnode5	amd	rocksdb	embedded	NO_RETIRED_INST_CYCLES	user	chiplet_x6	72	34	39	READ	1000000	22.622092	1.0	12143.0	20.0	35.0	42.0	119.0	4539.0	ok	/home/seunghyun/ycsb/results/chiplet_ycsb_256mib_madracks-mnode5_20260314T060453Z_1429430/runs/rocksdb/chiplet_x6/inst34/run.stdout.log	/home/seunghyun/ycsb/results/chiplet_ycsb_256mib_madracks-mnode5_20260314T060453Z_1429430/runs/rocksdb/chiplet_x6
2026-03-14T06:11:24Z	madracks-mnode5	amd	rocksdb	embedded	NO_RETIRED_INST_CYCLES	user	chiplet_x6	72	34	39	CLEANUP	1	41296.0	41280.0	41311.0	41311.0	41311.0	41311.0	41311.0	41311.0	ok	/home/seunghyun/ycsb/results/chiplet_ycsb_256mib_madracks-mnode5_20260314T060453Z_1429430/runs/rocksdb/chiplet_x6/inst34/run.stdout.log	/home/seunghyun/ycsb/results/chiplet_ycsb_256mib_madracks-mnode5_20260314T060453Z_1429430/runs/rocksdb/chiplet_x6
2026-03-14T06:11:24Z	madracks-mnode5	amd	rocksdb	embedded	NO_RETIRED_INST_CYCLES	user	chiplet_x6	72	35	40	READ	1000000	22.54417	1.0	16103.0	20.0	35.0	42.0	116.0	4199.0	ok	/home/seunghyun/ycsb/results/chiplet_ycsb_256mib_madracks-mnode5_20260314T060453Z_1429430/runs/rocksdb/chiplet_x6/inst35/run.stdout.log	/home/seunghyun/ycsb/results/chiplet_ycsb_256mib_madracks-mnode5_20260314T060453Z_1429430/runs/rocksdb/chiplet_x6
2026-03-14T06:11:24Z	madracks-mnode5	amd	rocksdb	embedded	NO_RETIRED_INST_CYCLES	user	chiplet_x6	72	35	40	CLEANUP	1	37712.0	37696.0	37727.0	37727.0	37727.0	37727.0	37727.0	37727.0	ok	/home/seunghyun/ycsb/results/chiplet_ycsb_256mib_madracks-mnode5_20260314T060453Z_1429430/runs/rocksdb/chiplet_x6/inst35/run.stdout.log	/home/seunghyun/ycsb/results/chiplet_ycsb_256mib_madracks-mnode5_20260314T060453Z_1429430/runs/rocksdb/chiplet_x6
2026-03-14T06:11:24Z	madracks-mnode5	amd	rocksdb	embedded	NO_RETIRED_INST_CYCLES	user	chiplet_x6	72	36	42	READ	1000000	20.433095	1.0	19135.0	14.0	34.0	42.0	110.0	4081.0	ok	/home/seunghyun/ycsb/results/chiplet_ycsb_256mib_madracks-mnode5_20260314T060453Z_1429430/runs/rocksdb/chiplet_x6/inst36/run.stdout.log	/home/seunghyun/ycsb/results/chiplet_ycsb_256mib_madracks-mnode5_20260314T060453Z_1429430/runs/rocksdb/chiplet_x6
2026-03-14T06:11:24Z	madracks-mnode5	amd	rocksdb	embedded	NO_RETIRED_INST_CYCLES	user	chiplet_x6	72	36	42	CLEANUP	1	28344.0	28336.0	28351.0	28351.0	28351.0	28351.0	28351.0	28351.0	ok	/home/seunghyun/ycsb/results/chiplet_ycsb_256mib_madracks-mnode5_20260314T060453Z_1429430/runs/rocksdb/chiplet_x6/inst36/run.stdout.log	/home/seunghyun/ycsb/results/chiplet_ycsb_256mib_madracks-mnode5_20260314T060453Z_1429430/runs/rocksdb/chiplet_x6
2026-03-14T06:11:24Z	madracks-mnode5	amd	rocksdb	embedded	NO_RETIRED_INST_CYCLES	user	chiplet_x6	72	37	43	READ	1000000	22.020309	1.0	346623.0	20.0	35.0	42.0	115.0	4423.0	ok	/home/seunghyun/ycsb/results/chiplet_ycsb_256mib_madracks-mnode5_20260314T060453Z_1429430/runs/rocksdb/chiplet_x6/inst37/run.stdout.log	/home/seunghyun/ycsb/results/chiplet_ycsb_256mib_madracks-mnode5_20260314T060453Z_1429430/runs/rocksdb/chiplet_x6
2026-03-14T06:11:24Z	madracks-mnode5	amd	rocksdb	embedded	NO_RETIRED_INST_CYCLES	user	chiplet_x6	72	37	43	CLEANUP	1	25864.0	25856.0	25871.0	25871.0	25871.0	25871.0	25871.0	25871.0	ok	/home/seunghyun/ycsb/results/chiplet_ycsb_256mib_madracks-mnode5_20260314T060453Z_1429430/runs/rocksdb/chiplet_x6/inst37/run.stdout.log	/home/seunghyun/ycsb/results/chiplet_ycsb_256mib_madracks-mnode5_20260314T060453Z_1429430/runs/rocksdb/chiplet_x6
2026-03-14T06:11:24Z	madracks-mnode5	amd	rocksdb	embedded	NO_RETIRED_INST_CYCLES	user	chiplet_x6	72	38	44	READ	1000000	22.563464	1.0	149887.0	20.0	36.0	42.0	117.0	4215.0	ok	/home/seunghyun/ycsb/results/chiplet_ycsb_256mib_madracks-mnode5_20260314T060453Z_1429430/runs/rocksdb/chiplet_x6/inst38/run.stdout.log	/home/seunghyun/ycsb/results/chiplet_ycsb_256mib_madracks-mnode5_20260314T060453Z_1429430/runs/rocksdb/chiplet_x6
2026-03-14T06:11:24Z	madracks-mnode5	amd	rocksdb	embedded	NO_RETIRED_INST_CYCLES	user	chiplet_x6	72	38	44	CLEANUP	1	2879.0	2878.0	2879.0	2879.0	2879.0	2879.0	2879.0	2879.0	ok	/home/seunghyun/ycsb/results/chiplet_ycsb_256mib_madracks-mnode5_20260314T060453Z_1429430/runs/rocksdb/chiplet_x6/inst38/run.stdout.log	/home/seunghyun/ycsb/results/chiplet_ycsb_256mib_madracks-mnode5_20260314T060453Z_1429430/runs/rocksdb/chiplet_x6
2026-03-14T06:11:24Z	madracks-mnode5	amd	rocksdb	embedded	NO_RETIRED_INST_CYCLES	user	chiplet_x6	72	39	45	READ	1000000	20.45775	1.0	12095.0	13.0	34.0	42.0	110.0	4087.0	ok	/home/seunghyun/ycsb/results/chiplet_ycsb_256mib_madracks-mnode5_20260314T060453Z_1429430/runs/rocksdb/chiplet_x6/inst39/run.stdout.log	/home/seunghyun/ycsb/results/chiplet_ycsb_256mib_madracks-mnode5_20260314T060453Z_1429430/runs/rocksdb/chiplet_x6
2026-03-14T06:11:24Z	madracks-mnode5	amd	rocksdb	embedded	NO_RETIRED_INST_CYCLES	user	chiplet_x6	72	39	45	CLEANUP	1	27608.0	27600.0	27615.0	27615.0	27615.0	27615.0	27615.0	27615.0	ok	/home/seunghyun/ycsb/results/chiplet_ycsb_256mib_madracks-mnode5_20260314T060453Z_1429430/runs/rocksdb/chiplet_x6/inst39/run.stdout.log	/home/seunghyun/ycsb/results/chiplet_ycsb_256mib_madracks-mnode5_20260314T060453Z_1429430/runs/rocksdb/chiplet_x6
2026-03-14T06:11:24Z	madracks-mnode5	amd	rocksdb	embedded	NO_RETIRED_INST_CYCLES	user	chiplet_x6	72	40	46	READ	1000000	22.725338	2.0	254207.0	21.0	36.0	42.0	115.0	4099.0	ok	/home/seunghyun/ycsb/results/chiplet_ycsb_256mib_madracks-mnode5_20260314T060453Z_1429430/runs/rocksdb/chiplet_x6/inst40/run.stdout.log	/home/seunghyun/ycsb/results/chiplet_ycsb_256mib_madracks-mnode5_20260314T060453Z_1429430/runs/rocksdb/chiplet_x6
2026-03-14T06:11:24Z	madracks-mnode5	amd	rocksdb	embedded	NO_RETIRED_INST_CYCLES	user	chiplet_x6	72	40	46	CLEANUP	1	50448.0	50432.0	50463.0	50463.0	50463.0	50463.0	50463.0	50463.0	ok	/home/seunghyun/ycsb/results/chiplet_ycsb_256mib_madracks-mnode5_20260314T060453Z_1429430/runs/rocksdb/chiplet_x6/inst40/run.stdout.log	/home/seunghyun/ycsb/results/chiplet_ycsb_256mib_madracks-mnode5_20260314T060453Z_1429430/runs/rocksdb/chiplet_x6
2026-03-14T06:11:24Z	madracks-mnode5	amd	rocksdb	embedded	NO_RETIRED_INST_CYCLES	user	chiplet_x6	72	41	47	READ	1000000	22.529595	1.0	12455.0	21.0	36.0	42.0	116.0	4087.0	ok	/home/seunghyun/ycsb/results/chiplet_ycsb_256mib_madracks-mnode5_20260314T060453Z_1429430/runs/rocksdb/chiplet_x6/inst41/run.stdout.log	/home/seunghyun/ycsb/results/chiplet_ycsb_256mib_madracks-mnode5_20260314T060453Z_1429430/runs/rocksdb/chiplet_x6
2026-03-14T06:11:24Z	madracks-mnode5	amd	rocksdb	embedded	NO_RETIRED_INST_CYCLES	user	chiplet_x6	72	41	47	CLEANUP	1	32976.0	32960.0	32991.0	32991.0	32991.0	32991.0	32991.0	32991.0	ok	/home/seunghyun/ycsb/results/chiplet_ycsb_256mib_madracks-mnode5_20260314T060453Z_1429430/runs/rocksdb/chiplet_x6/inst41/run.stdout.log	/home/seunghyun/ycsb/results/chiplet_ycsb_256mib_madracks-mnode5_20260314T060453Z_1429430/runs/rocksdb/chiplet_x6
2026-03-14T06:11:24Z	madracks-mnode5	amd	rocksdb	embedded	NO_RETIRED_INST_CYCLES	user	chiplet_x6	72	42	49	READ	1000000	22.431401	1.0	272639.0	20.0	35.0	42.0	115.0	4095.0	ok	/home/seunghyun/ycsb/results/chiplet_ycsb_256mib_madracks-mnode5_20260314T060453Z_1429430/runs/rocksdb/chiplet_x6/inst42/run.stdout.log	/home/seunghyun/ycsb/results/chiplet_ycsb_256mib_madracks-mnode5_20260314T060453Z_1429430/runs/rocksdb/chiplet_x6
2026-03-14T06:11:24Z	madracks-mnode5	amd	rocksdb	embedded	NO_RETIRED_INST_CYCLES	user	chiplet_x6	72	42	49	CLEANUP	1	29352.0	29344.0	29359.0	29359.0	29359.0	29359.0	29359.0	29359.0	ok	/home/seunghyun/ycsb/results/chiplet_ycsb_256mib_madracks-mnode5_20260314T060453Z_1429430/runs/rocksdb/chiplet_x6/inst42/run.stdout.log	/home/seunghyun/ycsb/results/chiplet_ycsb_256mib_madracks-mnode5_20260314T060453Z_1429430/runs/rocksdb/chiplet_x6
2026-03-14T06:11:24Z	madracks-mnode5	amd	rocksdb	embedded	NO_RETIRED_INST_CYCLES	user	chiplet_x6	72	43	50	READ	1000000	20.985797	1.0	304383.0	13.0	34.0	42.0	113.0	4719.0	ok	/home/seunghyun/ycsb/results/chiplet_ycsb_256mib_madracks-mnode5_20260314T060453Z_1429430/runs/rocksdb/chiplet_x6/inst43/run.stdout.log	/home/seunghyun/ycsb/results/chiplet_ycsb_256mib_madracks-mnode5_20260314T060453Z_1429430/runs/rocksdb/chiplet_x6
2026-03-14T06:11:24Z	madracks-mnode5	amd	rocksdb	embedded	NO_RETIRED_INST_CYCLES	user	chiplet_x6	72	43	50	CLEANUP	1	26472.0	26464.0	26479.0	26479.0	26479.0	26479.0	26479.0	26479.0	ok	/home/seunghyun/ycsb/results/chiplet_ycsb_256mib_madracks-mnode5_20260314T060453Z_1429430/runs/rocksdb/chiplet_x6/inst43/run.stdout.log	/home/seunghyun/ycsb/results/chiplet_ycsb_256mib_madracks-mnode5_20260314T060453Z_1429430/runs/rocksdb/chiplet_x6
2026-03-14T06:11:24Z	madracks-mnode5	amd	rocksdb	embedded	NO_RETIRED_INST_CYCLES	user	chiplet_x6	72	44	51	READ	1000000	19.098795	1.0	16111.0	12.0	34.0	41.0	114.0	4347.0	ok	/home/seunghyun/ycsb/results/chiplet_ycsb_256mib_madracks-mnode5_20260314T060453Z_1429430/runs/rocksdb/chiplet_x6/inst44/run.stdout.log	/home/seunghyun/ycsb/results/chiplet_ycsb_256mib_madracks-mnode5_20260314T060453Z_1429430/runs/rocksdb/chiplet_x6
2026-03-14T06:11:24Z	madracks-mnode5	amd	rocksdb	embedded	NO_RETIRED_INST_CYCLES	user	chiplet_x6	72	44	51	CLEANUP	1	30488.0	30480.0	30495.0	30495.0	30495.0	30495.0	30495.0	30495.0	ok	/home/seunghyun/ycsb/results/chiplet_ycsb_256mib_madracks-mnode5_20260314T060453Z_1429430/runs/rocksdb/chiplet_x6/inst44/run.stdout.log	/home/seunghyun/ycsb/results/chiplet_ycsb_256mib_madracks-mnode5_20260314T060453Z_1429430/runs/rocksdb/chiplet_x6
2026-03-14T06:11:24Z	madracks-mnode5	amd	rocksdb	embedded	NO_RETIRED_INST_CYCLES	user	chiplet_x6	72	45	52	READ	1000000	19.039335	2.0	486655.0	12.0	34.0	41.0	113.0	4267.0	ok	/home/seunghyun/ycsb/results/chiplet_ycsb_256mib_madracks-mnode5_20260314T060453Z_1429430/runs/rocksdb/chiplet_x6/inst45/run.stdout.log	/home/seunghyun/ycsb/results/chiplet_ycsb_256mib_madracks-mnode5_20260314T060453Z_1429430/runs/rocksdb/chiplet_x6
2026-03-14T06:11:24Z	madracks-mnode5	amd	rocksdb	embedded	NO_RETIRED_INST_CYCLES	user	chiplet_x6	72	45	52	CLEANUP	1	32264.0	32256.0	32271.0	32271.0	32271.0	32271.0	32271.0	32271.0	ok	/home/seunghyun/ycsb/results/chiplet_ycsb_256mib_madracks-mnode5_20260314T060453Z_1429430/runs/rocksdb/chiplet_x6/inst45/run.stdout.log	/home/seunghyun/ycsb/results/chiplet_ycsb_256mib_madracks-mnode5_20260314T060453Z_1429430/runs/rocksdb/chiplet_x6
2026-03-14T06:11:24Z	madracks-mnode5	amd	rocksdb	embedded	NO_RETIRED_INST_CYCLES	user	chiplet_x6	72	46	53	READ	1000000	22.503168	1.0	13151.0	21.0	36.0	42.0	115.0	4077.0	ok	/home/seunghyun/ycsb/results/chiplet_ycsb_256mib_madracks-mnode5_20260314T060453Z_1429430/runs/rocksdb/chiplet_x6/inst46/run.stdout.log	/home/seunghyun/ycsb/results/chiplet_ycsb_256mib_madracks-mnode5_20260314T060453Z_1429430/runs/rocksdb/chiplet_x6
2026-03-14T06:11:24Z	madracks-mnode5	amd	rocksdb	embedded	NO_RETIRED_INST_CYCLES	user	chiplet_x6	72	46	53	CLEANUP	1	29560.0	29552.0	29567.0	29567.0	29567.0	29567.0	29567.0	29567.0	ok	/home/seunghyun/ycsb/results/chiplet_ycsb_256mib_madracks-mnode5_20260314T060453Z_1429430/runs/rocksdb/chiplet_x6/inst46/run.stdout.log	/home/seunghyun/ycsb/results/chiplet_ycsb_256mib_madracks-mnode5_20260314T060453Z_1429430/runs/rocksdb/chiplet_x6
2026-03-14T06:11:24Z	madracks-mnode5	amd	rocksdb	embedded	NO_RETIRED_INST_CYCLES	user	chiplet_x6	72	47	54	READ	1000000	22.489924	1.0	280319.0	20.0	35.0	42.0	117.0	4081.0	ok	/home/seunghyun/ycsb/results/chiplet_ycsb_256mib_madracks-mnode5_20260314T060453Z_1429430/runs/rocksdb/chiplet_x6/inst47/run.stdout.log	/home/seunghyun/ycsb/results/chiplet_ycsb_256mib_madracks-mnode5_20260314T060453Z_1429430/runs/rocksdb/chiplet_x6
2026-03-14T06:11:24Z	madracks-mnode5	amd	rocksdb	embedded	NO_RETIRED_INST_CYCLES	user	chiplet_x6	72	47	54	CLEANUP	1	32848.0	32832.0	32863.0	32863.0	32863.0	32863.0	32863.0	32863.0	ok	/home/seunghyun/ycsb/results/chiplet_ycsb_256mib_madracks-mnode5_20260314T060453Z_1429430/runs/rocksdb/chiplet_x6/inst47/run.stdout.log	/home/seunghyun/ycsb/results/chiplet_ycsb_256mib_madracks-mnode5_20260314T060453Z_1429430/runs/rocksdb/chiplet_x6
2026-03-14T06:11:24Z	madracks-mnode5	amd	rocksdb	embedded	NO_RETIRED_INST_CYCLES	user	chiplet_x6	72	48	56	READ	1000000	20.750161	1.0	12127.0	20.0	34.0	42.0	111.0	4075.0	ok	/home/seunghyun/ycsb/results/chiplet_ycsb_256mib_madracks-mnode5_20260314T060453Z_1429430/runs/rocksdb/chiplet_x6/inst48/run.stdout.log	/home/seunghyun/ycsb/results/chiplet_ycsb_256mib_madracks-mnode5_20260314T060453Z_1429430/runs/rocksdb/chiplet_x6
2026-03-14T06:11:24Z	madracks-mnode5	amd	rocksdb	embedded	NO_RETIRED_INST_CYCLES	user	chiplet_x6	72	48	56	CLEANUP	1	3045.0	3044.0	3045.0	3045.0	3045.0	3045.0	3045.0	3045.0	ok	/home/seunghyun/ycsb/results/chiplet_ycsb_256mib_madracks-mnode5_20260314T060453Z_1429430/runs/rocksdb/chiplet_x6/inst48/run.stdout.log	/home/seunghyun/ycsb/results/chiplet_ycsb_256mib_madracks-mnode5_20260314T060453Z_1429430/runs/rocksdb/chiplet_x6
2026-03-14T06:11:24Z	madracks-mnode5	amd	rocksdb	embedded	NO_RETIRED_INST_CYCLES	user	chiplet_x6	72	49	57	READ	1000000	18.609567	1.0	16119.0	12.0	34.0	41.0	112.0	4691.0	ok	/home/seunghyun/ycsb/results/chiplet_ycsb_256mib_madracks-mnode5_20260314T060453Z_1429430/runs/rocksdb/chiplet_x6/inst49/run.stdout.log	/home/seunghyun/ycsb/results/chiplet_ycsb_256mib_madracks-mnode5_20260314T060453Z_1429430/runs/rocksdb/chiplet_x6
2026-03-14T06:11:24Z	madracks-mnode5	amd	rocksdb	embedded	NO_RETIRED_INST_CYCLES	user	chiplet_x6	72	49	57	CLEANUP	1	27976.0	27968.0	27983.0	27983.0	27983.0	27983.0	27983.0	27983.0	ok	/home/seunghyun/ycsb/results/chiplet_ycsb_256mib_madracks-mnode5_20260314T060453Z_1429430/runs/rocksdb/chiplet_x6/inst49/run.stdout.log	/home/seunghyun/ycsb/results/chiplet_ycsb_256mib_madracks-mnode5_20260314T060453Z_1429430/runs/rocksdb/chiplet_x6
2026-03-14T06:11:24Z	madracks-mnode5	amd	rocksdb	embedded	NO_RETIRED_INST_CYCLES	user	chiplet_x6	72	50	58	READ	1000000	22.474196	1.0	274175.0	20.0	35.0	42.0	115.0	4081.0	ok	/home/seunghyun/ycsb/results/chiplet_ycsb_256mib_madracks-mnode5_20260314T060453Z_1429430/runs/rocksdb/chiplet_x6/inst50/run.stdout.log	/home/seunghyun/ycsb/results/chiplet_ycsb_256mib_madracks-mnode5_20260314T060453Z_1429430/runs/rocksdb/chiplet_x6
2026-03-14T06:11:24Z	madracks-mnode5	amd	rocksdb	embedded	NO_RETIRED_INST_CYCLES	user	chiplet_x6	72	50	58	CLEANUP	1	30776.0	30768.0	30783.0	30783.0	30783.0	30783.0	30783.0	30783.0	ok	/home/seunghyun/ycsb/results/chiplet_ycsb_256mib_madracks-mnode5_20260314T060453Z_1429430/runs/rocksdb/chiplet_x6/inst50/run.stdout.log	/home/seunghyun/ycsb/results/chiplet_ycsb_256mib_madracks-mnode5_20260314T060453Z_1429430/runs/rocksdb/chiplet_x6
2026-03-14T06:11:24Z	madracks-mnode5	amd	rocksdb	embedded	NO_RETIRED_INST_CYCLES	user	chiplet_x6	72	51	59	READ	1000000	19.076046	1.0	16655.0	12.0	34.0	41.0	113.0	4081.0	ok	/home/seunghyun/ycsb/results/chiplet_ycsb_256mib_madracks-mnode5_20260314T060453Z_1429430/runs/rocksdb/chiplet_x6/inst51/run.stdout.log	/home/seunghyun/ycsb/results/chiplet_ycsb_256mib_madracks-mnode5_20260314T060453Z_1429430/runs/rocksdb/chiplet_x6
2026-03-14T06:11:24Z	madracks-mnode5	amd	rocksdb	embedded	NO_RETIRED_INST_CYCLES	user	chiplet_x6	72	51	59	CLEANUP	1	30712.0	30704.0	30719.0	30719.0	30719.0	30719.0	30719.0	30719.0	ok	/home/seunghyun/ycsb/results/chiplet_ycsb_256mib_madracks-mnode5_20260314T060453Z_1429430/runs/rocksdb/chiplet_x6/inst51/run.stdout.log	/home/seunghyun/ycsb/results/chiplet_ycsb_256mib_madracks-mnode5_20260314T060453Z_1429430/runs/rocksdb/chiplet_x6
2026-03-14T06:11:24Z	madracks-mnode5	amd	rocksdb	embedded	NO_RETIRED_INST_CYCLES	user	chiplet_x6	72	52	60	READ	1000000	19.00258	1.0	12103.0	12.0	34.0	41.0	112.0	4143.0	ok	/home/seunghyun/ycsb/results/chiplet_ycsb_256mib_madracks-mnode5_20260314T060453Z_1429430/runs/rocksdb/chiplet_x6/inst52/run.stdout.log	/home/seunghyun/ycsb/results/chiplet_ycsb_256mib_madracks-mnode5_20260314T060453Z_1429430/runs/rocksdb/chiplet_x6
2026-03-14T06:11:24Z	madracks-mnode5	amd	rocksdb	embedded	NO_RETIRED_INST_CYCLES	user	chiplet_x6	72	52	60	CLEANUP	1	6450.0	6448.0	6451.0	6451.0	6451.0	6451.0	6451.0	6451.0	ok	/home/seunghyun/ycsb/results/chiplet_ycsb_256mib_madracks-mnode5_20260314T060453Z_1429430/runs/rocksdb/chiplet_x6/inst52/run.stdout.log	/home/seunghyun/ycsb/results/chiplet_ycsb_256mib_madracks-mnode5_20260314T060453Z_1429430/runs/rocksdb/chiplet_x6
2026-03-14T06:11:24Z	madracks-mnode5	amd	rocksdb	embedded	NO_RETIRED_INST_CYCLES	user	chiplet_x6	72	53	61	READ	1000000	22.315999	1.0	16103.0	20.0	36.0	42.0	116.0	4075.0	ok	/home/seunghyun/ycsb/results/chiplet_ycsb_256mib_madracks-mnode5_20260314T060453Z_1429430/runs/rocksdb/chiplet_x6/inst53/run.stdout.log	/home/seunghyun/ycsb/results/chiplet_ycsb_256mib_madracks-mnode5_20260314T060453Z_1429430/runs/rocksdb/chiplet_x6
2026-03-14T06:11:24Z	madracks-mnode5	amd	rocksdb	embedded	NO_RETIRED_INST_CYCLES	user	chiplet_x6	72	53	61	CLEANUP	1	25848.0	25840.0	25855.0	25855.0	25855.0	25855.0	25855.0	25855.0	ok	/home/seunghyun/ycsb/results/chiplet_ycsb_256mib_madracks-mnode5_20260314T060453Z_1429430/runs/rocksdb/chiplet_x6/inst53/run.stdout.log	/home/seunghyun/ycsb/results/chiplet_ycsb_256mib_madracks-mnode5_20260314T060453Z_1429430/runs/rocksdb/chiplet_x6
2026-03-14T06:11:24Z	madracks-mnode5	amd	rocksdb	embedded	NO_RETIRED_INST_CYCLES	user	chiplet_x6	72	54	63	READ	1000000	22.487338	1.0	17935.0	20.0	35.0	42.0	116.0	4115.0	ok	/home/seunghyun/ycsb/results/chiplet_ycsb_256mib_madracks-mnode5_20260314T060453Z_1429430/runs/rocksdb/chiplet_x6/inst54/run.stdout.log	/home/seunghyun/ycsb/results/chiplet_ycsb_256mib_madracks-mnode5_20260314T060453Z_1429430/runs/rocksdb/chiplet_x6
2026-03-14T06:11:24Z	madracks-mnode5	amd	rocksdb	embedded	NO_RETIRED_INST_CYCLES	user	chiplet_x6	72	54	63	CLEANUP	1	32008.0	32000.0	32015.0	32015.0	32015.0	32015.0	32015.0	32015.0	ok	/home/seunghyun/ycsb/results/chiplet_ycsb_256mib_madracks-mnode5_20260314T060453Z_1429430/runs/rocksdb/chiplet_x6/inst54/run.stdout.log	/home/seunghyun/ycsb/results/chiplet_ycsb_256mib_madracks-mnode5_20260314T060453Z_1429430/runs/rocksdb/chiplet_x6
2026-03-14T06:11:24Z	madracks-mnode5	amd	rocksdb	embedded	NO_RETIRED_INST_CYCLES	user	chiplet_x6	72	55	64	READ	1000000	20.782607	1.0	16079.0	14.0	34.0	42.0	121.0	6803.0	ok	/home/seunghyun/ycsb/results/chiplet_ycsb_256mib_madracks-mnode5_20260314T060453Z_1429430/runs/rocksdb/chiplet_x6/inst55/run.stdout.log	/home/seunghyun/ycsb/results/chiplet_ycsb_256mib_madracks-mnode5_20260314T060453Z_1429430/runs/rocksdb/chiplet_x6
2026-03-14T06:11:24Z	madracks-mnode5	amd	rocksdb	embedded	NO_RETIRED_INST_CYCLES	user	chiplet_x6	72	55	64	CLEANUP	1	26040.0	26032.0	26047.0	26047.0	26047.0	26047.0	26047.0	26047.0	ok	/home/seunghyun/ycsb/results/chiplet_ycsb_256mib_madracks-mnode5_20260314T060453Z_1429430/runs/rocksdb/chiplet_x6/inst55/run.stdout.log	/home/seunghyun/ycsb/results/chiplet_ycsb_256mib_madracks-mnode5_20260314T060453Z_1429430/runs/rocksdb/chiplet_x6
2026-03-14T06:11:24Z	madracks-mnode5	amd	rocksdb	embedded	NO_RETIRED_INST_CYCLES	user	chiplet_x6	72	56	65	READ	1000000	22.55362	1.0	281855.0	20.0	35.0	42.0	114.0	4091.0	ok	/home/seunghyun/ycsb/results/chiplet_ycsb_256mib_madracks-mnode5_20260314T060453Z_1429430/runs/rocksdb/chiplet_x6/inst56/run.stdout.log	/home/seunghyun/ycsb/results/chiplet_ycsb_256mib_madracks-mnode5_20260314T060453Z_1429430/runs/rocksdb/chiplet_x6
2026-03-14T06:11:24Z	madracks-mnode5	amd	rocksdb	embedded	NO_RETIRED_INST_CYCLES	user	chiplet_x6	72	56	65	CLEANUP	1	36880.0	36864.0	36895.0	36895.0	36895.0	36895.0	36895.0	36895.0	ok	/home/seunghyun/ycsb/results/chiplet_ycsb_256mib_madracks-mnode5_20260314T060453Z_1429430/runs/rocksdb/chiplet_x6/inst56/run.stdout.log	/home/seunghyun/ycsb/results/chiplet_ycsb_256mib_madracks-mnode5_20260314T060453Z_1429430/runs/rocksdb/chiplet_x6
2026-03-14T06:11:24Z	madracks-mnode5	amd	rocksdb	embedded	NO_RETIRED_INST_CYCLES	user	chiplet_x6	72	57	66	READ	1000000	22.131454	1.0	20111.0	20.0	35.0	42.0	114.0	4073.0	ok	/home/seunghyun/ycsb/results/chiplet_ycsb_256mib_madracks-mnode5_20260314T060453Z_1429430/runs/rocksdb/chiplet_x6/inst57/run.stdout.log	/home/seunghyun/ycsb/results/chiplet_ycsb_256mib_madracks-mnode5_20260314T060453Z_1429430/runs/rocksdb/chiplet_x6
2026-03-14T06:11:24Z	madracks-mnode5	amd	rocksdb	embedded	NO_RETIRED_INST_CYCLES	user	chiplet_x6	72	57	66	CLEANUP	1	28136.0	28128.0	28143.0	28143.0	28143.0	28143.0	28143.0	28143.0	ok	/home/seunghyun/ycsb/results/chiplet_ycsb_256mib_madracks-mnode5_20260314T060453Z_1429430/runs/rocksdb/chiplet_x6/inst57/run.stdout.log	/home/seunghyun/ycsb/results/chiplet_ycsb_256mib_madracks-mnode5_20260314T060453Z_1429430/runs/rocksdb/chiplet_x6
2026-03-14T06:11:24Z	madracks-mnode5	amd	rocksdb	embedded	NO_RETIRED_INST_CYCLES	user	chiplet_x6	72	58	67	READ	1000000	22.384333	1.0	69119.0	20.0	35.0	42.0	114.0	4079.0	ok	/home/seunghyun/ycsb/results/chiplet_ycsb_256mib_madracks-mnode5_20260314T060453Z_1429430/runs/rocksdb/chiplet_x6/inst58/run.stdout.log	/home/seunghyun/ycsb/results/chiplet_ycsb_256mib_madracks-mnode5_20260314T060453Z_1429430/runs/rocksdb/chiplet_x6
2026-03-14T06:11:24Z	madracks-mnode5	amd	rocksdb	embedded	NO_RETIRED_INST_CYCLES	user	chiplet_x6	72	58	67	CLEANUP	1	29320.0	29312.0	29327.0	29327.0	29327.0	29327.0	29327.0	29327.0	ok	/home/seunghyun/ycsb/results/chiplet_ycsb_256mib_madracks-mnode5_20260314T060453Z_1429430/runs/rocksdb/chiplet_x6/inst58/run.stdout.log	/home/seunghyun/ycsb/results/chiplet_ycsb_256mib_madracks-mnode5_20260314T060453Z_1429430/runs/rocksdb/chiplet_x6
2026-03-14T06:11:24Z	madracks-mnode5	amd	rocksdb	embedded	NO_RETIRED_INST_CYCLES	user	chiplet_x6	72	59	68	READ	1000000	19.141862	1.0	12095.0	12.0	34.0	41.0	114.0	4083.0	ok	/home/seunghyun/ycsb/results/chiplet_ycsb_256mib_madracks-mnode5_20260314T060453Z_1429430/runs/rocksdb/chiplet_x6/inst59/run.stdout.log	/home/seunghyun/ycsb/results/chiplet_ycsb_256mib_madracks-mnode5_20260314T060453Z_1429430/runs/rocksdb/chiplet_x6
2026-03-14T06:11:24Z	madracks-mnode5	amd	rocksdb	embedded	NO_RETIRED_INST_CYCLES	user	chiplet_x6	72	59	68	CLEANUP	1	29016.0	29008.0	29023.0	29023.0	29023.0	29023.0	29023.0	29023.0	ok	/home/seunghyun/ycsb/results/chiplet_ycsb_256mib_madracks-mnode5_20260314T060453Z_1429430/runs/rocksdb/chiplet_x6/inst59/run.stdout.log	/home/seunghyun/ycsb/results/chiplet_ycsb_256mib_madracks-mnode5_20260314T060453Z_1429430/runs/rocksdb/chiplet_x6
2026-03-14T06:11:24Z	madracks-mnode5	amd	rocksdb	embedded	NO_RETIRED_INST_CYCLES	user	chiplet_x6	72	60	70	READ	1000000	22.573377	1.0	345855.0	20.0	35.0	42.0	116.0	4081.0	ok	/home/seunghyun/ycsb/results/chiplet_ycsb_256mib_madracks-mnode5_20260314T060453Z_1429430/runs/rocksdb/chiplet_x6/inst60/run.stdout.log	/home/seunghyun/ycsb/results/chiplet_ycsb_256mib_madracks-mnode5_20260314T060453Z_1429430/runs/rocksdb/chiplet_x6
2026-03-14T06:11:24Z	madracks-mnode5	amd	rocksdb	embedded	NO_RETIRED_INST_CYCLES	user	chiplet_x6	72	60	70	CLEANUP	1	36624.0	36608.0	36639.0	36639.0	36639.0	36639.0	36639.0	36639.0	ok	/home/seunghyun/ycsb/results/chiplet_ycsb_256mib_madracks-mnode5_20260314T060453Z_1429430/runs/rocksdb/chiplet_x6/inst60/run.stdout.log	/home/seunghyun/ycsb/results/chiplet_ycsb_256mib_madracks-mnode5_20260314T060453Z_1429430/runs/rocksdb/chiplet_x6
2026-03-14T06:11:24Z	madracks-mnode5	amd	rocksdb	embedded	NO_RETIRED_INST_CYCLES	user	chiplet_x6	72	61	71	READ	1000000	22.527235	1.0	16103.0	20.0	35.0	42.0	117.0	4171.0	ok	/home/seunghyun/ycsb/results/chiplet_ycsb_256mib_madracks-mnode5_20260314T060453Z_1429430/runs/rocksdb/chiplet_x6/inst61/run.stdout.log	/home/seunghyun/ycsb/results/chiplet_ycsb_256mib_madracks-mnode5_20260314T060453Z_1429430/runs/rocksdb/chiplet_x6
2026-03-14T06:11:24Z	madracks-mnode5	amd	rocksdb	embedded	NO_RETIRED_INST_CYCLES	user	chiplet_x6	72	61	71	CLEANUP	1	29752.0	29744.0	29759.0	29759.0	29759.0	29759.0	29759.0	29759.0	ok	/home/seunghyun/ycsb/results/chiplet_ycsb_256mib_madracks-mnode5_20260314T060453Z_1429430/runs/rocksdb/chiplet_x6/inst61/run.stdout.log	/home/seunghyun/ycsb/results/chiplet_ycsb_256mib_madracks-mnode5_20260314T060453Z_1429430/runs/rocksdb/chiplet_x6
2026-03-14T06:11:24Z	madracks-mnode5	amd	rocksdb	embedded	NO_RETIRED_INST_CYCLES	user	chiplet_x6	72	62	72	READ	1000000	22.40794	1.0	16127.0	20.0	36.0	42.0	116.0	4099.0	ok	/home/seunghyun/ycsb/results/chiplet_ycsb_256mib_madracks-mnode5_20260314T060453Z_1429430/runs/rocksdb/chiplet_x6/inst62/run.stdout.log	/home/seunghyun/ycsb/results/chiplet_ycsb_256mib_madracks-mnode5_20260314T060453Z_1429430/runs/rocksdb/chiplet_x6
2026-03-14T06:11:24Z	madracks-mnode5	amd	rocksdb	embedded	NO_RETIRED_INST_CYCLES	user	chiplet_x6	72	62	72	CLEANUP	1	33840.0	33824.0	33855.0	33855.0	33855.0	33855.0	33855.0	33855.0	ok	/home/seunghyun/ycsb/results/chiplet_ycsb_256mib_madracks-mnode5_20260314T060453Z_1429430/runs/rocksdb/chiplet_x6/inst62/run.stdout.log	/home/seunghyun/ycsb/results/chiplet_ycsb_256mib_madracks-mnode5_20260314T060453Z_1429430/runs/rocksdb/chiplet_x6
2026-03-14T06:11:24Z	madracks-mnode5	amd	rocksdb	embedded	NO_RETIRED_INST_CYCLES	user	chiplet_x6	72	63	73	READ	1000000	20.808763	1.0	87423.0	14.0	34.0	42.0	126.0	4191.0	ok	/home/seunghyun/ycsb/results/chiplet_ycsb_256mib_madracks-mnode5_20260314T060453Z_1429430/runs/rocksdb/chiplet_x6/inst63/run.stdout.log	/home/seunghyun/ycsb/results/chiplet_ycsb_256mib_madracks-mnode5_20260314T060453Z_1429430/runs/rocksdb/chiplet_x6
2026-03-14T06:11:24Z	madracks-mnode5	amd	rocksdb	embedded	NO_RETIRED_INST_CYCLES	user	chiplet_x6	72	63	73	CLEANUP	1	26728.0	26720.0	26735.0	26735.0	26735.0	26735.0	26735.0	26735.0	ok	/home/seunghyun/ycsb/results/chiplet_ycsb_256mib_madracks-mnode5_20260314T060453Z_1429430/runs/rocksdb/chiplet_x6/inst63/run.stdout.log	/home/seunghyun/ycsb/results/chiplet_ycsb_256mib_madracks-mnode5_20260314T060453Z_1429430/runs/rocksdb/chiplet_x6
2026-03-14T06:11:24Z	madracks-mnode5	amd	rocksdb	embedded	NO_RETIRED_INST_CYCLES	user	chiplet_x6	72	64	74	READ	1000000	22.565979	1.0	270847.0	20.0	35.0	42.0	115.0	4347.0	ok	/home/seunghyun/ycsb/results/chiplet_ycsb_256mib_madracks-mnode5_20260314T060453Z_1429430/runs/rocksdb/chiplet_x6/inst64/run.stdout.log	/home/seunghyun/ycsb/results/chiplet_ycsb_256mib_madracks-mnode5_20260314T060453Z_1429430/runs/rocksdb/chiplet_x6
2026-03-14T06:11:24Z	madracks-mnode5	amd	rocksdb	embedded	NO_RETIRED_INST_CYCLES	user	chiplet_x6	72	64	74	CLEANUP	1	36016.0	36000.0	36031.0	36031.0	36031.0	36031.0	36031.0	36031.0	ok	/home/seunghyun/ycsb/results/chiplet_ycsb_256mib_madracks-mnode5_20260314T060453Z_1429430/runs/rocksdb/chiplet_x6/inst64/run.stdout.log	/home/seunghyun/ycsb/results/chiplet_ycsb_256mib_madracks-mnode5_20260314T060453Z_1429430/runs/rocksdb/chiplet_x6
2026-03-14T06:11:24Z	madracks-mnode5	amd	rocksdb	embedded	NO_RETIRED_INST_CYCLES	user	chiplet_x6	72	65	75	READ	1000000	20.692171	1.0	298495.0	13.0	34.0	42.0	111.0	4081.0	ok	/home/seunghyun/ycsb/results/chiplet_ycsb_256mib_madracks-mnode5_20260314T060453Z_1429430/runs/rocksdb/chiplet_x6/inst65/run.stdout.log	/home/seunghyun/ycsb/results/chiplet_ycsb_256mib_madracks-mnode5_20260314T060453Z_1429430/runs/rocksdb/chiplet_x6
2026-03-14T06:11:24Z	madracks-mnode5	amd	rocksdb	embedded	NO_RETIRED_INST_CYCLES	user	chiplet_x6	72	65	75	CLEANUP	1	27208.0	27200.0	27215.0	27215.0	27215.0	27215.0	27215.0	27215.0	ok	/home/seunghyun/ycsb/results/chiplet_ycsb_256mib_madracks-mnode5_20260314T060453Z_1429430/runs/rocksdb/chiplet_x6/inst65/run.stdout.log	/home/seunghyun/ycsb/results/chiplet_ycsb_256mib_madracks-mnode5_20260314T060453Z_1429430/runs/rocksdb/chiplet_x6
2026-03-14T06:11:24Z	madracks-mnode5	amd	rocksdb	embedded	NO_RETIRED_INST_CYCLES	user	chiplet_x6	72	66	77	READ	1000000	22.211667	1.0	42303.0	20.0	35.0	42.0	114.0	4099.0	ok	/home/seunghyun/ycsb/results/chiplet_ycsb_256mib_madracks-mnode5_20260314T060453Z_1429430/runs/rocksdb/chiplet_x6/inst66/run.stdout.log	/home/seunghyun/ycsb/results/chiplet_ycsb_256mib_madracks-mnode5_20260314T060453Z_1429430/runs/rocksdb/chiplet_x6
2026-03-14T06:11:24Z	madracks-mnode5	amd	rocksdb	embedded	NO_RETIRED_INST_CYCLES	user	chiplet_x6	72	66	77	CLEANUP	1	25544.0	25536.0	25551.0	25551.0	25551.0	25551.0	25551.0	25551.0	ok	/home/seunghyun/ycsb/results/chiplet_ycsb_256mib_madracks-mnode5_20260314T060453Z_1429430/runs/rocksdb/chiplet_x6/inst66/run.stdout.log	/home/seunghyun/ycsb/results/chiplet_ycsb_256mib_madracks-mnode5_20260314T060453Z_1429430/runs/rocksdb/chiplet_x6
2026-03-14T06:11:24Z	madracks-mnode5	amd	rocksdb	embedded	NO_RETIRED_INST_CYCLES	user	chiplet_x6	72	67	78	READ	1000000	22.247077	1.0	20191.0	20.0	35.0	42.0	114.0	4085.0	ok	/home/seunghyun/ycsb/results/chiplet_ycsb_256mib_madracks-mnode5_20260314T060453Z_1429430/runs/rocksdb/chiplet_x6/inst67/run.stdout.log	/home/seunghyun/ycsb/results/chiplet_ycsb_256mib_madracks-mnode5_20260314T060453Z_1429430/runs/rocksdb/chiplet_x6
2026-03-14T06:11:24Z	madracks-mnode5	amd	rocksdb	embedded	NO_RETIRED_INST_CYCLES	user	chiplet_x6	72	67	78	CLEANUP	1	26424.0	26416.0	26431.0	26431.0	26431.0	26431.0	26431.0	26431.0	ok	/home/seunghyun/ycsb/results/chiplet_ycsb_256mib_madracks-mnode5_20260314T060453Z_1429430/runs/rocksdb/chiplet_x6/inst67/run.stdout.log	/home/seunghyun/ycsb/results/chiplet_ycsb_256mib_madracks-mnode5_20260314T060453Z_1429430/runs/rocksdb/chiplet_x6
2026-03-14T06:11:24Z	madracks-mnode5	amd	rocksdb	embedded	NO_RETIRED_INST_CYCLES	user	chiplet_x6	72	68	79	READ	1000000	20.700771	1.0	21119.0	13.0	34.0	41.0	114.0	4755.0	ok	/home/seunghyun/ycsb/results/chiplet_ycsb_256mib_madracks-mnode5_20260314T060453Z_1429430/runs/rocksdb/chiplet_x6/inst68/run.stdout.log	/home/seunghyun/ycsb/results/chiplet_ycsb_256mib_madracks-mnode5_20260314T060453Z_1429430/runs/rocksdb/chiplet_x6
2026-03-14T06:11:24Z	madracks-mnode5	amd	rocksdb	embedded	NO_RETIRED_INST_CYCLES	user	chiplet_x6	72	68	79	CLEANUP	1	27992.0	27984.0	27999.0	27999.0	27999.0	27999.0	27999.0	27999.0	ok	/home/seunghyun/ycsb/results/chiplet_ycsb_256mib_madracks-mnode5_20260314T060453Z_1429430/runs/rocksdb/chiplet_x6/inst68/run.stdout.log	/home/seunghyun/ycsb/results/chiplet_ycsb_256mib_madracks-mnode5_20260314T060453Z_1429430/runs/rocksdb/chiplet_x6
2026-03-14T06:11:24Z	madracks-mnode5	amd	rocksdb	embedded	NO_RETIRED_INST_CYCLES	user	chiplet_x6	72	69	80	READ	1000000	22.369428	1.0	16095.0	20.0	36.0	42.0	115.0	4067.0	ok	/home/seunghyun/ycsb/results/chiplet_ycsb_256mib_madracks-mnode5_20260314T060453Z_1429430/runs/rocksdb/chiplet_x6/inst69/run.stdout.log	/home/seunghyun/ycsb/results/chiplet_ycsb_256mib_madracks-mnode5_20260314T060453Z_1429430/runs/rocksdb/chiplet_x6
2026-03-14T06:11:24Z	madracks-mnode5	amd	rocksdb	embedded	NO_RETIRED_INST_CYCLES	user	chiplet_x6	72	69	80	CLEANUP	1	29400.0	29392.0	29407.0	29407.0	29407.0	29407.0	29407.0	29407.0	ok	/home/seunghyun/ycsb/results/chiplet_ycsb_256mib_madracks-mnode5_20260314T060453Z_1429430/runs/rocksdb/chiplet_x6/inst69/run.stdout.log	/home/seunghyun/ycsb/results/chiplet_ycsb_256mib_madracks-mnode5_20260314T060453Z_1429430/runs/rocksdb/chiplet_x6
2026-03-14T06:11:24Z	madracks-mnode5	amd	rocksdb	embedded	NO_RETIRED_INST_CYCLES	user	chiplet_x6	72	70	81	READ	1000000	22.489222	1.0	12079.0	20.0	35.0	42.0	116.0	4487.0	ok	/home/seunghyun/ycsb/results/chiplet_ycsb_256mib_madracks-mnode5_20260314T060453Z_1429430/runs/rocksdb/chiplet_x6/inst70/run.stdout.log	/home/seunghyun/ycsb/results/chiplet_ycsb_256mib_madracks-mnode5_20260314T060453Z_1429430/runs/rocksdb/chiplet_x6
2026-03-14T06:11:24Z	madracks-mnode5	amd	rocksdb	embedded	NO_RETIRED_INST_CYCLES	user	chiplet_x6	72	70	81	CLEANUP	1	33968.0	33952.0	33983.0	33983.0	33983.0	33983.0	33983.0	33983.0	ok	/home/seunghyun/ycsb/results/chiplet_ycsb_256mib_madracks-mnode5_20260314T060453Z_1429430/runs/rocksdb/chiplet_x6/inst70/run.stdout.log	/home/seunghyun/ycsb/results/chiplet_ycsb_256mib_madracks-mnode5_20260314T060453Z_1429430/runs/rocksdb/chiplet_x6
2026-03-14T06:11:24Z	madracks-mnode5	amd	rocksdb	embedded	NO_RETIRED_INST_CYCLES	user	chiplet_x6	72	71	82	READ	1000000	20.942604	1.0	190079.0	13.0	34.0	42.0	116.0	5967.0	ok	/home/seunghyun/ycsb/results/chiplet_ycsb_256mib_madracks-mnode5_20260314T060453Z_1429430/runs/rocksdb/chiplet_x6/inst71/run.stdout.log	/home/seunghyun/ycsb/results/chiplet_ycsb_256mib_madracks-mnode5_20260314T060453Z_1429430/runs/rocksdb/chiplet_x6
2026-03-14T06:11:24Z	madracks-mnode5	amd	rocksdb	embedded	NO_RETIRED_INST_CYCLES	user	chiplet_x6	72	71	82	CLEANUP	1	26696.0	26688.0	26703.0	26703.0	26703.0	26703.0	26703.0	26703.0	ok	/home/seunghyun/ycsb/results/chiplet_ycsb_256mib_madracks-mnode5_20260314T060453Z_1429430/runs/rocksdb/chiplet_x6/inst71/run.stdout.log	/home/seunghyun/ycsb/results/chiplet_ycsb_256mib_madracks-mnode5_20260314T060453Z_1429430/runs/rocksdb/chiplet_x6
2026-03-14T06:13:17Z	madracks-mnode5	amd	rocksdb	embedded	NO_RETIRED_INST_CYCLES	user	chiplet_x7	84	0	0	READ	1000000	17.816218	1.0	20847.0	11.0	33.0	41.0	106.0	4251.0	ok	/home/seunghyun/ycsb/results/chiplet_ycsb_256mib_madracks-mnode5_20260314T060453Z_1429430/runs/rocksdb/chiplet_x7/inst00/run.stdout.log	/home/seunghyun/ycsb/results/chiplet_ycsb_256mib_madracks-mnode5_20260314T060453Z_1429430/runs/rocksdb/chiplet_x7
2026-03-14T06:13:17Z	madracks-mnode5	amd	rocksdb	embedded	NO_RETIRED_INST_CYCLES	user	chiplet_x7	84	0	0	CLEANUP	1	32976.0	32960.0	32991.0	32991.0	32991.0	32991.0	32991.0	32991.0	ok	/home/seunghyun/ycsb/results/chiplet_ycsb_256mib_madracks-mnode5_20260314T060453Z_1429430/runs/rocksdb/chiplet_x7/inst00/run.stdout.log	/home/seunghyun/ycsb/results/chiplet_ycsb_256mib_madracks-mnode5_20260314T060453Z_1429430/runs/rocksdb/chiplet_x7
2026-03-14T06:13:17Z	madracks-mnode5	amd	rocksdb	embedded	NO_RETIRED_INST_CYCLES	user	chiplet_x7	84	1	1	READ	1000000	22.422744	1.0	21743.0	20.0	36.0	42.0	138.0	5839.0	ok	/home/seunghyun/ycsb/results/chiplet_ycsb_256mib_madracks-mnode5_20260314T060453Z_1429430/runs/rocksdb/chiplet_x7/inst01/run.stdout.log	/home/seunghyun/ycsb/results/chiplet_ycsb_256mib_madracks-mnode5_20260314T060453Z_1429430/runs/rocksdb/chiplet_x7
2026-03-14T06:13:17Z	madracks-mnode5	amd	rocksdb	embedded	NO_RETIRED_INST_CYCLES	user	chiplet_x7	84	1	1	CLEANUP	1	80928.0	80896.0	80959.0	80959.0	80959.0	80959.0	80959.0	80959.0	ok	/home/seunghyun/ycsb/results/chiplet_ycsb_256mib_madracks-mnode5_20260314T060453Z_1429430/runs/rocksdb/chiplet_x7/inst01/run.stdout.log	/home/seunghyun/ycsb/results/chiplet_ycsb_256mib_madracks-mnode5_20260314T060453Z_1429430/runs/rocksdb/chiplet_x7
2026-03-14T06:13:17Z	madracks-mnode5	amd	rocksdb	embedded	NO_RETIRED_INST_CYCLES	user	chiplet_x7	84	2	2	READ	1000000	19.93373	1.0	15103.0	12.0	34.0	41.0	115.0	4085.0	ok	/home/seunghyun/ycsb/results/chiplet_ycsb_256mib_madracks-mnode5_20260314T060453Z_1429430/runs/rocksdb/chiplet_x7/inst02/run.stdout.log	/home/seunghyun/ycsb/results/chiplet_ycsb_256mib_madracks-mnode5_20260314T060453Z_1429430/runs/rocksdb/chiplet_x7
2026-03-14T06:13:17Z	madracks-mnode5	amd	rocksdb	embedded	NO_RETIRED_INST_CYCLES	user	chiplet_x7	84	2	2	CLEANUP	1	66016.0	65984.0	66047.0	66047.0	66047.0	66047.0	66047.0	66047.0	ok	/home/seunghyun/ycsb/results/chiplet_ycsb_256mib_madracks-mnode5_20260314T060453Z_1429430/runs/rocksdb/chiplet_x7/inst02/run.stdout.log	/home/seunghyun/ycsb/results/chiplet_ycsb_256mib_madracks-mnode5_20260314T060453Z_1429430/runs/rocksdb/chiplet_x7
2026-03-14T06:13:17Z	madracks-mnode5	amd	rocksdb	embedded	NO_RETIRED_INST_CYCLES	user	chiplet_x7	84	3	3	READ	1000000	20.954274	1.0	16191.0	19.0	33.0	40.0	112.0	4219.0	ok	/home/seunghyun/ycsb/results/chiplet_ycsb_256mib_madracks-mnode5_20260314T060453Z_1429430/runs/rocksdb/chiplet_x7/inst03/run.stdout.log	/home/seunghyun/ycsb/results/chiplet_ycsb_256mib_madracks-mnode5_20260314T060453Z_1429430/runs/rocksdb/chiplet_x7
2026-03-14T06:13:17Z	madracks-mnode5	amd	rocksdb	embedded	NO_RETIRED_INST_CYCLES	user	chiplet_x7	84	3	3	CLEANUP	1	71328.0	71296.0	71359.0	71359.0	71359.0	71359.0	71359.0	71359.0	ok	/home/seunghyun/ycsb/results/chiplet_ycsb_256mib_madracks-mnode5_20260314T060453Z_1429430/runs/rocksdb/chiplet_x7/inst03/run.stdout.log	/home/seunghyun/ycsb/results/chiplet_ycsb_256mib_madracks-mnode5_20260314T060453Z_1429430/runs/rocksdb/chiplet_x7
2026-03-14T06:13:17Z	madracks-mnode5	amd	rocksdb	embedded	NO_RETIRED_INST_CYCLES	user	chiplet_x7	84	4	4	READ	1000000	21.756609	2.0	24543.0	20.0	36.0	42.0	130.0	4127.0	ok	/home/seunghyun/ycsb/results/chiplet_ycsb_256mib_madracks-mnode5_20260314T060453Z_1429430/runs/rocksdb/chiplet_x7/inst04/run.stdout.log	/home/seunghyun/ycsb/results/chiplet_ycsb_256mib_madracks-mnode5_20260314T060453Z_1429430/runs/rocksdb/chiplet_x7
2026-03-14T06:13:17Z	madracks-mnode5	amd	rocksdb	embedded	NO_RETIRED_INST_CYCLES	user	chiplet_x7	84	4	4	CLEANUP	1	31080.0	31072.0	31087.0	31087.0	31087.0	31087.0	31087.0	31087.0	ok	/home/seunghyun/ycsb/results/chiplet_ycsb_256mib_madracks-mnode5_20260314T060453Z_1429430/runs/rocksdb/chiplet_x7/inst04/run.stdout.log	/home/seunghyun/ycsb/results/chiplet_ycsb_256mib_madracks-mnode5_20260314T060453Z_1429430/runs/rocksdb/chiplet_x7
2026-03-14T06:13:17Z	madracks-mnode5	amd	rocksdb	embedded	NO_RETIRED_INST_CYCLES	user	chiplet_x7	84	5	5	READ	1000000	20.343149	2.0	19439.0	13.0	35.0	42.0	129.0	4267.0	ok	/home/seunghyun/ycsb/results/chiplet_ycsb_256mib_madracks-mnode5_20260314T060453Z_1429430/runs/rocksdb/chiplet_x7/inst05/run.stdout.log	/home/seunghyun/ycsb/results/chiplet_ycsb_256mib_madracks-mnode5_20260314T060453Z_1429430/runs/rocksdb/chiplet_x7
2026-03-14T06:13:17Z	madracks-mnode5	amd	rocksdb	embedded	NO_RETIRED_INST_CYCLES	user	chiplet_x7	84	5	5	CLEANUP	1	29064.0	29056.0	29071.0	29071.0	29071.0	29071.0	29071.0	29071.0	ok	/home/seunghyun/ycsb/results/chiplet_ycsb_256mib_madracks-mnode5_20260314T060453Z_1429430/runs/rocksdb/chiplet_x7/inst05/run.stdout.log	/home/seunghyun/ycsb/results/chiplet_ycsb_256mib_madracks-mnode5_20260314T060453Z_1429430/runs/rocksdb/chiplet_x7
2026-03-14T06:13:17Z	madracks-mnode5	amd	rocksdb	embedded	NO_RETIRED_INST_CYCLES	user	chiplet_x7	84	6	6	READ	1000000	21.052	1.0	31135.0	19.0	34.0	41.0	117.0	4195.0	ok	/home/seunghyun/ycsb/results/chiplet_ycsb_256mib_madracks-mnode5_20260314T060453Z_1429430/runs/rocksdb/chiplet_x7/inst06/run.stdout.log	/home/seunghyun/ycsb/results/chiplet_ycsb_256mib_madracks-mnode5_20260314T060453Z_1429430/runs/rocksdb/chiplet_x7
2026-03-14T06:13:17Z	madracks-mnode5	amd	rocksdb	embedded	NO_RETIRED_INST_CYCLES	user	chiplet_x7	84	6	6	CLEANUP	1	207296.0	207232.0	207359.0	207359.0	207359.0	207359.0	207359.0	207359.0	ok	/home/seunghyun/ycsb/results/chiplet_ycsb_256mib_madracks-mnode5_20260314T060453Z_1429430/runs/rocksdb/chiplet_x7/inst06/run.stdout.log	/home/seunghyun/ycsb/results/chiplet_ycsb_256mib_madracks-mnode5_20260314T060453Z_1429430/runs/rocksdb/chiplet_x7
2026-03-14T06:13:17Z	madracks-mnode5	amd	rocksdb	embedded	NO_RETIRED_INST_CYCLES	user	chiplet_x7	84	7	7	READ	1000000	19.338451	1.0	25583.0	12.0	34.0	42.0	152.0	6419.0	ok	/home/seunghyun/ycsb/results/chiplet_ycsb_256mib_madracks-mnode5_20260314T060453Z_1429430/runs/rocksdb/chiplet_x7/inst07/run.stdout.log	/home/seunghyun/ycsb/results/chiplet_ycsb_256mib_madracks-mnode5_20260314T060453Z_1429430/runs/rocksdb/chiplet_x7
2026-03-14T06:13:17Z	madracks-mnode5	amd	rocksdb	embedded	NO_RETIRED_INST_CYCLES	user	chiplet_x7	84	7	7	CLEANUP	1	31256.0	31248.0	31263.0	31263.0	31263.0	31263.0	31263.0	31263.0	ok	/home/seunghyun/ycsb/results/chiplet_ycsb_256mib_madracks-mnode5_20260314T060453Z_1429430/runs/rocksdb/chiplet_x7/inst07/run.stdout.log	/home/seunghyun/ycsb/results/chiplet_ycsb_256mib_madracks-mnode5_20260314T060453Z_1429430/runs/rocksdb/chiplet_x7
2026-03-14T06:13:17Z	madracks-mnode5	amd	rocksdb	embedded	NO_RETIRED_INST_CYCLES	user	chiplet_x7	84	8	8	READ	1000000	24.330656	1.0	16095.0	21.0	38.0	43.0	133.0	4071.0	ok	/home/seunghyun/ycsb/results/chiplet_ycsb_256mib_madracks-mnode5_20260314T060453Z_1429430/runs/rocksdb/chiplet_x7/inst08/run.stdout.log	/home/seunghyun/ycsb/results/chiplet_ycsb_256mib_madracks-mnode5_20260314T060453Z_1429430/runs/rocksdb/chiplet_x7
2026-03-14T06:13:17Z	madracks-mnode5	amd	rocksdb	embedded	NO_RETIRED_INST_CYCLES	user	chiplet_x7	84	8	8	CLEANUP	1	25784.0	25776.0	25791.0	25791.0	25791.0	25791.0	25791.0	25791.0	ok	/home/seunghyun/ycsb/results/chiplet_ycsb_256mib_madracks-mnode5_20260314T060453Z_1429430/runs/rocksdb/chiplet_x7/inst08/run.stdout.log	/home/seunghyun/ycsb/results/chiplet_ycsb_256mib_madracks-mnode5_20260314T060453Z_1429430/runs/rocksdb/chiplet_x7
2026-03-14T06:13:17Z	madracks-mnode5	amd	rocksdb	embedded	NO_RETIRED_INST_CYCLES	user	chiplet_x7	84	9	9	READ	1000000	24.414308	1.0	16111.0	21.0	39.0	43.0	143.0	4089.0	ok	/home/seunghyun/ycsb/results/chiplet_ycsb_256mib_madracks-mnode5_20260314T060453Z_1429430/runs/rocksdb/chiplet_x7/inst09/run.stdout.log	/home/seunghyun/ycsb/results/chiplet_ycsb_256mib_madracks-mnode5_20260314T060453Z_1429430/runs/rocksdb/chiplet_x7
2026-03-14T06:13:17Z	madracks-mnode5	amd	rocksdb	embedded	NO_RETIRED_INST_CYCLES	user	chiplet_x7	84	9	9	CLEANUP	1	27400.0	27392.0	27407.0	27407.0	27407.0	27407.0	27407.0	27407.0	ok	/home/seunghyun/ycsb/results/chiplet_ycsb_256mib_madracks-mnode5_20260314T060453Z_1429430/runs/rocksdb/chiplet_x7/inst09/run.stdout.log	/home/seunghyun/ycsb/results/chiplet_ycsb_256mib_madracks-mnode5_20260314T060453Z_1429430/runs/rocksdb/chiplet_x7
2026-03-14T06:13:17Z	madracks-mnode5	amd	rocksdb	embedded	NO_RETIRED_INST_CYCLES	user	chiplet_x7	84	10	10	READ	1000000	24.402541	1.0	20175.0	21.0	38.0	43.0	134.0	4379.0	ok	/home/seunghyun/ycsb/results/chiplet_ycsb_256mib_madracks-mnode5_20260314T060453Z_1429430/runs/rocksdb/chiplet_x7/inst10/run.stdout.log	/home/seunghyun/ycsb/results/chiplet_ycsb_256mib_madracks-mnode5_20260314T060453Z_1429430/runs/rocksdb/chiplet_x7
2026-03-14T06:13:17Z	madracks-mnode5	amd	rocksdb	embedded	NO_RETIRED_INST_CYCLES	user	chiplet_x7	84	10	10	CLEANUP	1	37808.0	37792.0	37823.0	37823.0	37823.0	37823.0	37823.0	37823.0	ok	/home/seunghyun/ycsb/results/chiplet_ycsb_256mib_madracks-mnode5_20260314T060453Z_1429430/runs/rocksdb/chiplet_x7/inst10/run.stdout.log	/home/seunghyun/ycsb/results/chiplet_ycsb_256mib_madracks-mnode5_20260314T060453Z_1429430/runs/rocksdb/chiplet_x7
2026-03-14T06:13:17Z	madracks-mnode5	amd	rocksdb	embedded	NO_RETIRED_INST_CYCLES	user	chiplet_x7	84	11	11	READ	1000000	24.448467	1.0	30351.0	21.0	38.0	43.0	134.0	4355.0	ok	/home/seunghyun/ycsb/results/chiplet_ycsb_256mib_madracks-mnode5_20260314T060453Z_1429430/runs/rocksdb/chiplet_x7/inst11/run.stdout.log	/home/seunghyun/ycsb/results/chiplet_ycsb_256mib_madracks-mnode5_20260314T060453Z_1429430/runs/rocksdb/chiplet_x7
2026-03-14T06:13:17Z	madracks-mnode5	amd	rocksdb	embedded	NO_RETIRED_INST_CYCLES	user	chiplet_x7	84	11	11	CLEANUP	1	35568.0	35552.0	35583.0	35583.0	35583.0	35583.0	35583.0	35583.0	ok	/home/seunghyun/ycsb/results/chiplet_ycsb_256mib_madracks-mnode5_20260314T060453Z_1429430/runs/rocksdb/chiplet_x7/inst11/run.stdout.log	/home/seunghyun/ycsb/results/chiplet_ycsb_256mib_madracks-mnode5_20260314T060453Z_1429430/runs/rocksdb/chiplet_x7
2026-03-14T06:13:17Z	madracks-mnode5	amd	rocksdb	embedded	NO_RETIRED_INST_CYCLES	user	chiplet_x7	84	12	12	READ	1000000	24.314397	1.0	16079.0	21.0	39.0	43.0	130.0	4287.0	ok	/home/seunghyun/ycsb/results/chiplet_ycsb_256mib_madracks-mnode5_20260314T060453Z_1429430/runs/rocksdb/chiplet_x7/inst12/run.stdout.log	/home/seunghyun/ycsb/results/chiplet_ycsb_256mib_madracks-mnode5_20260314T060453Z_1429430/runs/rocksdb/chiplet_x7
2026-03-14T06:13:17Z	madracks-mnode5	amd	rocksdb	embedded	NO_RETIRED_INST_CYCLES	user	chiplet_x7	84	12	12	CLEANUP	1	32784.0	32768.0	32799.0	32799.0	32799.0	32799.0	32799.0	32799.0	ok	/home/seunghyun/ycsb/results/chiplet_ycsb_256mib_madracks-mnode5_20260314T060453Z_1429430/runs/rocksdb/chiplet_x7/inst12/run.stdout.log	/home/seunghyun/ycsb/results/chiplet_ycsb_256mib_madracks-mnode5_20260314T060453Z_1429430/runs/rocksdb/chiplet_x7
2026-03-14T06:13:17Z	madracks-mnode5	amd	rocksdb	embedded	NO_RETIRED_INST_CYCLES	user	chiplet_x7	84	13	13	READ	1000000	21.828622	1.0	17599.0	20.0	35.0	42.0	132.0	4075.0	ok	/home/seunghyun/ycsb/results/chiplet_ycsb_256mib_madracks-mnode5_20260314T060453Z_1429430/runs/rocksdb/chiplet_x7/inst13/run.stdout.log	/home/seunghyun/ycsb/results/chiplet_ycsb_256mib_madracks-mnode5_20260314T060453Z_1429430/runs/rocksdb/chiplet_x7
2026-03-14T06:13:17Z	madracks-mnode5	amd	rocksdb	embedded	NO_RETIRED_INST_CYCLES	user	chiplet_x7	84	13	13	CLEANUP	1	30568.0	30560.0	30575.0	30575.0	30575.0	30575.0	30575.0	30575.0	ok	/home/seunghyun/ycsb/results/chiplet_ycsb_256mib_madracks-mnode5_20260314T060453Z_1429430/runs/rocksdb/chiplet_x7/inst13/run.stdout.log	/home/seunghyun/ycsb/results/chiplet_ycsb_256mib_madracks-mnode5_20260314T060453Z_1429430/runs/rocksdb/chiplet_x7
2026-03-14T06:13:17Z	madracks-mnode5	amd	rocksdb	embedded	NO_RETIRED_INST_CYCLES	user	chiplet_x7	84	14	14	READ	1000000	24.256205	1.0	21807.0	21.0	38.0	42.0	132.0	4083.0	ok	/home/seunghyun/ycsb/results/chiplet_ycsb_256mib_madracks-mnode5_20260314T060453Z_1429430/runs/rocksdb/chiplet_x7/inst14/run.stdout.log	/home/seunghyun/ycsb/results/chiplet_ycsb_256mib_madracks-mnode5_20260314T060453Z_1429430/runs/rocksdb/chiplet_x7
2026-03-14T06:13:17Z	madracks-mnode5	amd	rocksdb	embedded	NO_RETIRED_INST_CYCLES	user	chiplet_x7	84	14	14	CLEANUP	1	2507.0	2506.0	2507.0	2507.0	2507.0	2507.0	2507.0	2507.0	ok	/home/seunghyun/ycsb/results/chiplet_ycsb_256mib_madracks-mnode5_20260314T060453Z_1429430/runs/rocksdb/chiplet_x7/inst14/run.stdout.log	/home/seunghyun/ycsb/results/chiplet_ycsb_256mib_madracks-mnode5_20260314T060453Z_1429430/runs/rocksdb/chiplet_x7
2026-03-14T06:13:17Z	madracks-mnode5	amd	rocksdb	embedded	NO_RETIRED_INST_CYCLES	user	chiplet_x7	84	15	15	READ	1000000	22.254176	1.0	16079.0	20.0	35.0	42.0	155.0	4251.0	ok	/home/seunghyun/ycsb/results/chiplet_ycsb_256mib_madracks-mnode5_20260314T060453Z_1429430/runs/rocksdb/chiplet_x7/inst15/run.stdout.log	/home/seunghyun/ycsb/results/chiplet_ycsb_256mib_madracks-mnode5_20260314T060453Z_1429430/runs/rocksdb/chiplet_x7
2026-03-14T06:13:17Z	madracks-mnode5	amd	rocksdb	embedded	NO_RETIRED_INST_CYCLES	user	chiplet_x7	84	15	15	CLEANUP	1	32744.0	32736.0	32751.0	32751.0	32751.0	32751.0	32751.0	32751.0	ok	/home/seunghyun/ycsb/results/chiplet_ycsb_256mib_madracks-mnode5_20260314T060453Z_1429430/runs/rocksdb/chiplet_x7/inst15/run.stdout.log	/home/seunghyun/ycsb/results/chiplet_ycsb_256mib_madracks-mnode5_20260314T060453Z_1429430/runs/rocksdb/chiplet_x7
2026-03-14T06:13:17Z	madracks-mnode5	amd	rocksdb	embedded	NO_RETIRED_INST_CYCLES	user	chiplet_x7	84	16	16	READ	1000000	24.352185	2.0	20191.0	21.0	38.0	43.0	133.0	4107.0	ok	/home/seunghyun/ycsb/results/chiplet_ycsb_256mib_madracks-mnode5_20260314T060453Z_1429430/runs/rocksdb/chiplet_x7/inst16/run.stdout.log	/home/seunghyun/ycsb/results/chiplet_ycsb_256mib_madracks-mnode5_20260314T060453Z_1429430/runs/rocksdb/chiplet_x7
2026-03-14T06:13:17Z	madracks-mnode5	amd	rocksdb	embedded	NO_RETIRED_INST_CYCLES	user	chiplet_x7	84	16	16	CLEANUP	1	27992.0	27984.0	27999.0	27999.0	27999.0	27999.0	27999.0	27999.0	ok	/home/seunghyun/ycsb/results/chiplet_ycsb_256mib_madracks-mnode5_20260314T060453Z_1429430/runs/rocksdb/chiplet_x7/inst16/run.stdout.log	/home/seunghyun/ycsb/results/chiplet_ycsb_256mib_madracks-mnode5_20260314T060453Z_1429430/runs/rocksdb/chiplet_x7
2026-03-14T06:13:17Z	madracks-mnode5	amd	rocksdb	embedded	NO_RETIRED_INST_CYCLES	user	chiplet_x7	84	17	17	READ	1000000	18.65079	1.0	21119.0	12.0	33.0	41.0	110.0	5519.0	ok	/home/seunghyun/ycsb/results/chiplet_ycsb_256mib_madracks-mnode5_20260314T060453Z_1429430/runs/rocksdb/chiplet_x7/inst17/run.stdout.log	/home/seunghyun/ycsb/results/chiplet_ycsb_256mib_madracks-mnode5_20260314T060453Z_1429430/runs/rocksdb/chiplet_x7
2026-03-14T06:13:17Z	madracks-mnode5	amd	rocksdb	embedded	NO_RETIRED_INST_CYCLES	user	chiplet_x7	84	17	17	CLEANUP	1	9460.0	9456.0	9463.0	9463.0	9463.0	9463.0	9463.0	9463.0	ok	/home/seunghyun/ycsb/results/chiplet_ycsb_256mib_madracks-mnode5_20260314T060453Z_1429430/runs/rocksdb/chiplet_x7/inst17/run.stdout.log	/home/seunghyun/ycsb/results/chiplet_ycsb_256mib_madracks-mnode5_20260314T060453Z_1429430/runs/rocksdb/chiplet_x7
2026-03-14T06:13:17Z	madracks-mnode5	amd	rocksdb	embedded	NO_RETIRED_INST_CYCLES	user	chiplet_x7	84	18	18	READ	1000000	24.414261	1.0	16703.0	21.0	38.0	43.0	133.0	4927.0	ok	/home/seunghyun/ycsb/results/chiplet_ycsb_256mib_madracks-mnode5_20260314T060453Z_1429430/runs/rocksdb/chiplet_x7/inst18/run.stdout.log	/home/seunghyun/ycsb/results/chiplet_ycsb_256mib_madracks-mnode5_20260314T060453Z_1429430/runs/rocksdb/chiplet_x7
2026-03-14T06:13:17Z	madracks-mnode5	amd	rocksdb	embedded	NO_RETIRED_INST_CYCLES	user	chiplet_x7	84	18	18	CLEANUP	1	27592.0	27584.0	27599.0	27599.0	27599.0	27599.0	27599.0	27599.0	ok	/home/seunghyun/ycsb/results/chiplet_ycsb_256mib_madracks-mnode5_20260314T060453Z_1429430/runs/rocksdb/chiplet_x7/inst18/run.stdout.log	/home/seunghyun/ycsb/results/chiplet_ycsb_256mib_madracks-mnode5_20260314T060453Z_1429430/runs/rocksdb/chiplet_x7
2026-03-14T06:13:17Z	madracks-mnode5	amd	rocksdb	embedded	NO_RETIRED_INST_CYCLES	user	chiplet_x7	84	19	19	READ	1000000	23.941559	1.0	20127.0	21.0	38.0	42.0	130.0	4079.0	ok	/home/seunghyun/ycsb/results/chiplet_ycsb_256mib_madracks-mnode5_20260314T060453Z_1429430/runs/rocksdb/chiplet_x7/inst19/run.stdout.log	/home/seunghyun/ycsb/results/chiplet_ycsb_256mib_madracks-mnode5_20260314T060453Z_1429430/runs/rocksdb/chiplet_x7
2026-03-14T06:13:17Z	madracks-mnode5	amd	rocksdb	embedded	NO_RETIRED_INST_CYCLES	user	chiplet_x7	84	19	19	CLEANUP	1	25528.0	25520.0	25535.0	25535.0	25535.0	25535.0	25535.0	25535.0	ok	/home/seunghyun/ycsb/results/chiplet_ycsb_256mib_madracks-mnode5_20260314T060453Z_1429430/runs/rocksdb/chiplet_x7/inst19/run.stdout.log	/home/seunghyun/ycsb/results/chiplet_ycsb_256mib_madracks-mnode5_20260314T060453Z_1429430/runs/rocksdb/chiplet_x7
2026-03-14T06:13:17Z	madracks-mnode5	amd	rocksdb	embedded	NO_RETIRED_INST_CYCLES	user	chiplet_x7	84	20	20	READ	1000000	24.239726	1.0	20127.0	21.0	38.0	43.0	132.0	4089.0	ok	/home/seunghyun/ycsb/results/chiplet_ycsb_256mib_madracks-mnode5_20260314T060453Z_1429430/runs/rocksdb/chiplet_x7/inst20/run.stdout.log	/home/seunghyun/ycsb/results/chiplet_ycsb_256mib_madracks-mnode5_20260314T060453Z_1429430/runs/rocksdb/chiplet_x7
2026-03-14T06:13:17Z	madracks-mnode5	amd	rocksdb	embedded	NO_RETIRED_INST_CYCLES	user	chiplet_x7	84	20	20	CLEANUP	1	25976.0	25968.0	25983.0	25983.0	25983.0	25983.0	25983.0	25983.0	ok	/home/seunghyun/ycsb/results/chiplet_ycsb_256mib_madracks-mnode5_20260314T060453Z_1429430/runs/rocksdb/chiplet_x7/inst20/run.stdout.log	/home/seunghyun/ycsb/results/chiplet_ycsb_256mib_madracks-mnode5_20260314T060453Z_1429430/runs/rocksdb/chiplet_x7
2026-03-14T06:13:17Z	madracks-mnode5	amd	rocksdb	embedded	NO_RETIRED_INST_CYCLES	user	chiplet_x7	84	21	21	READ	1000000	24.300258	1.0	16479.0	21.0	38.0	43.0	134.0	4107.0	ok	/home/seunghyun/ycsb/results/chiplet_ycsb_256mib_madracks-mnode5_20260314T060453Z_1429430/runs/rocksdb/chiplet_x7/inst21/run.stdout.log	/home/seunghyun/ycsb/results/chiplet_ycsb_256mib_madracks-mnode5_20260314T060453Z_1429430/runs/rocksdb/chiplet_x7
2026-03-14T06:13:17Z	madracks-mnode5	amd	rocksdb	embedded	NO_RETIRED_INST_CYCLES	user	chiplet_x7	84	21	21	CLEANUP	1	25384.0	25376.0	25391.0	25391.0	25391.0	25391.0	25391.0	25391.0	ok	/home/seunghyun/ycsb/results/chiplet_ycsb_256mib_madracks-mnode5_20260314T060453Z_1429430/runs/rocksdb/chiplet_x7/inst21/run.stdout.log	/home/seunghyun/ycsb/results/chiplet_ycsb_256mib_madracks-mnode5_20260314T060453Z_1429430/runs/rocksdb/chiplet_x7
2026-03-14T06:13:17Z	madracks-mnode5	amd	rocksdb	embedded	NO_RETIRED_INST_CYCLES	user	chiplet_x7	84	22	22	READ	1000000	24.312102	2.0	20127.0	21.0	38.0	42.0	132.0	4079.0	ok	/home/seunghyun/ycsb/results/chiplet_ycsb_256mib_madracks-mnode5_20260314T060453Z_1429430/runs/rocksdb/chiplet_x7/inst22/run.stdout.log	/home/seunghyun/ycsb/results/chiplet_ycsb_256mib_madracks-mnode5_20260314T060453Z_1429430/runs/rocksdb/chiplet_x7
2026-03-14T06:13:17Z	madracks-mnode5	amd	rocksdb	embedded	NO_RETIRED_INST_CYCLES	user	chiplet_x7	84	22	22	CLEANUP	1	25272.0	25264.0	25279.0	25279.0	25279.0	25279.0	25279.0	25279.0	ok	/home/seunghyun/ycsb/results/chiplet_ycsb_256mib_madracks-mnode5_20260314T060453Z_1429430/runs/rocksdb/chiplet_x7/inst22/run.stdout.log	/home/seunghyun/ycsb/results/chiplet_ycsb_256mib_madracks-mnode5_20260314T060453Z_1429430/runs/rocksdb/chiplet_x7
2026-03-14T06:13:17Z	madracks-mnode5	amd	rocksdb	embedded	NO_RETIRED_INST_CYCLES	user	chiplet_x7	84	23	23	READ	1000000	21.806099	2.0	16079.0	20.0	35.0	42.0	132.0	4093.0	ok	/home/seunghyun/ycsb/results/chiplet_ycsb_256mib_madracks-mnode5_20260314T060453Z_1429430/runs/rocksdb/chiplet_x7/inst23/run.stdout.log	/home/seunghyun/ycsb/results/chiplet_ycsb_256mib_madracks-mnode5_20260314T060453Z_1429430/runs/rocksdb/chiplet_x7
2026-03-14T06:13:17Z	madracks-mnode5	amd	rocksdb	embedded	NO_RETIRED_INST_CYCLES	user	chiplet_x7	84	23	23	CLEANUP	1	37936.0	37920.0	37951.0	37951.0	37951.0	37951.0	37951.0	37951.0	ok	/home/seunghyun/ycsb/results/chiplet_ycsb_256mib_madracks-mnode5_20260314T060453Z_1429430/runs/rocksdb/chiplet_x7/inst23/run.stdout.log	/home/seunghyun/ycsb/results/chiplet_ycsb_256mib_madracks-mnode5_20260314T060453Z_1429430/runs/rocksdb/chiplet_x7
2026-03-14T06:13:17Z	madracks-mnode5	amd	rocksdb	embedded	NO_RETIRED_INST_CYCLES	user	chiplet_x7	84	24	24	READ	1000000	24.336112	1.0	19231.0	21.0	38.0	43.0	133.0	4093.0	ok	/home/seunghyun/ycsb/results/chiplet_ycsb_256mib_madracks-mnode5_20260314T060453Z_1429430/runs/rocksdb/chiplet_x7/inst24/run.stdout.log	/home/seunghyun/ycsb/results/chiplet_ycsb_256mib_madracks-mnode5_20260314T060453Z_1429430/runs/rocksdb/chiplet_x7
2026-03-14T06:13:17Z	madracks-mnode5	amd	rocksdb	embedded	NO_RETIRED_INST_CYCLES	user	chiplet_x7	84	24	24	CLEANUP	1	37712.0	37696.0	37727.0	37727.0	37727.0	37727.0	37727.0	37727.0	ok	/home/seunghyun/ycsb/results/chiplet_ycsb_256mib_madracks-mnode5_20260314T060453Z_1429430/runs/rocksdb/chiplet_x7/inst24/run.stdout.log	/home/seunghyun/ycsb/results/chiplet_ycsb_256mib_madracks-mnode5_20260314T060453Z_1429430/runs/rocksdb/chiplet_x7
2026-03-14T06:13:17Z	madracks-mnode5	amd	rocksdb	embedded	NO_RETIRED_INST_CYCLES	user	chiplet_x7	84	25	25	READ	1000000	24.453245	1.0	26079.0	21.0	39.0	43.0	133.0	4085.0	ok	/home/seunghyun/ycsb/results/chiplet_ycsb_256mib_madracks-mnode5_20260314T060453Z_1429430/runs/rocksdb/chiplet_x7/inst25/run.stdout.log	/home/seunghyun/ycsb/results/chiplet_ycsb_256mib_madracks-mnode5_20260314T060453Z_1429430/runs/rocksdb/chiplet_x7
2026-03-14T06:13:17Z	madracks-mnode5	amd	rocksdb	embedded	NO_RETIRED_INST_CYCLES	user	chiplet_x7	84	25	25	CLEANUP	1	40560.0	40544.0	40575.0	40575.0	40575.0	40575.0	40575.0	40575.0	ok	/home/seunghyun/ycsb/results/chiplet_ycsb_256mib_madracks-mnode5_20260314T060453Z_1429430/runs/rocksdb/chiplet_x7/inst25/run.stdout.log	/home/seunghyun/ycsb/results/chiplet_ycsb_256mib_madracks-mnode5_20260314T060453Z_1429430/runs/rocksdb/chiplet_x7
2026-03-14T06:13:17Z	madracks-mnode5	amd	rocksdb	embedded	NO_RETIRED_INST_CYCLES	user	chiplet_x7	84	26	26	READ	1000000	24.342598	1.0	15735.0	21.0	39.0	43.0	133.0	4083.0	ok	/home/seunghyun/ycsb/results/chiplet_ycsb_256mib_madracks-mnode5_20260314T060453Z_1429430/runs/rocksdb/chiplet_x7/inst26/run.stdout.log	/home/seunghyun/ycsb/results/chiplet_ycsb_256mib_madracks-mnode5_20260314T060453Z_1429430/runs/rocksdb/chiplet_x7
2026-03-14T06:13:17Z	madracks-mnode5	amd	rocksdb	embedded	NO_RETIRED_INST_CYCLES	user	chiplet_x7	84	26	26	CLEANUP	1	25576.0	25568.0	25583.0	25583.0	25583.0	25583.0	25583.0	25583.0	ok	/home/seunghyun/ycsb/results/chiplet_ycsb_256mib_madracks-mnode5_20260314T060453Z_1429430/runs/rocksdb/chiplet_x7/inst26/run.stdout.log	/home/seunghyun/ycsb/results/chiplet_ycsb_256mib_madracks-mnode5_20260314T060453Z_1429430/runs/rocksdb/chiplet_x7
2026-03-14T06:13:17Z	madracks-mnode5	amd	rocksdb	embedded	NO_RETIRED_INST_CYCLES	user	chiplet_x7	84	27	27	READ	1000000	24.444402	1.0	14415.0	21.0	38.0	43.0	132.0	4131.0	ok	/home/seunghyun/ycsb/results/chiplet_ycsb_256mib_madracks-mnode5_20260314T060453Z_1429430/runs/rocksdb/chiplet_x7/inst27/run.stdout.log	/home/seunghyun/ycsb/results/chiplet_ycsb_256mib_madracks-mnode5_20260314T060453Z_1429430/runs/rocksdb/chiplet_x7
2026-03-14T06:13:17Z	madracks-mnode5	amd	rocksdb	embedded	NO_RETIRED_INST_CYCLES	user	chiplet_x7	84	27	27	CLEANUP	1	36304.0	36288.0	36319.0	36319.0	36319.0	36319.0	36319.0	36319.0	ok	/home/seunghyun/ycsb/results/chiplet_ycsb_256mib_madracks-mnode5_20260314T060453Z_1429430/runs/rocksdb/chiplet_x7/inst27/run.stdout.log	/home/seunghyun/ycsb/results/chiplet_ycsb_256mib_madracks-mnode5_20260314T060453Z_1429430/runs/rocksdb/chiplet_x7
2026-03-14T06:13:17Z	madracks-mnode5	amd	rocksdb	embedded	NO_RETIRED_INST_CYCLES	user	chiplet_x7	84	28	28	READ	1000000	24.370306	1.0	24159.0	21.0	38.0	43.0	132.0	4119.0	ok	/home/seunghyun/ycsb/results/chiplet_ycsb_256mib_madracks-mnode5_20260314T060453Z_1429430/runs/rocksdb/chiplet_x7/inst28/run.stdout.log	/home/seunghyun/ycsb/results/chiplet_ycsb_256mib_madracks-mnode5_20260314T060453Z_1429430/runs/rocksdb/chiplet_x7
2026-03-14T06:13:17Z	madracks-mnode5	amd	rocksdb	embedded	NO_RETIRED_INST_CYCLES	user	chiplet_x7	84	28	28	CLEANUP	1	25192.0	25184.0	25199.0	25199.0	25199.0	25199.0	25199.0	25199.0	ok	/home/seunghyun/ycsb/results/chiplet_ycsb_256mib_madracks-mnode5_20260314T060453Z_1429430/runs/rocksdb/chiplet_x7/inst28/run.stdout.log	/home/seunghyun/ycsb/results/chiplet_ycsb_256mib_madracks-mnode5_20260314T060453Z_1429430/runs/rocksdb/chiplet_x7
2026-03-14T06:13:17Z	madracks-mnode5	amd	rocksdb	embedded	NO_RETIRED_INST_CYCLES	user	chiplet_x7	84	29	29	READ	1000000	24.342858	1.0	16167.0	21.0	38.0	43.0	134.0	4555.0	ok	/home/seunghyun/ycsb/results/chiplet_ycsb_256mib_madracks-mnode5_20260314T060453Z_1429430/runs/rocksdb/chiplet_x7/inst29/run.stdout.log	/home/seunghyun/ycsb/results/chiplet_ycsb_256mib_madracks-mnode5_20260314T060453Z_1429430/runs/rocksdb/chiplet_x7
2026-03-14T06:13:17Z	madracks-mnode5	amd	rocksdb	embedded	NO_RETIRED_INST_CYCLES	user	chiplet_x7	84	29	29	CLEANUP	1	32848.0	32832.0	32863.0	32863.0	32863.0	32863.0	32863.0	32863.0	ok	/home/seunghyun/ycsb/results/chiplet_ycsb_256mib_madracks-mnode5_20260314T060453Z_1429430/runs/rocksdb/chiplet_x7/inst29/run.stdout.log	/home/seunghyun/ycsb/results/chiplet_ycsb_256mib_madracks-mnode5_20260314T060453Z_1429430/runs/rocksdb/chiplet_x7
2026-03-14T06:13:17Z	madracks-mnode5	amd	rocksdb	embedded	NO_RETIRED_INST_CYCLES	user	chiplet_x7	84	30	30	READ	1000000	24.589671	1.0	16071.0	21.0	39.0	43.0	142.0	4407.0	ok	/home/seunghyun/ycsb/results/chiplet_ycsb_256mib_madracks-mnode5_20260314T060453Z_1429430/runs/rocksdb/chiplet_x7/inst30/run.stdout.log	/home/seunghyun/ycsb/results/chiplet_ycsb_256mib_madracks-mnode5_20260314T060453Z_1429430/runs/rocksdb/chiplet_x7
2026-03-14T06:13:17Z	madracks-mnode5	amd	rocksdb	embedded	NO_RETIRED_INST_CYCLES	user	chiplet_x7	84	30	30	CLEANUP	1	51216.0	51200.0	51231.0	51231.0	51231.0	51231.0	51231.0	51231.0	ok	/home/seunghyun/ycsb/results/chiplet_ycsb_256mib_madracks-mnode5_20260314T060453Z_1429430/runs/rocksdb/chiplet_x7/inst30/run.stdout.log	/home/seunghyun/ycsb/results/chiplet_ycsb_256mib_madracks-mnode5_20260314T060453Z_1429430/runs/rocksdb/chiplet_x7
2026-03-14T06:13:17Z	madracks-mnode5	amd	rocksdb	embedded	NO_RETIRED_INST_CYCLES	user	chiplet_x7	84	31	31	READ	1000000	21.870302	1.0	20847.0	20.0	35.0	42.0	131.0	4073.0	ok	/home/seunghyun/ycsb/results/chiplet_ycsb_256mib_madracks-mnode5_20260314T060453Z_1429430/runs/rocksdb/chiplet_x7/inst31/run.stdout.log	/home/seunghyun/ycsb/results/chiplet_ycsb_256mib_madracks-mnode5_20260314T060453Z_1429430/runs/rocksdb/chiplet_x7
2026-03-14T06:13:17Z	madracks-mnode5	amd	rocksdb	embedded	NO_RETIRED_INST_CYCLES	user	chiplet_x7	84	31	31	CLEANUP	1	33104.0	33088.0	33119.0	33119.0	33119.0	33119.0	33119.0	33119.0	ok	/home/seunghyun/ycsb/results/chiplet_ycsb_256mib_madracks-mnode5_20260314T060453Z_1429430/runs/rocksdb/chiplet_x7/inst31/run.stdout.log	/home/seunghyun/ycsb/results/chiplet_ycsb_256mib_madracks-mnode5_20260314T060453Z_1429430/runs/rocksdb/chiplet_x7
2026-03-14T06:13:17Z	madracks-mnode5	amd	rocksdb	embedded	NO_RETIRED_INST_CYCLES	user	chiplet_x7	84	32	32	READ	1000000	24.539148	2.0	21951.0	21.0	39.0	43.0	135.0	4359.0	ok	/home/seunghyun/ycsb/results/chiplet_ycsb_256mib_madracks-mnode5_20260314T060453Z_1429430/runs/rocksdb/chiplet_x7/inst32/run.stdout.log	/home/seunghyun/ycsb/results/chiplet_ycsb_256mib_madracks-mnode5_20260314T060453Z_1429430/runs/rocksdb/chiplet_x7
2026-03-14T06:13:17Z	madracks-mnode5	amd	rocksdb	embedded	NO_RETIRED_INST_CYCLES	user	chiplet_x7	84	32	32	CLEANUP	1	49904.0	49888.0	49919.0	49919.0	49919.0	49919.0	49919.0	49919.0	ok	/home/seunghyun/ycsb/results/chiplet_ycsb_256mib_madracks-mnode5_20260314T060453Z_1429430/runs/rocksdb/chiplet_x7/inst32/run.stdout.log	/home/seunghyun/ycsb/results/chiplet_ycsb_256mib_madracks-mnode5_20260314T060453Z_1429430/runs/rocksdb/chiplet_x7
2026-03-14T06:13:17Z	madracks-mnode5	amd	rocksdb	embedded	NO_RETIRED_INST_CYCLES	user	chiplet_x7	84	33	33	READ	1000000	22.520521	1.0	16087.0	20.0	35.0	43.0	154.0	5915.0	ok	/home/seunghyun/ycsb/results/chiplet_ycsb_256mib_madracks-mnode5_20260314T060453Z_1429430/runs/rocksdb/chiplet_x7/inst33/run.stdout.log	/home/seunghyun/ycsb/results/chiplet_ycsb_256mib_madracks-mnode5_20260314T060453Z_1429430/runs/rocksdb/chiplet_x7
2026-03-14T06:13:17Z	madracks-mnode5	amd	rocksdb	embedded	NO_RETIRED_INST_CYCLES	user	chiplet_x7	84	33	33	CLEANUP	1	29544.0	29536.0	29551.0	29551.0	29551.0	29551.0	29551.0	29551.0	ok	/home/seunghyun/ycsb/results/chiplet_ycsb_256mib_madracks-mnode5_20260314T060453Z_1429430/runs/rocksdb/chiplet_x7/inst33/run.stdout.log	/home/seunghyun/ycsb/results/chiplet_ycsb_256mib_madracks-mnode5_20260314T060453Z_1429430/runs/rocksdb/chiplet_x7
2026-03-14T06:13:17Z	madracks-mnode5	amd	rocksdb	embedded	NO_RETIRED_INST_CYCLES	user	chiplet_x7	84	34	34	READ	1000000	24.340411	1.0	18015.0	21.0	38.0	43.0	135.0	4083.0	ok	/home/seunghyun/ycsb/results/chiplet_ycsb_256mib_madracks-mnode5_20260314T060453Z_1429430/runs/rocksdb/chiplet_x7/inst34/run.stdout.log	/home/seunghyun/ycsb/results/chiplet_ycsb_256mib_madracks-mnode5_20260314T060453Z_1429430/runs/rocksdb/chiplet_x7
2026-03-14T06:13:17Z	madracks-mnode5	amd	rocksdb	embedded	NO_RETIRED_INST_CYCLES	user	chiplet_x7	84	34	34	CLEANUP	1	2581.0	2580.0	2581.0	2581.0	2581.0	2581.0	2581.0	2581.0	ok	/home/seunghyun/ycsb/results/chiplet_ycsb_256mib_madracks-mnode5_20260314T060453Z_1429430/runs/rocksdb/chiplet_x7/inst34/run.stdout.log	/home/seunghyun/ycsb/results/chiplet_ycsb_256mib_madracks-mnode5_20260314T060453Z_1429430/runs/rocksdb/chiplet_x7
2026-03-14T06:13:17Z	madracks-mnode5	amd	rocksdb	embedded	NO_RETIRED_INST_CYCLES	user	chiplet_x7	84	35	35	READ	1000000	24.361858	2.0	20111.0	21.0	38.0	43.0	134.0	4167.0	ok	/home/seunghyun/ycsb/results/chiplet_ycsb_256mib_madracks-mnode5_20260314T060453Z_1429430/runs/rocksdb/chiplet_x7/inst35/run.stdout.log	/home/seunghyun/ycsb/results/chiplet_ycsb_256mib_madracks-mnode5_20260314T060453Z_1429430/runs/rocksdb/chiplet_x7
2026-03-14T06:13:17Z	madracks-mnode5	amd	rocksdb	embedded	NO_RETIRED_INST_CYCLES	user	chiplet_x7	84	35	35	CLEANUP	1	25080.0	25072.0	25087.0	25087.0	25087.0	25087.0	25087.0	25087.0	ok	/home/seunghyun/ycsb/results/chiplet_ycsb_256mib_madracks-mnode5_20260314T060453Z_1429430/runs/rocksdb/chiplet_x7/inst35/run.stdout.log	/home/seunghyun/ycsb/results/chiplet_ycsb_256mib_madracks-mnode5_20260314T060453Z_1429430/runs/rocksdb/chiplet_x7
2026-03-14T06:13:17Z	madracks-mnode5	amd	rocksdb	embedded	NO_RETIRED_INST_CYCLES	user	chiplet_x7	84	36	36	READ	1000000	24.32002	1.0	20111.0	21.0	38.0	43.0	131.0	4119.0	ok	/home/seunghyun/ycsb/results/chiplet_ycsb_256mib_madracks-mnode5_20260314T060453Z_1429430/runs/rocksdb/chiplet_x7/inst36/run.stdout.log	/home/seunghyun/ycsb/results/chiplet_ycsb_256mib_madracks-mnode5_20260314T060453Z_1429430/runs/rocksdb/chiplet_x7
2026-03-14T06:13:17Z	madracks-mnode5	amd	rocksdb	embedded	NO_RETIRED_INST_CYCLES	user	chiplet_x7	84	36	36	CLEANUP	1	25960.0	25952.0	25967.0	25967.0	25967.0	25967.0	25967.0	25967.0	ok	/home/seunghyun/ycsb/results/chiplet_ycsb_256mib_madracks-mnode5_20260314T060453Z_1429430/runs/rocksdb/chiplet_x7/inst36/run.stdout.log	/home/seunghyun/ycsb/results/chiplet_ycsb_256mib_madracks-mnode5_20260314T060453Z_1429430/runs/rocksdb/chiplet_x7
2026-03-14T06:13:17Z	madracks-mnode5	amd	rocksdb	embedded	NO_RETIRED_INST_CYCLES	user	chiplet_x7	84	37	37	READ	1000000	19.821386	1.0	16079.0	12.0	34.0	41.0	128.0	4303.0	ok	/home/seunghyun/ycsb/results/chiplet_ycsb_256mib_madracks-mnode5_20260314T060453Z_1429430/runs/rocksdb/chiplet_x7/inst37/run.stdout.log	/home/seunghyun/ycsb/results/chiplet_ycsb_256mib_madracks-mnode5_20260314T060453Z_1429430/runs/rocksdb/chiplet_x7
2026-03-14T06:13:17Z	madracks-mnode5	amd	rocksdb	embedded	NO_RETIRED_INST_CYCLES	user	chiplet_x7	84	37	37	CLEANUP	1	73312.0	73280.0	73343.0	73343.0	73343.0	73343.0	73343.0	73343.0	ok	/home/seunghyun/ycsb/results/chiplet_ycsb_256mib_madracks-mnode5_20260314T060453Z_1429430/runs/rocksdb/chiplet_x7/inst37/run.stdout.log	/home/seunghyun/ycsb/results/chiplet_ycsb_256mib_madracks-mnode5_20260314T060453Z_1429430/runs/rocksdb/chiplet_x7
2026-03-14T06:13:17Z	madracks-mnode5	amd	rocksdb	embedded	NO_RETIRED_INST_CYCLES	user	chiplet_x7	84	38	38	READ	1000000	22.488513	2.0	20079.0	21.0	36.0	42.0	131.0	4089.0	ok	/home/seunghyun/ycsb/results/chiplet_ycsb_256mib_madracks-mnode5_20260314T060453Z_1429430/runs/rocksdb/chiplet_x7/inst38/run.stdout.log	/home/seunghyun/ycsb/results/chiplet_ycsb_256mib_madracks-mnode5_20260314T060453Z_1429430/runs/rocksdb/chiplet_x7
2026-03-14T06:13:17Z	madracks-mnode5	amd	rocksdb	embedded	NO_RETIRED_INST_CYCLES	user	chiplet_x7	84	38	38	CLEANUP	1	32616.0	32608.0	32623.0	32623.0	32623.0	32623.0	32623.0	32623.0	ok	/home/seunghyun/ycsb/results/chiplet_ycsb_256mib_madracks-mnode5_20260314T060453Z_1429430/runs/rocksdb/chiplet_x7/inst38/run.stdout.log	/home/seunghyun/ycsb/results/chiplet_ycsb_256mib_madracks-mnode5_20260314T060453Z_1429430/runs/rocksdb/chiplet_x7
2026-03-14T06:13:17Z	madracks-mnode5	amd	rocksdb	embedded	NO_RETIRED_INST_CYCLES	user	chiplet_x7	84	39	39	READ	1000000	24.348706	1.0	16079.0	21.0	38.0	43.0	132.0	4219.0	ok	/home/seunghyun/ycsb/results/chiplet_ycsb_256mib_madracks-mnode5_20260314T060453Z_1429430/runs/rocksdb/chiplet_x7/inst39/run.stdout.log	/home/seunghyun/ycsb/results/chiplet_ycsb_256mib_madracks-mnode5_20260314T060453Z_1429430/runs/rocksdb/chiplet_x7
2026-03-14T06:13:17Z	madracks-mnode5	amd	rocksdb	embedded	NO_RETIRED_INST_CYCLES	user	chiplet_x7	84	39	39	CLEANUP	1	25496.0	25488.0	25503.0	25503.0	25503.0	25503.0	25503.0	25503.0	ok	/home/seunghyun/ycsb/results/chiplet_ycsb_256mib_madracks-mnode5_20260314T060453Z_1429430/runs/rocksdb/chiplet_x7/inst39/run.stdout.log	/home/seunghyun/ycsb/results/chiplet_ycsb_256mib_madracks-mnode5_20260314T060453Z_1429430/runs/rocksdb/chiplet_x7
2026-03-14T06:13:17Z	madracks-mnode5	amd	rocksdb	embedded	NO_RETIRED_INST_CYCLES	user	chiplet_x7	84	40	40	READ	1000000	19.342732	1.0	16479.0	12.0	34.0	42.0	144.0	4135.0	ok	/home/seunghyun/ycsb/results/chiplet_ycsb_256mib_madracks-mnode5_20260314T060453Z_1429430/runs/rocksdb/chiplet_x7/inst40/run.stdout.log	/home/seunghyun/ycsb/results/chiplet_ycsb_256mib_madracks-mnode5_20260314T060453Z_1429430/runs/rocksdb/chiplet_x7
2026-03-14T06:13:17Z	madracks-mnode5	amd	rocksdb	embedded	NO_RETIRED_INST_CYCLES	user	chiplet_x7	84	40	40	CLEANUP	1	65568.0	65536.0	65599.0	65599.0	65599.0	65599.0	65599.0	65599.0	ok	/home/seunghyun/ycsb/results/chiplet_ycsb_256mib_madracks-mnode5_20260314T060453Z_1429430/runs/rocksdb/chiplet_x7/inst40/run.stdout.log	/home/seunghyun/ycsb/results/chiplet_ycsb_256mib_madracks-mnode5_20260314T060453Z_1429430/runs/rocksdb/chiplet_x7
2026-03-14T06:13:17Z	madracks-mnode5	amd	rocksdb	embedded	NO_RETIRED_INST_CYCLES	user	chiplet_x7	84	41	41	READ	1000000	24.482408	1.0	15631.0	21.0	38.0	43.0	133.0	4431.0	ok	/home/seunghyun/ycsb/results/chiplet_ycsb_256mib_madracks-mnode5_20260314T060453Z_1429430/runs/rocksdb/chiplet_x7/inst41/run.stdout.log	/home/seunghyun/ycsb/results/chiplet_ycsb_256mib_madracks-mnode5_20260314T060453Z_1429430/runs/rocksdb/chiplet_x7
2026-03-14T06:13:17Z	madracks-mnode5	amd	rocksdb	embedded	NO_RETIRED_INST_CYCLES	user	chiplet_x7	84	41	41	CLEANUP	1	38192.0	38176.0	38207.0	38207.0	38207.0	38207.0	38207.0	38207.0	ok	/home/seunghyun/ycsb/results/chiplet_ycsb_256mib_madracks-mnode5_20260314T060453Z_1429430/runs/rocksdb/chiplet_x7/inst41/run.stdout.log	/home/seunghyun/ycsb/results/chiplet_ycsb_256mib_madracks-mnode5_20260314T060453Z_1429430/runs/rocksdb/chiplet_x7
2026-03-14T06:13:17Z	madracks-mnode5	amd	rocksdb	embedded	NO_RETIRED_INST_CYCLES	user	chiplet_x7	84	42	42	READ	1000000	24.371951	1.0	16111.0	21.0	38.0	43.0	132.0	4087.0	ok	/home/seunghyun/ycsb/results/chiplet_ycsb_256mib_madracks-mnode5_20260314T060453Z_1429430/runs/rocksdb/chiplet_x7/inst42/run.stdout.log	/home/seunghyun/ycsb/results/chiplet_ycsb_256mib_madracks-mnode5_20260314T060453Z_1429430/runs/rocksdb/chiplet_x7
2026-03-14T06:13:17Z	madracks-mnode5	amd	rocksdb	embedded	NO_RETIRED_INST_CYCLES	user	chiplet_x7	84	42	42	CLEANUP	1	25800.0	25792.0	25807.0	25807.0	25807.0	25807.0	25807.0	25807.0	ok	/home/seunghyun/ycsb/results/chiplet_ycsb_256mib_madracks-mnode5_20260314T060453Z_1429430/runs/rocksdb/chiplet_x7/inst42/run.stdout.log	/home/seunghyun/ycsb/results/chiplet_ycsb_256mib_madracks-mnode5_20260314T060453Z_1429430/runs/rocksdb/chiplet_x7
2026-03-14T06:13:17Z	madracks-mnode5	amd	rocksdb	embedded	NO_RETIRED_INST_CYCLES	user	chiplet_x7	84	43	43	READ	1000000	24.356582	1.0	24095.0	21.0	39.0	43.0	132.0	4083.0	ok	/home/seunghyun/ycsb/results/chiplet_ycsb_256mib_madracks-mnode5_20260314T060453Z_1429430/runs/rocksdb/chiplet_x7/inst43/run.stdout.log	/home/seunghyun/ycsb/results/chiplet_ycsb_256mib_madracks-mnode5_20260314T060453Z_1429430/runs/rocksdb/chiplet_x7
2026-03-14T06:13:17Z	madracks-mnode5	amd	rocksdb	embedded	NO_RETIRED_INST_CYCLES	user	chiplet_x7	84	43	43	CLEANUP	1	25864.0	25856.0	25871.0	25871.0	25871.0	25871.0	25871.0	25871.0	ok	/home/seunghyun/ycsb/results/chiplet_ycsb_256mib_madracks-mnode5_20260314T060453Z_1429430/runs/rocksdb/chiplet_x7/inst43/run.stdout.log	/home/seunghyun/ycsb/results/chiplet_ycsb_256mib_madracks-mnode5_20260314T060453Z_1429430/runs/rocksdb/chiplet_x7
2026-03-14T06:13:17Z	madracks-mnode5	amd	rocksdb	embedded	NO_RETIRED_INST_CYCLES	user	chiplet_x7	84	44	44	READ	1000000	24.47493	1.0	18879.0	21.0	39.0	43.0	133.0	4195.0	ok	/home/seunghyun/ycsb/results/chiplet_ycsb_256mib_madracks-mnode5_20260314T060453Z_1429430/runs/rocksdb/chiplet_x7/inst44/run.stdout.log	/home/seunghyun/ycsb/results/chiplet_ycsb_256mib_madracks-mnode5_20260314T060453Z_1429430/runs/rocksdb/chiplet_x7
2026-03-14T06:13:17Z	madracks-mnode5	amd	rocksdb	embedded	NO_RETIRED_INST_CYCLES	user	chiplet_x7	84	44	44	CLEANUP	1	37456.0	37440.0	37471.0	37471.0	37471.0	37471.0	37471.0	37471.0	ok	/home/seunghyun/ycsb/results/chiplet_ycsb_256mib_madracks-mnode5_20260314T060453Z_1429430/runs/rocksdb/chiplet_x7/inst44/run.stdout.log	/home/seunghyun/ycsb/results/chiplet_ycsb_256mib_madracks-mnode5_20260314T060453Z_1429430/runs/rocksdb/chiplet_x7
2026-03-14T06:13:17Z	madracks-mnode5	amd	rocksdb	embedded	NO_RETIRED_INST_CYCLES	user	chiplet_x7	84	45	45	READ	1000000	24.420868	1.0	25615.0	21.0	38.0	42.0	134.0	4299.0	ok	/home/seunghyun/ycsb/results/chiplet_ycsb_256mib_madracks-mnode5_20260314T060453Z_1429430/runs/rocksdb/chiplet_x7/inst45/run.stdout.log	/home/seunghyun/ycsb/results/chiplet_ycsb_256mib_madracks-mnode5_20260314T060453Z_1429430/runs/rocksdb/chiplet_x7
2026-03-14T06:13:17Z	madracks-mnode5	amd	rocksdb	embedded	NO_RETIRED_INST_CYCLES	user	chiplet_x7	84	45	45	CLEANUP	1	29848.0	29840.0	29855.0	29855.0	29855.0	29855.0	29855.0	29855.0	ok	/home/seunghyun/ycsb/results/chiplet_ycsb_256mib_madracks-mnode5_20260314T060453Z_1429430/runs/rocksdb/chiplet_x7/inst45/run.stdout.log	/home/seunghyun/ycsb/results/chiplet_ycsb_256mib_madracks-mnode5_20260314T060453Z_1429430/runs/rocksdb/chiplet_x7
2026-03-14T06:13:17Z	madracks-mnode5	amd	rocksdb	embedded	NO_RETIRED_INST_CYCLES	user	chiplet_x7	84	46	46	READ	1000000	24.343323	1.0	18767.0	21.0	39.0	43.0	131.0	4069.0	ok	/home/seunghyun/ycsb/results/chiplet_ycsb_256mib_madracks-mnode5_20260314T060453Z_1429430/runs/rocksdb/chiplet_x7/inst46/run.stdout.log	/home/seunghyun/ycsb/results/chiplet_ycsb_256mib_madracks-mnode5_20260314T060453Z_1429430/runs/rocksdb/chiplet_x7
2026-03-14T06:13:17Z	madracks-mnode5	amd	rocksdb	embedded	NO_RETIRED_INST_CYCLES	user	chiplet_x7	84	46	46	CLEANUP	1	26472.0	26464.0	26479.0	26479.0	26479.0	26479.0	26479.0	26479.0	ok	/home/seunghyun/ycsb/results/chiplet_ycsb_256mib_madracks-mnode5_20260314T060453Z_1429430/runs/rocksdb/chiplet_x7/inst46/run.stdout.log	/home/seunghyun/ycsb/results/chiplet_ycsb_256mib_madracks-mnode5_20260314T060453Z_1429430/runs/rocksdb/chiplet_x7
2026-03-14T06:13:17Z	madracks-mnode5	amd	rocksdb	embedded	NO_RETIRED_INST_CYCLES	user	chiplet_x7	84	47	47	READ	1000000	24.466047	1.0	20159.0	21.0	39.0	43.0	135.0	4123.0	ok	/home/seunghyun/ycsb/results/chiplet_ycsb_256mib_madracks-mnode5_20260314T060453Z_1429430/runs/rocksdb/chiplet_x7/inst47/run.stdout.log	/home/seunghyun/ycsb/results/chiplet_ycsb_256mib_madracks-mnode5_20260314T060453Z_1429430/runs/rocksdb/chiplet_x7
2026-03-14T06:13:17Z	madracks-mnode5	amd	rocksdb	embedded	NO_RETIRED_INST_CYCLES	user	chiplet_x7	84	47	47	CLEANUP	1	37840.0	37824.0	37855.0	37855.0	37855.0	37855.0	37855.0	37855.0	ok	/home/seunghyun/ycsb/results/chiplet_ycsb_256mib_madracks-mnode5_20260314T060453Z_1429430/runs/rocksdb/chiplet_x7/inst47/run.stdout.log	/home/seunghyun/ycsb/results/chiplet_ycsb_256mib_madracks-mnode5_20260314T060453Z_1429430/runs/rocksdb/chiplet_x7
2026-03-14T06:13:17Z	madracks-mnode5	amd	rocksdb	embedded	NO_RETIRED_INST_CYCLES	user	chiplet_x7	84	48	48	READ	1000000	24.304698	1.0	26159.0	21.0	39.0	43.0	132.0	4077.0	ok	/home/seunghyun/ycsb/results/chiplet_ycsb_256mib_madracks-mnode5_20260314T060453Z_1429430/runs/rocksdb/chiplet_x7/inst48/run.stdout.log	/home/seunghyun/ycsb/results/chiplet_ycsb_256mib_madracks-mnode5_20260314T060453Z_1429430/runs/rocksdb/chiplet_x7
2026-03-14T06:13:17Z	madracks-mnode5	amd	rocksdb	embedded	NO_RETIRED_INST_CYCLES	user	chiplet_x7	84	48	48	CLEANUP	1	25848.0	25840.0	25855.0	25855.0	25855.0	25855.0	25855.0	25855.0	ok	/home/seunghyun/ycsb/results/chiplet_ycsb_256mib_madracks-mnode5_20260314T060453Z_1429430/runs/rocksdb/chiplet_x7/inst48/run.stdout.log	/home/seunghyun/ycsb/results/chiplet_ycsb_256mib_madracks-mnode5_20260314T060453Z_1429430/runs/rocksdb/chiplet_x7
2026-03-14T06:13:17Z	madracks-mnode5	amd	rocksdb	embedded	NO_RETIRED_INST_CYCLES	user	chiplet_x7	84	49	49	READ	1000000	24.377978	1.0	36127.0	21.0	38.0	42.0	134.0	4087.0	ok	/home/seunghyun/ycsb/results/chiplet_ycsb_256mib_madracks-mnode5_20260314T060453Z_1429430/runs/rocksdb/chiplet_x7/inst49/run.stdout.log	/home/seunghyun/ycsb/results/chiplet_ycsb_256mib_madracks-mnode5_20260314T060453Z_1429430/runs/rocksdb/chiplet_x7
2026-03-14T06:13:17Z	madracks-mnode5	amd	rocksdb	embedded	NO_RETIRED_INST_CYCLES	user	chiplet_x7	84	49	49	CLEANUP	1	26120.0	26112.0	26127.0	26127.0	26127.0	26127.0	26127.0	26127.0	ok	/home/seunghyun/ycsb/results/chiplet_ycsb_256mib_madracks-mnode5_20260314T060453Z_1429430/runs/rocksdb/chiplet_x7/inst49/run.stdout.log	/home/seunghyun/ycsb/results/chiplet_ycsb_256mib_madracks-mnode5_20260314T060453Z_1429430/runs/rocksdb/chiplet_x7
2026-03-14T06:13:17Z	madracks-mnode5	amd	rocksdb	embedded	NO_RETIRED_INST_CYCLES	user	chiplet_x7	84	50	50	READ	1000000	24.350025	1.0	16087.0	21.0	38.0	43.0	132.0	4283.0	ok	/home/seunghyun/ycsb/results/chiplet_ycsb_256mib_madracks-mnode5_20260314T060453Z_1429430/runs/rocksdb/chiplet_x7/inst50/run.stdout.log	/home/seunghyun/ycsb/results/chiplet_ycsb_256mib_madracks-mnode5_20260314T060453Z_1429430/runs/rocksdb/chiplet_x7
2026-03-14T06:13:17Z	madracks-mnode5	amd	rocksdb	embedded	NO_RETIRED_INST_CYCLES	user	chiplet_x7	84	50	50	CLEANUP	1	29128.0	29120.0	29135.0	29135.0	29135.0	29135.0	29135.0	29135.0	ok	/home/seunghyun/ycsb/results/chiplet_ycsb_256mib_madracks-mnode5_20260314T060453Z_1429430/runs/rocksdb/chiplet_x7/inst50/run.stdout.log	/home/seunghyun/ycsb/results/chiplet_ycsb_256mib_madracks-mnode5_20260314T060453Z_1429430/runs/rocksdb/chiplet_x7
2026-03-14T06:13:17Z	madracks-mnode5	amd	rocksdb	embedded	NO_RETIRED_INST_CYCLES	user	chiplet_x7	84	51	51	READ	1000000	24.408392	1.0	20095.0	21.0	38.0	43.0	134.0	4495.0	ok	/home/seunghyun/ycsb/results/chiplet_ycsb_256mib_madracks-mnode5_20260314T060453Z_1429430/runs/rocksdb/chiplet_x7/inst51/run.stdout.log	/home/seunghyun/ycsb/results/chiplet_ycsb_256mib_madracks-mnode5_20260314T060453Z_1429430/runs/rocksdb/chiplet_x7
2026-03-14T06:13:17Z	madracks-mnode5	amd	rocksdb	embedded	NO_RETIRED_INST_CYCLES	user	chiplet_x7	84	51	51	CLEANUP	1	47952.0	47936.0	47967.0	47967.0	47967.0	47967.0	47967.0	47967.0	ok	/home/seunghyun/ycsb/results/chiplet_ycsb_256mib_madracks-mnode5_20260314T060453Z_1429430/runs/rocksdb/chiplet_x7/inst51/run.stdout.log	/home/seunghyun/ycsb/results/chiplet_ycsb_256mib_madracks-mnode5_20260314T060453Z_1429430/runs/rocksdb/chiplet_x7
2026-03-14T06:13:17Z	madracks-mnode5	amd	rocksdb	embedded	NO_RETIRED_INST_CYCLES	user	chiplet_x7	84	52	52	READ	1000000	21.796803	1.0	24127.0	20.0	35.0	42.0	131.0	4127.0	ok	/home/seunghyun/ycsb/results/chiplet_ycsb_256mib_madracks-mnode5_20260314T060453Z_1429430/runs/rocksdb/chiplet_x7/inst52/run.stdout.log	/home/seunghyun/ycsb/results/chiplet_ycsb_256mib_madracks-mnode5_20260314T060453Z_1429430/runs/rocksdb/chiplet_x7
2026-03-14T06:13:17Z	madracks-mnode5	amd	rocksdb	embedded	NO_RETIRED_INST_CYCLES	user	chiplet_x7	84	52	52	CLEANUP	1	4162.0	4160.0	4163.0	4163.0	4163.0	4163.0	4163.0	4163.0	ok	/home/seunghyun/ycsb/results/chiplet_ycsb_256mib_madracks-mnode5_20260314T060453Z_1429430/runs/rocksdb/chiplet_x7/inst52/run.stdout.log	/home/seunghyun/ycsb/results/chiplet_ycsb_256mib_madracks-mnode5_20260314T060453Z_1429430/runs/rocksdb/chiplet_x7
2026-03-14T06:13:17Z	madracks-mnode5	amd	rocksdb	embedded	NO_RETIRED_INST_CYCLES	user	chiplet_x7	84	53	53	READ	1000000	24.443073	1.0	20079.0	21.0	39.0	43.0	133.0	4263.0	ok	/home/seunghyun/ycsb/results/chiplet_ycsb_256mib_madracks-mnode5_20260314T060453Z_1429430/runs/rocksdb/chiplet_x7/inst53/run.stdout.log	/home/seunghyun/ycsb/results/chiplet_ycsb_256mib_madracks-mnode5_20260314T060453Z_1429430/runs/rocksdb/chiplet_x7
2026-03-14T06:13:17Z	madracks-mnode5	amd	rocksdb	embedded	NO_RETIRED_INST_CYCLES	user	chiplet_x7	84	53	53	CLEANUP	1	29128.0	29120.0	29135.0	29135.0	29135.0	29135.0	29135.0	29135.0	ok	/home/seunghyun/ycsb/results/chiplet_ycsb_256mib_madracks-mnode5_20260314T060453Z_1429430/runs/rocksdb/chiplet_x7/inst53/run.stdout.log	/home/seunghyun/ycsb/results/chiplet_ycsb_256mib_madracks-mnode5_20260314T060453Z_1429430/runs/rocksdb/chiplet_x7
2026-03-14T06:13:17Z	madracks-mnode5	amd	rocksdb	embedded	NO_RETIRED_INST_CYCLES	user	chiplet_x7	84	54	54	READ	1000000	24.420174	1.0	18687.0	21.0	39.0	43.0	133.0	4159.0	ok	/home/seunghyun/ycsb/results/chiplet_ycsb_256mib_madracks-mnode5_20260314T060453Z_1429430/runs/rocksdb/chiplet_x7/inst54/run.stdout.log	/home/seunghyun/ycsb/results/chiplet_ycsb_256mib_madracks-mnode5_20260314T060453Z_1429430/runs/rocksdb/chiplet_x7
2026-03-14T06:13:17Z	madracks-mnode5	amd	rocksdb	embedded	NO_RETIRED_INST_CYCLES	user	chiplet_x7	84	54	54	CLEANUP	1	37808.0	37792.0	37823.0	37823.0	37823.0	37823.0	37823.0	37823.0	ok	/home/seunghyun/ycsb/results/chiplet_ycsb_256mib_madracks-mnode5_20260314T060453Z_1429430/runs/rocksdb/chiplet_x7/inst54/run.stdout.log	/home/seunghyun/ycsb/results/chiplet_ycsb_256mib_madracks-mnode5_20260314T060453Z_1429430/runs/rocksdb/chiplet_x7
2026-03-14T06:13:17Z	madracks-mnode5	amd	rocksdb	embedded	NO_RETIRED_INST_CYCLES	user	chiplet_x7	84	55	55	READ	1000000	24.473497	1.0	17983.0	21.0	38.0	43.0	133.0	4339.0	ok	/home/seunghyun/ycsb/results/chiplet_ycsb_256mib_madracks-mnode5_20260314T060453Z_1429430/runs/rocksdb/chiplet_x7/inst55/run.stdout.log	/home/seunghyun/ycsb/results/chiplet_ycsb_256mib_madracks-mnode5_20260314T060453Z_1429430/runs/rocksdb/chiplet_x7
2026-03-14T06:13:17Z	madracks-mnode5	amd	rocksdb	embedded	NO_RETIRED_INST_CYCLES	user	chiplet_x7	84	55	55	CLEANUP	1	37648.0	37632.0	37663.0	37663.0	37663.0	37663.0	37663.0	37663.0	ok	/home/seunghyun/ycsb/results/chiplet_ycsb_256mib_madracks-mnode5_20260314T060453Z_1429430/runs/rocksdb/chiplet_x7/inst55/run.stdout.log	/home/seunghyun/ycsb/results/chiplet_ycsb_256mib_madracks-mnode5_20260314T060453Z_1429430/runs/rocksdb/chiplet_x7
2026-03-14T06:13:17Z	madracks-mnode5	amd	rocksdb	embedded	NO_RETIRED_INST_CYCLES	user	chiplet_x7	84	56	56	READ	1000000	24.395815	2.0	17663.0	21.0	38.0	42.0	136.0	4159.0	ok	/home/seunghyun/ycsb/results/chiplet_ycsb_256mib_madracks-mnode5_20260314T060453Z_1429430/runs/rocksdb/chiplet_x7/inst56/run.stdout.log	/home/seunghyun/ycsb/results/chiplet_ycsb_256mib_madracks-mnode5_20260314T060453Z_1429430/runs/rocksdb/chiplet_x7
2026-03-14T06:13:17Z	madracks-mnode5	amd	rocksdb	embedded	NO_RETIRED_INST_CYCLES	user	chiplet_x7	84	56	56	CLEANUP	1	34160.0	34144.0	34175.0	34175.0	34175.0	34175.0	34175.0	34175.0	ok	/home/seunghyun/ycsb/results/chiplet_ycsb_256mib_madracks-mnode5_20260314T060453Z_1429430/runs/rocksdb/chiplet_x7/inst56/run.stdout.log	/home/seunghyun/ycsb/results/chiplet_ycsb_256mib_madracks-mnode5_20260314T060453Z_1429430/runs/rocksdb/chiplet_x7
2026-03-14T06:13:17Z	madracks-mnode5	amd	rocksdb	embedded	NO_RETIRED_INST_CYCLES	user	chiplet_x7	84	57	57	READ	1000000	24.38714	1.0	20079.0	21.0	38.0	42.0	132.0	4089.0	ok	/home/seunghyun/ycsb/results/chiplet_ycsb_256mib_madracks-mnode5_20260314T060453Z_1429430/runs/rocksdb/chiplet_x7/inst57/run.stdout.log	/home/seunghyun/ycsb/results/chiplet_ycsb_256mib_madracks-mnode5_20260314T060453Z_1429430/runs/rocksdb/chiplet_x7
2026-03-14T06:13:17Z	madracks-mnode5	amd	rocksdb	embedded	NO_RETIRED_INST_CYCLES	user	chiplet_x7	84	57	57	CLEANUP	1	25704.0	25696.0	25711.0	25711.0	25711.0	25711.0	25711.0	25711.0	ok	/home/seunghyun/ycsb/results/chiplet_ycsb_256mib_madracks-mnode5_20260314T060453Z_1429430/runs/rocksdb/chiplet_x7/inst57/run.stdout.log	/home/seunghyun/ycsb/results/chiplet_ycsb_256mib_madracks-mnode5_20260314T060453Z_1429430/runs/rocksdb/chiplet_x7
2026-03-14T06:13:17Z	madracks-mnode5	amd	rocksdb	embedded	NO_RETIRED_INST_CYCLES	user	chiplet_x7	84	58	58	READ	1000000	23.504602	1.0	16079.0	21.0	38.0	42.0	133.0	4085.0	ok	/home/seunghyun/ycsb/results/chiplet_ycsb_256mib_madracks-mnode5_20260314T060453Z_1429430/runs/rocksdb/chiplet_x7/inst58/run.stdout.log	/home/seunghyun/ycsb/results/chiplet_ycsb_256mib_madracks-mnode5_20260314T060453Z_1429430/runs/rocksdb/chiplet_x7
2026-03-14T06:13:17Z	madracks-mnode5	amd	rocksdb	embedded	NO_RETIRED_INST_CYCLES	user	chiplet_x7	84	58	58	CLEANUP	1	26904.0	26896.0	26911.0	26911.0	26911.0	26911.0	26911.0	26911.0	ok	/home/seunghyun/ycsb/results/chiplet_ycsb_256mib_madracks-mnode5_20260314T060453Z_1429430/runs/rocksdb/chiplet_x7/inst58/run.stdout.log	/home/seunghyun/ycsb/results/chiplet_ycsb_256mib_madracks-mnode5_20260314T060453Z_1429430/runs/rocksdb/chiplet_x7
2026-03-14T06:13:17Z	madracks-mnode5	amd	rocksdb	embedded	NO_RETIRED_INST_CYCLES	user	chiplet_x7	84	59	59	READ	1000000	24.410411	1.0	20111.0	21.0	39.0	43.0	130.0	4107.0	ok	/home/seunghyun/ycsb/results/chiplet_ycsb_256mib_madracks-mnode5_20260314T060453Z_1429430/runs/rocksdb/chiplet_x7/inst59/run.stdout.log	/home/seunghyun/ycsb/results/chiplet_ycsb_256mib_madracks-mnode5_20260314T060453Z_1429430/runs/rocksdb/chiplet_x7
2026-03-14T06:13:17Z	madracks-mnode5	amd	rocksdb	embedded	NO_RETIRED_INST_CYCLES	user	chiplet_x7	84	59	59	CLEANUP	1	28184.0	28176.0	28191.0	28191.0	28191.0	28191.0	28191.0	28191.0	ok	/home/seunghyun/ycsb/results/chiplet_ycsb_256mib_madracks-mnode5_20260314T060453Z_1429430/runs/rocksdb/chiplet_x7/inst59/run.stdout.log	/home/seunghyun/ycsb/results/chiplet_ycsb_256mib_madracks-mnode5_20260314T060453Z_1429430/runs/rocksdb/chiplet_x7
2026-03-14T06:13:17Z	madracks-mnode5	amd	rocksdb	embedded	NO_RETIRED_INST_CYCLES	user	chiplet_x7	84	60	60	READ	1000000	24.409691	1.0	20111.0	21.0	39.0	43.0	131.0	4087.0	ok	/home/seunghyun/ycsb/results/chiplet_ycsb_256mib_madracks-mnode5_20260314T060453Z_1429430/runs/rocksdb/chiplet_x7/inst60/run.stdout.log	/home/seunghyun/ycsb/results/chiplet_ycsb_256mib_madracks-mnode5_20260314T060453Z_1429430/runs/rocksdb/chiplet_x7
2026-03-14T06:13:17Z	madracks-mnode5	amd	rocksdb	embedded	NO_RETIRED_INST_CYCLES	user	chiplet_x7	84	60	60	CLEANUP	1	34384.0	34368.0	34399.0	34399.0	34399.0	34399.0	34399.0	34399.0	ok	/home/seunghyun/ycsb/results/chiplet_ycsb_256mib_madracks-mnode5_20260314T060453Z_1429430/runs/rocksdb/chiplet_x7/inst60/run.stdout.log	/home/seunghyun/ycsb/results/chiplet_ycsb_256mib_madracks-mnode5_20260314T060453Z_1429430/runs/rocksdb/chiplet_x7
2026-03-14T06:13:17Z	madracks-mnode5	amd	rocksdb	embedded	NO_RETIRED_INST_CYCLES	user	chiplet_x7	84	61	61	READ	1000000	24.423324	1.0	16191.0	21.0	38.0	43.0	134.0	4131.0	ok	/home/seunghyun/ycsb/results/chiplet_ycsb_256mib_madracks-mnode5_20260314T060453Z_1429430/runs/rocksdb/chiplet_x7/inst61/run.stdout.log	/home/seunghyun/ycsb/results/chiplet_ycsb_256mib_madracks-mnode5_20260314T060453Z_1429430/runs/rocksdb/chiplet_x7
2026-03-14T06:13:17Z	madracks-mnode5	amd	rocksdb	embedded	NO_RETIRED_INST_CYCLES	user	chiplet_x7	84	61	61	CLEANUP	1	37616.0	37600.0	37631.0	37631.0	37631.0	37631.0	37631.0	37631.0	ok	/home/seunghyun/ycsb/results/chiplet_ycsb_256mib_madracks-mnode5_20260314T060453Z_1429430/runs/rocksdb/chiplet_x7/inst61/run.stdout.log	/home/seunghyun/ycsb/results/chiplet_ycsb_256mib_madracks-mnode5_20260314T060453Z_1429430/runs/rocksdb/chiplet_x7
2026-03-14T06:13:17Z	madracks-mnode5	amd	rocksdb	embedded	NO_RETIRED_INST_CYCLES	user	chiplet_x7	84	62	62	READ	1000000	24.477124	1.0	19199.0	21.0	39.0	43.0	133.0	4119.0	ok	/home/seunghyun/ycsb/results/chiplet_ycsb_256mib_madracks-mnode5_20260314T060453Z_1429430/runs/rocksdb/chiplet_x7/inst62/run.stdout.log	/home/seunghyun/ycsb/results/chiplet_ycsb_256mib_madracks-mnode5_20260314T060453Z_1429430/runs/rocksdb/chiplet_x7
2026-03-14T06:13:17Z	madracks-mnode5	amd	rocksdb	embedded	NO_RETIRED_INST_CYCLES	user	chiplet_x7	84	62	62	CLEANUP	1	45200.0	45184.0	45215.0	45215.0	45215.0	45215.0	45215.0	45215.0	ok	/home/seunghyun/ycsb/results/chiplet_ycsb_256mib_madracks-mnode5_20260314T060453Z_1429430/runs/rocksdb/chiplet_x7/inst62/run.stdout.log	/home/seunghyun/ycsb/results/chiplet_ycsb_256mib_madracks-mnode5_20260314T060453Z_1429430/runs/rocksdb/chiplet_x7
2026-03-14T06:13:17Z	madracks-mnode5	amd	rocksdb	embedded	NO_RETIRED_INST_CYCLES	user	chiplet_x7	84	63	63	READ	1000000	24.379034	1.0	20815.0	21.0	38.0	43.0	133.0	4111.0	ok	/home/seunghyun/ycsb/results/chiplet_ycsb_256mib_madracks-mnode5_20260314T060453Z_1429430/runs/rocksdb/chiplet_x7/inst63/run.stdout.log	/home/seunghyun/ycsb/results/chiplet_ycsb_256mib_madracks-mnode5_20260314T060453Z_1429430/runs/rocksdb/chiplet_x7
2026-03-14T06:13:17Z	madracks-mnode5	amd	rocksdb	embedded	NO_RETIRED_INST_CYCLES	user	chiplet_x7	84	63	63	CLEANUP	1	25192.0	25184.0	25199.0	25199.0	25199.0	25199.0	25199.0	25199.0	ok	/home/seunghyun/ycsb/results/chiplet_ycsb_256mib_madracks-mnode5_20260314T060453Z_1429430/runs/rocksdb/chiplet_x7/inst63/run.stdout.log	/home/seunghyun/ycsb/results/chiplet_ycsb_256mib_madracks-mnode5_20260314T060453Z_1429430/runs/rocksdb/chiplet_x7
2026-03-14T06:13:17Z	madracks-mnode5	amd	rocksdb	embedded	NO_RETIRED_INST_CYCLES	user	chiplet_x7	84	64	64	READ	1000000	22.440296	1.0	17487.0	20.0	35.0	43.0	166.0	5311.0	ok	/home/seunghyun/ycsb/results/chiplet_ycsb_256mib_madracks-mnode5_20260314T060453Z_1429430/runs/rocksdb/chiplet_x7/inst64/run.stdout.log	/home/seunghyun/ycsb/results/chiplet_ycsb_256mib_madracks-mnode5_20260314T060453Z_1429430/runs/rocksdb/chiplet_x7
2026-03-14T06:13:17Z	madracks-mnode5	amd	rocksdb	embedded	NO_RETIRED_INST_CYCLES	user	chiplet_x7	84	64	64	CLEANUP	1	31928.0	31920.0	31935.0	31935.0	31935.0	31935.0	31935.0	31935.0	ok	/home/seunghyun/ycsb/results/chiplet_ycsb_256mib_madracks-mnode5_20260314T060453Z_1429430/runs/rocksdb/chiplet_x7/inst64/run.stdout.log	/home/seunghyun/ycsb/results/chiplet_ycsb_256mib_madracks-mnode5_20260314T060453Z_1429430/runs/rocksdb/chiplet_x7
2026-03-14T06:13:17Z	madracks-mnode5	amd	rocksdb	embedded	NO_RETIRED_INST_CYCLES	user	chiplet_x7	84	65	65	READ	1000000	24.36996	1.0	28047.0	21.0	38.0	42.0	132.0	4191.0	ok	/home/seunghyun/ycsb/results/chiplet_ycsb_256mib_madracks-mnode5_20260314T060453Z_1429430/runs/rocksdb/chiplet_x7/inst65/run.stdout.log	/home/seunghyun/ycsb/results/chiplet_ycsb_256mib_madracks-mnode5_20260314T060453Z_1429430/runs/rocksdb/chiplet_x7
2026-03-14T06:13:17Z	madracks-mnode5	amd	rocksdb	embedded	NO_RETIRED_INST_CYCLES	user	chiplet_x7	84	65	65	CLEANUP	1	25640.0	25632.0	25647.0	25647.0	25647.0	25647.0	25647.0	25647.0	ok	/home/seunghyun/ycsb/results/chiplet_ycsb_256mib_madracks-mnode5_20260314T060453Z_1429430/runs/rocksdb/chiplet_x7/inst65/run.stdout.log	/home/seunghyun/ycsb/results/chiplet_ycsb_256mib_madracks-mnode5_20260314T060453Z_1429430/runs/rocksdb/chiplet_x7
2026-03-14T06:13:17Z	madracks-mnode5	amd	rocksdb	embedded	NO_RETIRED_INST_CYCLES	user	chiplet_x7	84	66	66	READ	1000000	24.555467	1.0	28143.0	21.0	39.0	43.0	134.0	4507.0	ok	/home/seunghyun/ycsb/results/chiplet_ycsb_256mib_madracks-mnode5_20260314T060453Z_1429430/runs/rocksdb/chiplet_x7/inst66/run.stdout.log	/home/seunghyun/ycsb/results/chiplet_ycsb_256mib_madracks-mnode5_20260314T060453Z_1429430/runs/rocksdb/chiplet_x7
2026-03-14T06:13:17Z	madracks-mnode5	amd	rocksdb	embedded	NO_RETIRED_INST_CYCLES	user	chiplet_x7	84	66	66	CLEANUP	1	48944.0	48928.0	48959.0	48959.0	48959.0	48959.0	48959.0	48959.0	ok	/home/seunghyun/ycsb/results/chiplet_ycsb_256mib_madracks-mnode5_20260314T060453Z_1429430/runs/rocksdb/chiplet_x7/inst66/run.stdout.log	/home/seunghyun/ycsb/results/chiplet_ycsb_256mib_madracks-mnode5_20260314T060453Z_1429430/runs/rocksdb/chiplet_x7
2026-03-14T06:13:17Z	madracks-mnode5	amd	rocksdb	embedded	NO_RETIRED_INST_CYCLES	user	chiplet_x7	84	67	67	READ	1000000	24.404958	2.0	20127.0	21.0	39.0	43.0	134.0	4085.0	ok	/home/seunghyun/ycsb/results/chiplet_ycsb_256mib_madracks-mnode5_20260314T060453Z_1429430/runs/rocksdb/chiplet_x7/inst67/run.stdout.log	/home/seunghyun/ycsb/results/chiplet_ycsb_256mib_madracks-mnode5_20260314T060453Z_1429430/runs/rocksdb/chiplet_x7
2026-03-14T06:13:17Z	madracks-mnode5	amd	rocksdb	embedded	NO_RETIRED_INST_CYCLES	user	chiplet_x7	84	67	67	CLEANUP	1	25800.0	25792.0	25807.0	25807.0	25807.0	25807.0	25807.0	25807.0	ok	/home/seunghyun/ycsb/results/chiplet_ycsb_256mib_madracks-mnode5_20260314T060453Z_1429430/runs/rocksdb/chiplet_x7/inst67/run.stdout.log	/home/seunghyun/ycsb/results/chiplet_ycsb_256mib_madracks-mnode5_20260314T060453Z_1429430/runs/rocksdb/chiplet_x7
2026-03-14T06:13:17Z	madracks-mnode5	amd	rocksdb	embedded	NO_RETIRED_INST_CYCLES	user	chiplet_x7	84	68	68	READ	1000000	21.994389	1.0	22559.0	20.0	35.0	43.0	130.0	4243.0	ok	/home/seunghyun/ycsb/results/chiplet_ycsb_256mib_madracks-mnode5_20260314T060453Z_1429430/runs/rocksdb/chiplet_x7/inst68/run.stdout.log	/home/seunghyun/ycsb/results/chiplet_ycsb_256mib_madracks-mnode5_20260314T060453Z_1429430/runs/rocksdb/chiplet_x7
2026-03-14T06:13:17Z	madracks-mnode5	amd	rocksdb	embedded	NO_RETIRED_INST_CYCLES	user	chiplet_x7	84	68	68	CLEANUP	1	38032.0	38016.0	38047.0	38047.0	38047.0	38047.0	38047.0	38047.0	ok	/home/seunghyun/ycsb/results/chiplet_ycsb_256mib_madracks-mnode5_20260314T060453Z_1429430/runs/rocksdb/chiplet_x7/inst68/run.stdout.log	/home/seunghyun/ycsb/results/chiplet_ycsb_256mib_madracks-mnode5_20260314T060453Z_1429430/runs/rocksdb/chiplet_x7
2026-03-14T06:13:17Z	madracks-mnode5	amd	rocksdb	embedded	NO_RETIRED_INST_CYCLES	user	chiplet_x7	84	69	69	READ	1000000	24.387642	1.0	16103.0	21.0	39.0	43.0	130.0	4111.0	ok	/home/seunghyun/ycsb/results/chiplet_ycsb_256mib_madracks-mnode5_20260314T060453Z_1429430/runs/rocksdb/chiplet_x7/inst69/run.stdout.log	/home/seunghyun/ycsb/results/chiplet_ycsb_256mib_madracks-mnode5_20260314T060453Z_1429430/runs/rocksdb/chiplet_x7
2026-03-14T06:13:17Z	madracks-mnode5	amd	rocksdb	embedded	NO_RETIRED_INST_CYCLES	user	chiplet_x7	84	69	69	CLEANUP	1	37936.0	37920.0	37951.0	37951.0	37951.0	37951.0	37951.0	37951.0	ok	/home/seunghyun/ycsb/results/chiplet_ycsb_256mib_madracks-mnode5_20260314T060453Z_1429430/runs/rocksdb/chiplet_x7/inst69/run.stdout.log	/home/seunghyun/ycsb/results/chiplet_ycsb_256mib_madracks-mnode5_20260314T060453Z_1429430/runs/rocksdb/chiplet_x7
2026-03-14T06:13:17Z	madracks-mnode5	amd	rocksdb	embedded	NO_RETIRED_INST_CYCLES	user	chiplet_x7	84	70	70	READ	1000000	21.689216	1.0	20079.0	20.0	35.0	42.0	129.0	4075.0	ok	/home/seunghyun/ycsb/results/chiplet_ycsb_256mib_madracks-mnode5_20260314T060453Z_1429430/runs/rocksdb/chiplet_x7/inst70/run.stdout.log	/home/seunghyun/ycsb/results/chiplet_ycsb_256mib_madracks-mnode5_20260314T060453Z_1429430/runs/rocksdb/chiplet_x7
2026-03-14T06:13:17Z	madracks-mnode5	amd	rocksdb	embedded	NO_RETIRED_INST_CYCLES	user	chiplet_x7	84	70	70	CLEANUP	1	32848.0	32832.0	32863.0	32863.0	32863.0	32863.0	32863.0	32863.0	ok	/home/seunghyun/ycsb/results/chiplet_ycsb_256mib_madracks-mnode5_20260314T060453Z_1429430/runs/rocksdb/chiplet_x7/inst70/run.stdout.log	/home/seunghyun/ycsb/results/chiplet_ycsb_256mib_madracks-mnode5_20260314T060453Z_1429430/runs/rocksdb/chiplet_x7
2026-03-14T06:13:17Z	madracks-mnode5	amd	rocksdb	embedded	NO_RETIRED_INST_CYCLES	user	chiplet_x7	84	71	71	READ	1000000	24.326666	1.0	20111.0	21.0	38.0	43.0	133.0	4087.0	ok	/home/seunghyun/ycsb/results/chiplet_ycsb_256mib_madracks-mnode5_20260314T060453Z_1429430/runs/rocksdb/chiplet_x7/inst71/run.stdout.log	/home/seunghyun/ycsb/results/chiplet_ycsb_256mib_madracks-mnode5_20260314T060453Z_1429430/runs/rocksdb/chiplet_x7
2026-03-14T06:13:17Z	madracks-mnode5	amd	rocksdb	embedded	NO_RETIRED_INST_CYCLES	user	chiplet_x7	84	71	71	CLEANUP	1	25160.0	25152.0	25167.0	25167.0	25167.0	25167.0	25167.0	25167.0	ok	/home/seunghyun/ycsb/results/chiplet_ycsb_256mib_madracks-mnode5_20260314T060453Z_1429430/runs/rocksdb/chiplet_x7/inst71/run.stdout.log	/home/seunghyun/ycsb/results/chiplet_ycsb_256mib_madracks-mnode5_20260314T060453Z_1429430/runs/rocksdb/chiplet_x7
2026-03-14T06:13:17Z	madracks-mnode5	amd	rocksdb	embedded	NO_RETIRED_INST_CYCLES	user	chiplet_x7	84	72	72	READ	1000000	21.738145	1.0	16119.0	20.0	35.0	42.0	129.0	4081.0	ok	/home/seunghyun/ycsb/results/chiplet_ycsb_256mib_madracks-mnode5_20260314T060453Z_1429430/runs/rocksdb/chiplet_x7/inst72/run.stdout.log	/home/seunghyun/ycsb/results/chiplet_ycsb_256mib_madracks-mnode5_20260314T060453Z_1429430/runs/rocksdb/chiplet_x7
2026-03-14T06:13:17Z	madracks-mnode5	amd	rocksdb	embedded	NO_RETIRED_INST_CYCLES	user	chiplet_x7	84	72	72	CLEANUP	1	31960.0	31952.0	31967.0	31967.0	31967.0	31967.0	31967.0	31967.0	ok	/home/seunghyun/ycsb/results/chiplet_ycsb_256mib_madracks-mnode5_20260314T060453Z_1429430/runs/rocksdb/chiplet_x7/inst72/run.stdout.log	/home/seunghyun/ycsb/results/chiplet_ycsb_256mib_madracks-mnode5_20260314T060453Z_1429430/runs/rocksdb/chiplet_x7
2026-03-14T06:13:17Z	madracks-mnode5	amd	rocksdb	embedded	NO_RETIRED_INST_CYCLES	user	chiplet_x7	84	73	73	READ	1000000	21.898279	1.0	24127.0	20.0	35.0	42.0	132.0	4099.0	ok	/home/seunghyun/ycsb/results/chiplet_ycsb_256mib_madracks-mnode5_20260314T060453Z_1429430/runs/rocksdb/chiplet_x7/inst73/run.stdout.log	/home/seunghyun/ycsb/results/chiplet_ycsb_256mib_madracks-mnode5_20260314T060453Z_1429430/runs/rocksdb/chiplet_x7
2026-03-14T06:13:17Z	madracks-mnode5	amd	rocksdb	embedded	NO_RETIRED_INST_CYCLES	user	chiplet_x7	84	73	73	CLEANUP	1	33488.0	33472.0	33503.0	33503.0	33503.0	33503.0	33503.0	33503.0	ok	/home/seunghyun/ycsb/results/chiplet_ycsb_256mib_madracks-mnode5_20260314T060453Z_1429430/runs/rocksdb/chiplet_x7/inst73/run.stdout.log	/home/seunghyun/ycsb/results/chiplet_ycsb_256mib_madracks-mnode5_20260314T060453Z_1429430/runs/rocksdb/chiplet_x7
2026-03-14T06:13:17Z	madracks-mnode5	amd	rocksdb	embedded	NO_RETIRED_INST_CYCLES	user	chiplet_x7	84	74	74	READ	1000000	24.29082	1.0	16167.0	21.0	38.0	42.0	132.0	4085.0	ok	/home/seunghyun/ycsb/results/chiplet_ycsb_256mib_madracks-mnode5_20260314T060453Z_1429430/runs/rocksdb/chiplet_x7/inst74/run.stdout.log	/home/seunghyun/ycsb/results/chiplet_ycsb_256mib_madracks-mnode5_20260314T060453Z_1429430/runs/rocksdb/chiplet_x7
2026-03-14T06:13:17Z	madracks-mnode5	amd	rocksdb	embedded	NO_RETIRED_INST_CYCLES	user	chiplet_x7	84	74	74	CLEANUP	1	25384.0	25376.0	25391.0	25391.0	25391.0	25391.0	25391.0	25391.0	ok	/home/seunghyun/ycsb/results/chiplet_ycsb_256mib_madracks-mnode5_20260314T060453Z_1429430/runs/rocksdb/chiplet_x7/inst74/run.stdout.log	/home/seunghyun/ycsb/results/chiplet_ycsb_256mib_madracks-mnode5_20260314T060453Z_1429430/runs/rocksdb/chiplet_x7
2026-03-14T06:13:17Z	madracks-mnode5	amd	rocksdb	embedded	NO_RETIRED_INST_CYCLES	user	chiplet_x7	84	75	75	READ	1000000	24.344885	1.0	16103.0	21.0	38.0	42.0	132.0	4123.0	ok	/home/seunghyun/ycsb/results/chiplet_ycsb_256mib_madracks-mnode5_20260314T060453Z_1429430/runs/rocksdb/chiplet_x7/inst75/run.stdout.log	/home/seunghyun/ycsb/results/chiplet_ycsb_256mib_madracks-mnode5_20260314T060453Z_1429430/runs/rocksdb/chiplet_x7
2026-03-14T06:13:17Z	madracks-mnode5	amd	rocksdb	embedded	NO_RETIRED_INST_CYCLES	user	chiplet_x7	84	75	75	CLEANUP	1	25016.0	25008.0	25023.0	25023.0	25023.0	25023.0	25023.0	25023.0	ok	/home/seunghyun/ycsb/results/chiplet_ycsb_256mib_madracks-mnode5_20260314T060453Z_1429430/runs/rocksdb/chiplet_x7/inst75/run.stdout.log	/home/seunghyun/ycsb/results/chiplet_ycsb_256mib_madracks-mnode5_20260314T060453Z_1429430/runs/rocksdb/chiplet_x7
2026-03-14T06:13:17Z	madracks-mnode5	amd	rocksdb	embedded	NO_RETIRED_INST_CYCLES	user	chiplet_x7	84	76	76	READ	1000000	23.35831	1.0	25679.0	21.0	38.0	42.0	132.0	4091.0	ok	/home/seunghyun/ycsb/results/chiplet_ycsb_256mib_madracks-mnode5_20260314T060453Z_1429430/runs/rocksdb/chiplet_x7/inst76/run.stdout.log	/home/seunghyun/ycsb/results/chiplet_ycsb_256mib_madracks-mnode5_20260314T060453Z_1429430/runs/rocksdb/chiplet_x7
2026-03-14T06:13:17Z	madracks-mnode5	amd	rocksdb	embedded	NO_RETIRED_INST_CYCLES	user	chiplet_x7	84	76	76	CLEANUP	1	25320.0	25312.0	25327.0	25327.0	25327.0	25327.0	25327.0	25327.0	ok	/home/seunghyun/ycsb/results/chiplet_ycsb_256mib_madracks-mnode5_20260314T060453Z_1429430/runs/rocksdb/chiplet_x7/inst76/run.stdout.log	/home/seunghyun/ycsb/results/chiplet_ycsb_256mib_madracks-mnode5_20260314T060453Z_1429430/runs/rocksdb/chiplet_x7
2026-03-14T06:13:17Z	madracks-mnode5	amd	rocksdb	embedded	NO_RETIRED_INST_CYCLES	user	chiplet_x7	84	77	77	READ	1000000	24.525856	1.0	36063.0	21.0	38.0	43.0	143.0	5819.0	ok	/home/seunghyun/ycsb/results/chiplet_ycsb_256mib_madracks-mnode5_20260314T060453Z_1429430/runs/rocksdb/chiplet_x7/inst77/run.stdout.log	/home/seunghyun/ycsb/results/chiplet_ycsb_256mib_madracks-mnode5_20260314T060453Z_1429430/runs/rocksdb/chiplet_x7
2026-03-14T06:13:17Z	madracks-mnode5	amd	rocksdb	embedded	NO_RETIRED_INST_CYCLES	user	chiplet_x7	84	77	77	CLEANUP	1	53424.0	53408.0	53439.0	53439.0	53439.0	53439.0	53439.0	53439.0	ok	/home/seunghyun/ycsb/results/chiplet_ycsb_256mib_madracks-mnode5_20260314T060453Z_1429430/runs/rocksdb/chiplet_x7/inst77/run.stdout.log	/home/seunghyun/ycsb/results/chiplet_ycsb_256mib_madracks-mnode5_20260314T060453Z_1429430/runs/rocksdb/chiplet_x7
2026-03-14T06:13:17Z	madracks-mnode5	amd	rocksdb	embedded	NO_RETIRED_INST_CYCLES	user	chiplet_x7	84	78	78	READ	1000000	24.385064	2.0	20959.0	21.0	38.0	43.0	134.0	4111.0	ok	/home/seunghyun/ycsb/results/chiplet_ycsb_256mib_madracks-mnode5_20260314T060453Z_1429430/runs/rocksdb/chiplet_x7/inst78/run.stdout.log	/home/seunghyun/ycsb/results/chiplet_ycsb_256mib_madracks-mnode5_20260314T060453Z_1429430/runs/rocksdb/chiplet_x7
2026-03-14T06:13:17Z	madracks-mnode5	amd	rocksdb	embedded	NO_RETIRED_INST_CYCLES	user	chiplet_x7	84	78	78	CLEANUP	1	26328.0	26320.0	26335.0	26335.0	26335.0	26335.0	26335.0	26335.0	ok	/home/seunghyun/ycsb/results/chiplet_ycsb_256mib_madracks-mnode5_20260314T060453Z_1429430/runs/rocksdb/chiplet_x7/inst78/run.stdout.log	/home/seunghyun/ycsb/results/chiplet_ycsb_256mib_madracks-mnode5_20260314T060453Z_1429430/runs/rocksdb/chiplet_x7
2026-03-14T06:13:17Z	madracks-mnode5	amd	rocksdb	embedded	NO_RETIRED_INST_CYCLES	user	chiplet_x7	84	79	79	READ	1000000	24.235725	1.0	20111.0	21.0	38.0	42.0	132.0	4087.0	ok	/home/seunghyun/ycsb/results/chiplet_ycsb_256mib_madracks-mnode5_20260314T060453Z_1429430/runs/rocksdb/chiplet_x7/inst79/run.stdout.log	/home/seunghyun/ycsb/results/chiplet_ycsb_256mib_madracks-mnode5_20260314T060453Z_1429430/runs/rocksdb/chiplet_x7
2026-03-14T06:13:17Z	madracks-mnode5	amd	rocksdb	embedded	NO_RETIRED_INST_CYCLES	user	chiplet_x7	84	79	79	CLEANUP	1	25816.0	25808.0	25823.0	25823.0	25823.0	25823.0	25823.0	25823.0	ok	/home/seunghyun/ycsb/results/chiplet_ycsb_256mib_madracks-mnode5_20260314T060453Z_1429430/runs/rocksdb/chiplet_x7/inst79/run.stdout.log	/home/seunghyun/ycsb/results/chiplet_ycsb_256mib_madracks-mnode5_20260314T060453Z_1429430/runs/rocksdb/chiplet_x7
2026-03-14T06:13:17Z	madracks-mnode5	amd	rocksdb	embedded	NO_RETIRED_INST_CYCLES	user	chiplet_x7	84	80	80	READ	1000000	22.141332	1.0	16095.0	20.0	35.0	42.0	155.0	4077.0	ok	/home/seunghyun/ycsb/results/chiplet_ycsb_256mib_madracks-mnode5_20260314T060453Z_1429430/runs/rocksdb/chiplet_x7/inst80/run.stdout.log	/home/seunghyun/ycsb/results/chiplet_ycsb_256mib_madracks-mnode5_20260314T060453Z_1429430/runs/rocksdb/chiplet_x7
2026-03-14T06:13:17Z	madracks-mnode5	amd	rocksdb	embedded	NO_RETIRED_INST_CYCLES	user	chiplet_x7	84	80	80	CLEANUP	1	33424.0	33408.0	33439.0	33439.0	33439.0	33439.0	33439.0	33439.0	ok	/home/seunghyun/ycsb/results/chiplet_ycsb_256mib_madracks-mnode5_20260314T060453Z_1429430/runs/rocksdb/chiplet_x7/inst80/run.stdout.log	/home/seunghyun/ycsb/results/chiplet_ycsb_256mib_madracks-mnode5_20260314T060453Z_1429430/runs/rocksdb/chiplet_x7
2026-03-14T06:13:17Z	madracks-mnode5	amd	rocksdb	embedded	NO_RETIRED_INST_CYCLES	user	chiplet_x7	84	81	81	READ	1000000	24.426366	1.0	18159.0	21.0	38.0	43.0	134.0	4287.0	ok	/home/seunghyun/ycsb/results/chiplet_ycsb_256mib_madracks-mnode5_20260314T060453Z_1429430/runs/rocksdb/chiplet_x7/inst81/run.stdout.log	/home/seunghyun/ycsb/results/chiplet_ycsb_256mib_madracks-mnode5_20260314T060453Z_1429430/runs/rocksdb/chiplet_x7
2026-03-14T06:13:17Z	madracks-mnode5	amd	rocksdb	embedded	NO_RETIRED_INST_CYCLES	user	chiplet_x7	84	81	81	CLEANUP	1	27880.0	27872.0	27887.0	27887.0	27887.0	27887.0	27887.0	27887.0	ok	/home/seunghyun/ycsb/results/chiplet_ycsb_256mib_madracks-mnode5_20260314T060453Z_1429430/runs/rocksdb/chiplet_x7/inst81/run.stdout.log	/home/seunghyun/ycsb/results/chiplet_ycsb_256mib_madracks-mnode5_20260314T060453Z_1429430/runs/rocksdb/chiplet_x7
2026-03-14T06:13:17Z	madracks-mnode5	amd	rocksdb	embedded	NO_RETIRED_INST_CYCLES	user	chiplet_x7	84	82	82	READ	1000000	24.324727	1.0	28047.0	21.0	38.0	43.0	132.0	4081.0	ok	/home/seunghyun/ycsb/results/chiplet_ycsb_256mib_madracks-mnode5_20260314T060453Z_1429430/runs/rocksdb/chiplet_x7/inst82/run.stdout.log	/home/seunghyun/ycsb/results/chiplet_ycsb_256mib_madracks-mnode5_20260314T060453Z_1429430/runs/rocksdb/chiplet_x7
2026-03-14T06:13:17Z	madracks-mnode5	amd	rocksdb	embedded	NO_RETIRED_INST_CYCLES	user	chiplet_x7	84	82	82	CLEANUP	1	25528.0	25520.0	25535.0	25535.0	25535.0	25535.0	25535.0	25535.0	ok	/home/seunghyun/ycsb/results/chiplet_ycsb_256mib_madracks-mnode5_20260314T060453Z_1429430/runs/rocksdb/chiplet_x7/inst82/run.stdout.log	/home/seunghyun/ycsb/results/chiplet_ycsb_256mib_madracks-mnode5_20260314T060453Z_1429430/runs/rocksdb/chiplet_x7
2026-03-14T06:13:17Z	madracks-mnode5	amd	rocksdb	embedded	NO_RETIRED_INST_CYCLES	user	chiplet_x7	84	83	83	READ	1000000	22.205385	1.0	16087.0	20.0	35.0	43.0	163.0	4091.0	ok	/home/seunghyun/ycsb/results/chiplet_ycsb_256mib_madracks-mnode5_20260314T060453Z_1429430/runs/rocksdb/chiplet_x7/inst83/run.stdout.log	/home/seunghyun/ycsb/results/chiplet_ycsb_256mib_madracks-mnode5_20260314T060453Z_1429430/runs/rocksdb/chiplet_x7
2026-03-14T06:13:17Z	madracks-mnode5	amd	rocksdb	embedded	NO_RETIRED_INST_CYCLES	user	chiplet_x7	84	83	83	CLEANUP	1	29656.0	29648.0	29663.0	29663.0	29663.0	29663.0	29663.0	29663.0	ok	/home/seunghyun/ycsb/results/chiplet_ycsb_256mib_madracks-mnode5_20260314T060453Z_1429430/runs/rocksdb/chiplet_x7/inst83/run.stdout.log	/home/seunghyun/ycsb/results/chiplet_ycsb_256mib_madracks-mnode5_20260314T060453Z_1429430/runs/rocksdb/chiplet_x7
2026-03-14T06:13:57Z	madracks-mnode5	amd	orientdb	embedded	NO_RETIRED_INST_CYCLES	user	chiplet_x1	12	0	0	READ	10000	109.4709	23.0	17311.0	32.0	145.0	3583.0	8439.0	14783.0	ok	/home/seunghyun/ycsb/results/chiplet_ycsb_256mib_madracks-mnode5_20260314T060453Z_1429430/runs/orientdb/chiplet_x1/inst00/run.stdout.log	/home/seunghyun/ycsb/results/chiplet_ycsb_256mib_madracks-mnode5_20260314T060453Z_1429430/runs/orientdb/chiplet_x1
2026-03-14T06:13:57Z	madracks-mnode5	amd	orientdb	embedded	NO_RETIRED_INST_CYCLES	user	chiplet_x1	12	0	0	CLEANUP	1	64.0	64.0	64.0	64.0	64.0	64.0	64.0	64.0	ok	/home/seunghyun/ycsb/results/chiplet_ycsb_256mib_madracks-mnode5_20260314T060453Z_1429430/runs/orientdb/chiplet_x1/inst00/run.stdout.log	/home/seunghyun/ycsb/results/chiplet_ycsb_256mib_madracks-mnode5_20260314T060453Z_1429430/runs/orientdb/chiplet_x1
2026-03-14T06:13:57Z	madracks-mnode5	amd	orientdb	embedded	NO_RETIRED_INST_CYCLES	user	chiplet_x1	12	1	7	READ	10000	113.3317	24.0	16431.0	31.0	136.0	3781.0	8535.0	16015.0	ok	/home/seunghyun/ycsb/results/chiplet_ycsb_256mib_madracks-mnode5_20260314T060453Z_1429430/runs/orientdb/chiplet_x1/inst01/run.stdout.log	/home/seunghyun/ycsb/results/chiplet_ycsb_256mib_madracks-mnode5_20260314T060453Z_1429430/runs/orientdb/chiplet_x1
2026-03-14T06:13:57Z	madracks-mnode5	amd	orientdb	embedded	NO_RETIRED_INST_CYCLES	user	chiplet_x1	12	1	7	CLEANUP	1	46.0	46.0	46.0	46.0	46.0	46.0	46.0	46.0	ok	/home/seunghyun/ycsb/results/chiplet_ycsb_256mib_madracks-mnode5_20260314T060453Z_1429430/runs/orientdb/chiplet_x1/inst01/run.stdout.log	/home/seunghyun/ycsb/results/chiplet_ycsb_256mib_madracks-mnode5_20260314T060453Z_1429430/runs/orientdb/chiplet_x1
2026-03-14T06:13:57Z	madracks-mnode5	amd	orientdb	embedded	NO_RETIRED_INST_CYCLES	user	chiplet_x1	12	2	14	READ	10000	113.2108	23.0	19487.0	32.0	147.0	4061.0	8319.0	13823.0	ok	/home/seunghyun/ycsb/results/chiplet_ycsb_256mib_madracks-mnode5_20260314T060453Z_1429430/runs/orientdb/chiplet_x1/inst02/run.stdout.log	/home/seunghyun/ycsb/results/chiplet_ycsb_256mib_madracks-mnode5_20260314T060453Z_1429430/runs/orientdb/chiplet_x1
2026-03-14T06:13:57Z	madracks-mnode5	amd	orientdb	embedded	NO_RETIRED_INST_CYCLES	user	chiplet_x1	12	2	14	CLEANUP	1	59.0	59.0	59.0	59.0	59.0	59.0	59.0	59.0	ok	/home/seunghyun/ycsb/results/chiplet_ycsb_256mib_madracks-mnode5_20260314T060453Z_1429430/runs/orientdb/chiplet_x1/inst02/run.stdout.log	/home/seunghyun/ycsb/results/chiplet_ycsb_256mib_madracks-mnode5_20260314T060453Z_1429430/runs/orientdb/chiplet_x1
2026-03-14T06:13:57Z	madracks-mnode5	amd	orientdb	embedded	NO_RETIRED_INST_CYCLES	user	chiplet_x1	12	3	21	READ	10000	108.5716	22.0	12167.0	30.0	142.0	3583.0	8463.0	12159.0	ok	/home/seunghyun/ycsb/results/chiplet_ycsb_256mib_madracks-mnode5_20260314T060453Z_1429430/runs/orientdb/chiplet_x1/inst03/run.stdout.log	/home/seunghyun/ycsb/results/chiplet_ycsb_256mib_madracks-mnode5_20260314T060453Z_1429430/runs/orientdb/chiplet_x1
2026-03-14T06:13:57Z	madracks-mnode5	amd	orientdb	embedded	NO_RETIRED_INST_CYCLES	user	chiplet_x1	12	3	21	CLEANUP	1	66.0	66.0	66.0	66.0	66.0	66.0	66.0	66.0	ok	/home/seunghyun/ycsb/results/chiplet_ycsb_256mib_madracks-mnode5_20260314T060453Z_1429430/runs/orientdb/chiplet_x1/inst03/run.stdout.log	/home/seunghyun/ycsb/results/chiplet_ycsb_256mib_madracks-mnode5_20260314T060453Z_1429430/runs/orientdb/chiplet_x1
2026-03-14T06:13:57Z	madracks-mnode5	amd	orientdb	embedded	NO_RETIRED_INST_CYCLES	user	chiplet_x1	12	4	28	READ	10000	112.2296	22.0	17887.0	30.0	144.0	3441.0	11807.0	15559.0	ok	/home/seunghyun/ycsb/results/chiplet_ycsb_256mib_madracks-mnode5_20260314T060453Z_1429430/runs/orientdb/chiplet_x1/inst04/run.stdout.log	/home/seunghyun/ycsb/results/chiplet_ycsb_256mib_madracks-mnode5_20260314T060453Z_1429430/runs/orientdb/chiplet_x1
2026-03-14T06:13:57Z	madracks-mnode5	amd	orientdb	embedded	NO_RETIRED_INST_CYCLES	user	chiplet_x1	12	4	28	CLEANUP	1	5330.0	5328.0	5331.0	5331.0	5331.0	5331.0	5331.0	5331.0	ok	/home/seunghyun/ycsb/results/chiplet_ycsb_256mib_madracks-mnode5_20260314T060453Z_1429430/runs/orientdb/chiplet_x1/inst04/run.stdout.log	/home/seunghyun/ycsb/results/chiplet_ycsb_256mib_madracks-mnode5_20260314T060453Z_1429430/runs/orientdb/chiplet_x1
2026-03-14T06:13:57Z	madracks-mnode5	amd	orientdb	embedded	NO_RETIRED_INST_CYCLES	user	chiplet_x1	12	5	35	READ	10000	107.6392	22.0	14423.0	31.0	145.0	3269.0	8271.0	12999.0	ok	/home/seunghyun/ycsb/results/chiplet_ycsb_256mib_madracks-mnode5_20260314T060453Z_1429430/runs/orientdb/chiplet_x1/inst05/run.stdout.log	/home/seunghyun/ycsb/results/chiplet_ycsb_256mib_madracks-mnode5_20260314T060453Z_1429430/runs/orientdb/chiplet_x1
2026-03-14T06:13:57Z	madracks-mnode5	amd	orientdb	embedded	NO_RETIRED_INST_CYCLES	user	chiplet_x1	12	5	35	CLEANUP	1	51.0	51.0	51.0	51.0	51.0	51.0	51.0	51.0	ok	/home/seunghyun/ycsb/results/chiplet_ycsb_256mib_madracks-mnode5_20260314T060453Z_1429430/runs/orientdb/chiplet_x1/inst05/run.stdout.log	/home/seunghyun/ycsb/results/chiplet_ycsb_256mib_madracks-mnode5_20260314T060453Z_1429430/runs/orientdb/chiplet_x1
2026-03-14T06:13:57Z	madracks-mnode5	amd	orientdb	embedded	NO_RETIRED_INST_CYCLES	user	chiplet_x1	12	6	42	READ	10000	107.3425	22.0	16175.0	31.0	141.0	3111.0	8375.0	12399.0	ok	/home/seunghyun/ycsb/results/chiplet_ycsb_256mib_madracks-mnode5_20260314T060453Z_1429430/runs/orientdb/chiplet_x1/inst06/run.stdout.log	/home/seunghyun/ycsb/results/chiplet_ycsb_256mib_madracks-mnode5_20260314T060453Z_1429430/runs/orientdb/chiplet_x1
2026-03-14T06:13:57Z	madracks-mnode5	amd	orientdb	embedded	NO_RETIRED_INST_CYCLES	user	chiplet_x1	12	6	42	CLEANUP	1	54.0	54.0	54.0	54.0	54.0	54.0	54.0	54.0	ok	/home/seunghyun/ycsb/results/chiplet_ycsb_256mib_madracks-mnode5_20260314T060453Z_1429430/runs/orientdb/chiplet_x1/inst06/run.stdout.log	/home/seunghyun/ycsb/results/chiplet_ycsb_256mib_madracks-mnode5_20260314T060453Z_1429430/runs/orientdb/chiplet_x1
2026-03-14T06:13:57Z	madracks-mnode5	amd	orientdb	embedded	NO_RETIRED_INST_CYCLES	user	chiplet_x1	12	7	49	READ	10000	110.4695	23.0	16375.0	31.0	148.0	3905.0	8407.0	12479.0	ok	/home/seunghyun/ycsb/results/chiplet_ycsb_256mib_madracks-mnode5_20260314T060453Z_1429430/runs/orientdb/chiplet_x1/inst07/run.stdout.log	/home/seunghyun/ycsb/results/chiplet_ycsb_256mib_madracks-mnode5_20260314T060453Z_1429430/runs/orientdb/chiplet_x1
2026-03-14T06:13:57Z	madracks-mnode5	amd	orientdb	embedded	NO_RETIRED_INST_CYCLES	user	chiplet_x1	12	7	49	CLEANUP	1	56.0	56.0	56.0	56.0	56.0	56.0	56.0	56.0	ok	/home/seunghyun/ycsb/results/chiplet_ycsb_256mib_madracks-mnode5_20260314T060453Z_1429430/runs/orientdb/chiplet_x1/inst07/run.stdout.log	/home/seunghyun/ycsb/results/chiplet_ycsb_256mib_madracks-mnode5_20260314T060453Z_1429430/runs/orientdb/chiplet_x1
2026-03-14T06:13:57Z	madracks-mnode5	amd	orientdb	embedded	NO_RETIRED_INST_CYCLES	user	chiplet_x1	12	8	56	READ	10000	111.4247	23.0	17423.0	31.0	144.0	4081.0	8255.0	16399.0	ok	/home/seunghyun/ycsb/results/chiplet_ycsb_256mib_madracks-mnode5_20260314T060453Z_1429430/runs/orientdb/chiplet_x1/inst08/run.stdout.log	/home/seunghyun/ycsb/results/chiplet_ycsb_256mib_madracks-mnode5_20260314T060453Z_1429430/runs/orientdb/chiplet_x1
2026-03-14T06:13:57Z	madracks-mnode5	amd	orientdb	embedded	NO_RETIRED_INST_CYCLES	user	chiplet_x1	12	8	56	CLEANUP	1	54.0	54.0	54.0	54.0	54.0	54.0	54.0	54.0	ok	/home/seunghyun/ycsb/results/chiplet_ycsb_256mib_madracks-mnode5_20260314T060453Z_1429430/runs/orientdb/chiplet_x1/inst08/run.stdout.log	/home/seunghyun/ycsb/results/chiplet_ycsb_256mib_madracks-mnode5_20260314T060453Z_1429430/runs/orientdb/chiplet_x1
2026-03-14T06:13:57Z	madracks-mnode5	amd	orientdb	embedded	NO_RETIRED_INST_CYCLES	user	chiplet_x1	12	9	63	READ	10000	109.8958	23.0	12991.0	31.0	146.0	2975.0	9799.0	12559.0	ok	/home/seunghyun/ycsb/results/chiplet_ycsb_256mib_madracks-mnode5_20260314T060453Z_1429430/runs/orientdb/chiplet_x1/inst09/run.stdout.log	/home/seunghyun/ycsb/results/chiplet_ycsb_256mib_madracks-mnode5_20260314T060453Z_1429430/runs/orientdb/chiplet_x1
2026-03-14T06:13:57Z	madracks-mnode5	amd	orientdb	embedded	NO_RETIRED_INST_CYCLES	user	chiplet_x1	12	9	63	CLEANUP	1	65.0	65.0	65.0	65.0	65.0	65.0	65.0	65.0	ok	/home/seunghyun/ycsb/results/chiplet_ycsb_256mib_madracks-mnode5_20260314T060453Z_1429430/runs/orientdb/chiplet_x1/inst09/run.stdout.log	/home/seunghyun/ycsb/results/chiplet_ycsb_256mib_madracks-mnode5_20260314T060453Z_1429430/runs/orientdb/chiplet_x1
2026-03-14T06:13:57Z	madracks-mnode5	amd	orientdb	embedded	NO_RETIRED_INST_CYCLES	user	chiplet_x1	12	10	70	READ	10000	110.0472	23.0	16591.0	32.0	149.0	3495.0	8503.0	12279.0	ok	/home/seunghyun/ycsb/results/chiplet_ycsb_256mib_madracks-mnode5_20260314T060453Z_1429430/runs/orientdb/chiplet_x1/inst10/run.stdout.log	/home/seunghyun/ycsb/results/chiplet_ycsb_256mib_madracks-mnode5_20260314T060453Z_1429430/runs/orientdb/chiplet_x1
2026-03-14T06:13:57Z	madracks-mnode5	amd	orientdb	embedded	NO_RETIRED_INST_CYCLES	user	chiplet_x1	12	10	70	CLEANUP	1	66.0	66.0	66.0	66.0	66.0	66.0	66.0	66.0	ok	/home/seunghyun/ycsb/results/chiplet_ycsb_256mib_madracks-mnode5_20260314T060453Z_1429430/runs/orientdb/chiplet_x1/inst10/run.stdout.log	/home/seunghyun/ycsb/results/chiplet_ycsb_256mib_madracks-mnode5_20260314T060453Z_1429430/runs/orientdb/chiplet_x1
2026-03-14T06:13:57Z	madracks-mnode5	amd	orientdb	embedded	NO_RETIRED_INST_CYCLES	user	chiplet_x1	12	11	77	READ	10000	111.2077	23.0	12439.0	31.0	144.0	4065.0	8335.0	12367.0	ok	/home/seunghyun/ycsb/results/chiplet_ycsb_256mib_madracks-mnode5_20260314T060453Z_1429430/runs/orientdb/chiplet_x1/inst11/run.stdout.log	/home/seunghyun/ycsb/results/chiplet_ycsb_256mib_madracks-mnode5_20260314T060453Z_1429430/runs/orientdb/chiplet_x1
2026-03-14T06:13:57Z	madracks-mnode5	amd	orientdb	embedded	NO_RETIRED_INST_CYCLES	user	chiplet_x1	12	11	77	CLEANUP	1	56.0	56.0	56.0	56.0	56.0	56.0	56.0	56.0	ok	/home/seunghyun/ycsb/results/chiplet_ycsb_256mib_madracks-mnode5_20260314T060453Z_1429430/runs/orientdb/chiplet_x1/inst11/run.stdout.log	/home/seunghyun/ycsb/results/chiplet_ycsb_256mib_madracks-mnode5_20260314T060453Z_1429430/runs/orientdb/chiplet_x1
2026-03-14T06:14:53Z	madracks-mnode5	amd	orientdb	embedded	NO_RETIRED_INST_CYCLES	user	chiplet_x2	24	0	0	READ	10000	110.1971	23.0	16255.0	32.0	141.0	2963.0	8487.0	16071.0	ok	/home/seunghyun/ycsb/results/chiplet_ycsb_256mib_madracks-mnode5_20260314T060453Z_1429430/runs/orientdb/chiplet_x2/inst00/run.stdout.log	/home/seunghyun/ycsb/results/chiplet_ycsb_256mib_madracks-mnode5_20260314T060453Z_1429430/runs/orientdb/chiplet_x2
2026-03-14T06:14:53Z	madracks-mnode5	amd	orientdb	embedded	NO_RETIRED_INST_CYCLES	user	chiplet_x2	24	0	0	CLEANUP	1	65.0	65.0	65.0	65.0	65.0	65.0	65.0	65.0	ok	/home/seunghyun/ycsb/results/chiplet_ycsb_256mib_madracks-mnode5_20260314T060453Z_1429430/runs/orientdb/chiplet_x2/inst00/run.stdout.log	/home/seunghyun/ycsb/results/chiplet_ycsb_256mib_madracks-mnode5_20260314T060453Z_1429430/runs/orientdb/chiplet_x2
2026-03-14T06:14:53Z	madracks-mnode5	amd	orientdb	embedded	NO_RETIRED_INST_CYCLES	user	chiplet_x2	24	1	1	READ	10000	112.6408	23.0	16263.0	33.0	146.0	4059.0	8431.0	11519.0	ok	/home/seunghyun/ycsb/results/chiplet_ycsb_256mib_madracks-mnode5_20260314T060453Z_1429430/runs/orientdb/chiplet_x2/inst01/run.stdout.log	/home/seunghyun/ycsb/results/chiplet_ycsb_256mib_madracks-mnode5_20260314T060453Z_1429430/runs/orientdb/chiplet_x2
2026-03-14T06:14:53Z	madracks-mnode5	amd	orientdb	embedded	NO_RETIRED_INST_CYCLES	user	chiplet_x2	24	1	1	CLEANUP	1	66.0	66.0	66.0	66.0	66.0	66.0	66.0	66.0	ok	/home/seunghyun/ycsb/results/chiplet_ycsb_256mib_madracks-mnode5_20260314T060453Z_1429430/runs/orientdb/chiplet_x2/inst01/run.stdout.log	/home/seunghyun/ycsb/results/chiplet_ycsb_256mib_madracks-mnode5_20260314T060453Z_1429430/runs/orientdb/chiplet_x2
2026-03-14T06:14:53Z	madracks-mnode5	amd	orientdb	embedded	NO_RETIRED_INST_CYCLES	user	chiplet_x2	24	2	7	READ	10000	107.3282	23.0	16279.0	31.0	136.0	2335.0	10127.0	16223.0	ok	/home/seunghyun/ycsb/results/chiplet_ycsb_256mib_madracks-mnode5_20260314T060453Z_1429430/runs/orientdb/chiplet_x2/inst02/run.stdout.log	/home/seunghyun/ycsb/results/chiplet_ycsb_256mib_madracks-mnode5_20260314T060453Z_1429430/runs/orientdb/chiplet_x2
2026-03-14T06:14:53Z	madracks-mnode5	amd	orientdb	embedded	NO_RETIRED_INST_CYCLES	user	chiplet_x2	24	2	7	CLEANUP	1	46.0	46.0	46.0	46.0	46.0	46.0	46.0	46.0	ok	/home/seunghyun/ycsb/results/chiplet_ycsb_256mib_madracks-mnode5_20260314T060453Z_1429430/runs/orientdb/chiplet_x2/inst02/run.stdout.log	/home/seunghyun/ycsb/results/chiplet_ycsb_256mib_madracks-mnode5_20260314T060453Z_1429430/runs/orientdb/chiplet_x2
2026-03-14T06:14:53Z	madracks-mnode5	amd	orientdb	embedded	NO_RETIRED_INST_CYCLES	user	chiplet_x2	24	3	8	READ	10000	112.4033	22.0	16655.0	31.0	138.0	3521.0	8431.0	12231.0	ok	/home/seunghyun/ycsb/results/chiplet_ycsb_256mib_madracks-mnode5_20260314T060453Z_1429430/runs/orientdb/chiplet_x2/inst03/run.stdout.log	/home/seunghyun/ycsb/results/chiplet_ycsb_256mib_madracks-mnode5_20260314T060453Z_1429430/runs/orientdb/chiplet_x2
2026-03-14T06:14:53Z	madracks-mnode5	amd	orientdb	embedded	NO_RETIRED_INST_CYCLES	user	chiplet_x2	24	3	8	CLEANUP	1	45.0	45.0	45.0	45.0	45.0	45.0	45.0	45.0	ok	/home/seunghyun/ycsb/results/chiplet_ycsb_256mib_madracks-mnode5_20260314T060453Z_1429430/runs/orientdb/chiplet_x2/inst03/run.stdout.log	/home/seunghyun/ycsb/results/chiplet_ycsb_256mib_madracks-mnode5_20260314T060453Z_1429430/runs/orientdb/chiplet_x2
2026-03-14T06:14:53Z	madracks-mnode5	amd	orientdb	embedded	NO_RETIRED_INST_CYCLES	user	chiplet_x2	24	4	14	READ	10000	114.8633	22.0	12911.0	31.0	145.0	4063.0	8367.0	12423.0	ok	/home/seunghyun/ycsb/results/chiplet_ycsb_256mib_madracks-mnode5_20260314T060453Z_1429430/runs/orientdb/chiplet_x2/inst04/run.stdout.log	/home/seunghyun/ycsb/results/chiplet_ycsb_256mib_madracks-mnode5_20260314T060453Z_1429430/runs/orientdb/chiplet_x2
2026-03-14T06:14:53Z	madracks-mnode5	amd	orientdb	embedded	NO_RETIRED_INST_CYCLES	user	chiplet_x2	24	4	14	CLEANUP	1	56.0	56.0	56.0	56.0	56.0	56.0	56.0	56.0	ok	/home/seunghyun/ycsb/results/chiplet_ycsb_256mib_madracks-mnode5_20260314T060453Z_1429430/runs/orientdb/chiplet_x2/inst04/run.stdout.log	/home/seunghyun/ycsb/results/chiplet_ycsb_256mib_madracks-mnode5_20260314T060453Z_1429430/runs/orientdb/chiplet_x2
2026-03-14T06:14:53Z	madracks-mnode5	amd	orientdb	embedded	NO_RETIRED_INST_CYCLES	user	chiplet_x2	24	5	15	READ	10000	112.6191	23.0	15455.0	32.0	145.0	4029.0	8903.0	12343.0	ok	/home/seunghyun/ycsb/results/chiplet_ycsb_256mib_madracks-mnode5_20260314T060453Z_1429430/runs/orientdb/chiplet_x2/inst05/run.stdout.log	/home/seunghyun/ycsb/results/chiplet_ycsb_256mib_madracks-mnode5_20260314T060453Z_1429430/runs/orientdb/chiplet_x2
2026-03-14T06:14:53Z	madracks-mnode5	amd	orientdb	embedded	NO_RETIRED_INST_CYCLES	user	chiplet_x2	24	5	15	CLEANUP	1	52.0	52.0	52.0	52.0	52.0	52.0	52.0	52.0	ok	/home/seunghyun/ycsb/results/chiplet_ycsb_256mib_madracks-mnode5_20260314T060453Z_1429430/runs/orientdb/chiplet_x2/inst05/run.stdout.log	/home/seunghyun/ycsb/results/chiplet_ycsb_256mib_madracks-mnode5_20260314T060453Z_1429430/runs/orientdb/chiplet_x2
2026-03-14T06:14:53Z	madracks-mnode5	amd	orientdb	embedded	NO_RETIRED_INST_CYCLES	user	chiplet_x2	24	6	21	READ	10000	111.2891	22.0	12367.0	31.0	144.0	3367.0	8951.0	12367.0	ok	/home/seunghyun/ycsb/results/chiplet_ycsb_256mib_madracks-mnode5_20260314T060453Z_1429430/runs/orientdb/chiplet_x2/inst06/run.stdout.log	/home/seunghyun/ycsb/results/chiplet_ycsb_256mib_madracks-mnode5_20260314T060453Z_1429430/runs/orientdb/chiplet_x2
2026-03-14T06:14:53Z	madracks-mnode5	amd	orientdb	embedded	NO_RETIRED_INST_CYCLES	user	chiplet_x2	24	6	21	CLEANUP	1	58.0	58.0	58.0	58.0	58.0	58.0	58.0	58.0	ok	/home/seunghyun/ycsb/results/chiplet_ycsb_256mib_madracks-mnode5_20260314T060453Z_1429430/runs/orientdb/chiplet_x2/inst06/run.stdout.log	/home/seunghyun/ycsb/results/chiplet_ycsb_256mib_madracks-mnode5_20260314T060453Z_1429430/runs/orientdb/chiplet_x2
2026-03-14T06:14:53Z	madracks-mnode5	amd	orientdb	embedded	NO_RETIRED_INST_CYCLES	user	chiplet_x2	24	7	22	READ	10000	110.5307	23.0	16607.0	32.0	142.0	3175.0	8455.0	16215.0	ok	/home/seunghyun/ycsb/results/chiplet_ycsb_256mib_madracks-mnode5_20260314T060453Z_1429430/runs/orientdb/chiplet_x2/inst07/run.stdout.log	/home/seunghyun/ycsb/results/chiplet_ycsb_256mib_madracks-mnode5_20260314T060453Z_1429430/runs/orientdb/chiplet_x2
2026-03-14T06:14:53Z	madracks-mnode5	amd	orientdb	embedded	NO_RETIRED_INST_CYCLES	user	chiplet_x2	24	7	22	CLEANUP	1	56.0	56.0	56.0	56.0	56.0	56.0	56.0	56.0	ok	/home/seunghyun/ycsb/results/chiplet_ycsb_256mib_madracks-mnode5_20260314T060453Z_1429430/runs/orientdb/chiplet_x2/inst07/run.stdout.log	/home/seunghyun/ycsb/results/chiplet_ycsb_256mib_madracks-mnode5_20260314T060453Z_1429430/runs/orientdb/chiplet_x2
2026-03-14T06:14:53Z	madracks-mnode5	amd	orientdb	embedded	NO_RETIRED_INST_CYCLES	user	chiplet_x2	24	8	28	READ	10000	113.577	22.0	16399.0	32.0	149.0	3601.0	8447.0	15583.0	ok	/home/seunghyun/ycsb/results/chiplet_ycsb_256mib_madracks-mnode5_20260314T060453Z_1429430/runs/orientdb/chiplet_x2/inst08/run.stdout.log	/home/seunghyun/ycsb/results/chiplet_ycsb_256mib_madracks-mnode5_20260314T060453Z_1429430/runs/orientdb/chiplet_x2
2026-03-14T06:14:53Z	madracks-mnode5	amd	orientdb	embedded	NO_RETIRED_INST_CYCLES	user	chiplet_x2	24	8	28	CLEANUP	1	63.0	63.0	63.0	63.0	63.0	63.0	63.0	63.0	ok	/home/seunghyun/ycsb/results/chiplet_ycsb_256mib_madracks-mnode5_20260314T060453Z_1429430/runs/orientdb/chiplet_x2/inst08/run.stdout.log	/home/seunghyun/ycsb/results/chiplet_ycsb_256mib_madracks-mnode5_20260314T060453Z_1429430/runs/orientdb/chiplet_x2
2026-03-14T06:14:53Z	madracks-mnode5	amd	orientdb	embedded	NO_RETIRED_INST_CYCLES	user	chiplet_x2	24	9	29	READ	10000	112.4358	23.0	15439.0	32.0	149.0	4003.0	8471.0	12967.0	ok	/home/seunghyun/ycsb/results/chiplet_ycsb_256mib_madracks-mnode5_20260314T060453Z_1429430/runs/orientdb/chiplet_x2/inst09/run.stdout.log	/home/seunghyun/ycsb/results/chiplet_ycsb_256mib_madracks-mnode5_20260314T060453Z_1429430/runs/orientdb/chiplet_x2
2026-03-14T06:14:53Z	madracks-mnode5	amd	orientdb	embedded	NO_RETIRED_INST_CYCLES	user	chiplet_x2	24	9	29	CLEANUP	1	60.0	60.0	60.0	60.0	60.0	60.0	60.0	60.0	ok	/home/seunghyun/ycsb/results/chiplet_ycsb_256mib_madracks-mnode5_20260314T060453Z_1429430/runs/orientdb/chiplet_x2/inst09/run.stdout.log	/home/seunghyun/ycsb/results/chiplet_ycsb_256mib_madracks-mnode5_20260314T060453Z_1429430/runs/orientdb/chiplet_x2
2026-03-14T06:14:53Z	madracks-mnode5	amd	orientdb	embedded	NO_RETIRED_INST_CYCLES	user	chiplet_x2	24	10	35	READ	10000	114.5932	22.0	18863.0	31.0	141.0	3789.0	8471.0	16231.0	ok	/home/seunghyun/ycsb/results/chiplet_ycsb_256mib_madracks-mnode5_20260314T060453Z_1429430/runs/orientdb/chiplet_x2/inst10/run.stdout.log	/home/seunghyun/ycsb/results/chiplet_ycsb_256mib_madracks-mnode5_20260314T060453Z_1429430/runs/orientdb/chiplet_x2
2026-03-14T06:14:53Z	madracks-mnode5	amd	orientdb	embedded	NO_RETIRED_INST_CYCLES	user	chiplet_x2	24	10	35	CLEANUP	1	61.0	61.0	61.0	61.0	61.0	61.0	61.0	61.0	ok	/home/seunghyun/ycsb/results/chiplet_ycsb_256mib_madracks-mnode5_20260314T060453Z_1429430/runs/orientdb/chiplet_x2/inst10/run.stdout.log	/home/seunghyun/ycsb/results/chiplet_ycsb_256mib_madracks-mnode5_20260314T060453Z_1429430/runs/orientdb/chiplet_x2
2026-03-14T06:14:53Z	madracks-mnode5	amd	orientdb	embedded	NO_RETIRED_INST_CYCLES	user	chiplet_x2	24	11	36	READ	10000	107.6392	23.0	16431.0	32.0	143.0	3527.0	8351.0	12511.0	ok	/home/seunghyun/ycsb/results/chiplet_ycsb_256mib_madracks-mnode5_20260314T060453Z_1429430/runs/orientdb/chiplet_x2/inst11/run.stdout.log	/home/seunghyun/ycsb/results/chiplet_ycsb_256mib_madracks-mnode5_20260314T060453Z_1429430/runs/orientdb/chiplet_x2
2026-03-14T06:14:53Z	madracks-mnode5	amd	orientdb	embedded	NO_RETIRED_INST_CYCLES	user	chiplet_x2	24	11	36	CLEANUP	1	63.0	63.0	63.0	63.0	63.0	63.0	63.0	63.0	ok	/home/seunghyun/ycsb/results/chiplet_ycsb_256mib_madracks-mnode5_20260314T060453Z_1429430/runs/orientdb/chiplet_x2/inst11/run.stdout.log	/home/seunghyun/ycsb/results/chiplet_ycsb_256mib_madracks-mnode5_20260314T060453Z_1429430/runs/orientdb/chiplet_x2
2026-03-14T06:14:53Z	madracks-mnode5	amd	orientdb	embedded	NO_RETIRED_INST_CYCLES	user	chiplet_x2	24	12	42	READ	10000	111.1042	23.0	12303.0	32.0	146.0	4051.0	8343.0	12287.0	ok	/home/seunghyun/ycsb/results/chiplet_ycsb_256mib_madracks-mnode5_20260314T060453Z_1429430/runs/orientdb/chiplet_x2/inst12/run.stdout.log	/home/seunghyun/ycsb/results/chiplet_ycsb_256mib_madracks-mnode5_20260314T060453Z_1429430/runs/orientdb/chiplet_x2
2026-03-14T06:14:53Z	madracks-mnode5	amd	orientdb	embedded	NO_RETIRED_INST_CYCLES	user	chiplet_x2	24	12	42	CLEANUP	1	62.0	62.0	62.0	62.0	62.0	62.0	62.0	62.0	ok	/home/seunghyun/ycsb/results/chiplet_ycsb_256mib_madracks-mnode5_20260314T060453Z_1429430/runs/orientdb/chiplet_x2/inst12/run.stdout.log	/home/seunghyun/ycsb/results/chiplet_ycsb_256mib_madracks-mnode5_20260314T060453Z_1429430/runs/orientdb/chiplet_x2
2026-03-14T06:14:53Z	madracks-mnode5	amd	orientdb	embedded	NO_RETIRED_INST_CYCLES	user	chiplet_x2	24	13	43	READ	10000	112.2987	23.0	12511.0	32.0	144.0	3823.0	8327.0	12303.0	ok	/home/seunghyun/ycsb/results/chiplet_ycsb_256mib_madracks-mnode5_20260314T060453Z_1429430/runs/orientdb/chiplet_x2/inst13/run.stdout.log	/home/seunghyun/ycsb/results/chiplet_ycsb_256mib_madracks-mnode5_20260314T060453Z_1429430/runs/orientdb/chiplet_x2
2026-03-14T06:14:53Z	madracks-mnode5	amd	orientdb	embedded	NO_RETIRED_INST_CYCLES	user	chiplet_x2	24	13	43	CLEANUP	1	49.0	49.0	49.0	49.0	49.0	49.0	49.0	49.0	ok	/home/seunghyun/ycsb/results/chiplet_ycsb_256mib_madracks-mnode5_20260314T060453Z_1429430/runs/orientdb/chiplet_x2/inst13/run.stdout.log	/home/seunghyun/ycsb/results/chiplet_ycsb_256mib_madracks-mnode5_20260314T060453Z_1429430/runs/orientdb/chiplet_x2
2026-03-14T06:14:53Z	madracks-mnode5	amd	orientdb	embedded	NO_RETIRED_INST_CYCLES	user	chiplet_x2	24	14	49	READ	10000	112.5569	23.0	18191.0	32.0	148.0	4059.0	8447.0	16135.0	ok	/home/seunghyun/ycsb/results/chiplet_ycsb_256mib_madracks-mnode5_20260314T060453Z_1429430/runs/orientdb/chiplet_x2/inst14/run.stdout.log	/home/seunghyun/ycsb/results/chiplet_ycsb_256mib_madracks-mnode5_20260314T060453Z_1429430/runs/orientdb/chiplet_x2
2026-03-14T06:14:53Z	madracks-mnode5	amd	orientdb	embedded	NO_RETIRED_INST_CYCLES	user	chiplet_x2	24	14	49	CLEANUP	1	52.0	52.0	52.0	52.0	52.0	52.0	52.0	52.0	ok	/home/seunghyun/ycsb/results/chiplet_ycsb_256mib_madracks-mnode5_20260314T060453Z_1429430/runs/orientdb/chiplet_x2/inst14/run.stdout.log	/home/seunghyun/ycsb/results/chiplet_ycsb_256mib_madracks-mnode5_20260314T060453Z_1429430/runs/orientdb/chiplet_x2
2026-03-14T06:14:53Z	madracks-mnode5	amd	orientdb	embedded	NO_RETIRED_INST_CYCLES	user	chiplet_x2	24	15	50	READ	10000	109.446	22.0	16479.0	32.0	142.0	3169.0	8383.0	16183.0	ok	/home/seunghyun/ycsb/results/chiplet_ycsb_256mib_madracks-mnode5_20260314T060453Z_1429430/runs/orientdb/chiplet_x2/inst15/run.stdout.log	/home/seunghyun/ycsb/results/chiplet_ycsb_256mib_madracks-mnode5_20260314T060453Z_1429430/runs/orientdb/chiplet_x2
2026-03-14T06:14:53Z	madracks-mnode5	amd	orientdb	embedded	NO_RETIRED_INST_CYCLES	user	chiplet_x2	24	15	50	CLEANUP	1	59.0	59.0	59.0	59.0	59.0	59.0	59.0	59.0	ok	/home/seunghyun/ycsb/results/chiplet_ycsb_256mib_madracks-mnode5_20260314T060453Z_1429430/runs/orientdb/chiplet_x2/inst15/run.stdout.log	/home/seunghyun/ycsb/results/chiplet_ycsb_256mib_madracks-mnode5_20260314T060453Z_1429430/runs/orientdb/chiplet_x2
2026-03-14T06:14:53Z	madracks-mnode5	amd	orientdb	embedded	NO_RETIRED_INST_CYCLES	user	chiplet_x2	24	16	56	READ	10000	113.0797	24.0	16167.0	32.0	151.0	3621.0	8431.0	12327.0	ok	/home/seunghyun/ycsb/results/chiplet_ycsb_256mib_madracks-mnode5_20260314T060453Z_1429430/runs/orientdb/chiplet_x2/inst16/run.stdout.log	/home/seunghyun/ycsb/results/chiplet_ycsb_256mib_madracks-mnode5_20260314T060453Z_1429430/runs/orientdb/chiplet_x2
2026-03-14T06:14:53Z	madracks-mnode5	amd	orientdb	embedded	NO_RETIRED_INST_CYCLES	user	chiplet_x2	24	16	56	CLEANUP	1	61.0	61.0	61.0	61.0	61.0	61.0	61.0	61.0	ok	/home/seunghyun/ycsb/results/chiplet_ycsb_256mib_madracks-mnode5_20260314T060453Z_1429430/runs/orientdb/chiplet_x2/inst16/run.stdout.log	/home/seunghyun/ycsb/results/chiplet_ycsb_256mib_madracks-mnode5_20260314T060453Z_1429430/runs/orientdb/chiplet_x2
2026-03-14T06:14:53Z	madracks-mnode5	amd	orientdb	embedded	NO_RETIRED_INST_CYCLES	user	chiplet_x2	24	17	57	READ	10000	119.4458	25.0	15727.0	35.0	147.0	4067.0	8519.0	12495.0	ok	/home/seunghyun/ycsb/results/chiplet_ycsb_256mib_madracks-mnode5_20260314T060453Z_1429430/runs/orientdb/chiplet_x2/inst17/run.stdout.log	/home/seunghyun/ycsb/results/chiplet_ycsb_256mib_madracks-mnode5_20260314T060453Z_1429430/runs/orientdb/chiplet_x2
2026-03-14T06:14:53Z	madracks-mnode5	amd	orientdb	embedded	NO_RETIRED_INST_CYCLES	user	chiplet_x2	24	17	57	CLEANUP	1	64.0	64.0	64.0	64.0	64.0	64.0	64.0	64.0	ok	/home/seunghyun/ycsb/results/chiplet_ycsb_256mib_madracks-mnode5_20260314T060453Z_1429430/runs/orientdb/chiplet_x2/inst17/run.stdout.log	/home/seunghyun/ycsb/results/chiplet_ycsb_256mib_madracks-mnode5_20260314T060453Z_1429430/runs/orientdb/chiplet_x2
2026-03-14T06:14:53Z	madracks-mnode5	amd	orientdb	embedded	NO_RETIRED_INST_CYCLES	user	chiplet_x2	24	18	63	READ	10000	113.4424	23.0	20223.0	32.0	147.0	3961.0	8327.0	12695.0	ok	/home/seunghyun/ycsb/results/chiplet_ycsb_256mib_madracks-mnode5_20260314T060453Z_1429430/runs/orientdb/chiplet_x2/inst18/run.stdout.log	/home/seunghyun/ycsb/results/chiplet_ycsb_256mib_madracks-mnode5_20260314T060453Z_1429430/runs/orientdb/chiplet_x2
2026-03-14T06:14:53Z	madracks-mnode5	amd	orientdb	embedded	NO_RETIRED_INST_CYCLES	user	chiplet_x2	24	18	63	CLEANUP	1	60.0	60.0	60.0	60.0	60.0	60.0	60.0	60.0	ok	/home/seunghyun/ycsb/results/chiplet_ycsb_256mib_madracks-mnode5_20260314T060453Z_1429430/runs/orientdb/chiplet_x2/inst18/run.stdout.log	/home/seunghyun/ycsb/results/chiplet_ycsb_256mib_madracks-mnode5_20260314T060453Z_1429430/runs/orientdb/chiplet_x2
2026-03-14T06:14:53Z	madracks-mnode5	amd	orientdb	embedded	NO_RETIRED_INST_CYCLES	user	chiplet_x2	24	19	64	READ	10000	110.9155	23.0	13239.0	32.0	141.0	3167.0	8719.0	12543.0	ok	/home/seunghyun/ycsb/results/chiplet_ycsb_256mib_madracks-mnode5_20260314T060453Z_1429430/runs/orientdb/chiplet_x2/inst19/run.stdout.log	/home/seunghyun/ycsb/results/chiplet_ycsb_256mib_madracks-mnode5_20260314T060453Z_1429430/runs/orientdb/chiplet_x2
2026-03-14T06:14:53Z	madracks-mnode5	amd	orientdb	embedded	NO_RETIRED_INST_CYCLES	user	chiplet_x2	24	19	64	CLEANUP	1	61.0	61.0	61.0	61.0	61.0	61.0	61.0	61.0	ok	/home/seunghyun/ycsb/results/chiplet_ycsb_256mib_madracks-mnode5_20260314T060453Z_1429430/runs/orientdb/chiplet_x2/inst19/run.stdout.log	/home/seunghyun/ycsb/results/chiplet_ycsb_256mib_madracks-mnode5_20260314T060453Z_1429430/runs/orientdb/chiplet_x2
2026-03-14T06:14:53Z	madracks-mnode5	amd	orientdb	embedded	NO_RETIRED_INST_CYCLES	user	chiplet_x2	24	20	70	READ	10000	112.2695	23.0	16239.0	32.0	146.0	3851.0	8479.0	16119.0	ok	/home/seunghyun/ycsb/results/chiplet_ycsb_256mib_madracks-mnode5_20260314T060453Z_1429430/runs/orientdb/chiplet_x2/inst20/run.stdout.log	/home/seunghyun/ycsb/results/chiplet_ycsb_256mib_madracks-mnode5_20260314T060453Z_1429430/runs/orientdb/chiplet_x2
2026-03-14T06:14:53Z	madracks-mnode5	amd	orientdb	embedded	NO_RETIRED_INST_CYCLES	user	chiplet_x2	24	20	70	CLEANUP	1	53.0	53.0	53.0	53.0	53.0	53.0	53.0	53.0	ok	/home/seunghyun/ycsb/results/chiplet_ycsb_256mib_madracks-mnode5_20260314T060453Z_1429430/runs/orientdb/chiplet_x2/inst20/run.stdout.log	/home/seunghyun/ycsb/results/chiplet_ycsb_256mib_madracks-mnode5_20260314T060453Z_1429430/runs/orientdb/chiplet_x2
2026-03-14T06:14:53Z	madracks-mnode5	amd	orientdb	embedded	NO_RETIRED_INST_CYCLES	user	chiplet_x2	24	21	71	READ	10000	108.3597	23.0	19983.0	32.0	147.0	3389.0	8351.0	12983.0	ok	/home/seunghyun/ycsb/results/chiplet_ycsb_256mib_madracks-mnode5_20260314T060453Z_1429430/runs/orientdb/chiplet_x2/inst21/run.stdout.log	/home/seunghyun/ycsb/results/chiplet_ycsb_256mib_madracks-mnode5_20260314T060453Z_1429430/runs/orientdb/chiplet_x2
2026-03-14T06:14:53Z	madracks-mnode5	amd	orientdb	embedded	NO_RETIRED_INST_CYCLES	user	chiplet_x2	24	21	71	CLEANUP	1	60.0	60.0	60.0	60.0	60.0	60.0	60.0	60.0	ok	/home/seunghyun/ycsb/results/chiplet_ycsb_256mib_madracks-mnode5_20260314T060453Z_1429430/runs/orientdb/chiplet_x2/inst21/run.stdout.log	/home/seunghyun/ycsb/results/chiplet_ycsb_256mib_madracks-mnode5_20260314T060453Z_1429430/runs/orientdb/chiplet_x2
2026-03-14T06:14:53Z	madracks-mnode5	amd	orientdb	embedded	NO_RETIRED_INST_CYCLES	user	chiplet_x2	24	22	77	READ	10000	115.362	25.0	14279.0	34.0	143.0	4053.0	8319.0	13319.0	ok	/home/seunghyun/ycsb/results/chiplet_ycsb_256mib_madracks-mnode5_20260314T060453Z_1429430/runs/orientdb/chiplet_x2/inst22/run.stdout.log	/home/seunghyun/ycsb/results/chiplet_ycsb_256mib_madracks-mnode5_20260314T060453Z_1429430/runs/orientdb/chiplet_x2
2026-03-14T06:14:53Z	madracks-mnode5	amd	orientdb	embedded	NO_RETIRED_INST_CYCLES	user	chiplet_x2	24	22	77	CLEANUP	1	62.0	62.0	62.0	62.0	62.0	62.0	62.0	62.0	ok	/home/seunghyun/ycsb/results/chiplet_ycsb_256mib_madracks-mnode5_20260314T060453Z_1429430/runs/orientdb/chiplet_x2/inst22/run.stdout.log	/home/seunghyun/ycsb/results/chiplet_ycsb_256mib_madracks-mnode5_20260314T060453Z_1429430/runs/orientdb/chiplet_x2
2026-03-14T06:14:53Z	madracks-mnode5	amd	orientdb	embedded	NO_RETIRED_INST_CYCLES	user	chiplet_x2	24	23	78	READ	10000	110.287	23.0	16071.0	31.0	142.0	3311.0	8711.0	12567.0	ok	/home/seunghyun/ycsb/results/chiplet_ycsb_256mib_madracks-mnode5_20260314T060453Z_1429430/runs/orientdb/chiplet_x2/inst23/run.stdout.log	/home/seunghyun/ycsb/results/chiplet_ycsb_256mib_madracks-mnode5_20260314T060453Z_1429430/runs/orientdb/chiplet_x2
2026-03-14T06:14:53Z	madracks-mnode5	amd	orientdb	embedded	NO_RETIRED_INST_CYCLES	user	chiplet_x2	24	23	78	CLEANUP	1	52.0	52.0	52.0	52.0	52.0	52.0	52.0	52.0	ok	/home/seunghyun/ycsb/results/chiplet_ycsb_256mib_madracks-mnode5_20260314T060453Z_1429430/runs/orientdb/chiplet_x2/inst23/run.stdout.log	/home/seunghyun/ycsb/results/chiplet_ycsb_256mib_madracks-mnode5_20260314T060453Z_1429430/runs/orientdb/chiplet_x2
2026-03-14T06:16:08Z	madracks-mnode5	amd	orientdb	embedded	NO_RETIRED_INST_CYCLES	user	chiplet_x3	36	0	0	READ	10000	120.4263	22.0	16287.0	33.0	149.0	4069.0	9215.0	16143.0	ok	/home/seunghyun/ycsb/results/chiplet_ycsb_256mib_madracks-mnode5_20260314T060453Z_1429430/runs/orientdb/chiplet_x3/inst00/run.stdout.log	/home/seunghyun/ycsb/results/chiplet_ycsb_256mib_madracks-mnode5_20260314T060453Z_1429430/runs/orientdb/chiplet_x3
2026-03-14T06:16:08Z	madracks-mnode5	amd	orientdb	embedded	NO_RETIRED_INST_CYCLES	user	chiplet_x3	36	0	0	CLEANUP	1	65.0	65.0	65.0	65.0	65.0	65.0	65.0	65.0	ok	/home/seunghyun/ycsb/results/chiplet_ycsb_256mib_madracks-mnode5_20260314T060453Z_1429430/runs/orientdb/chiplet_x3/inst00/run.stdout.log	/home/seunghyun/ycsb/results/chiplet_ycsb_256mib_madracks-mnode5_20260314T060453Z_1429430/runs/orientdb/chiplet_x3
2026-03-14T06:16:08Z	madracks-mnode5	amd	orientdb	embedded	NO_RETIRED_INST_CYCLES	user	chiplet_x3	36	1	1	READ	10000	121.0238	23.0	14183.0	31.0	150.0	4077.0	8863.0	12487.0	ok	/home/seunghyun/ycsb/results/chiplet_ycsb_256mib_madracks-mnode5_20260314T060453Z_1429430/runs/orientdb/chiplet_x3/inst01/run.stdout.log	/home/seunghyun/ycsb/results/chiplet_ycsb_256mib_madracks-mnode5_20260314T060453Z_1429430/runs/orientdb/chiplet_x3
2026-03-14T06:16:08Z	madracks-mnode5	amd	orientdb	embedded	NO_RETIRED_INST_CYCLES	user	chiplet_x3	36	1	1	CLEANUP	1	71.0	71.0	71.0	71.0	71.0	71.0	71.0	71.0	ok	/home/seunghyun/ycsb/results/chiplet_ycsb_256mib_madracks-mnode5_20260314T060453Z_1429430/runs/orientdb/chiplet_x3/inst01/run.stdout.log	/home/seunghyun/ycsb/results/chiplet_ycsb_256mib_madracks-mnode5_20260314T060453Z_1429430/runs/orientdb/chiplet_x3
2026-03-14T06:16:08Z	madracks-mnode5	amd	orientdb	embedded	NO_RETIRED_INST_CYCLES	user	chiplet_x3	36	2	2	READ	10000	116.881	24.0	16247.0	33.0	149.0	4053.0	9743.0	13183.0	ok	/home/seunghyun/ycsb/results/chiplet_ycsb_256mib_madracks-mnode5_20260314T060453Z_1429430/runs/orientdb/chiplet_x3/inst02/run.stdout.log	/home/seunghyun/ycsb/results/chiplet_ycsb_256mib_madracks-mnode5_20260314T060453Z_1429430/runs/orientdb/chiplet_x3
2026-03-14T06:16:08Z	madracks-mnode5	amd	orientdb	embedded	NO_RETIRED_INST_CYCLES	user	chiplet_x3	36	2	2	CLEANUP	1	889.0	889.0	889.0	889.0	889.0	889.0	889.0	889.0	ok	/home/seunghyun/ycsb/results/chiplet_ycsb_256mib_madracks-mnode5_20260314T060453Z_1429430/runs/orientdb/chiplet_x3/inst02/run.stdout.log	/home/seunghyun/ycsb/results/chiplet_ycsb_256mib_madracks-mnode5_20260314T060453Z_1429430/runs/orientdb/chiplet_x3
2026-03-14T06:16:08Z	madracks-mnode5	amd	orientdb	embedded	NO_RETIRED_INST_CYCLES	user	chiplet_x3	36	3	7	READ	10000	113.2164	23.0	18063.0	32.0	148.0	3801.0	8423.0	16159.0	ok	/home/seunghyun/ycsb/results/chiplet_ycsb_256mib_madracks-mnode5_20260314T060453Z_1429430/runs/orientdb/chiplet_x3/inst03/run.stdout.log	/home/seunghyun/ycsb/results/chiplet_ycsb_256mib_madracks-mnode5_20260314T060453Z_1429430/runs/orientdb/chiplet_x3
2026-03-14T06:16:08Z	madracks-mnode5	amd	orientdb	embedded	NO_RETIRED_INST_CYCLES	user	chiplet_x3	36	3	7	CLEANUP	1	828.0	828.0	828.0	828.0	828.0	828.0	828.0	828.0	ok	/home/seunghyun/ycsb/results/chiplet_ycsb_256mib_madracks-mnode5_20260314T060453Z_1429430/runs/orientdb/chiplet_x3/inst03/run.stdout.log	/home/seunghyun/ycsb/results/chiplet_ycsb_256mib_madracks-mnode5_20260314T060453Z_1429430/runs/orientdb/chiplet_x3
2026-03-14T06:16:08Z	madracks-mnode5	amd	orientdb	embedded	NO_RETIRED_INST_CYCLES	user	chiplet_x3	36	4	8	READ	10000	114.5303	23.0	17535.0	32.0	148.0	3597.0	8383.0	16151.0	ok	/home/seunghyun/ycsb/results/chiplet_ycsb_256mib_madracks-mnode5_20260314T060453Z_1429430/runs/orientdb/chiplet_x3/inst04/run.stdout.log	/home/seunghyun/ycsb/results/chiplet_ycsb_256mib_madracks-mnode5_20260314T060453Z_1429430/runs/orientdb/chiplet_x3
2026-03-14T06:16:08Z	madracks-mnode5	amd	orientdb	embedded	NO_RETIRED_INST_CYCLES	user	chiplet_x3	36	4	8	CLEANUP	1	75.0	75.0	75.0	75.0	75.0	75.0	75.0	75.0	ok	/home/seunghyun/ycsb/results/chiplet_ycsb_256mib_madracks-mnode5_20260314T060453Z_1429430/runs/orientdb/chiplet_x3/inst04/run.stdout.log	/home/seunghyun/ycsb/results/chiplet_ycsb_256mib_madracks-mnode5_20260314T060453Z_1429430/runs/orientdb/chiplet_x3
2026-03-14T06:16:08Z	madracks-mnode5	amd	orientdb	embedded	NO_RETIRED_INST_CYCLES	user	chiplet_x3	36	5	9	READ	10000	116.0011	25.0	17327.0	35.0	145.0	2875.0	8959.0	15703.0	ok	/home/seunghyun/ycsb/results/chiplet_ycsb_256mib_madracks-mnode5_20260314T060453Z_1429430/runs/orientdb/chiplet_x3/inst05/run.stdout.log	/home/seunghyun/ycsb/results/chiplet_ycsb_256mib_madracks-mnode5_20260314T060453Z_1429430/runs/orientdb/chiplet_x3
2026-03-14T06:16:08Z	madracks-mnode5	amd	orientdb	embedded	NO_RETIRED_INST_CYCLES	user	chiplet_x3	36	5	9	CLEANUP	1	70.0	70.0	70.0	70.0	70.0	70.0	70.0	70.0	ok	/home/seunghyun/ycsb/results/chiplet_ycsb_256mib_madracks-mnode5_20260314T060453Z_1429430/runs/orientdb/chiplet_x3/inst05/run.stdout.log	/home/seunghyun/ycsb/results/chiplet_ycsb_256mib_madracks-mnode5_20260314T060453Z_1429430/runs/orientdb/chiplet_x3
2026-03-14T06:16:08Z	madracks-mnode5	amd	orientdb	embedded	NO_RETIRED_INST_CYCLES	user	chiplet_x3	36	6	14	READ	10000	111.895	23.0	16183.0	32.0	147.0	2933.0	8487.0	15111.0	ok	/home/seunghyun/ycsb/results/chiplet_ycsb_256mib_madracks-mnode5_20260314T060453Z_1429430/runs/orientdb/chiplet_x3/inst06/run.stdout.log	/home/seunghyun/ycsb/results/chiplet_ycsb_256mib_madracks-mnode5_20260314T060453Z_1429430/runs/orientdb/chiplet_x3
2026-03-14T06:16:08Z	madracks-mnode5	amd	orientdb	embedded	NO_RETIRED_INST_CYCLES	user	chiplet_x3	36	6	14	CLEANUP	1	64.0	64.0	64.0	64.0	64.0	64.0	64.0	64.0	ok	/home/seunghyun/ycsb/results/chiplet_ycsb_256mib_madracks-mnode5_20260314T060453Z_1429430/runs/orientdb/chiplet_x3/inst06/run.stdout.log	/home/seunghyun/ycsb/results/chiplet_ycsb_256mib_madracks-mnode5_20260314T060453Z_1429430/runs/orientdb/chiplet_x3
2026-03-14T06:16:08Z	madracks-mnode5	amd	orientdb	embedded	NO_RETIRED_INST_CYCLES	user	chiplet_x3	36	7	15	READ	10000	111.1467	23.0	16151.0	32.0	147.0	3417.0	8471.0	13831.0	ok	/home/seunghyun/ycsb/results/chiplet_ycsb_256mib_madracks-mnode5_20260314T060453Z_1429430/runs/orientdb/chiplet_x3/inst07/run.stdout.log	/home/seunghyun/ycsb/results/chiplet_ycsb_256mib_madracks-mnode5_20260314T060453Z_1429430/runs/orientdb/chiplet_x3
2026-03-14T06:16:08Z	madracks-mnode5	amd	orientdb	embedded	NO_RETIRED_INST_CYCLES	user	chiplet_x3	36	7	15	CLEANUP	1	68.0	68.0	68.0	68.0	68.0	68.0	68.0	68.0	ok	/home/seunghyun/ycsb/results/chiplet_ycsb_256mib_madracks-mnode5_20260314T060453Z_1429430/runs/orientdb/chiplet_x3/inst07/run.stdout.log	/home/seunghyun/ycsb/results/chiplet_ycsb_256mib_madracks-mnode5_20260314T060453Z_1429430/runs/orientdb/chiplet_x3
2026-03-14T06:16:08Z	madracks-mnode5	amd	orientdb	embedded	NO_RETIRED_INST_CYCLES	user	chiplet_x3	36	8	16	READ	10000	113.3035	24.0	13663.0	33.0	146.0	3595.0	9063.0	12951.0	ok	/home/seunghyun/ycsb/results/chiplet_ycsb_256mib_madracks-mnode5_20260314T060453Z_1429430/runs/orientdb/chiplet_x3/inst08/run.stdout.log	/home/seunghyun/ycsb/results/chiplet_ycsb_256mib_madracks-mnode5_20260314T060453Z_1429430/runs/orientdb/chiplet_x3
2026-03-14T06:16:08Z	madracks-mnode5	amd	orientdb	embedded	NO_RETIRED_INST_CYCLES	user	chiplet_x3	36	8	16	CLEANUP	1	60.0	60.0	60.0	60.0	60.0	60.0	60.0	60.0	ok	/home/seunghyun/ycsb/results/chiplet_ycsb_256mib_madracks-mnode5_20260314T060453Z_1429430/runs/orientdb/chiplet_x3/inst08/run.stdout.log	/home/seunghyun/ycsb/results/chiplet_ycsb_256mib_madracks-mnode5_20260314T060453Z_1429430/runs/orientdb/chiplet_x3
2026-03-14T06:16:08Z	madracks-mnode5	amd	orientdb	embedded	NO_RETIRED_INST_CYCLES	user	chiplet_x3	36	9	21	READ	10000	111.2427	23.0	16375.0	32.0	148.0	3067.0	8591.0	12703.0	ok	/home/seunghyun/ycsb/results/chiplet_ycsb_256mib_madracks-mnode5_20260314T060453Z_1429430/runs/orientdb/chiplet_x3/inst09/run.stdout.log	/home/seunghyun/ycsb/results/chiplet_ycsb_256mib_madracks-mnode5_20260314T060453Z_1429430/runs/orientdb/chiplet_x3
2026-03-14T06:16:08Z	madracks-mnode5	amd	orientdb	embedded	NO_RETIRED_INST_CYCLES	user	chiplet_x3	36	9	21	CLEANUP	1	58.0	58.0	58.0	58.0	58.0	58.0	58.0	58.0	ok	/home/seunghyun/ycsb/results/chiplet_ycsb_256mib_madracks-mnode5_20260314T060453Z_1429430/runs/orientdb/chiplet_x3/inst09/run.stdout.log	/home/seunghyun/ycsb/results/chiplet_ycsb_256mib_madracks-mnode5_20260314T060453Z_1429430/runs/orientdb/chiplet_x3
2026-03-14T06:16:08Z	madracks-mnode5	amd	orientdb	embedded	NO_RETIRED_INST_CYCLES	user	chiplet_x3	36	10	22	READ	10000	110.9759	23.0	19151.0	32.0	141.0	3685.0	8503.0	12463.0	ok	/home/seunghyun/ycsb/results/chiplet_ycsb_256mib_madracks-mnode5_20260314T060453Z_1429430/runs/orientdb/chiplet_x3/inst10/run.stdout.log	/home/seunghyun/ycsb/results/chiplet_ycsb_256mib_madracks-mnode5_20260314T060453Z_1429430/runs/orientdb/chiplet_x3
2026-03-14T06:16:08Z	madracks-mnode5	amd	orientdb	embedded	NO_RETIRED_INST_CYCLES	user	chiplet_x3	36	10	22	CLEANUP	1	63.0	63.0	63.0	63.0	63.0	63.0	63.0	63.0	ok	/home/seunghyun/ycsb/results/chiplet_ycsb_256mib_madracks-mnode5_20260314T060453Z_1429430/runs/orientdb/chiplet_x3/inst10/run.stdout.log	/home/seunghyun/ycsb/results/chiplet_ycsb_256mib_madracks-mnode5_20260314T060453Z_1429430/runs/orientdb/chiplet_x3
2026-03-14T06:16:08Z	madracks-mnode5	amd	orientdb	embedded	NO_RETIRED_INST_CYCLES	user	chiplet_x3	36	11	23	READ	10000	113.5475	23.0	16431.0	32.0	147.0	4055.0	8383.0	12383.0	ok	/home/seunghyun/ycsb/results/chiplet_ycsb_256mib_madracks-mnode5_20260314T060453Z_1429430/runs/orientdb/chiplet_x3/inst11/run.stdout.log	/home/seunghyun/ycsb/results/chiplet_ycsb_256mib_madracks-mnode5_20260314T060453Z_1429430/runs/orientdb/chiplet_x3
2026-03-14T06:16:08Z	madracks-mnode5	amd	orientdb	embedded	NO_RETIRED_INST_CYCLES	user	chiplet_x3	36	11	23	CLEANUP	1	57.0	57.0	57.0	57.0	57.0	57.0	57.0	57.0	ok	/home/seunghyun/ycsb/results/chiplet_ycsb_256mib_madracks-mnode5_20260314T060453Z_1429430/runs/orientdb/chiplet_x3/inst11/run.stdout.log	/home/seunghyun/ycsb/results/chiplet_ycsb_256mib_madracks-mnode5_20260314T060453Z_1429430/runs/orientdb/chiplet_x3
2026-03-14T06:16:08Z	madracks-mnode5	amd	orientdb	embedded	NO_RETIRED_INST_CYCLES	user	chiplet_x3	36	12	28	READ	10000	105.5191	23.0	17135.0	32.0	143.0	3261.0	8271.0	12183.0	ok	/home/seunghyun/ycsb/results/chiplet_ycsb_256mib_madracks-mnode5_20260314T060453Z_1429430/runs/orientdb/chiplet_x3/inst12/run.stdout.log	/home/seunghyun/ycsb/results/chiplet_ycsb_256mib_madracks-mnode5_20260314T060453Z_1429430/runs/orientdb/chiplet_x3
2026-03-14T06:16:08Z	madracks-mnode5	amd	orientdb	embedded	NO_RETIRED_INST_CYCLES	user	chiplet_x3	36	12	28	CLEANUP	1	67.0	67.0	67.0	67.0	67.0	67.0	67.0	67.0	ok	/home/seunghyun/ycsb/results/chiplet_ycsb_256mib_madracks-mnode5_20260314T060453Z_1429430/runs/orientdb/chiplet_x3/inst12/run.stdout.log	/home/seunghyun/ycsb/results/chiplet_ycsb_256mib_madracks-mnode5_20260314T060453Z_1429430/runs/orientdb/chiplet_x3
2026-03-14T06:16:08Z	madracks-mnode5	amd	orientdb	embedded	NO_RETIRED_INST_CYCLES	user	chiplet_x3	36	13	29	READ	10000	112.0536	23.0	14999.0	31.0	147.0	3637.0	8847.0	14663.0	ok	/home/seunghyun/ycsb/results/chiplet_ycsb_256mib_madracks-mnode5_20260314T060453Z_1429430/runs/orientdb/chiplet_x3/inst13/run.stdout.log	/home/seunghyun/ycsb/results/chiplet_ycsb_256mib_madracks-mnode5_20260314T060453Z_1429430/runs/orientdb/chiplet_x3
2026-03-14T06:16:08Z	madracks-mnode5	amd	orientdb	embedded	NO_RETIRED_INST_CYCLES	user	chiplet_x3	36	13	29	CLEANUP	1	63.0	63.0	63.0	63.0	63.0	63.0	63.0	63.0	ok	/home/seunghyun/ycsb/results/chiplet_ycsb_256mib_madracks-mnode5_20260314T060453Z_1429430/runs/orientdb/chiplet_x3/inst13/run.stdout.log	/home/seunghyun/ycsb/results/chiplet_ycsb_256mib_madracks-mnode5_20260314T060453Z_1429430/runs/orientdb/chiplet_x3
2026-03-14T06:16:08Z	madracks-mnode5	amd	orientdb	embedded	NO_RETIRED_INST_CYCLES	user	chiplet_x3	36	14	30	READ	10000	115.559	24.0	14015.0	32.0	145.0	4051.0	9031.0	13159.0	ok	/home/seunghyun/ycsb/results/chiplet_ycsb_256mib_madracks-mnode5_20260314T060453Z_1429430/runs/orientdb/chiplet_x3/inst14/run.stdout.log	/home/seunghyun/ycsb/results/chiplet_ycsb_256mib_madracks-mnode5_20260314T060453Z_1429430/runs/orientdb/chiplet_x3
2026-03-14T06:16:08Z	madracks-mnode5	amd	orientdb	embedded	NO_RETIRED_INST_CYCLES	user	chiplet_x3	36	14	30	CLEANUP	1	61.0	61.0	61.0	61.0	61.0	61.0	61.0	61.0	ok	/home/seunghyun/ycsb/results/chiplet_ycsb_256mib_madracks-mnode5_20260314T060453Z_1429430/runs/orientdb/chiplet_x3/inst14/run.stdout.log	/home/seunghyun/ycsb/results/chiplet_ycsb_256mib_madracks-mnode5_20260314T060453Z_1429430/runs/orientdb/chiplet_x3
2026-03-14T06:16:08Z	madracks-mnode5	amd	orientdb	embedded	NO_RETIRED_INST_CYCLES	user	chiplet_x3	36	15	35	READ	10000	109.9382	24.0	12135.0	32.0	148.0	3755.0	8351.0	10447.0	ok	/home/seunghyun/ycsb/results/chiplet_ycsb_256mib_madracks-mnode5_20260314T060453Z_1429430/runs/orientdb/chiplet_x3/inst15/run.stdout.log	/home/seunghyun/ycsb/results/chiplet_ycsb_256mib_madracks-mnode5_20260314T060453Z_1429430/runs/orientdb/chiplet_x3
2026-03-14T06:16:08Z	madracks-mnode5	amd	orientdb	embedded	NO_RETIRED_INST_CYCLES	user	chiplet_x3	36	15	35	CLEANUP	1	67.0	67.0	67.0	67.0	67.0	67.0	67.0	67.0	ok	/home/seunghyun/ycsb/results/chiplet_ycsb_256mib_madracks-mnode5_20260314T060453Z_1429430/runs/orientdb/chiplet_x3/inst15/run.stdout.log	/home/seunghyun/ycsb/results/chiplet_ycsb_256mib_madracks-mnode5_20260314T060453Z_1429430/runs/orientdb/chiplet_x3
2026-03-14T06:16:08Z	madracks-mnode5	amd	orientdb	embedded	NO_RETIRED_INST_CYCLES	user	chiplet_x3	36	16	36	READ	10000	112.4367	23.0	17567.0	32.0	144.0	2973.0	10847.0	16127.0	ok	/home/seunghyun/ycsb/results/chiplet_ycsb_256mib_madracks-mnode5_20260314T060453Z_1429430/runs/orientdb/chiplet_x3/inst16/run.stdout.log	/home/seunghyun/ycsb/results/chiplet_ycsb_256mib_madracks-mnode5_20260314T060453Z_1429430/runs/orientdb/chiplet_x3
2026-03-14T06:16:08Z	madracks-mnode5	amd	orientdb	embedded	NO_RETIRED_INST_CYCLES	user	chiplet_x3	36	16	36	CLEANUP	1	76.0	76.0	76.0	76.0	76.0	76.0	76.0	76.0	ok	/home/seunghyun/ycsb/results/chiplet_ycsb_256mib_madracks-mnode5_20260314T060453Z_1429430/runs/orientdb/chiplet_x3/inst16/run.stdout.log	/home/seunghyun/ycsb/results/chiplet_ycsb_256mib_madracks-mnode5_20260314T060453Z_1429430/runs/orientdb/chiplet_x3
2026-03-14T06:16:08Z	madracks-mnode5	amd	orientdb	embedded	NO_RETIRED_INST_CYCLES	user	chiplet_x3	36	17	37	READ	10000	109.2169	22.0	12495.0	31.0	143.0	2995.0	9543.0	12391.0	ok	/home/seunghyun/ycsb/results/chiplet_ycsb_256mib_madracks-mnode5_20260314T060453Z_1429430/runs/orientdb/chiplet_x3/inst17/run.stdout.log	/home/seunghyun/ycsb/results/chiplet_ycsb_256mib_madracks-mnode5_20260314T060453Z_1429430/runs/orientdb/chiplet_x3
2026-03-14T06:16:08Z	madracks-mnode5	amd	orientdb	embedded	NO_RETIRED_INST_CYCLES	user	chiplet_x3	36	17	37	CLEANUP	1	71.0	71.0	71.0	71.0	71.0	71.0	71.0	71.0	ok	/home/seunghyun/ycsb/results/chiplet_ycsb_256mib_madracks-mnode5_20260314T060453Z_1429430/runs/orientdb/chiplet_x3/inst17/run.stdout.log	/home/seunghyun/ycsb/results/chiplet_ycsb_256mib_madracks-mnode5_20260314T060453Z_1429430/runs/orientdb/chiplet_x3
2026-03-14T06:16:08Z	madracks-mnode5	amd	orientdb	embedded	NO_RETIRED_INST_CYCLES	user	chiplet_x3	36	18	42	READ	10000	120.3938	23.0	12807.0	32.0	144.0	4079.0	9471.0	12375.0	ok	/home/seunghyun/ycsb/results/chiplet_ycsb_256mib_madracks-mnode5_20260314T060453Z_1429430/runs/orientdb/chiplet_x3/inst18/run.stdout.log	/home/seunghyun/ycsb/results/chiplet_ycsb_256mib_madracks-mnode5_20260314T060453Z_1429430/runs/orientdb/chiplet_x3
2026-03-14T06:16:08Z	madracks-mnode5	amd	orientdb	embedded	NO_RETIRED_INST_CYCLES	user	chiplet_x3	36	18	42	CLEANUP	1	53.0	53.0	53.0	53.0	53.0	53.0	53.0	53.0	ok	/home/seunghyun/ycsb/results/chiplet_ycsb_256mib_madracks-mnode5_20260314T060453Z_1429430/runs/orientdb/chiplet_x3/inst18/run.stdout.log	/home/seunghyun/ycsb/results/chiplet_ycsb_256mib_madracks-mnode5_20260314T060453Z_1429430/runs/orientdb/chiplet_x3
2026-03-14T06:16:09Z	madracks-mnode5	amd	orientdb	embedded	NO_RETIRED_INST_CYCLES	user	chiplet_x3	36	19	43	READ	10000	112.7165	23.0	13943.0	32.0	143.0	3489.0	8527.0	13447.0	ok	/home/seunghyun/ycsb/results/chiplet_ycsb_256mib_madracks-mnode5_20260314T060453Z_1429430/runs/orientdb/chiplet_x3/inst19/run.stdout.log	/home/seunghyun/ycsb/results/chiplet_ycsb_256mib_madracks-mnode5_20260314T060453Z_1429430/runs/orientdb/chiplet_x3
2026-03-14T06:16:09Z	madracks-mnode5	amd	orientdb	embedded	NO_RETIRED_INST_CYCLES	user	chiplet_x3	36	19	43	CLEANUP	1	62.0	62.0	62.0	62.0	62.0	62.0	62.0	62.0	ok	/home/seunghyun/ycsb/results/chiplet_ycsb_256mib_madracks-mnode5_20260314T060453Z_1429430/runs/orientdb/chiplet_x3/inst19/run.stdout.log	/home/seunghyun/ycsb/results/chiplet_ycsb_256mib_madracks-mnode5_20260314T060453Z_1429430/runs/orientdb/chiplet_x3
2026-03-14T06:16:09Z	madracks-mnode5	amd	orientdb	embedded	NO_RETIRED_INST_CYCLES	user	chiplet_x3	36	20	44	READ	10000	108.682	24.0	14367.0	32.0	143.0	3451.0	8327.0	11327.0	ok	/home/seunghyun/ycsb/results/chiplet_ycsb_256mib_madracks-mnode5_20260314T060453Z_1429430/runs/orientdb/chiplet_x3/inst20/run.stdout.log	/home/seunghyun/ycsb/results/chiplet_ycsb_256mib_madracks-mnode5_20260314T060453Z_1429430/runs/orientdb/chiplet_x3
2026-03-14T06:16:09Z	madracks-mnode5	amd	orientdb	embedded	NO_RETIRED_INST_CYCLES	user	chiplet_x3	36	20	44	CLEANUP	1	59.0	59.0	59.0	59.0	59.0	59.0	59.0	59.0	ok	/home/seunghyun/ycsb/results/chiplet_ycsb_256mib_madracks-mnode5_20260314T060453Z_1429430/runs/orientdb/chiplet_x3/inst20/run.stdout.log	/home/seunghyun/ycsb/results/chiplet_ycsb_256mib_madracks-mnode5_20260314T060453Z_1429430/runs/orientdb/chiplet_x3
2026-03-14T06:16:09Z	madracks-mnode5	amd	orientdb	embedded	NO_RETIRED_INST_CYCLES	user	chiplet_x3	36	21	49	READ	10000	115.323	24.0	12775.0	33.0	147.0	4071.0	8359.0	12359.0	ok	/home/seunghyun/ycsb/results/chiplet_ycsb_256mib_madracks-mnode5_20260314T060453Z_1429430/runs/orientdb/chiplet_x3/inst21/run.stdout.log	/home/seunghyun/ycsb/results/chiplet_ycsb_256mib_madracks-mnode5_20260314T060453Z_1429430/runs/orientdb/chiplet_x3
2026-03-14T06:16:09Z	madracks-mnode5	amd	orientdb	embedded	NO_RETIRED_INST_CYCLES	user	chiplet_x3	36	21	49	CLEANUP	1	62.0	62.0	62.0	62.0	62.0	62.0	62.0	62.0	ok	/home/seunghyun/ycsb/results/chiplet_ycsb_256mib_madracks-mnode5_20260314T060453Z_1429430/runs/orientdb/chiplet_x3/inst21/run.stdout.log	/home/seunghyun/ycsb/results/chiplet_ycsb_256mib_madracks-mnode5_20260314T060453Z_1429430/runs/orientdb/chiplet_x3
2026-03-14T06:16:09Z	madracks-mnode5	amd	orientdb	embedded	NO_RETIRED_INST_CYCLES	user	chiplet_x3	36	22	50	READ	10000	114.1574	24.0	16799.0	33.0	144.0	4057.0	8399.0	12607.0	ok	/home/seunghyun/ycsb/results/chiplet_ycsb_256mib_madracks-mnode5_20260314T060453Z_1429430/runs/orientdb/chiplet_x3/inst22/run.stdout.log	/home/seunghyun/ycsb/results/chiplet_ycsb_256mib_madracks-mnode5_20260314T060453Z_1429430/runs/orientdb/chiplet_x3
2026-03-14T06:16:09Z	madracks-mnode5	amd	orientdb	embedded	NO_RETIRED_INST_CYCLES	user	chiplet_x3	36	22	50	CLEANUP	1	61.0	61.0	61.0	61.0	61.0	61.0	61.0	61.0	ok	/home/seunghyun/ycsb/results/chiplet_ycsb_256mib_madracks-mnode5_20260314T060453Z_1429430/runs/orientdb/chiplet_x3/inst22/run.stdout.log	/home/seunghyun/ycsb/results/chiplet_ycsb_256mib_madracks-mnode5_20260314T060453Z_1429430/runs/orientdb/chiplet_x3
2026-03-14T06:16:09Z	madracks-mnode5	amd	orientdb	embedded	NO_RETIRED_INST_CYCLES	user	chiplet_x3	36	23	51	READ	10000	111.0596	25.0	17743.0	32.0	140.0	3291.0	8575.0	12431.0	ok	/home/seunghyun/ycsb/results/chiplet_ycsb_256mib_madracks-mnode5_20260314T060453Z_1429430/runs/orientdb/chiplet_x3/inst23/run.stdout.log	/home/seunghyun/ycsb/results/chiplet_ycsb_256mib_madracks-mnode5_20260314T060453Z_1429430/runs/orientdb/chiplet_x3
2026-03-14T06:16:09Z	madracks-mnode5	amd	orientdb	embedded	NO_RETIRED_INST_CYCLES	user	chiplet_x3	36	23	51	CLEANUP	1	68.0	68.0	68.0	68.0	68.0	68.0	68.0	68.0	ok	/home/seunghyun/ycsb/results/chiplet_ycsb_256mib_madracks-mnode5_20260314T060453Z_1429430/runs/orientdb/chiplet_x3/inst23/run.stdout.log	/home/seunghyun/ycsb/results/chiplet_ycsb_256mib_madracks-mnode5_20260314T060453Z_1429430/runs/orientdb/chiplet_x3
2026-03-14T06:16:09Z	madracks-mnode5	amd	orientdb	embedded	NO_RETIRED_INST_CYCLES	user	chiplet_x3	36	24	56	READ	10000	125.2794	23.0	17103.0	35.0	154.0	4077.0	8671.0	16199.0	ok	/home/seunghyun/ycsb/results/chiplet_ycsb_256mib_madracks-mnode5_20260314T060453Z_1429430/runs/orientdb/chiplet_x3/inst24/run.stdout.log	/home/seunghyun/ycsb/results/chiplet_ycsb_256mib_madracks-mnode5_20260314T060453Z_1429430/runs/orientdb/chiplet_x3
2026-03-14T06:16:09Z	madracks-mnode5	amd	orientdb	embedded	NO_RETIRED_INST_CYCLES	user	chiplet_x3	36	24	56	CLEANUP	1	74.0	74.0	74.0	74.0	74.0	74.0	74.0	74.0	ok	/home/seunghyun/ycsb/results/chiplet_ycsb_256mib_madracks-mnode5_20260314T060453Z_1429430/runs/orientdb/chiplet_x3/inst24/run.stdout.log	/home/seunghyun/ycsb/results/chiplet_ycsb_256mib_madracks-mnode5_20260314T060453Z_1429430/runs/orientdb/chiplet_x3
2026-03-14T06:16:09Z	madracks-mnode5	amd	orientdb	embedded	NO_RETIRED_INST_CYCLES	user	chiplet_x3	36	25	57	READ	10000	122.1309	23.0	18127.0	31.0	148.0	4063.0	10271.0	16431.0	ok	/home/seunghyun/ycsb/results/chiplet_ycsb_256mib_madracks-mnode5_20260314T060453Z_1429430/runs/orientdb/chiplet_x3/inst25/run.stdout.log	/home/seunghyun/ycsb/results/chiplet_ycsb_256mib_madracks-mnode5_20260314T060453Z_1429430/runs/orientdb/chiplet_x3
2026-03-14T06:16:09Z	madracks-mnode5	amd	orientdb	embedded	NO_RETIRED_INST_CYCLES	user	chiplet_x3	36	25	57	CLEANUP	1	63.0	63.0	63.0	63.0	63.0	63.0	63.0	63.0	ok	/home/seunghyun/ycsb/results/chiplet_ycsb_256mib_madracks-mnode5_20260314T060453Z_1429430/runs/orientdb/chiplet_x3/inst25/run.stdout.log	/home/seunghyun/ycsb/results/chiplet_ycsb_256mib_madracks-mnode5_20260314T060453Z_1429430/runs/orientdb/chiplet_x3
2026-03-14T06:16:09Z	madracks-mnode5	amd	orientdb	embedded	NO_RETIRED_INST_CYCLES	user	chiplet_x3	36	26	58	READ	10000	113.1917	24.0	17103.0	33.0	146.0	3371.0	8343.0	16399.0	ok	/home/seunghyun/ycsb/results/chiplet_ycsb_256mib_madracks-mnode5_20260314T060453Z_1429430/runs/orientdb/chiplet_x3/inst26/run.stdout.log	/home/seunghyun/ycsb/results/chiplet_ycsb_256mib_madracks-mnode5_20260314T060453Z_1429430/runs/orientdb/chiplet_x3
2026-03-14T06:16:09Z	madracks-mnode5	amd	orientdb	embedded	NO_RETIRED_INST_CYCLES	user	chiplet_x3	36	26	58	CLEANUP	1	64.0	64.0	64.0	64.0	64.0	64.0	64.0	64.0	ok	/home/seunghyun/ycsb/results/chiplet_ycsb_256mib_madracks-mnode5_20260314T060453Z_1429430/runs/orientdb/chiplet_x3/inst26/run.stdout.log	/home/seunghyun/ycsb/results/chiplet_ycsb_256mib_madracks-mnode5_20260314T060453Z_1429430/runs/orientdb/chiplet_x3
2026-03-14T06:16:09Z	madracks-mnode5	amd	orientdb	embedded	NO_RETIRED_INST_CYCLES	user	chiplet_x3	36	27	63	READ	10000	112.6207	22.0	12407.0	32.0	145.0	3715.0	8447.0	12399.0	ok	/home/seunghyun/ycsb/results/chiplet_ycsb_256mib_madracks-mnode5_20260314T060453Z_1429430/runs/orientdb/chiplet_x3/inst27/run.stdout.log	/home/seunghyun/ycsb/results/chiplet_ycsb_256mib_madracks-mnode5_20260314T060453Z_1429430/runs/orientdb/chiplet_x3
2026-03-14T06:16:09Z	madracks-mnode5	amd	orientdb	embedded	NO_RETIRED_INST_CYCLES	user	chiplet_x3	36	27	63	CLEANUP	1	58.0	58.0	58.0	58.0	58.0	58.0	58.0	58.0	ok	/home/seunghyun/ycsb/results/chiplet_ycsb_256mib_madracks-mnode5_20260314T060453Z_1429430/runs/orientdb/chiplet_x3/inst27/run.stdout.log	/home/seunghyun/ycsb/results/chiplet_ycsb_256mib_madracks-mnode5_20260314T060453Z_1429430/runs/orientdb/chiplet_x3
2026-03-14T06:16:09Z	madracks-mnode5	amd	orientdb	embedded	NO_RETIRED_INST_CYCLES	user	chiplet_x3	36	28	64	READ	10000	111.8472	23.0	16095.0	34.0	140.0	3933.0	9351.0	12943.0	ok	/home/seunghyun/ycsb/results/chiplet_ycsb_256mib_madracks-mnode5_20260314T060453Z_1429430/runs/orientdb/chiplet_x3/inst28/run.stdout.log	/home/seunghyun/ycsb/results/chiplet_ycsb_256mib_madracks-mnode5_20260314T060453Z_1429430/runs/orientdb/chiplet_x3
2026-03-14T06:16:09Z	madracks-mnode5	amd	orientdb	embedded	NO_RETIRED_INST_CYCLES	user	chiplet_x3	36	28	64	CLEANUP	1	68.0	68.0	68.0	68.0	68.0	68.0	68.0	68.0	ok	/home/seunghyun/ycsb/results/chiplet_ycsb_256mib_madracks-mnode5_20260314T060453Z_1429430/runs/orientdb/chiplet_x3/inst28/run.stdout.log	/home/seunghyun/ycsb/results/chiplet_ycsb_256mib_madracks-mnode5_20260314T060453Z_1429430/runs/orientdb/chiplet_x3
2026-03-14T06:16:09Z	madracks-mnode5	amd	orientdb	embedded	NO_RETIRED_INST_CYCLES	user	chiplet_x3	36	29	65	READ	10000	111.2787	24.0	18079.0	32.0	141.0	4065.0	8383.0	12783.0	ok	/home/seunghyun/ycsb/results/chiplet_ycsb_256mib_madracks-mnode5_20260314T060453Z_1429430/runs/orientdb/chiplet_x3/inst29/run.stdout.log	/home/seunghyun/ycsb/results/chiplet_ycsb_256mib_madracks-mnode5_20260314T060453Z_1429430/runs/orientdb/chiplet_x3
2026-03-14T06:16:09Z	madracks-mnode5	amd	orientdb	embedded	NO_RETIRED_INST_CYCLES	user	chiplet_x3	36	29	65	CLEANUP	1	61.0	61.0	61.0	61.0	61.0	61.0	61.0	61.0	ok	/home/seunghyun/ycsb/results/chiplet_ycsb_256mib_madracks-mnode5_20260314T060453Z_1429430/runs/orientdb/chiplet_x3/inst29/run.stdout.log	/home/seunghyun/ycsb/results/chiplet_ycsb_256mib_madracks-mnode5_20260314T060453Z_1429430/runs/orientdb/chiplet_x3
2026-03-14T06:16:09Z	madracks-mnode5	amd	orientdb	embedded	NO_RETIRED_INST_CYCLES	user	chiplet_x3	36	30	70	READ	10000	116.523	24.0	16135.0	33.0	150.0	4057.0	8551.0	13719.0	ok	/home/seunghyun/ycsb/results/chiplet_ycsb_256mib_madracks-mnode5_20260314T060453Z_1429430/runs/orientdb/chiplet_x3/inst30/run.stdout.log	/home/seunghyun/ycsb/results/chiplet_ycsb_256mib_madracks-mnode5_20260314T060453Z_1429430/runs/orientdb/chiplet_x3
2026-03-14T06:16:09Z	madracks-mnode5	amd	orientdb	embedded	NO_RETIRED_INST_CYCLES	user	chiplet_x3	36	30	70	CLEANUP	1	63.0	63.0	63.0	63.0	63.0	63.0	63.0	63.0	ok	/home/seunghyun/ycsb/results/chiplet_ycsb_256mib_madracks-mnode5_20260314T060453Z_1429430/runs/orientdb/chiplet_x3/inst30/run.stdout.log	/home/seunghyun/ycsb/results/chiplet_ycsb_256mib_madracks-mnode5_20260314T060453Z_1429430/runs/orientdb/chiplet_x3
2026-03-14T06:16:09Z	madracks-mnode5	amd	orientdb	embedded	NO_RETIRED_INST_CYCLES	user	chiplet_x3	36	31	71	READ	10000	109.5684	24.0	12399.0	32.0	147.0	3443.0	8407.0	12183.0	ok	/home/seunghyun/ycsb/results/chiplet_ycsb_256mib_madracks-mnode5_20260314T060453Z_1429430/runs/orientdb/chiplet_x3/inst31/run.stdout.log	/home/seunghyun/ycsb/results/chiplet_ycsb_256mib_madracks-mnode5_20260314T060453Z_1429430/runs/orientdb/chiplet_x3
2026-03-14T06:16:09Z	madracks-mnode5	amd	orientdb	embedded	NO_RETIRED_INST_CYCLES	user	chiplet_x3	36	31	71	CLEANUP	1	60.0	60.0	60.0	60.0	60.0	60.0	60.0	60.0	ok	/home/seunghyun/ycsb/results/chiplet_ycsb_256mib_madracks-mnode5_20260314T060453Z_1429430/runs/orientdb/chiplet_x3/inst31/run.stdout.log	/home/seunghyun/ycsb/results/chiplet_ycsb_256mib_madracks-mnode5_20260314T060453Z_1429430/runs/orientdb/chiplet_x3
2026-03-14T06:16:09Z	madracks-mnode5	amd	orientdb	embedded	NO_RETIRED_INST_CYCLES	user	chiplet_x3	36	32	72	READ	10000	115.4915	23.0	17183.0	33.0	146.0	4065.0	8367.0	12303.0	ok	/home/seunghyun/ycsb/results/chiplet_ycsb_256mib_madracks-mnode5_20260314T060453Z_1429430/runs/orientdb/chiplet_x3/inst32/run.stdout.log	/home/seunghyun/ycsb/results/chiplet_ycsb_256mib_madracks-mnode5_20260314T060453Z_1429430/runs/orientdb/chiplet_x3
2026-03-14T06:16:09Z	madracks-mnode5	amd	orientdb	embedded	NO_RETIRED_INST_CYCLES	user	chiplet_x3	36	32	72	CLEANUP	1	73.0	73.0	73.0	73.0	73.0	73.0	73.0	73.0	ok	/home/seunghyun/ycsb/results/chiplet_ycsb_256mib_madracks-mnode5_20260314T060453Z_1429430/runs/orientdb/chiplet_x3/inst32/run.stdout.log	/home/seunghyun/ycsb/results/chiplet_ycsb_256mib_madracks-mnode5_20260314T060453Z_1429430/runs/orientdb/chiplet_x3
2026-03-14T06:16:09Z	madracks-mnode5	amd	orientdb	embedded	NO_RETIRED_INST_CYCLES	user	chiplet_x3	36	33	77	READ	10000	112.6382	23.0	16175.0	32.0	148.0	3717.0	8655.0	12343.0	ok	/home/seunghyun/ycsb/results/chiplet_ycsb_256mib_madracks-mnode5_20260314T060453Z_1429430/runs/orientdb/chiplet_x3/inst33/run.stdout.log	/home/seunghyun/ycsb/results/chiplet_ycsb_256mib_madracks-mnode5_20260314T060453Z_1429430/runs/orientdb/chiplet_x3
2026-03-14T06:16:09Z	madracks-mnode5	amd	orientdb	embedded	NO_RETIRED_INST_CYCLES	user	chiplet_x3	36	33	77	CLEANUP	1	63.0	63.0	63.0	63.0	63.0	63.0	63.0	63.0	ok	/home/seunghyun/ycsb/results/chiplet_ycsb_256mib_madracks-mnode5_20260314T060453Z_1429430/runs/orientdb/chiplet_x3/inst33/run.stdout.log	/home/seunghyun/ycsb/results/chiplet_ycsb_256mib_madracks-mnode5_20260314T060453Z_1429430/runs/orientdb/chiplet_x3
2026-03-14T06:16:09Z	madracks-mnode5	amd	orientdb	embedded	NO_RETIRED_INST_CYCLES	user	chiplet_x3	36	34	78	READ	10000	118.8431	24.0	16175.0	32.0	153.0	4063.0	8775.0	15207.0	ok	/home/seunghyun/ycsb/results/chiplet_ycsb_256mib_madracks-mnode5_20260314T060453Z_1429430/runs/orientdb/chiplet_x3/inst34/run.stdout.log	/home/seunghyun/ycsb/results/chiplet_ycsb_256mib_madracks-mnode5_20260314T060453Z_1429430/runs/orientdb/chiplet_x3
2026-03-14T06:16:09Z	madracks-mnode5	amd	orientdb	embedded	NO_RETIRED_INST_CYCLES	user	chiplet_x3	36	34	78	CLEANUP	1	59.0	59.0	59.0	59.0	59.0	59.0	59.0	59.0	ok	/home/seunghyun/ycsb/results/chiplet_ycsb_256mib_madracks-mnode5_20260314T060453Z_1429430/runs/orientdb/chiplet_x3/inst34/run.stdout.log	/home/seunghyun/ycsb/results/chiplet_ycsb_256mib_madracks-mnode5_20260314T060453Z_1429430/runs/orientdb/chiplet_x3
2026-03-14T06:16:09Z	madracks-mnode5	amd	orientdb	embedded	NO_RETIRED_INST_CYCLES	user	chiplet_x3	36	35	79	READ	10000	115.1151	23.0	16143.0	32.0	144.0	4059.0	8663.0	12415.0	ok	/home/seunghyun/ycsb/results/chiplet_ycsb_256mib_madracks-mnode5_20260314T060453Z_1429430/runs/orientdb/chiplet_x3/inst35/run.stdout.log	/home/seunghyun/ycsb/results/chiplet_ycsb_256mib_madracks-mnode5_20260314T060453Z_1429430/runs/orientdb/chiplet_x3
2026-03-14T06:16:09Z	madracks-mnode5	amd	orientdb	embedded	NO_RETIRED_INST_CYCLES	user	chiplet_x3	36	35	79	CLEANUP	1	55.0	55.0	55.0	55.0	55.0	55.0	55.0	55.0	ok	/home/seunghyun/ycsb/results/chiplet_ycsb_256mib_madracks-mnode5_20260314T060453Z_1429430/runs/orientdb/chiplet_x3/inst35/run.stdout.log	/home/seunghyun/ycsb/results/chiplet_ycsb_256mib_madracks-mnode5_20260314T060453Z_1429430/runs/orientdb/chiplet_x3
2026-03-14T06:17:42Z	madracks-mnode5	amd	orientdb	embedded	NO_RETIRED_INST_CYCLES	user	chiplet_x4	48	0	0	READ	10000	114.4274	23.0	17727.0	32.0	147.0	4057.0	8647.0	12543.0	ok	/home/seunghyun/ycsb/results/chiplet_ycsb_256mib_madracks-mnode5_20260314T060453Z_1429430/runs/orientdb/chiplet_x4/inst00/run.stdout.log	/home/seunghyun/ycsb/results/chiplet_ycsb_256mib_madracks-mnode5_20260314T060453Z_1429430/runs/orientdb/chiplet_x4
2026-03-14T06:17:42Z	madracks-mnode5	amd	orientdb	embedded	NO_RETIRED_INST_CYCLES	user	chiplet_x4	48	0	0	CLEANUP	1	67.0	67.0	67.0	67.0	67.0	67.0	67.0	67.0	ok	/home/seunghyun/ycsb/results/chiplet_ycsb_256mib_madracks-mnode5_20260314T060453Z_1429430/runs/orientdb/chiplet_x4/inst00/run.stdout.log	/home/seunghyun/ycsb/results/chiplet_ycsb_256mib_madracks-mnode5_20260314T060453Z_1429430/runs/orientdb/chiplet_x4
2026-03-14T06:17:42Z	madracks-mnode5	amd	orientdb	embedded	NO_RETIRED_INST_CYCLES	user	chiplet_x4	48	1	1	READ	10000	109.9307	24.0	16215.0	33.0	151.0	3223.0	8367.0	16071.0	ok	/home/seunghyun/ycsb/results/chiplet_ycsb_256mib_madracks-mnode5_20260314T060453Z_1429430/runs/orientdb/chiplet_x4/inst01/run.stdout.log	/home/seunghyun/ycsb/results/chiplet_ycsb_256mib_madracks-mnode5_20260314T060453Z_1429430/runs/orientdb/chiplet_x4
2026-03-14T06:17:42Z	madracks-mnode5	amd	orientdb	embedded	NO_RETIRED_INST_CYCLES	user	chiplet_x4	48	1	1	CLEANUP	1	52.0	52.0	52.0	52.0	52.0	52.0	52.0	52.0	ok	/home/seunghyun/ycsb/results/chiplet_ycsb_256mib_madracks-mnode5_20260314T060453Z_1429430/runs/orientdb/chiplet_x4/inst01/run.stdout.log	/home/seunghyun/ycsb/results/chiplet_ycsb_256mib_madracks-mnode5_20260314T060453Z_1429430/runs/orientdb/chiplet_x4
2026-03-14T06:17:42Z	madracks-mnode5	amd	orientdb	embedded	NO_RETIRED_INST_CYCLES	user	chiplet_x4	48	2	2	READ	10000	116.1981	23.0	17967.0	32.0	147.0	4047.0	10063.0	16495.0	ok	/home/seunghyun/ycsb/results/chiplet_ycsb_256mib_madracks-mnode5_20260314T060453Z_1429430/runs/orientdb/chiplet_x4/inst02/run.stdout.log	/home/seunghyun/ycsb/results/chiplet_ycsb_256mib_madracks-mnode5_20260314T060453Z_1429430/runs/orientdb/chiplet_x4
2026-03-14T06:17:42Z	madracks-mnode5	amd	orientdb	embedded	NO_RETIRED_INST_CYCLES	user	chiplet_x4	48	2	2	CLEANUP	1	51.0	51.0	51.0	51.0	51.0	51.0	51.0	51.0	ok	/home/seunghyun/ycsb/results/chiplet_ycsb_256mib_madracks-mnode5_20260314T060453Z_1429430/runs/orientdb/chiplet_x4/inst02/run.stdout.log	/home/seunghyun/ycsb/results/chiplet_ycsb_256mib_madracks-mnode5_20260314T060453Z_1429430/runs/orientdb/chiplet_x4
2026-03-14T06:17:42Z	madracks-mnode5	amd	orientdb	embedded	NO_RETIRED_INST_CYCLES	user	chiplet_x4	48	3	3	READ	10000	116.32	24.0	12359.0	33.0	150.0	4065.0	8431.0	11775.0	ok	/home/seunghyun/ycsb/results/chiplet_ycsb_256mib_madracks-mnode5_20260314T060453Z_1429430/runs/orientdb/chiplet_x4/inst03/run.stdout.log	/home/seunghyun/ycsb/results/chiplet_ycsb_256mib_madracks-mnode5_20260314T060453Z_1429430/runs/orientdb/chiplet_x4
2026-03-14T06:17:42Z	madracks-mnode5	amd	orientdb	embedded	NO_RETIRED_INST_CYCLES	user	chiplet_x4	48	3	3	CLEANUP	1	64.0	64.0	64.0	64.0	64.0	64.0	64.0	64.0	ok	/home/seunghyun/ycsb/results/chiplet_ycsb_256mib_madracks-mnode5_20260314T060453Z_1429430/runs/orientdb/chiplet_x4/inst03/run.stdout.log	/home/seunghyun/ycsb/results/chiplet_ycsb_256mib_madracks-mnode5_20260314T060453Z_1429430/runs/orientdb/chiplet_x4
2026-03-14T06:17:42Z	madracks-mnode5	amd	orientdb	embedded	NO_RETIRED_INST_CYCLES	user	chiplet_x4	48	4	7	READ	10000	116.9787	24.0	14503.0	33.0	149.0	4065.0	8391.0	12591.0	ok	/home/seunghyun/ycsb/results/chiplet_ycsb_256mib_madracks-mnode5_20260314T060453Z_1429430/runs/orientdb/chiplet_x4/inst04/run.stdout.log	/home/seunghyun/ycsb/results/chiplet_ycsb_256mib_madracks-mnode5_20260314T060453Z_1429430/runs/orientdb/chiplet_x4
2026-03-14T06:17:42Z	madracks-mnode5	amd	orientdb	embedded	NO_RETIRED_INST_CYCLES	user	chiplet_x4	48	4	7	CLEANUP	1	68.0	68.0	68.0	68.0	68.0	68.0	68.0	68.0	ok	/home/seunghyun/ycsb/results/chiplet_ycsb_256mib_madracks-mnode5_20260314T060453Z_1429430/runs/orientdb/chiplet_x4/inst04/run.stdout.log	/home/seunghyun/ycsb/results/chiplet_ycsb_256mib_madracks-mnode5_20260314T060453Z_1429430/runs/orientdb/chiplet_x4
2026-03-14T06:17:42Z	madracks-mnode5	amd	orientdb	embedded	NO_RETIRED_INST_CYCLES	user	chiplet_x4	48	5	8	READ	10000	114.1325	25.0	12263.0	34.0	152.0	4063.0	8351.0	12223.0	ok	/home/seunghyun/ycsb/results/chiplet_ycsb_256mib_madracks-mnode5_20260314T060453Z_1429430/runs/orientdb/chiplet_x4/inst05/run.stdout.log	/home/seunghyun/ycsb/results/chiplet_ycsb_256mib_madracks-mnode5_20260314T060453Z_1429430/runs/orientdb/chiplet_x4
2026-03-14T06:17:42Z	madracks-mnode5	amd	orientdb	embedded	NO_RETIRED_INST_CYCLES	user	chiplet_x4	48	5	8	CLEANUP	1	64.0	64.0	64.0	64.0	64.0	64.0	64.0	64.0	ok	/home/seunghyun/ycsb/results/chiplet_ycsb_256mib_madracks-mnode5_20260314T060453Z_1429430/runs/orientdb/chiplet_x4/inst05/run.stdout.log	/home/seunghyun/ycsb/results/chiplet_ycsb_256mib_madracks-mnode5_20260314T060453Z_1429430/runs/orientdb/chiplet_x4
2026-03-14T06:17:42Z	madracks-mnode5	amd	orientdb	embedded	NO_RETIRED_INST_CYCLES	user	chiplet_x4	48	6	9	READ	10000	111.9881	24.0	16639.0	32.0	149.0	3861.0	8423.0	12311.0	ok	/home/seunghyun/ycsb/results/chiplet_ycsb_256mib_madracks-mnode5_20260314T060453Z_1429430/runs/orientdb/chiplet_x4/inst06/run.stdout.log	/home/seunghyun/ycsb/results/chiplet_ycsb_256mib_madracks-mnode5_20260314T060453Z_1429430/runs/orientdb/chiplet_x4
2026-03-14T06:17:42Z	madracks-mnode5	amd	orientdb	embedded	NO_RETIRED_INST_CYCLES	user	chiplet_x4	48	6	9	CLEANUP	1	64.0	64.0	64.0	64.0	64.0	64.0	64.0	64.0	ok	/home/seunghyun/ycsb/results/chiplet_ycsb_256mib_madracks-mnode5_20260314T060453Z_1429430/runs/orientdb/chiplet_x4/inst06/run.stdout.log	/home/seunghyun/ycsb/results/chiplet_ycsb_256mib_madracks-mnode5_20260314T060453Z_1429430/runs/orientdb/chiplet_x4
2026-03-14T06:17:42Z	madracks-mnode5	amd	orientdb	embedded	NO_RETIRED_INST_CYCLES	user	chiplet_x4	48	7	10	READ	10000	115.0931	23.0	18303.0	33.0	148.0	3887.0	8431.0	16479.0	ok	/home/seunghyun/ycsb/results/chiplet_ycsb_256mib_madracks-mnode5_20260314T060453Z_1429430/runs/orientdb/chiplet_x4/inst07/run.stdout.log	/home/seunghyun/ycsb/results/chiplet_ycsb_256mib_madracks-mnode5_20260314T060453Z_1429430/runs/orientdb/chiplet_x4
2026-03-14T06:17:42Z	madracks-mnode5	amd	orientdb	embedded	NO_RETIRED_INST_CYCLES	user	chiplet_x4	48	7	10	CLEANUP	1	63.0	63.0	63.0	63.0	63.0	63.0	63.0	63.0	ok	/home/seunghyun/ycsb/results/chiplet_ycsb_256mib_madracks-mnode5_20260314T060453Z_1429430/runs/orientdb/chiplet_x4/inst07/run.stdout.log	/home/seunghyun/ycsb/results/chiplet_ycsb_256mib_madracks-mnode5_20260314T060453Z_1429430/runs/orientdb/chiplet_x4
2026-03-14T06:17:42Z	madracks-mnode5	amd	orientdb	embedded	NO_RETIRED_INST_CYCLES	user	chiplet_x4	48	8	14	READ	10000	119.631	23.0	17807.0	33.0	148.0	4073.0	9007.0	16511.0	ok	/home/seunghyun/ycsb/results/chiplet_ycsb_256mib_madracks-mnode5_20260314T060453Z_1429430/runs/orientdb/chiplet_x4/inst08/run.stdout.log	/home/seunghyun/ycsb/results/chiplet_ycsb_256mib_madracks-mnode5_20260314T060453Z_1429430/runs/orientdb/chiplet_x4
2026-03-14T06:17:42Z	madracks-mnode5	amd	orientdb	embedded	NO_RETIRED_INST_CYCLES	user	chiplet_x4	48	8	14	CLEANUP	1	901.0	901.0	901.0	901.0	901.0	901.0	901.0	901.0	ok	/home/seunghyun/ycsb/results/chiplet_ycsb_256mib_madracks-mnode5_20260314T060453Z_1429430/runs/orientdb/chiplet_x4/inst08/run.stdout.log	/home/seunghyun/ycsb/results/chiplet_ycsb_256mib_madracks-mnode5_20260314T060453Z_1429430/runs/orientdb/chiplet_x4
2026-03-14T06:17:42Z	madracks-mnode5	amd	orientdb	embedded	NO_RETIRED_INST_CYCLES	user	chiplet_x4	48	9	15	READ	10000	113.6376	23.0	16151.0	33.0	146.0	3917.0	9775.0	12455.0	ok	/home/seunghyun/ycsb/results/chiplet_ycsb_256mib_madracks-mnode5_20260314T060453Z_1429430/runs/orientdb/chiplet_x4/inst09/run.stdout.log	/home/seunghyun/ycsb/results/chiplet_ycsb_256mib_madracks-mnode5_20260314T060453Z_1429430/runs/orientdb/chiplet_x4
2026-03-14T06:17:42Z	madracks-mnode5	amd	orientdb	embedded	NO_RETIRED_INST_CYCLES	user	chiplet_x4	48	9	15	CLEANUP	1	67.0	67.0	67.0	67.0	67.0	67.0	67.0	67.0	ok	/home/seunghyun/ycsb/results/chiplet_ycsb_256mib_madracks-mnode5_20260314T060453Z_1429430/runs/orientdb/chiplet_x4/inst09/run.stdout.log	/home/seunghyun/ycsb/results/chiplet_ycsb_256mib_madracks-mnode5_20260314T060453Z_1429430/runs/orientdb/chiplet_x4
2026-03-14T06:17:42Z	madracks-mnode5	amd	orientdb	embedded	NO_RETIRED_INST_CYCLES	user	chiplet_x4	48	10	16	READ	10000	115.2106	24.0	14343.0	33.0	148.0	3637.0	8327.0	13567.0	ok	/home/seunghyun/ycsb/results/chiplet_ycsb_256mib_madracks-mnode5_20260314T060453Z_1429430/runs/orientdb/chiplet_x4/inst10/run.stdout.log	/home/seunghyun/ycsb/results/chiplet_ycsb_256mib_madracks-mnode5_20260314T060453Z_1429430/runs/orientdb/chiplet_x4
2026-03-14T06:17:42Z	madracks-mnode5	amd	orientdb	embedded	NO_RETIRED_INST_CYCLES	user	chiplet_x4	48	10	16	CLEANUP	1	62.0	62.0	62.0	62.0	62.0	62.0	62.0	62.0	ok	/home/seunghyun/ycsb/results/chiplet_ycsb_256mib_madracks-mnode5_20260314T060453Z_1429430/runs/orientdb/chiplet_x4/inst10/run.stdout.log	/home/seunghyun/ycsb/results/chiplet_ycsb_256mib_madracks-mnode5_20260314T060453Z_1429430/runs/orientdb/chiplet_x4
2026-03-14T06:17:42Z	madracks-mnode5	amd	orientdb	embedded	NO_RETIRED_INST_CYCLES	user	chiplet_x4	48	11	17	READ	10000	121.8631	24.0	19519.0	32.0	143.0	4057.0	12119.0	16231.0	ok	/home/seunghyun/ycsb/results/chiplet_ycsb_256mib_madracks-mnode5_20260314T060453Z_1429430/runs/orientdb/chiplet_x4/inst11/run.stdout.log	/home/seunghyun/ycsb/results/chiplet_ycsb_256mib_madracks-mnode5_20260314T060453Z_1429430/runs/orientdb/chiplet_x4
2026-03-14T06:17:42Z	madracks-mnode5	amd	orientdb	embedded	NO_RETIRED_INST_CYCLES	user	chiplet_x4	48	11	17	CLEANUP	1	4538.0	4536.0	4539.0	4539.0	4539.0	4539.0	4539.0	4539.0	ok	/home/seunghyun/ycsb/results/chiplet_ycsb_256mib_madracks-mnode5_20260314T060453Z_1429430/runs/orientdb/chiplet_x4/inst11/run.stdout.log	/home/seunghyun/ycsb/results/chiplet_ycsb_256mib_madracks-mnode5_20260314T060453Z_1429430/runs/orientdb/chiplet_x4
2026-03-14T06:17:42Z	madracks-mnode5	amd	orientdb	embedded	NO_RETIRED_INST_CYCLES	user	chiplet_x4	48	12	21	READ	10000	118.2172	23.0	18671.0	32.0	143.0	4053.0	9351.0	16087.0	ok	/home/seunghyun/ycsb/results/chiplet_ycsb_256mib_madracks-mnode5_20260314T060453Z_1429430/runs/orientdb/chiplet_x4/inst12/run.stdout.log	/home/seunghyun/ycsb/results/chiplet_ycsb_256mib_madracks-mnode5_20260314T060453Z_1429430/runs/orientdb/chiplet_x4
2026-03-14T06:17:42Z	madracks-mnode5	amd	orientdb	embedded	NO_RETIRED_INST_CYCLES	user	chiplet_x4	48	12	21	CLEANUP	1	57.0	57.0	57.0	57.0	57.0	57.0	57.0	57.0	ok	/home/seunghyun/ycsb/results/chiplet_ycsb_256mib_madracks-mnode5_20260314T060453Z_1429430/runs/orientdb/chiplet_x4/inst12/run.stdout.log	/home/seunghyun/ycsb/results/chiplet_ycsb_256mib_madracks-mnode5_20260314T060453Z_1429430/runs/orientdb/chiplet_x4
2026-03-14T06:17:42Z	madracks-mnode5	amd	orientdb	embedded	NO_RETIRED_INST_CYCLES	user	chiplet_x4	48	13	22	READ	10000	112.1031	23.0	12159.0	32.0	147.0	4063.0	8367.0	12143.0	ok	/home/seunghyun/ycsb/results/chiplet_ycsb_256mib_madracks-mnode5_20260314T060453Z_1429430/runs/orientdb/chiplet_x4/inst13/run.stdout.log	/home/seunghyun/ycsb/results/chiplet_ycsb_256mib_madracks-mnode5_20260314T060453Z_1429430/runs/orientdb/chiplet_x4
2026-03-14T06:17:42Z	madracks-mnode5	amd	orientdb	embedded	NO_RETIRED_INST_CYCLES	user	chiplet_x4	48	13	22	CLEANUP	1	55.0	55.0	55.0	55.0	55.0	55.0	55.0	55.0	ok	/home/seunghyun/ycsb/results/chiplet_ycsb_256mib_madracks-mnode5_20260314T060453Z_1429430/runs/orientdb/chiplet_x4/inst13/run.stdout.log	/home/seunghyun/ycsb/results/chiplet_ycsb_256mib_madracks-mnode5_20260314T060453Z_1429430/runs/orientdb/chiplet_x4
2026-03-14T06:17:42Z	madracks-mnode5	amd	orientdb	embedded	NO_RETIRED_INST_CYCLES	user	chiplet_x4	48	14	23	READ	10000	117.9522	23.0	17183.0	31.0	148.0	4069.0	8831.0	16151.0	ok	/home/seunghyun/ycsb/results/chiplet_ycsb_256mib_madracks-mnode5_20260314T060453Z_1429430/runs/orientdb/chiplet_x4/inst14/run.stdout.log	/home/seunghyun/ycsb/results/chiplet_ycsb_256mib_madracks-mnode5_20260314T060453Z_1429430/runs/orientdb/chiplet_x4
2026-03-14T06:17:42Z	madracks-mnode5	amd	orientdb	embedded	NO_RETIRED_INST_CYCLES	user	chiplet_x4	48	14	23	CLEANUP	1	54.0	54.0	54.0	54.0	54.0	54.0	54.0	54.0	ok	/home/seunghyun/ycsb/results/chiplet_ycsb_256mib_madracks-mnode5_20260314T060453Z_1429430/runs/orientdb/chiplet_x4/inst14/run.stdout.log	/home/seunghyun/ycsb/results/chiplet_ycsb_256mib_madracks-mnode5_20260314T060453Z_1429430/runs/orientdb/chiplet_x4
2026-03-14T06:17:42Z	madracks-mnode5	amd	orientdb	embedded	NO_RETIRED_INST_CYCLES	user	chiplet_x4	48	15	24	READ	10000	110.7717	23.0	13287.0	33.0	151.0	3399.0	8295.0	12199.0	ok	/home/seunghyun/ycsb/results/chiplet_ycsb_256mib_madracks-mnode5_20260314T060453Z_1429430/runs/orientdb/chiplet_x4/inst15/run.stdout.log	/home/seunghyun/ycsb/results/chiplet_ycsb_256mib_madracks-mnode5_20260314T060453Z_1429430/runs/orientdb/chiplet_x4
2026-03-14T06:17:42Z	madracks-mnode5	amd	orientdb	embedded	NO_RETIRED_INST_CYCLES	user	chiplet_x4	48	15	24	CLEANUP	1	75.0	75.0	75.0	75.0	75.0	75.0	75.0	75.0	ok	/home/seunghyun/ycsb/results/chiplet_ycsb_256mib_madracks-mnode5_20260314T060453Z_1429430/runs/orientdb/chiplet_x4/inst15/run.stdout.log	/home/seunghyun/ycsb/results/chiplet_ycsb_256mib_madracks-mnode5_20260314T060453Z_1429430/runs/orientdb/chiplet_x4
2026-03-14T06:17:42Z	madracks-mnode5	amd	orientdb	embedded	NO_RETIRED_INST_CYCLES	user	chiplet_x4	48	16	28	READ	10000	115.0184	23.0	14183.0	33.0	150.0	3533.0	8583.0	12511.0	ok	/home/seunghyun/ycsb/results/chiplet_ycsb_256mib_madracks-mnode5_20260314T060453Z_1429430/runs/orientdb/chiplet_x4/inst16/run.stdout.log	/home/seunghyun/ycsb/results/chiplet_ycsb_256mib_madracks-mnode5_20260314T060453Z_1429430/runs/orientdb/chiplet_x4
2026-03-14T06:17:42Z	madracks-mnode5	amd	orientdb	embedded	NO_RETIRED_INST_CYCLES	user	chiplet_x4	48	16	28	CLEANUP	1	63.0	63.0	63.0	63.0	63.0	63.0	63.0	63.0	ok	/home/seunghyun/ycsb/results/chiplet_ycsb_256mib_madracks-mnode5_20260314T060453Z_1429430/runs/orientdb/chiplet_x4/inst16/run.stdout.log	/home/seunghyun/ycsb/results/chiplet_ycsb_256mib_madracks-mnode5_20260314T060453Z_1429430/runs/orientdb/chiplet_x4
2026-03-14T06:17:42Z	madracks-mnode5	amd	orientdb	embedded	NO_RETIRED_INST_CYCLES	user	chiplet_x4	48	17	29	READ	10000	108.2975	24.0	18431.0	33.0	141.0	3047.0	8559.0	16415.0	ok	/home/seunghyun/ycsb/results/chiplet_ycsb_256mib_madracks-mnode5_20260314T060453Z_1429430/runs/orientdb/chiplet_x4/inst17/run.stdout.log	/home/seunghyun/ycsb/results/chiplet_ycsb_256mib_madracks-mnode5_20260314T060453Z_1429430/runs/orientdb/chiplet_x4
2026-03-14T06:17:42Z	madracks-mnode5	amd	orientdb	embedded	NO_RETIRED_INST_CYCLES	user	chiplet_x4	48	17	29	CLEANUP	1	60.0	60.0	60.0	60.0	60.0	60.0	60.0	60.0	ok	/home/seunghyun/ycsb/results/chiplet_ycsb_256mib_madracks-mnode5_20260314T060453Z_1429430/runs/orientdb/chiplet_x4/inst17/run.stdout.log	/home/seunghyun/ycsb/results/chiplet_ycsb_256mib_madracks-mnode5_20260314T060453Z_1429430/runs/orientdb/chiplet_x4
2026-03-14T06:17:42Z	madracks-mnode5	amd	orientdb	embedded	NO_RETIRED_INST_CYCLES	user	chiplet_x4	48	18	30	READ	10000	117.6342	23.0	16255.0	32.0	149.0	3995.0	10703.0	13159.0	ok	/home/seunghyun/ycsb/results/chiplet_ycsb_256mib_madracks-mnode5_20260314T060453Z_1429430/runs/orientdb/chiplet_x4/inst18/run.stdout.log	/home/seunghyun/ycsb/results/chiplet_ycsb_256mib_madracks-mnode5_20260314T060453Z_1429430/runs/orientdb/chiplet_x4
2026-03-14T06:17:42Z	madracks-mnode5	amd	orientdb	embedded	NO_RETIRED_INST_CYCLES	user	chiplet_x4	48	18	30	CLEANUP	1	65.0	65.0	65.0	65.0	65.0	65.0	65.0	65.0	ok	/home/seunghyun/ycsb/results/chiplet_ycsb_256mib_madracks-mnode5_20260314T060453Z_1429430/runs/orientdb/chiplet_x4/inst18/run.stdout.log	/home/seunghyun/ycsb/results/chiplet_ycsb_256mib_madracks-mnode5_20260314T060453Z_1429430/runs/orientdb/chiplet_x4
2026-03-14T06:17:42Z	madracks-mnode5	amd	orientdb	embedded	NO_RETIRED_INST_CYCLES	user	chiplet_x4	48	19	31	READ	10000	111.869	24.0	16239.0	33.0	143.0	3605.0	8527.0	16119.0	ok	/home/seunghyun/ycsb/results/chiplet_ycsb_256mib_madracks-mnode5_20260314T060453Z_1429430/runs/orientdb/chiplet_x4/inst19/run.stdout.log	/home/seunghyun/ycsb/results/chiplet_ycsb_256mib_madracks-mnode5_20260314T060453Z_1429430/runs/orientdb/chiplet_x4
2026-03-14T06:17:42Z	madracks-mnode5	amd	orientdb	embedded	NO_RETIRED_INST_CYCLES	user	chiplet_x4	48	19	31	CLEANUP	1	69.0	69.0	69.0	69.0	69.0	69.0	69.0	69.0	ok	/home/seunghyun/ycsb/results/chiplet_ycsb_256mib_madracks-mnode5_20260314T060453Z_1429430/runs/orientdb/chiplet_x4/inst19/run.stdout.log	/home/seunghyun/ycsb/results/chiplet_ycsb_256mib_madracks-mnode5_20260314T060453Z_1429430/runs/orientdb/chiplet_x4
2026-03-14T06:17:42Z	madracks-mnode5	amd	orientdb	embedded	NO_RETIRED_INST_CYCLES	user	chiplet_x4	48	20	35	READ	10000	113.3726	23.0	12343.0	32.0	140.0	4059.0	8351.0	12231.0	ok	/home/seunghyun/ycsb/results/chiplet_ycsb_256mib_madracks-mnode5_20260314T060453Z_1429430/runs/orientdb/chiplet_x4/inst20/run.stdout.log	/home/seunghyun/ycsb/results/chiplet_ycsb_256mib_madracks-mnode5_20260314T060453Z_1429430/runs/orientdb/chiplet_x4
2026-03-14T06:17:42Z	madracks-mnode5	amd	orientdb	embedded	NO_RETIRED_INST_CYCLES	user	chiplet_x4	48	20	35	CLEANUP	1	61.0	61.0	61.0	61.0	61.0	61.0	61.0	61.0	ok	/home/seunghyun/ycsb/results/chiplet_ycsb_256mib_madracks-mnode5_20260314T060453Z_1429430/runs/orientdb/chiplet_x4/inst20/run.stdout.log	/home/seunghyun/ycsb/results/chiplet_ycsb_256mib_madracks-mnode5_20260314T060453Z_1429430/runs/orientdb/chiplet_x4
2026-03-14T06:17:42Z	madracks-mnode5	amd	orientdb	embedded	NO_RETIRED_INST_CYCLES	user	chiplet_x4	48	21	36	READ	10000	109.8879	24.0	16271.0	32.0	149.0	3833.0	8311.0	16175.0	ok	/home/seunghyun/ycsb/results/chiplet_ycsb_256mib_madracks-mnode5_20260314T060453Z_1429430/runs/orientdb/chiplet_x4/inst21/run.stdout.log	/home/seunghyun/ycsb/results/chiplet_ycsb_256mib_madracks-mnode5_20260314T060453Z_1429430/runs/orientdb/chiplet_x4
2026-03-14T06:17:42Z	madracks-mnode5	amd	orientdb	embedded	NO_RETIRED_INST_CYCLES	user	chiplet_x4	48	21	36	CLEANUP	1	64.0	64.0	64.0	64.0	64.0	64.0	64.0	64.0	ok	/home/seunghyun/ycsb/results/chiplet_ycsb_256mib_madracks-mnode5_20260314T060453Z_1429430/runs/orientdb/chiplet_x4/inst21/run.stdout.log	/home/seunghyun/ycsb/results/chiplet_ycsb_256mib_madracks-mnode5_20260314T060453Z_1429430/runs/orientdb/chiplet_x4
2026-03-14T06:17:42Z	madracks-mnode5	amd	orientdb	embedded	NO_RETIRED_INST_CYCLES	user	chiplet_x4	48	22	37	READ	10000	112.8058	23.0	16671.0	33.0	146.0	3455.0	8839.0	12495.0	ok	/home/seunghyun/ycsb/results/chiplet_ycsb_256mib_madracks-mnode5_20260314T060453Z_1429430/runs/orientdb/chiplet_x4/inst22/run.stdout.log	/home/seunghyun/ycsb/results/chiplet_ycsb_256mib_madracks-mnode5_20260314T060453Z_1429430/runs/orientdb/chiplet_x4
2026-03-14T06:17:42Z	madracks-mnode5	amd	orientdb	embedded	NO_RETIRED_INST_CYCLES	user	chiplet_x4	48	22	37	CLEANUP	1	66.0	66.0	66.0	66.0	66.0	66.0	66.0	66.0	ok	/home/seunghyun/ycsb/results/chiplet_ycsb_256mib_madracks-mnode5_20260314T060453Z_1429430/runs/orientdb/chiplet_x4/inst22/run.stdout.log	/home/seunghyun/ycsb/results/chiplet_ycsb_256mib_madracks-mnode5_20260314T060453Z_1429430/runs/orientdb/chiplet_x4
2026-03-14T06:17:42Z	madracks-mnode5	amd	orientdb	embedded	NO_RETIRED_INST_CYCLES	user	chiplet_x4	48	23	38	READ	10000	116.9531	23.0	16207.0	31.0	143.0	4055.0	8823.0	12287.0	ok	/home/seunghyun/ycsb/results/chiplet_ycsb_256mib_madracks-mnode5_20260314T060453Z_1429430/runs/orientdb/chiplet_x4/inst23/run.stdout.log	/home/seunghyun/ycsb/results/chiplet_ycsb_256mib_madracks-mnode5_20260314T060453Z_1429430/runs/orientdb/chiplet_x4
2026-03-14T06:17:42Z	madracks-mnode5	amd	orientdb	embedded	NO_RETIRED_INST_CYCLES	user	chiplet_x4	48	23	38	CLEANUP	1	68.0	68.0	68.0	68.0	68.0	68.0	68.0	68.0	ok	/home/seunghyun/ycsb/results/chiplet_ycsb_256mib_madracks-mnode5_20260314T060453Z_1429430/runs/orientdb/chiplet_x4/inst23/run.stdout.log	/home/seunghyun/ycsb/results/chiplet_ycsb_256mib_madracks-mnode5_20260314T060453Z_1429430/runs/orientdb/chiplet_x4
2026-03-14T06:17:42Z	madracks-mnode5	amd	orientdb	embedded	NO_RETIRED_INST_CYCLES	user	chiplet_x4	48	24	42	READ	10000	112.536	23.0	16623.0	33.0	143.0	4013.0	8311.0	12847.0	ok	/home/seunghyun/ycsb/results/chiplet_ycsb_256mib_madracks-mnode5_20260314T060453Z_1429430/runs/orientdb/chiplet_x4/inst24/run.stdout.log	/home/seunghyun/ycsb/results/chiplet_ycsb_256mib_madracks-mnode5_20260314T060453Z_1429430/runs/orientdb/chiplet_x4
2026-03-14T06:17:42Z	madracks-mnode5	amd	orientdb	embedded	NO_RETIRED_INST_CYCLES	user	chiplet_x4	48	24	42	CLEANUP	1	62.0	62.0	62.0	62.0	62.0	62.0	62.0	62.0	ok	/home/seunghyun/ycsb/results/chiplet_ycsb_256mib_madracks-mnode5_20260314T060453Z_1429430/runs/orientdb/chiplet_x4/inst24/run.stdout.log	/home/seunghyun/ycsb/results/chiplet_ycsb_256mib_madracks-mnode5_20260314T060453Z_1429430/runs/orientdb/chiplet_x4
2026-03-14T06:17:42Z	madracks-mnode5	amd	orientdb	embedded	NO_RETIRED_INST_CYCLES	user	chiplet_x4	48	25	43	READ	10000	114.8467	24.0	12607.0	33.0	154.0	4055.0	8479.0	12495.0	ok	/home/seunghyun/ycsb/results/chiplet_ycsb_256mib_madracks-mnode5_20260314T060453Z_1429430/runs/orientdb/chiplet_x4/inst25/run.stdout.log	/home/seunghyun/ycsb/results/chiplet_ycsb_256mib_madracks-mnode5_20260314T060453Z_1429430/runs/orientdb/chiplet_x4
2026-03-14T06:17:42Z	madracks-mnode5	amd	orientdb	embedded	NO_RETIRED_INST_CYCLES	user	chiplet_x4	48	25	43	CLEANUP	1	64.0	64.0	64.0	64.0	64.0	64.0	64.0	64.0	ok	/home/seunghyun/ycsb/results/chiplet_ycsb_256mib_madracks-mnode5_20260314T060453Z_1429430/runs/orientdb/chiplet_x4/inst25/run.stdout.log	/home/seunghyun/ycsb/results/chiplet_ycsb_256mib_madracks-mnode5_20260314T060453Z_1429430/runs/orientdb/chiplet_x4
2026-03-14T06:17:42Z	madracks-mnode5	amd	orientdb	embedded	NO_RETIRED_INST_CYCLES	user	chiplet_x4	48	26	44	READ	10000	107.9276	23.0	15399.0	32.0	138.0	3237.0	8471.0	13815.0	ok	/home/seunghyun/ycsb/results/chiplet_ycsb_256mib_madracks-mnode5_20260314T060453Z_1429430/runs/orientdb/chiplet_x4/inst26/run.stdout.log	/home/seunghyun/ycsb/results/chiplet_ycsb_256mib_madracks-mnode5_20260314T060453Z_1429430/runs/orientdb/chiplet_x4
2026-03-14T06:17:42Z	madracks-mnode5	amd	orientdb	embedded	NO_RETIRED_INST_CYCLES	user	chiplet_x4	48	26	44	CLEANUP	1	57.0	57.0	57.0	57.0	57.0	57.0	57.0	57.0	ok	/home/seunghyun/ycsb/results/chiplet_ycsb_256mib_madracks-mnode5_20260314T060453Z_1429430/runs/orientdb/chiplet_x4/inst26/run.stdout.log	/home/seunghyun/ycsb/results/chiplet_ycsb_256mib_madracks-mnode5_20260314T060453Z_1429430/runs/orientdb/chiplet_x4
2026-03-14T06:17:42Z	madracks-mnode5	amd	orientdb	embedded	NO_RETIRED_INST_CYCLES	user	chiplet_x4	48	27	45	READ	10000	119.367	24.0	16263.0	33.0	151.0	4061.0	9735.0	12535.0	ok	/home/seunghyun/ycsb/results/chiplet_ycsb_256mib_madracks-mnode5_20260314T060453Z_1429430/runs/orientdb/chiplet_x4/inst27/run.stdout.log	/home/seunghyun/ycsb/results/chiplet_ycsb_256mib_madracks-mnode5_20260314T060453Z_1429430/runs/orientdb/chiplet_x4
2026-03-14T06:17:42Z	madracks-mnode5	amd	orientdb	embedded	NO_RETIRED_INST_CYCLES	user	chiplet_x4	48	27	45	CLEANUP	1	67.0	67.0	67.0	67.0	67.0	67.0	67.0	67.0	ok	/home/seunghyun/ycsb/results/chiplet_ycsb_256mib_madracks-mnode5_20260314T060453Z_1429430/runs/orientdb/chiplet_x4/inst27/run.stdout.log	/home/seunghyun/ycsb/results/chiplet_ycsb_256mib_madracks-mnode5_20260314T060453Z_1429430/runs/orientdb/chiplet_x4
2026-03-14T06:17:42Z	madracks-mnode5	amd	orientdb	embedded	NO_RETIRED_INST_CYCLES	user	chiplet_x4	48	28	49	READ	10000	115.3507	24.0	16247.0	33.0	149.0	4055.0	8575.0	12463.0	ok	/home/seunghyun/ycsb/results/chiplet_ycsb_256mib_madracks-mnode5_20260314T060453Z_1429430/runs/orientdb/chiplet_x4/inst28/run.stdout.log	/home/seunghyun/ycsb/results/chiplet_ycsb_256mib_madracks-mnode5_20260314T060453Z_1429430/runs/orientdb/chiplet_x4
2026-03-14T06:17:42Z	madracks-mnode5	amd	orientdb	embedded	NO_RETIRED_INST_CYCLES	user	chiplet_x4	48	28	49	CLEANUP	1	79.0	79.0	79.0	79.0	79.0	79.0	79.0	79.0	ok	/home/seunghyun/ycsb/results/chiplet_ycsb_256mib_madracks-mnode5_20260314T060453Z_1429430/runs/orientdb/chiplet_x4/inst28/run.stdout.log	/home/seunghyun/ycsb/results/chiplet_ycsb_256mib_madracks-mnode5_20260314T060453Z_1429430/runs/orientdb/chiplet_x4
2026-03-14T06:17:42Z	madracks-mnode5	amd	orientdb	embedded	NO_RETIRED_INST_CYCLES	user	chiplet_x4	48	29	50	READ	10000	115.512	24.0	12383.0	33.0	142.0	4061.0	8471.0	12207.0	ok	/home/seunghyun/ycsb/results/chiplet_ycsb_256mib_madracks-mnode5_20260314T060453Z_1429430/runs/orientdb/chiplet_x4/inst29/run.stdout.log	/home/seunghyun/ycsb/results/chiplet_ycsb_256mib_madracks-mnode5_20260314T060453Z_1429430/runs/orientdb/chiplet_x4
2026-03-14T06:17:42Z	madracks-mnode5	amd	orientdb	embedded	NO_RETIRED_INST_CYCLES	user	chiplet_x4	48	29	50	CLEANUP	1	63.0	63.0	63.0	63.0	63.0	63.0	63.0	63.0	ok	/home/seunghyun/ycsb/results/chiplet_ycsb_256mib_madracks-mnode5_20260314T060453Z_1429430/runs/orientdb/chiplet_x4/inst29/run.stdout.log	/home/seunghyun/ycsb/results/chiplet_ycsb_256mib_madracks-mnode5_20260314T060453Z_1429430/runs/orientdb/chiplet_x4
2026-03-14T06:17:42Z	madracks-mnode5	amd	orientdb	embedded	NO_RETIRED_INST_CYCLES	user	chiplet_x4	48	30	51	READ	10000	116.4701	23.0	16167.0	32.0	153.0	3425.0	11007.0	12479.0	ok	/home/seunghyun/ycsb/results/chiplet_ycsb_256mib_madracks-mnode5_20260314T060453Z_1429430/runs/orientdb/chiplet_x4/inst30/run.stdout.log	/home/seunghyun/ycsb/results/chiplet_ycsb_256mib_madracks-mnode5_20260314T060453Z_1429430/runs/orientdb/chiplet_x4
2026-03-14T06:17:42Z	madracks-mnode5	amd	orientdb	embedded	NO_RETIRED_INST_CYCLES	user	chiplet_x4	48	30	51	CLEANUP	1	68.0	68.0	68.0	68.0	68.0	68.0	68.0	68.0	ok	/home/seunghyun/ycsb/results/chiplet_ycsb_256mib_madracks-mnode5_20260314T060453Z_1429430/runs/orientdb/chiplet_x4/inst30/run.stdout.log	/home/seunghyun/ycsb/results/chiplet_ycsb_256mib_madracks-mnode5_20260314T060453Z_1429430/runs/orientdb/chiplet_x4
2026-03-14T06:17:42Z	madracks-mnode5	amd	orientdb	embedded	NO_RETIRED_INST_CYCLES	user	chiplet_x4	48	31	52	READ	10000	111.6572	24.0	15903.0	32.0	144.0	3891.0	8695.0	12439.0	ok	/home/seunghyun/ycsb/results/chiplet_ycsb_256mib_madracks-mnode5_20260314T060453Z_1429430/runs/orientdb/chiplet_x4/inst31/run.stdout.log	/home/seunghyun/ycsb/results/chiplet_ycsb_256mib_madracks-mnode5_20260314T060453Z_1429430/runs/orientdb/chiplet_x4
2026-03-14T06:17:42Z	madracks-mnode5	amd	orientdb	embedded	NO_RETIRED_INST_CYCLES	user	chiplet_x4	48	31	52	CLEANUP	1	61.0	61.0	61.0	61.0	61.0	61.0	61.0	61.0	ok	/home/seunghyun/ycsb/results/chiplet_ycsb_256mib_madracks-mnode5_20260314T060453Z_1429430/runs/orientdb/chiplet_x4/inst31/run.stdout.log	/home/seunghyun/ycsb/results/chiplet_ycsb_256mib_madracks-mnode5_20260314T060453Z_1429430/runs/orientdb/chiplet_x4
2026-03-14T06:17:42Z	madracks-mnode5	amd	orientdb	embedded	NO_RETIRED_INST_CYCLES	user	chiplet_x4	48	32	56	READ	10000	114.1646	24.0	16367.0	33.0	154.0	3843.0	8759.0	12503.0	ok	/home/seunghyun/ycsb/results/chiplet_ycsb_256mib_madracks-mnode5_20260314T060453Z_1429430/runs/orientdb/chiplet_x4/inst32/run.stdout.log	/home/seunghyun/ycsb/results/chiplet_ycsb_256mib_madracks-mnode5_20260314T060453Z_1429430/runs/orientdb/chiplet_x4
2026-03-14T06:17:42Z	madracks-mnode5	amd	orientdb	embedded	NO_RETIRED_INST_CYCLES	user	chiplet_x4	48	32	56	CLEANUP	1	66.0	66.0	66.0	66.0	66.0	66.0	66.0	66.0	ok	/home/seunghyun/ycsb/results/chiplet_ycsb_256mib_madracks-mnode5_20260314T060453Z_1429430/runs/orientdb/chiplet_x4/inst32/run.stdout.log	/home/seunghyun/ycsb/results/chiplet_ycsb_256mib_madracks-mnode5_20260314T060453Z_1429430/runs/orientdb/chiplet_x4
2026-03-14T06:17:42Z	madracks-mnode5	amd	orientdb	embedded	NO_RETIRED_INST_CYCLES	user	chiplet_x4	48	33	57	READ	10000	118.0711	23.0	16399.0	31.0	148.0	4059.0	10711.0	12511.0	ok	/home/seunghyun/ycsb/results/chiplet_ycsb_256mib_madracks-mnode5_20260314T060453Z_1429430/runs/orientdb/chiplet_x4/inst33/run.stdout.log	/home/seunghyun/ycsb/results/chiplet_ycsb_256mib_madracks-mnode5_20260314T060453Z_1429430/runs/orientdb/chiplet_x4
2026-03-14T06:17:42Z	madracks-mnode5	amd	orientdb	embedded	NO_RETIRED_INST_CYCLES	user	chiplet_x4	48	33	57	CLEANUP	1	47.0	47.0	47.0	47.0	47.0	47.0	47.0	47.0	ok	/home/seunghyun/ycsb/results/chiplet_ycsb_256mib_madracks-mnode5_20260314T060453Z_1429430/runs/orientdb/chiplet_x4/inst33/run.stdout.log	/home/seunghyun/ycsb/results/chiplet_ycsb_256mib_madracks-mnode5_20260314T060453Z_1429430/runs/orientdb/chiplet_x4
2026-03-14T06:17:42Z	madracks-mnode5	amd	orientdb	embedded	NO_RETIRED_INST_CYCLES	user	chiplet_x4	48	34	58	READ	10000	115.4237	24.0	16143.0	33.0	156.0	3699.0	8415.0	13423.0	ok	/home/seunghyun/ycsb/results/chiplet_ycsb_256mib_madracks-mnode5_20260314T060453Z_1429430/runs/orientdb/chiplet_x4/inst34/run.stdout.log	/home/seunghyun/ycsb/results/chiplet_ycsb_256mib_madracks-mnode5_20260314T060453Z_1429430/runs/orientdb/chiplet_x4
2026-03-14T06:17:42Z	madracks-mnode5	amd	orientdb	embedded	NO_RETIRED_INST_CYCLES	user	chiplet_x4	48	34	58	CLEANUP	1	67.0	67.0	67.0	67.0	67.0	67.0	67.0	67.0	ok	/home/seunghyun/ycsb/results/chiplet_ycsb_256mib_madracks-mnode5_20260314T060453Z_1429430/runs/orientdb/chiplet_x4/inst34/run.stdout.log	/home/seunghyun/ycsb/results/chiplet_ycsb_256mib_madracks-mnode5_20260314T060453Z_1429430/runs/orientdb/chiplet_x4
2026-03-14T06:17:42Z	madracks-mnode5	amd	orientdb	embedded	NO_RETIRED_INST_CYCLES	user	chiplet_x4	48	35	59	READ	10000	111.188	23.0	12559.0	32.0	144.0	4051.0	8303.0	12447.0	ok	/home/seunghyun/ycsb/results/chiplet_ycsb_256mib_madracks-mnode5_20260314T060453Z_1429430/runs/orientdb/chiplet_x4/inst35/run.stdout.log	/home/seunghyun/ycsb/results/chiplet_ycsb_256mib_madracks-mnode5_20260314T060453Z_1429430/runs/orientdb/chiplet_x4
2026-03-14T06:17:42Z	madracks-mnode5	amd	orientdb	embedded	NO_RETIRED_INST_CYCLES	user	chiplet_x4	48	35	59	CLEANUP	1	67.0	67.0	67.0	67.0	67.0	67.0	67.0	67.0	ok	/home/seunghyun/ycsb/results/chiplet_ycsb_256mib_madracks-mnode5_20260314T060453Z_1429430/runs/orientdb/chiplet_x4/inst35/run.stdout.log	/home/seunghyun/ycsb/results/chiplet_ycsb_256mib_madracks-mnode5_20260314T060453Z_1429430/runs/orientdb/chiplet_x4
2026-03-14T06:17:42Z	madracks-mnode5	amd	orientdb	embedded	NO_RETIRED_INST_CYCLES	user	chiplet_x4	48	36	63	READ	10000	114.3014	23.0	12119.0	33.0	149.0	4059.0	8255.0	11727.0	ok	/home/seunghyun/ycsb/results/chiplet_ycsb_256mib_madracks-mnode5_20260314T060453Z_1429430/runs/orientdb/chiplet_x4/inst36/run.stdout.log	/home/seunghyun/ycsb/results/chiplet_ycsb_256mib_madracks-mnode5_20260314T060453Z_1429430/runs/orientdb/chiplet_x4
2026-03-14T06:17:42Z	madracks-mnode5	amd	orientdb	embedded	NO_RETIRED_INST_CYCLES	user	chiplet_x4	48	36	63	CLEANUP	1	69.0	69.0	69.0	69.0	69.0	69.0	69.0	69.0	ok	/home/seunghyun/ycsb/results/chiplet_ycsb_256mib_madracks-mnode5_20260314T060453Z_1429430/runs/orientdb/chiplet_x4/inst36/run.stdout.log	/home/seunghyun/ycsb/results/chiplet_ycsb_256mib_madracks-mnode5_20260314T060453Z_1429430/runs/orientdb/chiplet_x4
2026-03-14T06:17:42Z	madracks-mnode5	amd	orientdb	embedded	NO_RETIRED_INST_CYCLES	user	chiplet_x4	48	37	64	READ	10000	115.2825	22.0	12415.0	32.0	151.0	3597.0	8767.0	12327.0	ok	/home/seunghyun/ycsb/results/chiplet_ycsb_256mib_madracks-mnode5_20260314T060453Z_1429430/runs/orientdb/chiplet_x4/inst37/run.stdout.log	/home/seunghyun/ycsb/results/chiplet_ycsb_256mib_madracks-mnode5_20260314T060453Z_1429430/runs/orientdb/chiplet_x4
2026-03-14T06:17:42Z	madracks-mnode5	amd	orientdb	embedded	NO_RETIRED_INST_CYCLES	user	chiplet_x4	48	37	64	CLEANUP	1	77.0	77.0	77.0	77.0	77.0	77.0	77.0	77.0	ok	/home/seunghyun/ycsb/results/chiplet_ycsb_256mib_madracks-mnode5_20260314T060453Z_1429430/runs/orientdb/chiplet_x4/inst37/run.stdout.log	/home/seunghyun/ycsb/results/chiplet_ycsb_256mib_madracks-mnode5_20260314T060453Z_1429430/runs/orientdb/chiplet_x4
2026-03-14T06:17:42Z	madracks-mnode5	amd	orientdb	embedded	NO_RETIRED_INST_CYCLES	user	chiplet_x4	48	38	65	READ	10000	114.2578	23.0	12591.0	33.0	148.0	4061.0	8359.0	12567.0	ok	/home/seunghyun/ycsb/results/chiplet_ycsb_256mib_madracks-mnode5_20260314T060453Z_1429430/runs/orientdb/chiplet_x4/inst38/run.stdout.log	/home/seunghyun/ycsb/results/chiplet_ycsb_256mib_madracks-mnode5_20260314T060453Z_1429430/runs/orientdb/chiplet_x4
2026-03-14T06:17:42Z	madracks-mnode5	amd	orientdb	embedded	NO_RETIRED_INST_CYCLES	user	chiplet_x4	48	38	65	CLEANUP	1	66.0	66.0	66.0	66.0	66.0	66.0	66.0	66.0	ok	/home/seunghyun/ycsb/results/chiplet_ycsb_256mib_madracks-mnode5_20260314T060453Z_1429430/runs/orientdb/chiplet_x4/inst38/run.stdout.log	/home/seunghyun/ycsb/results/chiplet_ycsb_256mib_madracks-mnode5_20260314T060453Z_1429430/runs/orientdb/chiplet_x4
2026-03-14T06:17:42Z	madracks-mnode5	amd	orientdb	embedded	NO_RETIRED_INST_CYCLES	user	chiplet_x4	48	39	66	READ	10000	116.0428	23.0	16367.0	33.0	151.0	4065.0	8551.0	12375.0	ok	/home/seunghyun/ycsb/results/chiplet_ycsb_256mib_madracks-mnode5_20260314T060453Z_1429430/runs/orientdb/chiplet_x4/inst39/run.stdout.log	/home/seunghyun/ycsb/results/chiplet_ycsb_256mib_madracks-mnode5_20260314T060453Z_1429430/runs/orientdb/chiplet_x4
2026-03-14T06:17:42Z	madracks-mnode5	amd	orientdb	embedded	NO_RETIRED_INST_CYCLES	user	chiplet_x4	48	39	66	CLEANUP	1	68.0	68.0	68.0	68.0	68.0	68.0	68.0	68.0	ok	/home/seunghyun/ycsb/results/chiplet_ycsb_256mib_madracks-mnode5_20260314T060453Z_1429430/runs/orientdb/chiplet_x4/inst39/run.stdout.log	/home/seunghyun/ycsb/results/chiplet_ycsb_256mib_madracks-mnode5_20260314T060453Z_1429430/runs/orientdb/chiplet_x4
2026-03-14T06:17:42Z	madracks-mnode5	amd	orientdb	embedded	NO_RETIRED_INST_CYCLES	user	chiplet_x4	48	40	70	READ	10000	115.4415	23.0	16703.0	33.0	150.0	3295.0	11039.0	16279.0	ok	/home/seunghyun/ycsb/results/chiplet_ycsb_256mib_madracks-mnode5_20260314T060453Z_1429430/runs/orientdb/chiplet_x4/inst40/run.stdout.log	/home/seunghyun/ycsb/results/chiplet_ycsb_256mib_madracks-mnode5_20260314T060453Z_1429430/runs/orientdb/chiplet_x4
2026-03-14T06:17:42Z	madracks-mnode5	amd	orientdb	embedded	NO_RETIRED_INST_CYCLES	user	chiplet_x4	48	40	70	CLEANUP	1	64.0	64.0	64.0	64.0	64.0	64.0	64.0	64.0	ok	/home/seunghyun/ycsb/results/chiplet_ycsb_256mib_madracks-mnode5_20260314T060453Z_1429430/runs/orientdb/chiplet_x4/inst40/run.stdout.log	/home/seunghyun/ycsb/results/chiplet_ycsb_256mib_madracks-mnode5_20260314T060453Z_1429430/runs/orientdb/chiplet_x4
2026-03-14T06:17:42Z	madracks-mnode5	amd	orientdb	embedded	NO_RETIRED_INST_CYCLES	user	chiplet_x4	48	41	71	READ	10000	117.0952	24.0	16767.0	33.0	145.0	4059.0	8375.0	16207.0	ok	/home/seunghyun/ycsb/results/chiplet_ycsb_256mib_madracks-mnode5_20260314T060453Z_1429430/runs/orientdb/chiplet_x4/inst41/run.stdout.log	/home/seunghyun/ycsb/results/chiplet_ycsb_256mib_madracks-mnode5_20260314T060453Z_1429430/runs/orientdb/chiplet_x4
2026-03-14T06:17:42Z	madracks-mnode5	amd	orientdb	embedded	NO_RETIRED_INST_CYCLES	user	chiplet_x4	48	41	71	CLEANUP	1	75.0	75.0	75.0	75.0	75.0	75.0	75.0	75.0	ok	/home/seunghyun/ycsb/results/chiplet_ycsb_256mib_madracks-mnode5_20260314T060453Z_1429430/runs/orientdb/chiplet_x4/inst41/run.stdout.log	/home/seunghyun/ycsb/results/chiplet_ycsb_256mib_madracks-mnode5_20260314T060453Z_1429430/runs/orientdb/chiplet_x4
2026-03-14T06:17:42Z	madracks-mnode5	amd	orientdb	embedded	NO_RETIRED_INST_CYCLES	user	chiplet_x4	48	42	72	READ	10000	120.387	23.0	16207.0	33.0	150.0	4065.0	8527.0	15063.0	ok	/home/seunghyun/ycsb/results/chiplet_ycsb_256mib_madracks-mnode5_20260314T060453Z_1429430/runs/orientdb/chiplet_x4/inst42/run.stdout.log	/home/seunghyun/ycsb/results/chiplet_ycsb_256mib_madracks-mnode5_20260314T060453Z_1429430/runs/orientdb/chiplet_x4
2026-03-14T06:17:42Z	madracks-mnode5	amd	orientdb	embedded	NO_RETIRED_INST_CYCLES	user	chiplet_x4	48	42	72	CLEANUP	1	42.0	42.0	42.0	42.0	42.0	42.0	42.0	42.0	ok	/home/seunghyun/ycsb/results/chiplet_ycsb_256mib_madracks-mnode5_20260314T060453Z_1429430/runs/orientdb/chiplet_x4/inst42/run.stdout.log	/home/seunghyun/ycsb/results/chiplet_ycsb_256mib_madracks-mnode5_20260314T060453Z_1429430/runs/orientdb/chiplet_x4
2026-03-14T06:17:42Z	madracks-mnode5	amd	orientdb	embedded	NO_RETIRED_INST_CYCLES	user	chiplet_x4	48	43	73	READ	10000	113.9905	23.0	12599.0	33.0	146.0	3901.0	8351.0	12415.0	ok	/home/seunghyun/ycsb/results/chiplet_ycsb_256mib_madracks-mnode5_20260314T060453Z_1429430/runs/orientdb/chiplet_x4/inst43/run.stdout.log	/home/seunghyun/ycsb/results/chiplet_ycsb_256mib_madracks-mnode5_20260314T060453Z_1429430/runs/orientdb/chiplet_x4
2026-03-14T06:17:42Z	madracks-mnode5	amd	orientdb	embedded	NO_RETIRED_INST_CYCLES	user	chiplet_x4	48	43	73	CLEANUP	1	65.0	65.0	65.0	65.0	65.0	65.0	65.0	65.0	ok	/home/seunghyun/ycsb/results/chiplet_ycsb_256mib_madracks-mnode5_20260314T060453Z_1429430/runs/orientdb/chiplet_x4/inst43/run.stdout.log	/home/seunghyun/ycsb/results/chiplet_ycsb_256mib_madracks-mnode5_20260314T060453Z_1429430/runs/orientdb/chiplet_x4
2026-03-14T06:17:42Z	madracks-mnode5	amd	orientdb	embedded	NO_RETIRED_INST_CYCLES	user	chiplet_x4	48	44	77	READ	10000	119.2569	23.0	16327.0	33.0	147.0	3593.0	8711.0	16079.0	ok	/home/seunghyun/ycsb/results/chiplet_ycsb_256mib_madracks-mnode5_20260314T060453Z_1429430/runs/orientdb/chiplet_x4/inst44/run.stdout.log	/home/seunghyun/ycsb/results/chiplet_ycsb_256mib_madracks-mnode5_20260314T060453Z_1429430/runs/orientdb/chiplet_x4
2026-03-14T06:17:42Z	madracks-mnode5	amd	orientdb	embedded	NO_RETIRED_INST_CYCLES	user	chiplet_x4	48	44	77	CLEANUP	1	65.0	65.0	65.0	65.0	65.0	65.0	65.0	65.0	ok	/home/seunghyun/ycsb/results/chiplet_ycsb_256mib_madracks-mnode5_20260314T060453Z_1429430/runs/orientdb/chiplet_x4/inst44/run.stdout.log	/home/seunghyun/ycsb/results/chiplet_ycsb_256mib_madracks-mnode5_20260314T060453Z_1429430/runs/orientdb/chiplet_x4
2026-03-14T06:17:42Z	madracks-mnode5	amd	orientdb	embedded	NO_RETIRED_INST_CYCLES	user	chiplet_x4	48	45	78	READ	10000	115.3481	24.0	16143.0	33.0	145.0	4067.0	8431.0	12559.0	ok	/home/seunghyun/ycsb/results/chiplet_ycsb_256mib_madracks-mnode5_20260314T060453Z_1429430/runs/orientdb/chiplet_x4/inst45/run.stdout.log	/home/seunghyun/ycsb/results/chiplet_ycsb_256mib_madracks-mnode5_20260314T060453Z_1429430/runs/orientdb/chiplet_x4
2026-03-14T06:17:42Z	madracks-mnode5	amd	orientdb	embedded	NO_RETIRED_INST_CYCLES	user	chiplet_x4	48	45	78	CLEANUP	1	64.0	64.0	64.0	64.0	64.0	64.0	64.0	64.0	ok	/home/seunghyun/ycsb/results/chiplet_ycsb_256mib_madracks-mnode5_20260314T060453Z_1429430/runs/orientdb/chiplet_x4/inst45/run.stdout.log	/home/seunghyun/ycsb/results/chiplet_ycsb_256mib_madracks-mnode5_20260314T060453Z_1429430/runs/orientdb/chiplet_x4
2026-03-14T06:17:42Z	madracks-mnode5	amd	orientdb	embedded	NO_RETIRED_INST_CYCLES	user	chiplet_x4	48	46	79	READ	10000	115.7325	23.0	16167.0	33.0	147.0	4059.0	8351.0	12551.0	ok	/home/seunghyun/ycsb/results/chiplet_ycsb_256mib_madracks-mnode5_20260314T060453Z_1429430/runs/orientdb/chiplet_x4/inst46/run.stdout.log	/home/seunghyun/ycsb/results/chiplet_ycsb_256mib_madracks-mnode5_20260314T060453Z_1429430/runs/orientdb/chiplet_x4
2026-03-14T06:17:42Z	madracks-mnode5	amd	orientdb	embedded	NO_RETIRED_INST_CYCLES	user	chiplet_x4	48	46	79	CLEANUP	1	57.0	57.0	57.0	57.0	57.0	57.0	57.0	57.0	ok	/home/seunghyun/ycsb/results/chiplet_ycsb_256mib_madracks-mnode5_20260314T060453Z_1429430/runs/orientdb/chiplet_x4/inst46/run.stdout.log	/home/seunghyun/ycsb/results/chiplet_ycsb_256mib_madracks-mnode5_20260314T060453Z_1429430/runs/orientdb/chiplet_x4
2026-03-14T06:17:42Z	madracks-mnode5	amd	orientdb	embedded	NO_RETIRED_INST_CYCLES	user	chiplet_x4	48	47	80	READ	10000	116.0252	22.0	16495.0	33.0	145.0	4069.0	9303.0	12471.0	ok	/home/seunghyun/ycsb/results/chiplet_ycsb_256mib_madracks-mnode5_20260314T060453Z_1429430/runs/orientdb/chiplet_x4/inst47/run.stdout.log	/home/seunghyun/ycsb/results/chiplet_ycsb_256mib_madracks-mnode5_20260314T060453Z_1429430/runs/orientdb/chiplet_x4
2026-03-14T06:17:42Z	madracks-mnode5	amd	orientdb	embedded	NO_RETIRED_INST_CYCLES	user	chiplet_x4	48	47	80	CLEANUP	1	63.0	63.0	63.0	63.0	63.0	63.0	63.0	63.0	ok	/home/seunghyun/ycsb/results/chiplet_ycsb_256mib_madracks-mnode5_20260314T060453Z_1429430/runs/orientdb/chiplet_x4/inst47/run.stdout.log	/home/seunghyun/ycsb/results/chiplet_ycsb_256mib_madracks-mnode5_20260314T060453Z_1429430/runs/orientdb/chiplet_x4
2026-03-14T06:19:37Z	madracks-mnode5	amd	orientdb	embedded	NO_RETIRED_INST_CYCLES	user	chiplet_x5	60	0	0	READ	10000	116.4907	23.0	18191.0	33.0	157.0	3285.0	8599.0	16135.0	ok	/home/seunghyun/ycsb/results/chiplet_ycsb_256mib_madracks-mnode5_20260314T060453Z_1429430/runs/orientdb/chiplet_x5/inst00/run.stdout.log	/home/seunghyun/ycsb/results/chiplet_ycsb_256mib_madracks-mnode5_20260314T060453Z_1429430/runs/orientdb/chiplet_x5
2026-03-14T06:19:37Z	madracks-mnode5	amd	orientdb	embedded	NO_RETIRED_INST_CYCLES	user	chiplet_x5	60	0	0	CLEANUP	1	63.0	63.0	63.0	63.0	63.0	63.0	63.0	63.0	ok	/home/seunghyun/ycsb/results/chiplet_ycsb_256mib_madracks-mnode5_20260314T060453Z_1429430/runs/orientdb/chiplet_x5/inst00/run.stdout.log	/home/seunghyun/ycsb/results/chiplet_ycsb_256mib_madracks-mnode5_20260314T060453Z_1429430/runs/orientdb/chiplet_x5
2026-03-14T06:19:37Z	madracks-mnode5	amd	orientdb	embedded	NO_RETIRED_INST_CYCLES	user	chiplet_x5	60	1	1	READ	10000	113.6522	24.0	12511.0	33.0	150.0	3751.0	8479.0	12487.0	ok	/home/seunghyun/ycsb/results/chiplet_ycsb_256mib_madracks-mnode5_20260314T060453Z_1429430/runs/orientdb/chiplet_x5/inst01/run.stdout.log	/home/seunghyun/ycsb/results/chiplet_ycsb_256mib_madracks-mnode5_20260314T060453Z_1429430/runs/orientdb/chiplet_x5
2026-03-14T06:19:37Z	madracks-mnode5	amd	orientdb	embedded	NO_RETIRED_INST_CYCLES	user	chiplet_x5	60	1	1	CLEANUP	1	57.0	57.0	57.0	57.0	57.0	57.0	57.0	57.0	ok	/home/seunghyun/ycsb/results/chiplet_ycsb_256mib_madracks-mnode5_20260314T060453Z_1429430/runs/orientdb/chiplet_x5/inst01/run.stdout.log	/home/seunghyun/ycsb/results/chiplet_ycsb_256mib_madracks-mnode5_20260314T060453Z_1429430/runs/orientdb/chiplet_x5
2026-03-14T06:19:37Z	madracks-mnode5	amd	orientdb	embedded	NO_RETIRED_INST_CYCLES	user	chiplet_x5	60	2	2	READ	10000	114.5772	24.0	18863.0	33.0	145.0	3979.0	8503.0	16151.0	ok	/home/seunghyun/ycsb/results/chiplet_ycsb_256mib_madracks-mnode5_20260314T060453Z_1429430/runs/orientdb/chiplet_x5/inst02/run.stdout.log	/home/seunghyun/ycsb/results/chiplet_ycsb_256mib_madracks-mnode5_20260314T060453Z_1429430/runs/orientdb/chiplet_x5
2026-03-14T06:19:37Z	madracks-mnode5	amd	orientdb	embedded	NO_RETIRED_INST_CYCLES	user	chiplet_x5	60	2	2	CLEANUP	1	56.0	56.0	56.0	56.0	56.0	56.0	56.0	56.0	ok	/home/seunghyun/ycsb/results/chiplet_ycsb_256mib_madracks-mnode5_20260314T060453Z_1429430/runs/orientdb/chiplet_x5/inst02/run.stdout.log	/home/seunghyun/ycsb/results/chiplet_ycsb_256mib_madracks-mnode5_20260314T060453Z_1429430/runs/orientdb/chiplet_x5
2026-03-14T06:19:37Z	madracks-mnode5	amd	orientdb	embedded	NO_RETIRED_INST_CYCLES	user	chiplet_x5	60	3	3	READ	10000	122.1202	25.0	17167.0	33.0	150.0	4069.0	11047.0	16591.0	ok	/home/seunghyun/ycsb/results/chiplet_ycsb_256mib_madracks-mnode5_20260314T060453Z_1429430/runs/orientdb/chiplet_x5/inst03/run.stdout.log	/home/seunghyun/ycsb/results/chiplet_ycsb_256mib_madracks-mnode5_20260314T060453Z_1429430/runs/orientdb/chiplet_x5
2026-03-14T06:19:37Z	madracks-mnode5	amd	orientdb	embedded	NO_RETIRED_INST_CYCLES	user	chiplet_x5	60	3	3	CLEANUP	1	61.0	61.0	61.0	61.0	61.0	61.0	61.0	61.0	ok	/home/seunghyun/ycsb/results/chiplet_ycsb_256mib_madracks-mnode5_20260314T060453Z_1429430/runs/orientdb/chiplet_x5/inst03/run.stdout.log	/home/seunghyun/ycsb/results/chiplet_ycsb_256mib_madracks-mnode5_20260314T060453Z_1429430/runs/orientdb/chiplet_x5
2026-03-14T06:19:37Z	madracks-mnode5	amd	orientdb	embedded	NO_RETIRED_INST_CYCLES	user	chiplet_x5	60	4	4	READ	10000	118.861	22.0	18511.0	32.0	154.0	3975.0	8703.0	12591.0	ok	/home/seunghyun/ycsb/results/chiplet_ycsb_256mib_madracks-mnode5_20260314T060453Z_1429430/runs/orientdb/chiplet_x5/inst04/run.stdout.log	/home/seunghyun/ycsb/results/chiplet_ycsb_256mib_madracks-mnode5_20260314T060453Z_1429430/runs/orientdb/chiplet_x5
2026-03-14T06:19:37Z	madracks-mnode5	amd	orientdb	embedded	NO_RETIRED_INST_CYCLES	user	chiplet_x5	60	4	4	CLEANUP	1	66.0	66.0	66.0	66.0	66.0	66.0	66.0	66.0	ok	/home/seunghyun/ycsb/results/chiplet_ycsb_256mib_madracks-mnode5_20260314T060453Z_1429430/runs/orientdb/chiplet_x5/inst04/run.stdout.log	/home/seunghyun/ycsb/results/chiplet_ycsb_256mib_madracks-mnode5_20260314T060453Z_1429430/runs/orientdb/chiplet_x5
2026-03-14T06:19:37Z	madracks-mnode5	amd	orientdb	embedded	NO_RETIRED_INST_CYCLES	user	chiplet_x5	60	5	7	READ	10000	117.7509	23.0	20127.0	33.0	151.0	4051.0	8399.0	16719.0	ok	/home/seunghyun/ycsb/results/chiplet_ycsb_256mib_madracks-mnode5_20260314T060453Z_1429430/runs/orientdb/chiplet_x5/inst05/run.stdout.log	/home/seunghyun/ycsb/results/chiplet_ycsb_256mib_madracks-mnode5_20260314T060453Z_1429430/runs/orientdb/chiplet_x5
2026-03-14T06:19:37Z	madracks-mnode5	amd	orientdb	embedded	NO_RETIRED_INST_CYCLES	user	chiplet_x5	60	5	7	CLEANUP	1	66.0	66.0	66.0	66.0	66.0	66.0	66.0	66.0	ok	/home/seunghyun/ycsb/results/chiplet_ycsb_256mib_madracks-mnode5_20260314T060453Z_1429430/runs/orientdb/chiplet_x5/inst05/run.stdout.log	/home/seunghyun/ycsb/results/chiplet_ycsb_256mib_madracks-mnode5_20260314T060453Z_1429430/runs/orientdb/chiplet_x5
2026-03-14T06:19:37Z	madracks-mnode5	amd	orientdb	embedded	NO_RETIRED_INST_CYCLES	user	chiplet_x5	60	6	8	READ	10000	115.657	23.0	16447.0	33.0	145.0	4063.0	8327.0	12263.0	ok	/home/seunghyun/ycsb/results/chiplet_ycsb_256mib_madracks-mnode5_20260314T060453Z_1429430/runs/orientdb/chiplet_x5/inst06/run.stdout.log	/home/seunghyun/ycsb/results/chiplet_ycsb_256mib_madracks-mnode5_20260314T060453Z_1429430/runs/orientdb/chiplet_x5
2026-03-14T06:19:37Z	madracks-mnode5	amd	orientdb	embedded	NO_RETIRED_INST_CYCLES	user	chiplet_x5	60	6	8	CLEANUP	1	61.0	61.0	61.0	61.0	61.0	61.0	61.0	61.0	ok	/home/seunghyun/ycsb/results/chiplet_ycsb_256mib_madracks-mnode5_20260314T060453Z_1429430/runs/orientdb/chiplet_x5/inst06/run.stdout.log	/home/seunghyun/ycsb/results/chiplet_ycsb_256mib_madracks-mnode5_20260314T060453Z_1429430/runs/orientdb/chiplet_x5
2026-03-14T06:19:37Z	madracks-mnode5	amd	orientdb	embedded	NO_RETIRED_INST_CYCLES	user	chiplet_x5	60	7	9	READ	10000	120.3242	24.0	12583.0	33.0	155.0	4073.0	8823.0	12391.0	ok	/home/seunghyun/ycsb/results/chiplet_ycsb_256mib_madracks-mnode5_20260314T060453Z_1429430/runs/orientdb/chiplet_x5/inst07/run.stdout.log	/home/seunghyun/ycsb/results/chiplet_ycsb_256mib_madracks-mnode5_20260314T060453Z_1429430/runs/orientdb/chiplet_x5
2026-03-14T06:19:37Z	madracks-mnode5	amd	orientdb	embedded	NO_RETIRED_INST_CYCLES	user	chiplet_x5	60	7	9	CLEANUP	1	62.0	62.0	62.0	62.0	62.0	62.0	62.0	62.0	ok	/home/seunghyun/ycsb/results/chiplet_ycsb_256mib_madracks-mnode5_20260314T060453Z_1429430/runs/orientdb/chiplet_x5/inst07/run.stdout.log	/home/seunghyun/ycsb/results/chiplet_ycsb_256mib_madracks-mnode5_20260314T060453Z_1429430/runs/orientdb/chiplet_x5
2026-03-14T06:19:37Z	madracks-mnode5	amd	orientdb	embedded	NO_RETIRED_INST_CYCLES	user	chiplet_x5	60	8	10	READ	10000	117.4424	23.0	16151.0	33.0	148.0	4061.0	8423.0	12679.0	ok	/home/seunghyun/ycsb/results/chiplet_ycsb_256mib_madracks-mnode5_20260314T060453Z_1429430/runs/orientdb/chiplet_x5/inst08/run.stdout.log	/home/seunghyun/ycsb/results/chiplet_ycsb_256mib_madracks-mnode5_20260314T060453Z_1429430/runs/orientdb/chiplet_x5
2026-03-14T06:19:37Z	madracks-mnode5	amd	orientdb	embedded	NO_RETIRED_INST_CYCLES	user	chiplet_x5	60	8	10	CLEANUP	1	61.0	61.0	61.0	61.0	61.0	61.0	61.0	61.0	ok	/home/seunghyun/ycsb/results/chiplet_ycsb_256mib_madracks-mnode5_20260314T060453Z_1429430/runs/orientdb/chiplet_x5/inst08/run.stdout.log	/home/seunghyun/ycsb/results/chiplet_ycsb_256mib_madracks-mnode5_20260314T060453Z_1429430/runs/orientdb/chiplet_x5
2026-03-14T06:19:37Z	madracks-mnode5	amd	orientdb	embedded	NO_RETIRED_INST_CYCLES	user	chiplet_x5	60	9	11	READ	10000	114.3272	25.0	15527.0	33.0	146.0	3561.0	8487.0	13671.0	ok	/home/seunghyun/ycsb/results/chiplet_ycsb_256mib_madracks-mnode5_20260314T060453Z_1429430/runs/orientdb/chiplet_x5/inst09/run.stdout.log	/home/seunghyun/ycsb/results/chiplet_ycsb_256mib_madracks-mnode5_20260314T060453Z_1429430/runs/orientdb/chiplet_x5
2026-03-14T06:19:37Z	madracks-mnode5	amd	orientdb	embedded	NO_RETIRED_INST_CYCLES	user	chiplet_x5	60	9	11	CLEANUP	1	71.0	71.0	71.0	71.0	71.0	71.0	71.0	71.0	ok	/home/seunghyun/ycsb/results/chiplet_ycsb_256mib_madracks-mnode5_20260314T060453Z_1429430/runs/orientdb/chiplet_x5/inst09/run.stdout.log	/home/seunghyun/ycsb/results/chiplet_ycsb_256mib_madracks-mnode5_20260314T060453Z_1429430/runs/orientdb/chiplet_x5
2026-03-14T06:19:37Z	madracks-mnode5	amd	orientdb	embedded	NO_RETIRED_INST_CYCLES	user	chiplet_x5	60	10	14	READ	10000	116.8028	23.0	15671.0	33.0	151.0	4057.0	11031.0	12799.0	ok	/home/seunghyun/ycsb/results/chiplet_ycsb_256mib_madracks-mnode5_20260314T060453Z_1429430/runs/orientdb/chiplet_x5/inst10/run.stdout.log	/home/seunghyun/ycsb/results/chiplet_ycsb_256mib_madracks-mnode5_20260314T060453Z_1429430/runs/orientdb/chiplet_x5
2026-03-14T06:19:37Z	madracks-mnode5	amd	orientdb	embedded	NO_RETIRED_INST_CYCLES	user	chiplet_x5	60	10	14	CLEANUP	1	64.0	64.0	64.0	64.0	64.0	64.0	64.0	64.0	ok	/home/seunghyun/ycsb/results/chiplet_ycsb_256mib_madracks-mnode5_20260314T060453Z_1429430/runs/orientdb/chiplet_x5/inst10/run.stdout.log	/home/seunghyun/ycsb/results/chiplet_ycsb_256mib_madracks-mnode5_20260314T060453Z_1429430/runs/orientdb/chiplet_x5
2026-03-14T06:19:37Z	madracks-mnode5	amd	orientdb	embedded	NO_RETIRED_INST_CYCLES	user	chiplet_x5	60	11	15	READ	10000	116.0977	24.0	14223.0	33.0	150.0	4063.0	8399.0	12519.0	ok	/home/seunghyun/ycsb/results/chiplet_ycsb_256mib_madracks-mnode5_20260314T060453Z_1429430/runs/orientdb/chiplet_x5/inst11/run.stdout.log	/home/seunghyun/ycsb/results/chiplet_ycsb_256mib_madracks-mnode5_20260314T060453Z_1429430/runs/orientdb/chiplet_x5
2026-03-14T06:19:37Z	madracks-mnode5	amd	orientdb	embedded	NO_RETIRED_INST_CYCLES	user	chiplet_x5	60	11	15	CLEANUP	1	56.0	56.0	56.0	56.0	56.0	56.0	56.0	56.0	ok	/home/seunghyun/ycsb/results/chiplet_ycsb_256mib_madracks-mnode5_20260314T060453Z_1429430/runs/orientdb/chiplet_x5/inst11/run.stdout.log	/home/seunghyun/ycsb/results/chiplet_ycsb_256mib_madracks-mnode5_20260314T060453Z_1429430/runs/orientdb/chiplet_x5
2026-03-14T06:19:37Z	madracks-mnode5	amd	orientdb	embedded	NO_RETIRED_INST_CYCLES	user	chiplet_x5	60	12	16	READ	10000	114.9737	24.0	16735.0	33.0	146.0	3527.0	8375.0	12447.0	ok	/home/seunghyun/ycsb/results/chiplet_ycsb_256mib_madracks-mnode5_20260314T060453Z_1429430/runs/orientdb/chiplet_x5/inst12/run.stdout.log	/home/seunghyun/ycsb/results/chiplet_ycsb_256mib_madracks-mnode5_20260314T060453Z_1429430/runs/orientdb/chiplet_x5
2026-03-14T06:19:37Z	madracks-mnode5	amd	orientdb	embedded	NO_RETIRED_INST_CYCLES	user	chiplet_x5	60	12	16	CLEANUP	1	63.0	63.0	63.0	63.0	63.0	63.0	63.0	63.0	ok	/home/seunghyun/ycsb/results/chiplet_ycsb_256mib_madracks-mnode5_20260314T060453Z_1429430/runs/orientdb/chiplet_x5/inst12/run.stdout.log	/home/seunghyun/ycsb/results/chiplet_ycsb_256mib_madracks-mnode5_20260314T060453Z_1429430/runs/orientdb/chiplet_x5
2026-03-14T06:19:37Z	madracks-mnode5	amd	orientdb	embedded	NO_RETIRED_INST_CYCLES	user	chiplet_x5	60	13	17	READ	10000	118.4839	24.0	14103.0	33.0	154.0	4065.0	8527.0	13319.0	ok	/home/seunghyun/ycsb/results/chiplet_ycsb_256mib_madracks-mnode5_20260314T060453Z_1429430/runs/orientdb/chiplet_x5/inst13/run.stdout.log	/home/seunghyun/ycsb/results/chiplet_ycsb_256mib_madracks-mnode5_20260314T060453Z_1429430/runs/orientdb/chiplet_x5
2026-03-14T06:19:37Z	madracks-mnode5	amd	orientdb	embedded	NO_RETIRED_INST_CYCLES	user	chiplet_x5	60	13	17	CLEANUP	1	66.0	66.0	66.0	66.0	66.0	66.0	66.0	66.0	ok	/home/seunghyun/ycsb/results/chiplet_ycsb_256mib_madracks-mnode5_20260314T060453Z_1429430/runs/orientdb/chiplet_x5/inst13/run.stdout.log	/home/seunghyun/ycsb/results/chiplet_ycsb_256mib_madracks-mnode5_20260314T060453Z_1429430/runs/orientdb/chiplet_x5
2026-03-14T06:19:37Z	madracks-mnode5	amd	orientdb	embedded	NO_RETIRED_INST_CYCLES	user	chiplet_x5	60	14	18	READ	10000	114.1844	24.0	13335.0	33.0	146.0	3969.0	8431.0	12383.0	ok	/home/seunghyun/ycsb/results/chiplet_ycsb_256mib_madracks-mnode5_20260314T060453Z_1429430/runs/orientdb/chiplet_x5/inst14/run.stdout.log	/home/seunghyun/ycsb/results/chiplet_ycsb_256mib_madracks-mnode5_20260314T060453Z_1429430/runs/orientdb/chiplet_x5
2026-03-14T06:19:37Z	madracks-mnode5	amd	orientdb	embedded	NO_RETIRED_INST_CYCLES	user	chiplet_x5	60	14	18	CLEANUP	1	61.0	61.0	61.0	61.0	61.0	61.0	61.0	61.0	ok	/home/seunghyun/ycsb/results/chiplet_ycsb_256mib_madracks-mnode5_20260314T060453Z_1429430/runs/orientdb/chiplet_x5/inst14/run.stdout.log	/home/seunghyun/ycsb/results/chiplet_ycsb_256mib_madracks-mnode5_20260314T060453Z_1429430/runs/orientdb/chiplet_x5
2026-03-14T06:19:37Z	madracks-mnode5	amd	orientdb	embedded	NO_RETIRED_INST_CYCLES	user	chiplet_x5	60	15	21	READ	10000	117.0534	24.0	16279.0	33.0	153.0	4069.0	8399.0	13919.0	ok	/home/seunghyun/ycsb/results/chiplet_ycsb_256mib_madracks-mnode5_20260314T060453Z_1429430/runs/orientdb/chiplet_x5/inst15/run.stdout.log	/home/seunghyun/ycsb/results/chiplet_ycsb_256mib_madracks-mnode5_20260314T060453Z_1429430/runs/orientdb/chiplet_x5
2026-03-14T06:19:37Z	madracks-mnode5	amd	orientdb	embedded	NO_RETIRED_INST_CYCLES	user	chiplet_x5	60	15	21	CLEANUP	1	68.0	68.0	68.0	68.0	68.0	68.0	68.0	68.0	ok	/home/seunghyun/ycsb/results/chiplet_ycsb_256mib_madracks-mnode5_20260314T060453Z_1429430/runs/orientdb/chiplet_x5/inst15/run.stdout.log	/home/seunghyun/ycsb/results/chiplet_ycsb_256mib_madracks-mnode5_20260314T060453Z_1429430/runs/orientdb/chiplet_x5
2026-03-14T06:19:37Z	madracks-mnode5	amd	orientdb	embedded	NO_RETIRED_INST_CYCLES	user	chiplet_x5	60	16	22	READ	10000	114.4283	24.0	12511.0	33.0	146.0	3835.0	8767.0	12447.0	ok	/home/seunghyun/ycsb/results/chiplet_ycsb_256mib_madracks-mnode5_20260314T060453Z_1429430/runs/orientdb/chiplet_x5/inst16/run.stdout.log	/home/seunghyun/ycsb/results/chiplet_ycsb_256mib_madracks-mnode5_20260314T060453Z_1429430/runs/orientdb/chiplet_x5
2026-03-14T06:19:37Z	madracks-mnode5	amd	orientdb	embedded	NO_RETIRED_INST_CYCLES	user	chiplet_x5	60	16	22	CLEANUP	1	60.0	60.0	60.0	60.0	60.0	60.0	60.0	60.0	ok	/home/seunghyun/ycsb/results/chiplet_ycsb_256mib_madracks-mnode5_20260314T060453Z_1429430/runs/orientdb/chiplet_x5/inst16/run.stdout.log	/home/seunghyun/ycsb/results/chiplet_ycsb_256mib_madracks-mnode5_20260314T060453Z_1429430/runs/orientdb/chiplet_x5
2026-03-14T06:19:37Z	madracks-mnode5	amd	orientdb	embedded	NO_RETIRED_INST_CYCLES	user	chiplet_x5	60	17	23	READ	10000	117.4187	22.0	13255.0	33.0	144.0	4063.0	8319.0	12919.0	ok	/home/seunghyun/ycsb/results/chiplet_ycsb_256mib_madracks-mnode5_20260314T060453Z_1429430/runs/orientdb/chiplet_x5/inst17/run.stdout.log	/home/seunghyun/ycsb/results/chiplet_ycsb_256mib_madracks-mnode5_20260314T060453Z_1429430/runs/orientdb/chiplet_x5
2026-03-14T06:19:37Z	madracks-mnode5	amd	orientdb	embedded	NO_RETIRED_INST_CYCLES	user	chiplet_x5	60	17	23	CLEANUP	1	68.0	68.0	68.0	68.0	68.0	68.0	68.0	68.0	ok	/home/seunghyun/ycsb/results/chiplet_ycsb_256mib_madracks-mnode5_20260314T060453Z_1429430/runs/orientdb/chiplet_x5/inst17/run.stdout.log	/home/seunghyun/ycsb/results/chiplet_ycsb_256mib_madracks-mnode5_20260314T060453Z_1429430/runs/orientdb/chiplet_x5
2026-03-14T06:19:37Z	madracks-mnode5	amd	orientdb	embedded	NO_RETIRED_INST_CYCLES	user	chiplet_x5	60	18	24	READ	10000	115.4595	24.0	16239.0	34.0	151.0	4059.0	8439.0	14279.0	ok	/home/seunghyun/ycsb/results/chiplet_ycsb_256mib_madracks-mnode5_20260314T060453Z_1429430/runs/orientdb/chiplet_x5/inst18/run.stdout.log	/home/seunghyun/ycsb/results/chiplet_ycsb_256mib_madracks-mnode5_20260314T060453Z_1429430/runs/orientdb/chiplet_x5
2026-03-14T06:19:37Z	madracks-mnode5	amd	orientdb	embedded	NO_RETIRED_INST_CYCLES	user	chiplet_x5	60	18	24	CLEANUP	1	68.0	68.0	68.0	68.0	68.0	68.0	68.0	68.0	ok	/home/seunghyun/ycsb/results/chiplet_ycsb_256mib_madracks-mnode5_20260314T060453Z_1429430/runs/orientdb/chiplet_x5/inst18/run.stdout.log	/home/seunghyun/ycsb/results/chiplet_ycsb_256mib_madracks-mnode5_20260314T060453Z_1429430/runs/orientdb/chiplet_x5
2026-03-14T06:19:37Z	madracks-mnode5	amd	orientdb	embedded	NO_RETIRED_INST_CYCLES	user	chiplet_x5	60	19	25	READ	10000	115.3317	24.0	13791.0	33.0	146.0	3547.0	8479.0	13407.0	ok	/home/seunghyun/ycsb/results/chiplet_ycsb_256mib_madracks-mnode5_20260314T060453Z_1429430/runs/orientdb/chiplet_x5/inst19/run.stdout.log	/home/seunghyun/ycsb/results/chiplet_ycsb_256mib_madracks-mnode5_20260314T060453Z_1429430/runs/orientdb/chiplet_x5
2026-03-14T06:19:37Z	madracks-mnode5	amd	orientdb	embedded	NO_RETIRED_INST_CYCLES	user	chiplet_x5	60	19	25	CLEANUP	1	75.0	75.0	75.0	75.0	75.0	75.0	75.0	75.0	ok	/home/seunghyun/ycsb/results/chiplet_ycsb_256mib_madracks-mnode5_20260314T060453Z_1429430/runs/orientdb/chiplet_x5/inst19/run.stdout.log	/home/seunghyun/ycsb/results/chiplet_ycsb_256mib_madracks-mnode5_20260314T060453Z_1429430/runs/orientdb/chiplet_x5
2026-03-14T06:19:37Z	madracks-mnode5	amd	orientdb	embedded	NO_RETIRED_INST_CYCLES	user	chiplet_x5	60	20	28	READ	10000	115.9249	23.0	16191.0	33.0	147.0	3873.0	8863.0	12759.0	ok	/home/seunghyun/ycsb/results/chiplet_ycsb_256mib_madracks-mnode5_20260314T060453Z_1429430/runs/orientdb/chiplet_x5/inst20/run.stdout.log	/home/seunghyun/ycsb/results/chiplet_ycsb_256mib_madracks-mnode5_20260314T060453Z_1429430/runs/orientdb/chiplet_x5
2026-03-14T06:19:37Z	madracks-mnode5	amd	orientdb	embedded	NO_RETIRED_INST_CYCLES	user	chiplet_x5	60	20	28	CLEANUP	1	63.0	63.0	63.0	63.0	63.0	63.0	63.0	63.0	ok	/home/seunghyun/ycsb/results/chiplet_ycsb_256mib_madracks-mnode5_20260314T060453Z_1429430/runs/orientdb/chiplet_x5/inst20/run.stdout.log	/home/seunghyun/ycsb/results/chiplet_ycsb_256mib_madracks-mnode5_20260314T060453Z_1429430/runs/orientdb/chiplet_x5
2026-03-14T06:19:37Z	madracks-mnode5	amd	orientdb	embedded	NO_RETIRED_INST_CYCLES	user	chiplet_x5	60	21	29	READ	10000	120.544	23.0	15911.0	33.0	147.0	4073.0	9911.0	14031.0	ok	/home/seunghyun/ycsb/results/chiplet_ycsb_256mib_madracks-mnode5_20260314T060453Z_1429430/runs/orientdb/chiplet_x5/inst21/run.stdout.log	/home/seunghyun/ycsb/results/chiplet_ycsb_256mib_madracks-mnode5_20260314T060453Z_1429430/runs/orientdb/chiplet_x5
2026-03-14T06:19:37Z	madracks-mnode5	amd	orientdb	embedded	NO_RETIRED_INST_CYCLES	user	chiplet_x5	60	21	29	CLEANUP	1	73.0	73.0	73.0	73.0	73.0	73.0	73.0	73.0	ok	/home/seunghyun/ycsb/results/chiplet_ycsb_256mib_madracks-mnode5_20260314T060453Z_1429430/runs/orientdb/chiplet_x5/inst21/run.stdout.log	/home/seunghyun/ycsb/results/chiplet_ycsb_256mib_madracks-mnode5_20260314T060453Z_1429430/runs/orientdb/chiplet_x5
2026-03-14T06:19:37Z	madracks-mnode5	amd	orientdb	embedded	NO_RETIRED_INST_CYCLES	user	chiplet_x5	60	22	30	READ	10000	117.3355	23.0	20287.0	33.0	147.0	4055.0	11199.0	16559.0	ok	/home/seunghyun/ycsb/results/chiplet_ycsb_256mib_madracks-mnode5_20260314T060453Z_1429430/runs/orientdb/chiplet_x5/inst22/run.stdout.log	/home/seunghyun/ycsb/results/chiplet_ycsb_256mib_madracks-mnode5_20260314T060453Z_1429430/runs/orientdb/chiplet_x5
2026-03-14T06:19:37Z	madracks-mnode5	amd	orientdb	embedded	NO_RETIRED_INST_CYCLES	user	chiplet_x5	60	22	30	CLEANUP	1	72.0	72.0	72.0	72.0	72.0	72.0	72.0	72.0	ok	/home/seunghyun/ycsb/results/chiplet_ycsb_256mib_madracks-mnode5_20260314T060453Z_1429430/runs/orientdb/chiplet_x5/inst22/run.stdout.log	/home/seunghyun/ycsb/results/chiplet_ycsb_256mib_madracks-mnode5_20260314T060453Z_1429430/runs/orientdb/chiplet_x5
2026-03-14T06:19:37Z	madracks-mnode5	amd	orientdb	embedded	NO_RETIRED_INST_CYCLES	user	chiplet_x5	60	23	31	READ	10000	115.3364	23.0	16719.0	33.0	148.0	3179.0	8647.0	16239.0	ok	/home/seunghyun/ycsb/results/chiplet_ycsb_256mib_madracks-mnode5_20260314T060453Z_1429430/runs/orientdb/chiplet_x5/inst23/run.stdout.log	/home/seunghyun/ycsb/results/chiplet_ycsb_256mib_madracks-mnode5_20260314T060453Z_1429430/runs/orientdb/chiplet_x5
2026-03-14T06:19:37Z	madracks-mnode5	amd	orientdb	embedded	NO_RETIRED_INST_CYCLES	user	chiplet_x5	60	23	31	CLEANUP	1	65.0	65.0	65.0	65.0	65.0	65.0	65.0	65.0	ok	/home/seunghyun/ycsb/results/chiplet_ycsb_256mib_madracks-mnode5_20260314T060453Z_1429430/runs/orientdb/chiplet_x5/inst23/run.stdout.log	/home/seunghyun/ycsb/results/chiplet_ycsb_256mib_madracks-mnode5_20260314T060453Z_1429430/runs/orientdb/chiplet_x5
2026-03-14T06:19:37Z	madracks-mnode5	amd	orientdb	embedded	NO_RETIRED_INST_CYCLES	user	chiplet_x5	60	24	32	READ	10000	113.9497	24.0	15423.0	33.0	155.0	4001.0	8735.0	12343.0	ok	/home/seunghyun/ycsb/results/chiplet_ycsb_256mib_madracks-mnode5_20260314T060453Z_1429430/runs/orientdb/chiplet_x5/inst24/run.stdout.log	/home/seunghyun/ycsb/results/chiplet_ycsb_256mib_madracks-mnode5_20260314T060453Z_1429430/runs/orientdb/chiplet_x5
2026-03-14T06:19:37Z	madracks-mnode5	amd	orientdb	embedded	NO_RETIRED_INST_CYCLES	user	chiplet_x5	60	24	32	CLEANUP	1	69.0	69.0	69.0	69.0	69.0	69.0	69.0	69.0	ok	/home/seunghyun/ycsb/results/chiplet_ycsb_256mib_madracks-mnode5_20260314T060453Z_1429430/runs/orientdb/chiplet_x5/inst24/run.stdout.log	/home/seunghyun/ycsb/results/chiplet_ycsb_256mib_madracks-mnode5_20260314T060453Z_1429430/runs/orientdb/chiplet_x5
2026-03-14T06:19:37Z	madracks-mnode5	amd	orientdb	embedded	NO_RETIRED_INST_CYCLES	user	chiplet_x5	60	25	35	READ	10000	115.3433	23.0	14487.0	32.0	150.0	3859.0	8695.0	13087.0	ok	/home/seunghyun/ycsb/results/chiplet_ycsb_256mib_madracks-mnode5_20260314T060453Z_1429430/runs/orientdb/chiplet_x5/inst25/run.stdout.log	/home/seunghyun/ycsb/results/chiplet_ycsb_256mib_madracks-mnode5_20260314T060453Z_1429430/runs/orientdb/chiplet_x5
2026-03-14T06:19:37Z	madracks-mnode5	amd	orientdb	embedded	NO_RETIRED_INST_CYCLES	user	chiplet_x5	60	25	35	CLEANUP	1	65.0	65.0	65.0	65.0	65.0	65.0	65.0	65.0	ok	/home/seunghyun/ycsb/results/chiplet_ycsb_256mib_madracks-mnode5_20260314T060453Z_1429430/runs/orientdb/chiplet_x5/inst25/run.stdout.log	/home/seunghyun/ycsb/results/chiplet_ycsb_256mib_madracks-mnode5_20260314T060453Z_1429430/runs/orientdb/chiplet_x5
2026-03-14T06:19:37Z	madracks-mnode5	amd	orientdb	embedded	NO_RETIRED_INST_CYCLES	user	chiplet_x5	60	26	36	READ	10000	118.4979	24.0	17743.0	33.0	151.0	4063.0	8423.0	12391.0	ok	/home/seunghyun/ycsb/results/chiplet_ycsb_256mib_madracks-mnode5_20260314T060453Z_1429430/runs/orientdb/chiplet_x5/inst26/run.stdout.log	/home/seunghyun/ycsb/results/chiplet_ycsb_256mib_madracks-mnode5_20260314T060453Z_1429430/runs/orientdb/chiplet_x5
2026-03-14T06:19:37Z	madracks-mnode5	amd	orientdb	embedded	NO_RETIRED_INST_CYCLES	user	chiplet_x5	60	26	36	CLEANUP	1	62.0	62.0	62.0	62.0	62.0	62.0	62.0	62.0	ok	/home/seunghyun/ycsb/results/chiplet_ycsb_256mib_madracks-mnode5_20260314T060453Z_1429430/runs/orientdb/chiplet_x5/inst26/run.stdout.log	/home/seunghyun/ycsb/results/chiplet_ycsb_256mib_madracks-mnode5_20260314T060453Z_1429430/runs/orientdb/chiplet_x5
2026-03-14T06:19:37Z	madracks-mnode5	amd	orientdb	embedded	NO_RETIRED_INST_CYCLES	user	chiplet_x5	60	27	37	READ	10000	114.8826	22.0	14207.0	31.0	145.0	4049.0	8551.0	12327.0	ok	/home/seunghyun/ycsb/results/chiplet_ycsb_256mib_madracks-mnode5_20260314T060453Z_1429430/runs/orientdb/chiplet_x5/inst27/run.stdout.log	/home/seunghyun/ycsb/results/chiplet_ycsb_256mib_madracks-mnode5_20260314T060453Z_1429430/runs/orientdb/chiplet_x5
2026-03-14T06:19:37Z	madracks-mnode5	amd	orientdb	embedded	NO_RETIRED_INST_CYCLES	user	chiplet_x5	60	27	37	CLEANUP	1	68.0	68.0	68.0	68.0	68.0	68.0	68.0	68.0	ok	/home/seunghyun/ycsb/results/chiplet_ycsb_256mib_madracks-mnode5_20260314T060453Z_1429430/runs/orientdb/chiplet_x5/inst27/run.stdout.log	/home/seunghyun/ycsb/results/chiplet_ycsb_256mib_madracks-mnode5_20260314T060453Z_1429430/runs/orientdb/chiplet_x5
2026-03-14T06:19:37Z	madracks-mnode5	amd	orientdb	embedded	NO_RETIRED_INST_CYCLES	user	chiplet_x5	60	28	38	READ	10000	117.3661	24.0	16335.0	34.0	151.0	4059.0	8487.0	13535.0	ok	/home/seunghyun/ycsb/results/chiplet_ycsb_256mib_madracks-mnode5_20260314T060453Z_1429430/runs/orientdb/chiplet_x5/inst28/run.stdout.log	/home/seunghyun/ycsb/results/chiplet_ycsb_256mib_madracks-mnode5_20260314T060453Z_1429430/runs/orientdb/chiplet_x5
2026-03-14T06:19:37Z	madracks-mnode5	amd	orientdb	embedded	NO_RETIRED_INST_CYCLES	user	chiplet_x5	60	28	38	CLEANUP	1	80.0	80.0	80.0	80.0	80.0	80.0	80.0	80.0	ok	/home/seunghyun/ycsb/results/chiplet_ycsb_256mib_madracks-mnode5_20260314T060453Z_1429430/runs/orientdb/chiplet_x5/inst28/run.stdout.log	/home/seunghyun/ycsb/results/chiplet_ycsb_256mib_madracks-mnode5_20260314T060453Z_1429430/runs/orientdb/chiplet_x5
2026-03-14T06:19:37Z	madracks-mnode5	amd	orientdb	embedded	NO_RETIRED_INST_CYCLES	user	chiplet_x5	60	29	39	READ	10000	116.6313	23.0	17247.0	33.0	149.0	4063.0	8607.0	16447.0	ok	/home/seunghyun/ycsb/results/chiplet_ycsb_256mib_madracks-mnode5_20260314T060453Z_1429430/runs/orientdb/chiplet_x5/inst29/run.stdout.log	/home/seunghyun/ycsb/results/chiplet_ycsb_256mib_madracks-mnode5_20260314T060453Z_1429430/runs/orientdb/chiplet_x5
2026-03-14T06:19:37Z	madracks-mnode5	amd	orientdb	embedded	NO_RETIRED_INST_CYCLES	user	chiplet_x5	60	29	39	CLEANUP	1	71.0	71.0	71.0	71.0	71.0	71.0	71.0	71.0	ok	/home/seunghyun/ycsb/results/chiplet_ycsb_256mib_madracks-mnode5_20260314T060453Z_1429430/runs/orientdb/chiplet_x5/inst29/run.stdout.log	/home/seunghyun/ycsb/results/chiplet_ycsb_256mib_madracks-mnode5_20260314T060453Z_1429430/runs/orientdb/chiplet_x5
2026-03-14T06:19:37Z	madracks-mnode5	amd	orientdb	embedded	NO_RETIRED_INST_CYCLES	user	chiplet_x5	60	30	42	READ	10000	120.1476	24.0	16287.0	33.0	153.0	4071.0	11095.0	16255.0	ok	/home/seunghyun/ycsb/results/chiplet_ycsb_256mib_madracks-mnode5_20260314T060453Z_1429430/runs/orientdb/chiplet_x5/inst30/run.stdout.log	/home/seunghyun/ycsb/results/chiplet_ycsb_256mib_madracks-mnode5_20260314T060453Z_1429430/runs/orientdb/chiplet_x5
2026-03-14T06:19:37Z	madracks-mnode5	amd	orientdb	embedded	NO_RETIRED_INST_CYCLES	user	chiplet_x5	60	30	42	CLEANUP	1	69.0	69.0	69.0	69.0	69.0	69.0	69.0	69.0	ok	/home/seunghyun/ycsb/results/chiplet_ycsb_256mib_madracks-mnode5_20260314T060453Z_1429430/runs/orientdb/chiplet_x5/inst30/run.stdout.log	/home/seunghyun/ycsb/results/chiplet_ycsb_256mib_madracks-mnode5_20260314T060453Z_1429430/runs/orientdb/chiplet_x5
2026-03-14T06:19:37Z	madracks-mnode5	amd	orientdb	embedded	NO_RETIRED_INST_CYCLES	user	chiplet_x5	60	31	43	READ	10000	115.8248	23.0	15839.0	33.0	150.0	3929.0	8431.0	13079.0	ok	/home/seunghyun/ycsb/results/chiplet_ycsb_256mib_madracks-mnode5_20260314T060453Z_1429430/runs/orientdb/chiplet_x5/inst31/run.stdout.log	/home/seunghyun/ycsb/results/chiplet_ycsb_256mib_madracks-mnode5_20260314T060453Z_1429430/runs/orientdb/chiplet_x5
2026-03-14T06:19:37Z	madracks-mnode5	amd	orientdb	embedded	NO_RETIRED_INST_CYCLES	user	chiplet_x5	60	31	43	CLEANUP	1	51.0	51.0	51.0	51.0	51.0	51.0	51.0	51.0	ok	/home/seunghyun/ycsb/results/chiplet_ycsb_256mib_madracks-mnode5_20260314T060453Z_1429430/runs/orientdb/chiplet_x5/inst31/run.stdout.log	/home/seunghyun/ycsb/results/chiplet_ycsb_256mib_madracks-mnode5_20260314T060453Z_1429430/runs/orientdb/chiplet_x5
2026-03-14T06:19:37Z	madracks-mnode5	amd	orientdb	embedded	NO_RETIRED_INST_CYCLES	user	chiplet_x5	60	32	44	READ	10000	112.912	23.0	16119.0	33.0	143.0	4037.0	8383.0	14887.0	ok	/home/seunghyun/ycsb/results/chiplet_ycsb_256mib_madracks-mnode5_20260314T060453Z_1429430/runs/orientdb/chiplet_x5/inst32/run.stdout.log	/home/seunghyun/ycsb/results/chiplet_ycsb_256mib_madracks-mnode5_20260314T060453Z_1429430/runs/orientdb/chiplet_x5
2026-03-14T06:19:37Z	madracks-mnode5	amd	orientdb	embedded	NO_RETIRED_INST_CYCLES	user	chiplet_x5	60	32	44	CLEANUP	1	61.0	61.0	61.0	61.0	61.0	61.0	61.0	61.0	ok	/home/seunghyun/ycsb/results/chiplet_ycsb_256mib_madracks-mnode5_20260314T060453Z_1429430/runs/orientdb/chiplet_x5/inst32/run.stdout.log	/home/seunghyun/ycsb/results/chiplet_ycsb_256mib_madracks-mnode5_20260314T060453Z_1429430/runs/orientdb/chiplet_x5
2026-03-14T06:19:37Z	madracks-mnode5	amd	orientdb	embedded	NO_RETIRED_INST_CYCLES	user	chiplet_x5	60	33	45	READ	10000	116.21	24.0	16815.0	32.0	144.0	4063.0	8511.0	14375.0	ok	/home/seunghyun/ycsb/results/chiplet_ycsb_256mib_madracks-mnode5_20260314T060453Z_1429430/runs/orientdb/chiplet_x5/inst33/run.stdout.log	/home/seunghyun/ycsb/results/chiplet_ycsb_256mib_madracks-mnode5_20260314T060453Z_1429430/runs/orientdb/chiplet_x5
2026-03-14T06:19:37Z	madracks-mnode5	amd	orientdb	embedded	NO_RETIRED_INST_CYCLES	user	chiplet_x5	60	33	45	CLEANUP	1	55.0	55.0	55.0	55.0	55.0	55.0	55.0	55.0	ok	/home/seunghyun/ycsb/results/chiplet_ycsb_256mib_madracks-mnode5_20260314T060453Z_1429430/runs/orientdb/chiplet_x5/inst33/run.stdout.log	/home/seunghyun/ycsb/results/chiplet_ycsb_256mib_madracks-mnode5_20260314T060453Z_1429430/runs/orientdb/chiplet_x5
2026-03-14T06:19:37Z	madracks-mnode5	amd	orientdb	embedded	NO_RETIRED_INST_CYCLES	user	chiplet_x5	60	34	46	READ	10000	114.5444	23.0	16367.0	33.0	148.0	3635.0	8439.0	16151.0	ok	/home/seunghyun/ycsb/results/chiplet_ycsb_256mib_madracks-mnode5_20260314T060453Z_1429430/runs/orientdb/chiplet_x5/inst34/run.stdout.log	/home/seunghyun/ycsb/results/chiplet_ycsb_256mib_madracks-mnode5_20260314T060453Z_1429430/runs/orientdb/chiplet_x5
2026-03-14T06:19:37Z	madracks-mnode5	amd	orientdb	embedded	NO_RETIRED_INST_CYCLES	user	chiplet_x5	60	34	46	CLEANUP	1	70.0	70.0	70.0	70.0	70.0	70.0	70.0	70.0	ok	/home/seunghyun/ycsb/results/chiplet_ycsb_256mib_madracks-mnode5_20260314T060453Z_1429430/runs/orientdb/chiplet_x5/inst34/run.stdout.log	/home/seunghyun/ycsb/results/chiplet_ycsb_256mib_madracks-mnode5_20260314T060453Z_1429430/runs/orientdb/chiplet_x5
2026-03-14T06:19:37Z	madracks-mnode5	amd	orientdb	embedded	NO_RETIRED_INST_CYCLES	user	chiplet_x5	60	35	49	READ	10000	116.5012	22.0	12559.0	32.0	147.0	4059.0	8687.0	12415.0	ok	/home/seunghyun/ycsb/results/chiplet_ycsb_256mib_madracks-mnode5_20260314T060453Z_1429430/runs/orientdb/chiplet_x5/inst35/run.stdout.log	/home/seunghyun/ycsb/results/chiplet_ycsb_256mib_madracks-mnode5_20260314T060453Z_1429430/runs/orientdb/chiplet_x5
2026-03-14T06:19:37Z	madracks-mnode5	amd	orientdb	embedded	NO_RETIRED_INST_CYCLES	user	chiplet_x5	60	35	49	CLEANUP	1	74.0	74.0	74.0	74.0	74.0	74.0	74.0	74.0	ok	/home/seunghyun/ycsb/results/chiplet_ycsb_256mib_madracks-mnode5_20260314T060453Z_1429430/runs/orientdb/chiplet_x5/inst35/run.stdout.log	/home/seunghyun/ycsb/results/chiplet_ycsb_256mib_madracks-mnode5_20260314T060453Z_1429430/runs/orientdb/chiplet_x5
2026-03-14T06:19:37Z	madracks-mnode5	amd	orientdb	embedded	NO_RETIRED_INST_CYCLES	user	chiplet_x5	60	36	50	READ	10000	115.2911	23.0	16383.0	33.0	150.0	4055.0	8439.0	16335.0	ok	/home/seunghyun/ycsb/results/chiplet_ycsb_256mib_madracks-mnode5_20260314T060453Z_1429430/runs/orientdb/chiplet_x5/inst36/run.stdout.log	/home/seunghyun/ycsb/results/chiplet_ycsb_256mib_madracks-mnode5_20260314T060453Z_1429430/runs/orientdb/chiplet_x5
2026-03-14T06:19:37Z	madracks-mnode5	amd	orientdb	embedded	NO_RETIRED_INST_CYCLES	user	chiplet_x5	60	36	50	CLEANUP	1	67.0	67.0	67.0	67.0	67.0	67.0	67.0	67.0	ok	/home/seunghyun/ycsb/results/chiplet_ycsb_256mib_madracks-mnode5_20260314T060453Z_1429430/runs/orientdb/chiplet_x5/inst36/run.stdout.log	/home/seunghyun/ycsb/results/chiplet_ycsb_256mib_madracks-mnode5_20260314T060453Z_1429430/runs/orientdb/chiplet_x5
2026-03-14T06:19:37Z	madracks-mnode5	amd	orientdb	embedded	NO_RETIRED_INST_CYCLES	user	chiplet_x5	60	37	51	READ	10000	119.835	23.0	17759.0	34.0	148.0	4053.0	8599.0	15095.0	ok	/home/seunghyun/ycsb/results/chiplet_ycsb_256mib_madracks-mnode5_20260314T060453Z_1429430/runs/orientdb/chiplet_x5/inst37/run.stdout.log	/home/seunghyun/ycsb/results/chiplet_ycsb_256mib_madracks-mnode5_20260314T060453Z_1429430/runs/orientdb/chiplet_x5
2026-03-14T06:19:37Z	madracks-mnode5	amd	orientdb	embedded	NO_RETIRED_INST_CYCLES	user	chiplet_x5	60	37	51	CLEANUP	1	65.0	65.0	65.0	65.0	65.0	65.0	65.0	65.0	ok	/home/seunghyun/ycsb/results/chiplet_ycsb_256mib_madracks-mnode5_20260314T060453Z_1429430/runs/orientdb/chiplet_x5/inst37/run.stdout.log	/home/seunghyun/ycsb/results/chiplet_ycsb_256mib_madracks-mnode5_20260314T060453Z_1429430/runs/orientdb/chiplet_x5
2026-03-14T06:19:37Z	madracks-mnode5	amd	orientdb	embedded	NO_RETIRED_INST_CYCLES	user	chiplet_x5	60	38	52	READ	10000	117.4325	23.0	16751.0	33.0	151.0	4055.0	8487.0	12359.0	ok	/home/seunghyun/ycsb/results/chiplet_ycsb_256mib_madracks-mnode5_20260314T060453Z_1429430/runs/orientdb/chiplet_x5/inst38/run.stdout.log	/home/seunghyun/ycsb/results/chiplet_ycsb_256mib_madracks-mnode5_20260314T060453Z_1429430/runs/orientdb/chiplet_x5
2026-03-14T06:19:37Z	madracks-mnode5	amd	orientdb	embedded	NO_RETIRED_INST_CYCLES	user	chiplet_x5	60	38	52	CLEANUP	1	69.0	69.0	69.0	69.0	69.0	69.0	69.0	69.0	ok	/home/seunghyun/ycsb/results/chiplet_ycsb_256mib_madracks-mnode5_20260314T060453Z_1429430/runs/orientdb/chiplet_x5/inst38/run.stdout.log	/home/seunghyun/ycsb/results/chiplet_ycsb_256mib_madracks-mnode5_20260314T060453Z_1429430/runs/orientdb/chiplet_x5
2026-03-14T06:19:37Z	madracks-mnode5	amd	orientdb	embedded	NO_RETIRED_INST_CYCLES	user	chiplet_x5	60	39	53	READ	10000	115.5288	23.0	16343.0	33.0	150.0	4069.0	8439.0	16207.0	ok	/home/seunghyun/ycsb/results/chiplet_ycsb_256mib_madracks-mnode5_20260314T060453Z_1429430/runs/orientdb/chiplet_x5/inst39/run.stdout.log	/home/seunghyun/ycsb/results/chiplet_ycsb_256mib_madracks-mnode5_20260314T060453Z_1429430/runs/orientdb/chiplet_x5
2026-03-14T06:19:37Z	madracks-mnode5	amd	orientdb	embedded	NO_RETIRED_INST_CYCLES	user	chiplet_x5	60	39	53	CLEANUP	1	63.0	63.0	63.0	63.0	63.0	63.0	63.0	63.0	ok	/home/seunghyun/ycsb/results/chiplet_ycsb_256mib_madracks-mnode5_20260314T060453Z_1429430/runs/orientdb/chiplet_x5/inst39/run.stdout.log	/home/seunghyun/ycsb/results/chiplet_ycsb_256mib_madracks-mnode5_20260314T060453Z_1429430/runs/orientdb/chiplet_x5
2026-03-14T06:19:37Z	madracks-mnode5	amd	orientdb	embedded	NO_RETIRED_INST_CYCLES	user	chiplet_x5	60	40	56	READ	10000	113.9753	23.0	14239.0	32.0	142.0	3743.0	8663.0	13575.0	ok	/home/seunghyun/ycsb/results/chiplet_ycsb_256mib_madracks-mnode5_20260314T060453Z_1429430/runs/orientdb/chiplet_x5/inst40/run.stdout.log	/home/seunghyun/ycsb/results/chiplet_ycsb_256mib_madracks-mnode5_20260314T060453Z_1429430/runs/orientdb/chiplet_x5
2026-03-14T06:19:37Z	madracks-mnode5	amd	orientdb	embedded	NO_RETIRED_INST_CYCLES	user	chiplet_x5	60	40	56	CLEANUP	1	73.0	73.0	73.0	73.0	73.0	73.0	73.0	73.0	ok	/home/seunghyun/ycsb/results/chiplet_ycsb_256mib_madracks-mnode5_20260314T060453Z_1429430/runs/orientdb/chiplet_x5/inst40/run.stdout.log	/home/seunghyun/ycsb/results/chiplet_ycsb_256mib_madracks-mnode5_20260314T060453Z_1429430/runs/orientdb/chiplet_x5
2026-03-14T06:19:37Z	madracks-mnode5	amd	orientdb	embedded	NO_RETIRED_INST_CYCLES	user	chiplet_x5	60	41	57	READ	10000	117.8802	23.0	16191.0	33.0	152.0	4061.0	8511.0	16111.0	ok	/home/seunghyun/ycsb/results/chiplet_ycsb_256mib_madracks-mnode5_20260314T060453Z_1429430/runs/orientdb/chiplet_x5/inst41/run.stdout.log	/home/seunghyun/ycsb/results/chiplet_ycsb_256mib_madracks-mnode5_20260314T060453Z_1429430/runs/orientdb/chiplet_x5
2026-03-14T06:19:37Z	madracks-mnode5	amd	orientdb	embedded	NO_RETIRED_INST_CYCLES	user	chiplet_x5	60	41	57	CLEANUP	1	70.0	70.0	70.0	70.0	70.0	70.0	70.0	70.0	ok	/home/seunghyun/ycsb/results/chiplet_ycsb_256mib_madracks-mnode5_20260314T060453Z_1429430/runs/orientdb/chiplet_x5/inst41/run.stdout.log	/home/seunghyun/ycsb/results/chiplet_ycsb_256mib_madracks-mnode5_20260314T060453Z_1429430/runs/orientdb/chiplet_x5
2026-03-14T06:19:37Z	madracks-mnode5	amd	orientdb	embedded	NO_RETIRED_INST_CYCLES	user	chiplet_x5	60	42	58	READ	10000	117.5842	24.0	17279.0	33.0	154.0	4071.0	8463.0	16559.0	ok	/home/seunghyun/ycsb/results/chiplet_ycsb_256mib_madracks-mnode5_20260314T060453Z_1429430/runs/orientdb/chiplet_x5/inst42/run.stdout.log	/home/seunghyun/ycsb/results/chiplet_ycsb_256mib_madracks-mnode5_20260314T060453Z_1429430/runs/orientdb/chiplet_x5
2026-03-14T06:19:37Z	madracks-mnode5	amd	orientdb	embedded	NO_RETIRED_INST_CYCLES	user	chiplet_x5	60	42	58	CLEANUP	1	61.0	61.0	61.0	61.0	61.0	61.0	61.0	61.0	ok	/home/seunghyun/ycsb/results/chiplet_ycsb_256mib_madracks-mnode5_20260314T060453Z_1429430/runs/orientdb/chiplet_x5/inst42/run.stdout.log	/home/seunghyun/ycsb/results/chiplet_ycsb_256mib_madracks-mnode5_20260314T060453Z_1429430/runs/orientdb/chiplet_x5
2026-03-14T06:19:37Z	madracks-mnode5	amd	orientdb	embedded	NO_RETIRED_INST_CYCLES	user	chiplet_x5	60	43	59	READ	10000	116.307	24.0	16231.0	33.0	150.0	4065.0	8567.0	14447.0	ok	/home/seunghyun/ycsb/results/chiplet_ycsb_256mib_madracks-mnode5_20260314T060453Z_1429430/runs/orientdb/chiplet_x5/inst43/run.stdout.log	/home/seunghyun/ycsb/results/chiplet_ycsb_256mib_madracks-mnode5_20260314T060453Z_1429430/runs/orientdb/chiplet_x5
2026-03-14T06:19:37Z	madracks-mnode5	amd	orientdb	embedded	NO_RETIRED_INST_CYCLES	user	chiplet_x5	60	43	59	CLEANUP	1	56.0	56.0	56.0	56.0	56.0	56.0	56.0	56.0	ok	/home/seunghyun/ycsb/results/chiplet_ycsb_256mib_madracks-mnode5_20260314T060453Z_1429430/runs/orientdb/chiplet_x5/inst43/run.stdout.log	/home/seunghyun/ycsb/results/chiplet_ycsb_256mib_madracks-mnode5_20260314T060453Z_1429430/runs/orientdb/chiplet_x5
2026-03-14T06:19:37Z	madracks-mnode5	amd	orientdb	embedded	NO_RETIRED_INST_CYCLES	user	chiplet_x5	60	44	60	READ	10000	116.1041	24.0	12695.0	33.0	152.0	3813.0	8727.0	12391.0	ok	/home/seunghyun/ycsb/results/chiplet_ycsb_256mib_madracks-mnode5_20260314T060453Z_1429430/runs/orientdb/chiplet_x5/inst44/run.stdout.log	/home/seunghyun/ycsb/results/chiplet_ycsb_256mib_madracks-mnode5_20260314T060453Z_1429430/runs/orientdb/chiplet_x5
2026-03-14T06:19:37Z	madracks-mnode5	amd	orientdb	embedded	NO_RETIRED_INST_CYCLES	user	chiplet_x5	60	44	60	CLEANUP	1	76.0	76.0	76.0	76.0	76.0	76.0	76.0	76.0	ok	/home/seunghyun/ycsb/results/chiplet_ycsb_256mib_madracks-mnode5_20260314T060453Z_1429430/runs/orientdb/chiplet_x5/inst44/run.stdout.log	/home/seunghyun/ycsb/results/chiplet_ycsb_256mib_madracks-mnode5_20260314T060453Z_1429430/runs/orientdb/chiplet_x5
2026-03-14T06:19:37Z	madracks-mnode5	amd	orientdb	embedded	NO_RETIRED_INST_CYCLES	user	chiplet_x5	60	45	63	READ	10000	116.1676	23.0	17263.0	33.0	144.0	4073.0	8447.0	16303.0	ok	/home/seunghyun/ycsb/results/chiplet_ycsb_256mib_madracks-mnode5_20260314T060453Z_1429430/runs/orientdb/chiplet_x5/inst45/run.stdout.log	/home/seunghyun/ycsb/results/chiplet_ycsb_256mib_madracks-mnode5_20260314T060453Z_1429430/runs/orientdb/chiplet_x5
2026-03-14T06:19:37Z	madracks-mnode5	amd	orientdb	embedded	NO_RETIRED_INST_CYCLES	user	chiplet_x5	60	45	63	CLEANUP	1	71.0	71.0	71.0	71.0	71.0	71.0	71.0	71.0	ok	/home/seunghyun/ycsb/results/chiplet_ycsb_256mib_madracks-mnode5_20260314T060453Z_1429430/runs/orientdb/chiplet_x5/inst45/run.stdout.log	/home/seunghyun/ycsb/results/chiplet_ycsb_256mib_madracks-mnode5_20260314T060453Z_1429430/runs/orientdb/chiplet_x5
2026-03-14T06:19:37Z	madracks-mnode5	amd	orientdb	embedded	NO_RETIRED_INST_CYCLES	user	chiplet_x5	60	46	64	READ	10000	116.9392	23.0	17567.0	32.0	153.0	4009.0	8735.0	16199.0	ok	/home/seunghyun/ycsb/results/chiplet_ycsb_256mib_madracks-mnode5_20260314T060453Z_1429430/runs/orientdb/chiplet_x5/inst46/run.stdout.log	/home/seunghyun/ycsb/results/chiplet_ycsb_256mib_madracks-mnode5_20260314T060453Z_1429430/runs/orientdb/chiplet_x5
2026-03-14T06:19:37Z	madracks-mnode5	amd	orientdb	embedded	NO_RETIRED_INST_CYCLES	user	chiplet_x5	60	46	64	CLEANUP	1	70.0	70.0	70.0	70.0	70.0	70.0	70.0	70.0	ok	/home/seunghyun/ycsb/results/chiplet_ycsb_256mib_madracks-mnode5_20260314T060453Z_1429430/runs/orientdb/chiplet_x5/inst46/run.stdout.log	/home/seunghyun/ycsb/results/chiplet_ycsb_256mib_madracks-mnode5_20260314T060453Z_1429430/runs/orientdb/chiplet_x5
2026-03-14T06:19:37Z	madracks-mnode5	amd	orientdb	embedded	NO_RETIRED_INST_CYCLES	user	chiplet_x5	60	47	65	READ	10000	117.5903	24.0	16247.0	34.0	149.0	4061.0	11471.0	13703.0	ok	/home/seunghyun/ycsb/results/chiplet_ycsb_256mib_madracks-mnode5_20260314T060453Z_1429430/runs/orientdb/chiplet_x5/inst47/run.stdout.log	/home/seunghyun/ycsb/results/chiplet_ycsb_256mib_madracks-mnode5_20260314T060453Z_1429430/runs/orientdb/chiplet_x5
2026-03-14T06:19:37Z	madracks-mnode5	amd	orientdb	embedded	NO_RETIRED_INST_CYCLES	user	chiplet_x5	60	47	65	CLEANUP	1	79.0	79.0	79.0	79.0	79.0	79.0	79.0	79.0	ok	/home/seunghyun/ycsb/results/chiplet_ycsb_256mib_madracks-mnode5_20260314T060453Z_1429430/runs/orientdb/chiplet_x5/inst47/run.stdout.log	/home/seunghyun/ycsb/results/chiplet_ycsb_256mib_madracks-mnode5_20260314T060453Z_1429430/runs/orientdb/chiplet_x5
2026-03-14T06:19:37Z	madracks-mnode5	amd	orientdb	embedded	NO_RETIRED_INST_CYCLES	user	chiplet_x5	60	48	66	READ	10000	115.0138	24.0	17231.0	33.0	142.0	3553.0	8439.0	13375.0	ok	/home/seunghyun/ycsb/results/chiplet_ycsb_256mib_madracks-mnode5_20260314T060453Z_1429430/runs/orientdb/chiplet_x5/inst48/run.stdout.log	/home/seunghyun/ycsb/results/chiplet_ycsb_256mib_madracks-mnode5_20260314T060453Z_1429430/runs/orientdb/chiplet_x5
2026-03-14T06:19:37Z	madracks-mnode5	amd	orientdb	embedded	NO_RETIRED_INST_CYCLES	user	chiplet_x5	60	48	66	CLEANUP	1	5678.0	5676.0	5679.0	5679.0	5679.0	5679.0	5679.0	5679.0	ok	/home/seunghyun/ycsb/results/chiplet_ycsb_256mib_madracks-mnode5_20260314T060453Z_1429430/runs/orientdb/chiplet_x5/inst48/run.stdout.log	/home/seunghyun/ycsb/results/chiplet_ycsb_256mib_madracks-mnode5_20260314T060453Z_1429430/runs/orientdb/chiplet_x5
2026-03-14T06:19:37Z	madracks-mnode5	amd	orientdb	embedded	NO_RETIRED_INST_CYCLES	user	chiplet_x5	60	49	67	READ	10000	118.9194	23.0	16199.0	34.0	146.0	4067.0	8575.0	13887.0	ok	/home/seunghyun/ycsb/results/chiplet_ycsb_256mib_madracks-mnode5_20260314T060453Z_1429430/runs/orientdb/chiplet_x5/inst49/run.stdout.log	/home/seunghyun/ycsb/results/chiplet_ycsb_256mib_madracks-mnode5_20260314T060453Z_1429430/runs/orientdb/chiplet_x5
2026-03-14T06:19:37Z	madracks-mnode5	amd	orientdb	embedded	NO_RETIRED_INST_CYCLES	user	chiplet_x5	60	49	67	CLEANUP	1	64.0	64.0	64.0	64.0	64.0	64.0	64.0	64.0	ok	/home/seunghyun/ycsb/results/chiplet_ycsb_256mib_madracks-mnode5_20260314T060453Z_1429430/runs/orientdb/chiplet_x5/inst49/run.stdout.log	/home/seunghyun/ycsb/results/chiplet_ycsb_256mib_madracks-mnode5_20260314T060453Z_1429430/runs/orientdb/chiplet_x5
2026-03-14T06:19:37Z	madracks-mnode5	amd	orientdb	embedded	NO_RETIRED_INST_CYCLES	user	chiplet_x5	60	50	70	READ	10000	114.8375	23.0	13015.0	33.0	150.0	3925.0	8511.0	12263.0	ok	/home/seunghyun/ycsb/results/chiplet_ycsb_256mib_madracks-mnode5_20260314T060453Z_1429430/runs/orientdb/chiplet_x5/inst50/run.stdout.log	/home/seunghyun/ycsb/results/chiplet_ycsb_256mib_madracks-mnode5_20260314T060453Z_1429430/runs/orientdb/chiplet_x5
2026-03-14T06:19:37Z	madracks-mnode5	amd	orientdb	embedded	NO_RETIRED_INST_CYCLES	user	chiplet_x5	60	50	70	CLEANUP	1	65.0	65.0	65.0	65.0	65.0	65.0	65.0	65.0	ok	/home/seunghyun/ycsb/results/chiplet_ycsb_256mib_madracks-mnode5_20260314T060453Z_1429430/runs/orientdb/chiplet_x5/inst50/run.stdout.log	/home/seunghyun/ycsb/results/chiplet_ycsb_256mib_madracks-mnode5_20260314T060453Z_1429430/runs/orientdb/chiplet_x5
2026-03-14T06:19:37Z	madracks-mnode5	amd	orientdb	embedded	NO_RETIRED_INST_CYCLES	user	chiplet_x5	60	51	71	READ	10000	123.6123	25.0	18239.0	34.0	151.0	4051.0	12135.0	13031.0	ok	/home/seunghyun/ycsb/results/chiplet_ycsb_256mib_madracks-mnode5_20260314T060453Z_1429430/runs/orientdb/chiplet_x5/inst51/run.stdout.log	/home/seunghyun/ycsb/results/chiplet_ycsb_256mib_madracks-mnode5_20260314T060453Z_1429430/runs/orientdb/chiplet_x5
2026-03-14T06:19:37Z	madracks-mnode5	amd	orientdb	embedded	NO_RETIRED_INST_CYCLES	user	chiplet_x5	60	51	71	CLEANUP	1	69.0	69.0	69.0	69.0	69.0	69.0	69.0	69.0	ok	/home/seunghyun/ycsb/results/chiplet_ycsb_256mib_madracks-mnode5_20260314T060453Z_1429430/runs/orientdb/chiplet_x5/inst51/run.stdout.log	/home/seunghyun/ycsb/results/chiplet_ycsb_256mib_madracks-mnode5_20260314T060453Z_1429430/runs/orientdb/chiplet_x5
2026-03-14T06:19:37Z	madracks-mnode5	amd	orientdb	embedded	NO_RETIRED_INST_CYCLES	user	chiplet_x5	60	52	72	READ	10000	112.721	24.0	12567.0	33.0	143.0	4051.0	8535.0	12191.0	ok	/home/seunghyun/ycsb/results/chiplet_ycsb_256mib_madracks-mnode5_20260314T060453Z_1429430/runs/orientdb/chiplet_x5/inst52/run.stdout.log	/home/seunghyun/ycsb/results/chiplet_ycsb_256mib_madracks-mnode5_20260314T060453Z_1429430/runs/orientdb/chiplet_x5
2026-03-14T06:19:37Z	madracks-mnode5	amd	orientdb	embedded	NO_RETIRED_INST_CYCLES	user	chiplet_x5	60	52	72	CLEANUP	1	65.0	65.0	65.0	65.0	65.0	65.0	65.0	65.0	ok	/home/seunghyun/ycsb/results/chiplet_ycsb_256mib_madracks-mnode5_20260314T060453Z_1429430/runs/orientdb/chiplet_x5/inst52/run.stdout.log	/home/seunghyun/ycsb/results/chiplet_ycsb_256mib_madracks-mnode5_20260314T060453Z_1429430/runs/orientdb/chiplet_x5
2026-03-14T06:19:37Z	madracks-mnode5	amd	orientdb	embedded	NO_RETIRED_INST_CYCLES	user	chiplet_x5	60	53	73	READ	10000	114.7337	24.0	12887.0	33.0	150.0	3909.0	8343.0	12743.0	ok	/home/seunghyun/ycsb/results/chiplet_ycsb_256mib_madracks-mnode5_20260314T060453Z_1429430/runs/orientdb/chiplet_x5/inst53/run.stdout.log	/home/seunghyun/ycsb/results/chiplet_ycsb_256mib_madracks-mnode5_20260314T060453Z_1429430/runs/orientdb/chiplet_x5
2026-03-14T06:19:37Z	madracks-mnode5	amd	orientdb	embedded	NO_RETIRED_INST_CYCLES	user	chiplet_x5	60	53	73	CLEANUP	1	65.0	65.0	65.0	65.0	65.0	65.0	65.0	65.0	ok	/home/seunghyun/ycsb/results/chiplet_ycsb_256mib_madracks-mnode5_20260314T060453Z_1429430/runs/orientdb/chiplet_x5/inst53/run.stdout.log	/home/seunghyun/ycsb/results/chiplet_ycsb_256mib_madracks-mnode5_20260314T060453Z_1429430/runs/orientdb/chiplet_x5
2026-03-14T06:19:37Z	madracks-mnode5	amd	orientdb	embedded	NO_RETIRED_INST_CYCLES	user	chiplet_x5	60	54	74	READ	10000	115.851	25.0	12535.0	33.0	144.0	3901.0	8439.0	12511.0	ok	/home/seunghyun/ycsb/results/chiplet_ycsb_256mib_madracks-mnode5_20260314T060453Z_1429430/runs/orientdb/chiplet_x5/inst54/run.stdout.log	/home/seunghyun/ycsb/results/chiplet_ycsb_256mib_madracks-mnode5_20260314T060453Z_1429430/runs/orientdb/chiplet_x5
2026-03-14T06:19:37Z	madracks-mnode5	amd	orientdb	embedded	NO_RETIRED_INST_CYCLES	user	chiplet_x5	60	54	74	CLEANUP	1	66.0	66.0	66.0	66.0	66.0	66.0	66.0	66.0	ok	/home/seunghyun/ycsb/results/chiplet_ycsb_256mib_madracks-mnode5_20260314T060453Z_1429430/runs/orientdb/chiplet_x5/inst54/run.stdout.log	/home/seunghyun/ycsb/results/chiplet_ycsb_256mib_madracks-mnode5_20260314T060453Z_1429430/runs/orientdb/chiplet_x5
2026-03-14T06:19:37Z	madracks-mnode5	amd	orientdb	embedded	NO_RETIRED_INST_CYCLES	user	chiplet_x5	60	55	77	READ	10000	123.117	23.0	18319.0	32.0	145.0	4063.0	12159.0	16335.0	ok	/home/seunghyun/ycsb/results/chiplet_ycsb_256mib_madracks-mnode5_20260314T060453Z_1429430/runs/orientdb/chiplet_x5/inst55/run.stdout.log	/home/seunghyun/ycsb/results/chiplet_ycsb_256mib_madracks-mnode5_20260314T060453Z_1429430/runs/orientdb/chiplet_x5
2026-03-14T06:19:37Z	madracks-mnode5	amd	orientdb	embedded	NO_RETIRED_INST_CYCLES	user	chiplet_x5	60	55	77	CLEANUP	1	76.0	76.0	76.0	76.0	76.0	76.0	76.0	76.0	ok	/home/seunghyun/ycsb/results/chiplet_ycsb_256mib_madracks-mnode5_20260314T060453Z_1429430/runs/orientdb/chiplet_x5/inst55/run.stdout.log	/home/seunghyun/ycsb/results/chiplet_ycsb_256mib_madracks-mnode5_20260314T060453Z_1429430/runs/orientdb/chiplet_x5
2026-03-14T06:19:37Z	madracks-mnode5	amd	orientdb	embedded	NO_RETIRED_INST_CYCLES	user	chiplet_x5	60	56	78	READ	10000	117.3175	23.0	16415.0	33.0	152.0	4063.0	8551.0	13375.0	ok	/home/seunghyun/ycsb/results/chiplet_ycsb_256mib_madracks-mnode5_20260314T060453Z_1429430/runs/orientdb/chiplet_x5/inst56/run.stdout.log	/home/seunghyun/ycsb/results/chiplet_ycsb_256mib_madracks-mnode5_20260314T060453Z_1429430/runs/orientdb/chiplet_x5
2026-03-14T06:19:37Z	madracks-mnode5	amd	orientdb	embedded	NO_RETIRED_INST_CYCLES	user	chiplet_x5	60	56	78	CLEANUP	1	60.0	60.0	60.0	60.0	60.0	60.0	60.0	60.0	ok	/home/seunghyun/ycsb/results/chiplet_ycsb_256mib_madracks-mnode5_20260314T060453Z_1429430/runs/orientdb/chiplet_x5/inst56/run.stdout.log	/home/seunghyun/ycsb/results/chiplet_ycsb_256mib_madracks-mnode5_20260314T060453Z_1429430/runs/orientdb/chiplet_x5
2026-03-14T06:19:37Z	madracks-mnode5	amd	orientdb	embedded	NO_RETIRED_INST_CYCLES	user	chiplet_x5	60	57	79	READ	10000	116.79	23.0	13311.0	33.0	148.0	4061.0	8567.0	12671.0	ok	/home/seunghyun/ycsb/results/chiplet_ycsb_256mib_madracks-mnode5_20260314T060453Z_1429430/runs/orientdb/chiplet_x5/inst57/run.stdout.log	/home/seunghyun/ycsb/results/chiplet_ycsb_256mib_madracks-mnode5_20260314T060453Z_1429430/runs/orientdb/chiplet_x5
2026-03-14T06:19:37Z	madracks-mnode5	amd	orientdb	embedded	NO_RETIRED_INST_CYCLES	user	chiplet_x5	60	57	79	CLEANUP	1	66.0	66.0	66.0	66.0	66.0	66.0	66.0	66.0	ok	/home/seunghyun/ycsb/results/chiplet_ycsb_256mib_madracks-mnode5_20260314T060453Z_1429430/runs/orientdb/chiplet_x5/inst57/run.stdout.log	/home/seunghyun/ycsb/results/chiplet_ycsb_256mib_madracks-mnode5_20260314T060453Z_1429430/runs/orientdb/chiplet_x5
2026-03-14T06:19:37Z	madracks-mnode5	amd	orientdb	embedded	NO_RETIRED_INST_CYCLES	user	chiplet_x5	60	58	80	READ	10000	115.4391	24.0	15391.0	33.0	146.0	4059.0	8479.0	12255.0	ok	/home/seunghyun/ycsb/results/chiplet_ycsb_256mib_madracks-mnode5_20260314T060453Z_1429430/runs/orientdb/chiplet_x5/inst58/run.stdout.log	/home/seunghyun/ycsb/results/chiplet_ycsb_256mib_madracks-mnode5_20260314T060453Z_1429430/runs/orientdb/chiplet_x5
2026-03-14T06:19:37Z	madracks-mnode5	amd	orientdb	embedded	NO_RETIRED_INST_CYCLES	user	chiplet_x5	60	58	80	CLEANUP	1	60.0	60.0	60.0	60.0	60.0	60.0	60.0	60.0	ok	/home/seunghyun/ycsb/results/chiplet_ycsb_256mib_madracks-mnode5_20260314T060453Z_1429430/runs/orientdb/chiplet_x5/inst58/run.stdout.log	/home/seunghyun/ycsb/results/chiplet_ycsb_256mib_madracks-mnode5_20260314T060453Z_1429430/runs/orientdb/chiplet_x5
2026-03-14T06:19:37Z	madracks-mnode5	amd	orientdb	embedded	NO_RETIRED_INST_CYCLES	user	chiplet_x5	60	59	81	READ	10000	118.3128	23.0	15647.0	33.0	147.0	4069.0	8367.0	13799.0	ok	/home/seunghyun/ycsb/results/chiplet_ycsb_256mib_madracks-mnode5_20260314T060453Z_1429430/runs/orientdb/chiplet_x5/inst59/run.stdout.log	/home/seunghyun/ycsb/results/chiplet_ycsb_256mib_madracks-mnode5_20260314T060453Z_1429430/runs/orientdb/chiplet_x5
2026-03-14T06:19:37Z	madracks-mnode5	amd	orientdb	embedded	NO_RETIRED_INST_CYCLES	user	chiplet_x5	60	59	81	CLEANUP	1	73.0	73.0	73.0	73.0	73.0	73.0	73.0	73.0	ok	/home/seunghyun/ycsb/results/chiplet_ycsb_256mib_madracks-mnode5_20260314T060453Z_1429430/runs/orientdb/chiplet_x5/inst59/run.stdout.log	/home/seunghyun/ycsb/results/chiplet_ycsb_256mib_madracks-mnode5_20260314T060453Z_1429430/runs/orientdb/chiplet_x5
2026-03-14T06:21:53Z	madracks-mnode5	amd	orientdb	embedded	NO_RETIRED_INST_CYCLES	user	chiplet_x6	72	0	0	READ	10000	112.6495	25.0	16199.0	33.0	152.0	3717.0	8519.0	12471.0	ok	/home/seunghyun/ycsb/results/chiplet_ycsb_256mib_madracks-mnode5_20260314T060453Z_1429430/runs/orientdb/chiplet_x6/inst00/run.stdout.log	/home/seunghyun/ycsb/results/chiplet_ycsb_256mib_madracks-mnode5_20260314T060453Z_1429430/runs/orientdb/chiplet_x6
2026-03-14T06:21:53Z	madracks-mnode5	amd	orientdb	embedded	NO_RETIRED_INST_CYCLES	user	chiplet_x6	72	0	0	CLEANUP	1	68.0	68.0	68.0	68.0	68.0	68.0	68.0	68.0	ok	/home/seunghyun/ycsb/results/chiplet_ycsb_256mib_madracks-mnode5_20260314T060453Z_1429430/runs/orientdb/chiplet_x6/inst00/run.stdout.log	/home/seunghyun/ycsb/results/chiplet_ycsb_256mib_madracks-mnode5_20260314T060453Z_1429430/runs/orientdb/chiplet_x6
2026-03-14T06:21:53Z	madracks-mnode5	amd	orientdb	embedded	NO_RETIRED_INST_CYCLES	user	chiplet_x6	72	1	1	READ	10000	114.1397	23.0	16671.0	33.0	147.0	4005.0	8415.0	16591.0	ok	/home/seunghyun/ycsb/results/chiplet_ycsb_256mib_madracks-mnode5_20260314T060453Z_1429430/runs/orientdb/chiplet_x6/inst01/run.stdout.log	/home/seunghyun/ycsb/results/chiplet_ycsb_256mib_madracks-mnode5_20260314T060453Z_1429430/runs/orientdb/chiplet_x6
2026-03-14T06:21:53Z	madracks-mnode5	amd	orientdb	embedded	NO_RETIRED_INST_CYCLES	user	chiplet_x6	72	1	1	CLEANUP	1	67.0	67.0	67.0	67.0	67.0	67.0	67.0	67.0	ok	/home/seunghyun/ycsb/results/chiplet_ycsb_256mib_madracks-mnode5_20260314T060453Z_1429430/runs/orientdb/chiplet_x6/inst01/run.stdout.log	/home/seunghyun/ycsb/results/chiplet_ycsb_256mib_madracks-mnode5_20260314T060453Z_1429430/runs/orientdb/chiplet_x6
2026-03-14T06:21:53Z	madracks-mnode5	amd	orientdb	embedded	NO_RETIRED_INST_CYCLES	user	chiplet_x6	72	2	2	READ	10000	114.4288	24.0	16415.0	33.0	149.0	2701.0	8863.0	12527.0	ok	/home/seunghyun/ycsb/results/chiplet_ycsb_256mib_madracks-mnode5_20260314T060453Z_1429430/runs/orientdb/chiplet_x6/inst02/run.stdout.log	/home/seunghyun/ycsb/results/chiplet_ycsb_256mib_madracks-mnode5_20260314T060453Z_1429430/runs/orientdb/chiplet_x6
2026-03-14T06:21:53Z	madracks-mnode5	amd	orientdb	embedded	NO_RETIRED_INST_CYCLES	user	chiplet_x6	72	2	2	CLEANUP	1	68.0	68.0	68.0	68.0	68.0	68.0	68.0	68.0	ok	/home/seunghyun/ycsb/results/chiplet_ycsb_256mib_madracks-mnode5_20260314T060453Z_1429430/runs/orientdb/chiplet_x6/inst02/run.stdout.log	/home/seunghyun/ycsb/results/chiplet_ycsb_256mib_madracks-mnode5_20260314T060453Z_1429430/runs/orientdb/chiplet_x6
2026-03-14T06:21:53Z	madracks-mnode5	amd	orientdb	embedded	NO_RETIRED_INST_CYCLES	user	chiplet_x6	72	3	3	READ	10000	118.0258	24.0	18159.0	33.0	152.0	3399.0	8535.0	16351.0	ok	/home/seunghyun/ycsb/results/chiplet_ycsb_256mib_madracks-mnode5_20260314T060453Z_1429430/runs/orientdb/chiplet_x6/inst03/run.stdout.log	/home/seunghyun/ycsb/results/chiplet_ycsb_256mib_madracks-mnode5_20260314T060453Z_1429430/runs/orientdb/chiplet_x6
2026-03-14T06:21:53Z	madracks-mnode5	amd	orientdb	embedded	NO_RETIRED_INST_CYCLES	user	chiplet_x6	72	3	3	CLEANUP	1	63.0	63.0	63.0	63.0	63.0	63.0	63.0	63.0	ok	/home/seunghyun/ycsb/results/chiplet_ycsb_256mib_madracks-mnode5_20260314T060453Z_1429430/runs/orientdb/chiplet_x6/inst03/run.stdout.log	/home/seunghyun/ycsb/results/chiplet_ycsb_256mib_madracks-mnode5_20260314T060453Z_1429430/runs/orientdb/chiplet_x6
2026-03-14T06:21:53Z	madracks-mnode5	amd	orientdb	embedded	NO_RETIRED_INST_CYCLES	user	chiplet_x6	72	4	4	READ	10000	119.5707	26.0	12783.0	34.0	152.0	4071.0	8503.0	12439.0	ok	/home/seunghyun/ycsb/results/chiplet_ycsb_256mib_madracks-mnode5_20260314T060453Z_1429430/runs/orientdb/chiplet_x6/inst04/run.stdout.log	/home/seunghyun/ycsb/results/chiplet_ycsb_256mib_madracks-mnode5_20260314T060453Z_1429430/runs/orientdb/chiplet_x6
2026-03-14T06:21:53Z	madracks-mnode5	amd	orientdb	embedded	NO_RETIRED_INST_CYCLES	user	chiplet_x6	72	4	4	CLEANUP	1	69.0	69.0	69.0	69.0	69.0	69.0	69.0	69.0	ok	/home/seunghyun/ycsb/results/chiplet_ycsb_256mib_madracks-mnode5_20260314T060453Z_1429430/runs/orientdb/chiplet_x6/inst04/run.stdout.log	/home/seunghyun/ycsb/results/chiplet_ycsb_256mib_madracks-mnode5_20260314T060453Z_1429430/runs/orientdb/chiplet_x6
2026-03-14T06:21:53Z	madracks-mnode5	amd	orientdb	embedded	NO_RETIRED_INST_CYCLES	user	chiplet_x6	72	5	5	READ	10000	119.5138	25.0	16879.0	34.0	152.0	3601.0	9791.0	16831.0	ok	/home/seunghyun/ycsb/results/chiplet_ycsb_256mib_madracks-mnode5_20260314T060453Z_1429430/runs/orientdb/chiplet_x6/inst05/run.stdout.log	/home/seunghyun/ycsb/results/chiplet_ycsb_256mib_madracks-mnode5_20260314T060453Z_1429430/runs/orientdb/chiplet_x6
2026-03-14T06:21:53Z	madracks-mnode5	amd	orientdb	embedded	NO_RETIRED_INST_CYCLES	user	chiplet_x6	72	5	5	CLEANUP	1	61.0	61.0	61.0	61.0	61.0	61.0	61.0	61.0	ok	/home/seunghyun/ycsb/results/chiplet_ycsb_256mib_madracks-mnode5_20260314T060453Z_1429430/runs/orientdb/chiplet_x6/inst05/run.stdout.log	/home/seunghyun/ycsb/results/chiplet_ycsb_256mib_madracks-mnode5_20260314T060453Z_1429430/runs/orientdb/chiplet_x6
2026-03-14T06:21:53Z	madracks-mnode5	amd	orientdb	embedded	NO_RETIRED_INST_CYCLES	user	chiplet_x6	72	6	7	READ	10000	120.8824	22.0	17839.0	33.0	148.0	4083.0	9295.0	16511.0	ok	/home/seunghyun/ycsb/results/chiplet_ycsb_256mib_madracks-mnode5_20260314T060453Z_1429430/runs/orientdb/chiplet_x6/inst06/run.stdout.log	/home/seunghyun/ycsb/results/chiplet_ycsb_256mib_madracks-mnode5_20260314T060453Z_1429430/runs/orientdb/chiplet_x6
2026-03-14T06:21:53Z	madracks-mnode5	amd	orientdb	embedded	NO_RETIRED_INST_CYCLES	user	chiplet_x6	72	6	7	CLEANUP	1	67.0	67.0	67.0	67.0	67.0	67.0	67.0	67.0	ok	/home/seunghyun/ycsb/results/chiplet_ycsb_256mib_madracks-mnode5_20260314T060453Z_1429430/runs/orientdb/chiplet_x6/inst06/run.stdout.log	/home/seunghyun/ycsb/results/chiplet_ycsb_256mib_madracks-mnode5_20260314T060453Z_1429430/runs/orientdb/chiplet_x6
2026-03-14T06:21:53Z	madracks-mnode5	amd	orientdb	embedded	NO_RETIRED_INST_CYCLES	user	chiplet_x6	72	7	8	READ	10000	132.7241	24.0	12687.0	34.0	200.0	4103.0	9295.0	12487.0	ok	/home/seunghyun/ycsb/results/chiplet_ycsb_256mib_madracks-mnode5_20260314T060453Z_1429430/runs/orientdb/chiplet_x6/inst07/run.stdout.log	/home/seunghyun/ycsb/results/chiplet_ycsb_256mib_madracks-mnode5_20260314T060453Z_1429430/runs/orientdb/chiplet_x6
2026-03-14T06:21:53Z	madracks-mnode5	amd	orientdb	embedded	NO_RETIRED_INST_CYCLES	user	chiplet_x6	72	7	8	CLEANUP	1	66.0	66.0	66.0	66.0	66.0	66.0	66.0	66.0	ok	/home/seunghyun/ycsb/results/chiplet_ycsb_256mib_madracks-mnode5_20260314T060453Z_1429430/runs/orientdb/chiplet_x6/inst07/run.stdout.log	/home/seunghyun/ycsb/results/chiplet_ycsb_256mib_madracks-mnode5_20260314T060453Z_1429430/runs/orientdb/chiplet_x6
2026-03-14T06:21:53Z	madracks-mnode5	amd	orientdb	embedded	NO_RETIRED_INST_CYCLES	user	chiplet_x6	72	8	9	READ	10000	119.149	24.0	18383.0	34.0	147.0	3559.0	11007.0	16279.0	ok	/home/seunghyun/ycsb/results/chiplet_ycsb_256mib_madracks-mnode5_20260314T060453Z_1429430/runs/orientdb/chiplet_x6/inst08/run.stdout.log	/home/seunghyun/ycsb/results/chiplet_ycsb_256mib_madracks-mnode5_20260314T060453Z_1429430/runs/orientdb/chiplet_x6
2026-03-14T06:21:53Z	madracks-mnode5	amd	orientdb	embedded	NO_RETIRED_INST_CYCLES	user	chiplet_x6	72	8	9	CLEANUP	1	60.0	60.0	60.0	60.0	60.0	60.0	60.0	60.0	ok	/home/seunghyun/ycsb/results/chiplet_ycsb_256mib_madracks-mnode5_20260314T060453Z_1429430/runs/orientdb/chiplet_x6/inst08/run.stdout.log	/home/seunghyun/ycsb/results/chiplet_ycsb_256mib_madracks-mnode5_20260314T060453Z_1429430/runs/orientdb/chiplet_x6
2026-03-14T06:21:53Z	madracks-mnode5	amd	orientdb	embedded	NO_RETIRED_INST_CYCLES	user	chiplet_x6	72	9	10	READ	10000	118.8248	23.0	16287.0	32.0	151.0	4059.0	10935.0	16183.0	ok	/home/seunghyun/ycsb/results/chiplet_ycsb_256mib_madracks-mnode5_20260314T060453Z_1429430/runs/orientdb/chiplet_x6/inst09/run.stdout.log	/home/seunghyun/ycsb/results/chiplet_ycsb_256mib_madracks-mnode5_20260314T060453Z_1429430/runs/orientdb/chiplet_x6
2026-03-14T06:21:53Z	madracks-mnode5	amd	orientdb	embedded	NO_RETIRED_INST_CYCLES	user	chiplet_x6	72	9	10	CLEANUP	1	67.0	67.0	67.0	67.0	67.0	67.0	67.0	67.0	ok	/home/seunghyun/ycsb/results/chiplet_ycsb_256mib_madracks-mnode5_20260314T060453Z_1429430/runs/orientdb/chiplet_x6/inst09/run.stdout.log	/home/seunghyun/ycsb/results/chiplet_ycsb_256mib_madracks-mnode5_20260314T060453Z_1429430/runs/orientdb/chiplet_x6
2026-03-14T06:21:53Z	madracks-mnode5	amd	orientdb	embedded	NO_RETIRED_INST_CYCLES	user	chiplet_x6	72	10	11	READ	10000	121.0999	24.0	16343.0	33.0	153.0	4065.0	9079.0	13927.0	ok	/home/seunghyun/ycsb/results/chiplet_ycsb_256mib_madracks-mnode5_20260314T060453Z_1429430/runs/orientdb/chiplet_x6/inst10/run.stdout.log	/home/seunghyun/ycsb/results/chiplet_ycsb_256mib_madracks-mnode5_20260314T060453Z_1429430/runs/orientdb/chiplet_x6
2026-03-14T06:21:53Z	madracks-mnode5	amd	orientdb	embedded	NO_RETIRED_INST_CYCLES	user	chiplet_x6	72	10	11	CLEANUP	1	65.0	65.0	65.0	65.0	65.0	65.0	65.0	65.0	ok	/home/seunghyun/ycsb/results/chiplet_ycsb_256mib_madracks-mnode5_20260314T060453Z_1429430/runs/orientdb/chiplet_x6/inst10/run.stdout.log	/home/seunghyun/ycsb/results/chiplet_ycsb_256mib_madracks-mnode5_20260314T060453Z_1429430/runs/orientdb/chiplet_x6
2026-03-14T06:21:53Z	madracks-mnode5	amd	orientdb	embedded	NO_RETIRED_INST_CYCLES	user	chiplet_x6	72	11	12	READ	10000	119.4667	24.0	16319.0	34.0	143.0	4075.0	10191.0	13007.0	ok	/home/seunghyun/ycsb/results/chiplet_ycsb_256mib_madracks-mnode5_20260314T060453Z_1429430/runs/orientdb/chiplet_x6/inst11/run.stdout.log	/home/seunghyun/ycsb/results/chiplet_ycsb_256mib_madracks-mnode5_20260314T060453Z_1429430/runs/orientdb/chiplet_x6
2026-03-14T06:21:53Z	madracks-mnode5	amd	orientdb	embedded	NO_RETIRED_INST_CYCLES	user	chiplet_x6	72	11	12	CLEANUP	1	70.0	70.0	70.0	70.0	70.0	70.0	70.0	70.0	ok	/home/seunghyun/ycsb/results/chiplet_ycsb_256mib_madracks-mnode5_20260314T060453Z_1429430/runs/orientdb/chiplet_x6/inst11/run.stdout.log	/home/seunghyun/ycsb/results/chiplet_ycsb_256mib_madracks-mnode5_20260314T060453Z_1429430/runs/orientdb/chiplet_x6
2026-03-14T06:21:53Z	madracks-mnode5	amd	orientdb	embedded	NO_RETIRED_INST_CYCLES	user	chiplet_x6	72	12	14	READ	10000	122.8821	24.0	15519.0	33.0	147.0	4059.0	10463.0	12679.0	ok	/home/seunghyun/ycsb/results/chiplet_ycsb_256mib_madracks-mnode5_20260314T060453Z_1429430/runs/orientdb/chiplet_x6/inst12/run.stdout.log	/home/seunghyun/ycsb/results/chiplet_ycsb_256mib_madracks-mnode5_20260314T060453Z_1429430/runs/orientdb/chiplet_x6
2026-03-14T06:21:53Z	madracks-mnode5	amd	orientdb	embedded	NO_RETIRED_INST_CYCLES	user	chiplet_x6	72	12	14	CLEANUP	1	4114.0	4112.0	4115.0	4115.0	4115.0	4115.0	4115.0	4115.0	ok	/home/seunghyun/ycsb/results/chiplet_ycsb_256mib_madracks-mnode5_20260314T060453Z_1429430/runs/orientdb/chiplet_x6/inst12/run.stdout.log	/home/seunghyun/ycsb/results/chiplet_ycsb_256mib_madracks-mnode5_20260314T060453Z_1429430/runs/orientdb/chiplet_x6
2026-03-14T06:21:53Z	madracks-mnode5	amd	orientdb	embedded	NO_RETIRED_INST_CYCLES	user	chiplet_x6	72	13	15	READ	10000	122.4497	25.0	16703.0	34.0	154.0	4073.0	8639.0	16279.0	ok	/home/seunghyun/ycsb/results/chiplet_ycsb_256mib_madracks-mnode5_20260314T060453Z_1429430/runs/orientdb/chiplet_x6/inst13/run.stdout.log	/home/seunghyun/ycsb/results/chiplet_ycsb_256mib_madracks-mnode5_20260314T060453Z_1429430/runs/orientdb/chiplet_x6
2026-03-14T06:21:53Z	madracks-mnode5	amd	orientdb	embedded	NO_RETIRED_INST_CYCLES	user	chiplet_x6	72	13	15	CLEANUP	1	67.0	67.0	67.0	67.0	67.0	67.0	67.0	67.0	ok	/home/seunghyun/ycsb/results/chiplet_ycsb_256mib_madracks-mnode5_20260314T060453Z_1429430/runs/orientdb/chiplet_x6/inst13/run.stdout.log	/home/seunghyun/ycsb/results/chiplet_ycsb_256mib_madracks-mnode5_20260314T060453Z_1429430/runs/orientdb/chiplet_x6
2026-03-14T06:21:53Z	madracks-mnode5	amd	orientdb	embedded	NO_RETIRED_INST_CYCLES	user	chiplet_x6	72	14	16	READ	10000	117.809	23.0	12887.0	34.0	154.0	4057.0	8479.0	12591.0	ok	/home/seunghyun/ycsb/results/chiplet_ycsb_256mib_madracks-mnode5_20260314T060453Z_1429430/runs/orientdb/chiplet_x6/inst14/run.stdout.log	/home/seunghyun/ycsb/results/chiplet_ycsb_256mib_madracks-mnode5_20260314T060453Z_1429430/runs/orientdb/chiplet_x6
2026-03-14T06:21:53Z	madracks-mnode5	amd	orientdb	embedded	NO_RETIRED_INST_CYCLES	user	chiplet_x6	72	14	16	CLEANUP	1	68.0	68.0	68.0	68.0	68.0	68.0	68.0	68.0	ok	/home/seunghyun/ycsb/results/chiplet_ycsb_256mib_madracks-mnode5_20260314T060453Z_1429430/runs/orientdb/chiplet_x6/inst14/run.stdout.log	/home/seunghyun/ycsb/results/chiplet_ycsb_256mib_madracks-mnode5_20260314T060453Z_1429430/runs/orientdb/chiplet_x6
2026-03-14T06:21:53Z	madracks-mnode5	amd	orientdb	embedded	NO_RETIRED_INST_CYCLES	user	chiplet_x6	72	15	17	READ	10000	123.3665	24.0	14623.0	34.0	154.0	4081.0	8775.0	12359.0	ok	/home/seunghyun/ycsb/results/chiplet_ycsb_256mib_madracks-mnode5_20260314T060453Z_1429430/runs/orientdb/chiplet_x6/inst15/run.stdout.log	/home/seunghyun/ycsb/results/chiplet_ycsb_256mib_madracks-mnode5_20260314T060453Z_1429430/runs/orientdb/chiplet_x6
2026-03-14T06:21:53Z	madracks-mnode5	amd	orientdb	embedded	NO_RETIRED_INST_CYCLES	user	chiplet_x6	72	15	17	CLEANUP	1	69.0	69.0	69.0	69.0	69.0	69.0	69.0	69.0	ok	/home/seunghyun/ycsb/results/chiplet_ycsb_256mib_madracks-mnode5_20260314T060453Z_1429430/runs/orientdb/chiplet_x6/inst15/run.stdout.log	/home/seunghyun/ycsb/results/chiplet_ycsb_256mib_madracks-mnode5_20260314T060453Z_1429430/runs/orientdb/chiplet_x6
2026-03-14T06:21:53Z	madracks-mnode5	amd	orientdb	embedded	NO_RETIRED_INST_CYCLES	user	chiplet_x6	72	16	18	READ	10000	119.5903	24.0	17151.0	34.0	147.0	4061.0	8775.0	16287.0	ok	/home/seunghyun/ycsb/results/chiplet_ycsb_256mib_madracks-mnode5_20260314T060453Z_1429430/runs/orientdb/chiplet_x6/inst16/run.stdout.log	/home/seunghyun/ycsb/results/chiplet_ycsb_256mib_madracks-mnode5_20260314T060453Z_1429430/runs/orientdb/chiplet_x6
2026-03-14T06:21:53Z	madracks-mnode5	amd	orientdb	embedded	NO_RETIRED_INST_CYCLES	user	chiplet_x6	72	16	18	CLEANUP	1	71.0	71.0	71.0	71.0	71.0	71.0	71.0	71.0	ok	/home/seunghyun/ycsb/results/chiplet_ycsb_256mib_madracks-mnode5_20260314T060453Z_1429430/runs/orientdb/chiplet_x6/inst16/run.stdout.log	/home/seunghyun/ycsb/results/chiplet_ycsb_256mib_madracks-mnode5_20260314T060453Z_1429430/runs/orientdb/chiplet_x6
2026-03-14T06:21:53Z	madracks-mnode5	amd	orientdb	embedded	NO_RETIRED_INST_CYCLES	user	chiplet_x6	72	17	19	READ	10000	118.8739	25.0	16575.0	34.0	146.0	3683.0	8679.0	16527.0	ok	/home/seunghyun/ycsb/results/chiplet_ycsb_256mib_madracks-mnode5_20260314T060453Z_1429430/runs/orientdb/chiplet_x6/inst17/run.stdout.log	/home/seunghyun/ycsb/results/chiplet_ycsb_256mib_madracks-mnode5_20260314T060453Z_1429430/runs/orientdb/chiplet_x6
2026-03-14T06:21:53Z	madracks-mnode5	amd	orientdb	embedded	NO_RETIRED_INST_CYCLES	user	chiplet_x6	72	17	19	CLEANUP	1	59.0	59.0	59.0	59.0	59.0	59.0	59.0	59.0	ok	/home/seunghyun/ycsb/results/chiplet_ycsb_256mib_madracks-mnode5_20260314T060453Z_1429430/runs/orientdb/chiplet_x6/inst17/run.stdout.log	/home/seunghyun/ycsb/results/chiplet_ycsb_256mib_madracks-mnode5_20260314T060453Z_1429430/runs/orientdb/chiplet_x6
2026-03-14T06:21:53Z	madracks-mnode5	amd	orientdb	embedded	NO_RETIRED_INST_CYCLES	user	chiplet_x6	72	18	21	READ	10000	115.4758	24.0	21727.0	33.0	152.0	3977.0	8503.0	16239.0	ok	/home/seunghyun/ycsb/results/chiplet_ycsb_256mib_madracks-mnode5_20260314T060453Z_1429430/runs/orientdb/chiplet_x6/inst18/run.stdout.log	/home/seunghyun/ycsb/results/chiplet_ycsb_256mib_madracks-mnode5_20260314T060453Z_1429430/runs/orientdb/chiplet_x6
2026-03-14T06:21:53Z	madracks-mnode5	amd	orientdb	embedded	NO_RETIRED_INST_CYCLES	user	chiplet_x6	72	18	21	CLEANUP	1	63.0	63.0	63.0	63.0	63.0	63.0	63.0	63.0	ok	/home/seunghyun/ycsb/results/chiplet_ycsb_256mib_madracks-mnode5_20260314T060453Z_1429430/runs/orientdb/chiplet_x6/inst18/run.stdout.log	/home/seunghyun/ycsb/results/chiplet_ycsb_256mib_madracks-mnode5_20260314T060453Z_1429430/runs/orientdb/chiplet_x6
2026-03-14T06:21:53Z	madracks-mnode5	amd	orientdb	embedded	NO_RETIRED_INST_CYCLES	user	chiplet_x6	72	19	22	READ	10000	115.7949	24.0	16359.0	33.0	150.0	3681.0	9911.0	12575.0	ok	/home/seunghyun/ycsb/results/chiplet_ycsb_256mib_madracks-mnode5_20260314T060453Z_1429430/runs/orientdb/chiplet_x6/inst19/run.stdout.log	/home/seunghyun/ycsb/results/chiplet_ycsb_256mib_madracks-mnode5_20260314T060453Z_1429430/runs/orientdb/chiplet_x6
2026-03-14T06:21:53Z	madracks-mnode5	amd	orientdb	embedded	NO_RETIRED_INST_CYCLES	user	chiplet_x6	72	19	22	CLEANUP	1	68.0	68.0	68.0	68.0	68.0	68.0	68.0	68.0	ok	/home/seunghyun/ycsb/results/chiplet_ycsb_256mib_madracks-mnode5_20260314T060453Z_1429430/runs/orientdb/chiplet_x6/inst19/run.stdout.log	/home/seunghyun/ycsb/results/chiplet_ycsb_256mib_madracks-mnode5_20260314T060453Z_1429430/runs/orientdb/chiplet_x6
2026-03-14T06:21:53Z	madracks-mnode5	amd	orientdb	embedded	NO_RETIRED_INST_CYCLES	user	chiplet_x6	72	20	23	READ	10000	117.7662	24.0	16271.0	34.0	149.0	3997.0	8839.0	16255.0	ok	/home/seunghyun/ycsb/results/chiplet_ycsb_256mib_madracks-mnode5_20260314T060453Z_1429430/runs/orientdb/chiplet_x6/inst20/run.stdout.log	/home/seunghyun/ycsb/results/chiplet_ycsb_256mib_madracks-mnode5_20260314T060453Z_1429430/runs/orientdb/chiplet_x6
2026-03-14T06:21:53Z	madracks-mnode5	amd	orientdb	embedded	NO_RETIRED_INST_CYCLES	user	chiplet_x6	72	20	23	CLEANUP	1	83.0	83.0	83.0	83.0	83.0	83.0	83.0	83.0	ok	/home/seunghyun/ycsb/results/chiplet_ycsb_256mib_madracks-mnode5_20260314T060453Z_1429430/runs/orientdb/chiplet_x6/inst20/run.stdout.log	/home/seunghyun/ycsb/results/chiplet_ycsb_256mib_madracks-mnode5_20260314T060453Z_1429430/runs/orientdb/chiplet_x6
2026-03-14T06:21:53Z	madracks-mnode5	amd	orientdb	embedded	NO_RETIRED_INST_CYCLES	user	chiplet_x6	72	21	24	READ	10000	119.1985	25.0	16143.0	34.0	154.0	4093.0	8479.0	12879.0	ok	/home/seunghyun/ycsb/results/chiplet_ycsb_256mib_madracks-mnode5_20260314T060453Z_1429430/runs/orientdb/chiplet_x6/inst21/run.stdout.log	/home/seunghyun/ycsb/results/chiplet_ycsb_256mib_madracks-mnode5_20260314T060453Z_1429430/runs/orientdb/chiplet_x6
2026-03-14T06:21:53Z	madracks-mnode5	amd	orientdb	embedded	NO_RETIRED_INST_CYCLES	user	chiplet_x6	72	21	24	CLEANUP	1	63.0	63.0	63.0	63.0	63.0	63.0	63.0	63.0	ok	/home/seunghyun/ycsb/results/chiplet_ycsb_256mib_madracks-mnode5_20260314T060453Z_1429430/runs/orientdb/chiplet_x6/inst21/run.stdout.log	/home/seunghyun/ycsb/results/chiplet_ycsb_256mib_madracks-mnode5_20260314T060453Z_1429430/runs/orientdb/chiplet_x6
2026-03-14T06:21:53Z	madracks-mnode5	amd	orientdb	embedded	NO_RETIRED_INST_CYCLES	user	chiplet_x6	72	22	25	READ	10000	119.9432	23.0	15815.0	33.0	151.0	4053.0	9223.0	14839.0	ok	/home/seunghyun/ycsb/results/chiplet_ycsb_256mib_madracks-mnode5_20260314T060453Z_1429430/runs/orientdb/chiplet_x6/inst22/run.stdout.log	/home/seunghyun/ycsb/results/chiplet_ycsb_256mib_madracks-mnode5_20260314T060453Z_1429430/runs/orientdb/chiplet_x6
2026-03-14T06:21:53Z	madracks-mnode5	amd	orientdb	embedded	NO_RETIRED_INST_CYCLES	user	chiplet_x6	72	22	25	CLEANUP	1	67.0	67.0	67.0	67.0	67.0	67.0	67.0	67.0	ok	/home/seunghyun/ycsb/results/chiplet_ycsb_256mib_madracks-mnode5_20260314T060453Z_1429430/runs/orientdb/chiplet_x6/inst22/run.stdout.log	/home/seunghyun/ycsb/results/chiplet_ycsb_256mib_madracks-mnode5_20260314T060453Z_1429430/runs/orientdb/chiplet_x6
2026-03-14T06:21:53Z	madracks-mnode5	amd	orientdb	embedded	NO_RETIRED_INST_CYCLES	user	chiplet_x6	72	23	26	READ	10000	119.7988	25.0	14623.0	34.0	158.0	4073.0	8807.0	12623.0	ok	/home/seunghyun/ycsb/results/chiplet_ycsb_256mib_madracks-mnode5_20260314T060453Z_1429430/runs/orientdb/chiplet_x6/inst23/run.stdout.log	/home/seunghyun/ycsb/results/chiplet_ycsb_256mib_madracks-mnode5_20260314T060453Z_1429430/runs/orientdb/chiplet_x6
2026-03-14T06:21:53Z	madracks-mnode5	amd	orientdb	embedded	NO_RETIRED_INST_CYCLES	user	chiplet_x6	72	23	26	CLEANUP	1	76.0	76.0	76.0	76.0	76.0	76.0	76.0	76.0	ok	/home/seunghyun/ycsb/results/chiplet_ycsb_256mib_madracks-mnode5_20260314T060453Z_1429430/runs/orientdb/chiplet_x6/inst23/run.stdout.log	/home/seunghyun/ycsb/results/chiplet_ycsb_256mib_madracks-mnode5_20260314T060453Z_1429430/runs/orientdb/chiplet_x6
2026-03-14T06:21:53Z	madracks-mnode5	amd	orientdb	embedded	NO_RETIRED_INST_CYCLES	user	chiplet_x6	72	24	28	READ	10000	119.0128	25.0	16255.0	34.0	152.0	4065.0	8615.0	16239.0	ok	/home/seunghyun/ycsb/results/chiplet_ycsb_256mib_madracks-mnode5_20260314T060453Z_1429430/runs/orientdb/chiplet_x6/inst24/run.stdout.log	/home/seunghyun/ycsb/results/chiplet_ycsb_256mib_madracks-mnode5_20260314T060453Z_1429430/runs/orientdb/chiplet_x6
2026-03-14T06:21:53Z	madracks-mnode5	amd	orientdb	embedded	NO_RETIRED_INST_CYCLES	user	chiplet_x6	72	24	28	CLEANUP	1	68.0	68.0	68.0	68.0	68.0	68.0	68.0	68.0	ok	/home/seunghyun/ycsb/results/chiplet_ycsb_256mib_madracks-mnode5_20260314T060453Z_1429430/runs/orientdb/chiplet_x6/inst24/run.stdout.log	/home/seunghyun/ycsb/results/chiplet_ycsb_256mib_madracks-mnode5_20260314T060453Z_1429430/runs/orientdb/chiplet_x6
2026-03-14T06:21:53Z	madracks-mnode5	amd	orientdb	embedded	NO_RETIRED_INST_CYCLES	user	chiplet_x6	72	25	29	READ	10000	116.9448	25.0	15695.0	35.0	159.0	4063.0	8567.0	13343.0	ok	/home/seunghyun/ycsb/results/chiplet_ycsb_256mib_madracks-mnode5_20260314T060453Z_1429430/runs/orientdb/chiplet_x6/inst25/run.stdout.log	/home/seunghyun/ycsb/results/chiplet_ycsb_256mib_madracks-mnode5_20260314T060453Z_1429430/runs/orientdb/chiplet_x6
2026-03-14T06:21:53Z	madracks-mnode5	amd	orientdb	embedded	NO_RETIRED_INST_CYCLES	user	chiplet_x6	72	25	29	CLEANUP	1	65.0	65.0	65.0	65.0	65.0	65.0	65.0	65.0	ok	/home/seunghyun/ycsb/results/chiplet_ycsb_256mib_madracks-mnode5_20260314T060453Z_1429430/runs/orientdb/chiplet_x6/inst25/run.stdout.log	/home/seunghyun/ycsb/results/chiplet_ycsb_256mib_madracks-mnode5_20260314T060453Z_1429430/runs/orientdb/chiplet_x6
2026-03-14T06:21:53Z	madracks-mnode5	amd	orientdb	embedded	NO_RETIRED_INST_CYCLES	user	chiplet_x6	72	26	30	READ	10000	119.8903	24.0	16431.0	34.0	149.0	4075.0	8543.0	16223.0	ok	/home/seunghyun/ycsb/results/chiplet_ycsb_256mib_madracks-mnode5_20260314T060453Z_1429430/runs/orientdb/chiplet_x6/inst26/run.stdout.log	/home/seunghyun/ycsb/results/chiplet_ycsb_256mib_madracks-mnode5_20260314T060453Z_1429430/runs/orientdb/chiplet_x6
2026-03-14T06:21:53Z	madracks-mnode5	amd	orientdb	embedded	NO_RETIRED_INST_CYCLES	user	chiplet_x6	72	26	30	CLEANUP	1	78.0	78.0	78.0	78.0	78.0	78.0	78.0	78.0	ok	/home/seunghyun/ycsb/results/chiplet_ycsb_256mib_madracks-mnode5_20260314T060453Z_1429430/runs/orientdb/chiplet_x6/inst26/run.stdout.log	/home/seunghyun/ycsb/results/chiplet_ycsb_256mib_madracks-mnode5_20260314T060453Z_1429430/runs/orientdb/chiplet_x6
2026-03-14T06:21:53Z	madracks-mnode5	amd	orientdb	embedded	NO_RETIRED_INST_CYCLES	user	chiplet_x6	72	27	31	READ	10000	119.9775	25.0	12599.0	34.0	146.0	4083.0	8503.0	12407.0	ok	/home/seunghyun/ycsb/results/chiplet_ycsb_256mib_madracks-mnode5_20260314T060453Z_1429430/runs/orientdb/chiplet_x6/inst27/run.stdout.log	/home/seunghyun/ycsb/results/chiplet_ycsb_256mib_madracks-mnode5_20260314T060453Z_1429430/runs/orientdb/chiplet_x6
2026-03-14T06:21:53Z	madracks-mnode5	amd	orientdb	embedded	NO_RETIRED_INST_CYCLES	user	chiplet_x6	72	27	31	CLEANUP	1	64.0	64.0	64.0	64.0	64.0	64.0	64.0	64.0	ok	/home/seunghyun/ycsb/results/chiplet_ycsb_256mib_madracks-mnode5_20260314T060453Z_1429430/runs/orientdb/chiplet_x6/inst27/run.stdout.log	/home/seunghyun/ycsb/results/chiplet_ycsb_256mib_madracks-mnode5_20260314T060453Z_1429430/runs/orientdb/chiplet_x6
2026-03-14T06:21:53Z	madracks-mnode5	amd	orientdb	embedded	NO_RETIRED_INST_CYCLES	user	chiplet_x6	72	28	32	READ	10000	117.1217	25.0	12183.0	33.0	149.0	4063.0	8423.0	9703.0	ok	/home/seunghyun/ycsb/results/chiplet_ycsb_256mib_madracks-mnode5_20260314T060453Z_1429430/runs/orientdb/chiplet_x6/inst28/run.stdout.log	/home/seunghyun/ycsb/results/chiplet_ycsb_256mib_madracks-mnode5_20260314T060453Z_1429430/runs/orientdb/chiplet_x6
2026-03-14T06:21:53Z	madracks-mnode5	amd	orientdb	embedded	NO_RETIRED_INST_CYCLES	user	chiplet_x6	72	28	32	CLEANUP	1	65.0	65.0	65.0	65.0	65.0	65.0	65.0	65.0	ok	/home/seunghyun/ycsb/results/chiplet_ycsb_256mib_madracks-mnode5_20260314T060453Z_1429430/runs/orientdb/chiplet_x6/inst28/run.stdout.log	/home/seunghyun/ycsb/results/chiplet_ycsb_256mib_madracks-mnode5_20260314T060453Z_1429430/runs/orientdb/chiplet_x6
2026-03-14T06:21:53Z	madracks-mnode5	amd	orientdb	embedded	NO_RETIRED_INST_CYCLES	user	chiplet_x6	72	29	33	READ	10000	118.926	24.0	14871.0	33.0	150.0	4075.0	9479.0	12559.0	ok	/home/seunghyun/ycsb/results/chiplet_ycsb_256mib_madracks-mnode5_20260314T060453Z_1429430/runs/orientdb/chiplet_x6/inst29/run.stdout.log	/home/seunghyun/ycsb/results/chiplet_ycsb_256mib_madracks-mnode5_20260314T060453Z_1429430/runs/orientdb/chiplet_x6
2026-03-14T06:21:53Z	madracks-mnode5	amd	orientdb	embedded	NO_RETIRED_INST_CYCLES	user	chiplet_x6	72	29	33	CLEANUP	1	64.0	64.0	64.0	64.0	64.0	64.0	64.0	64.0	ok	/home/seunghyun/ycsb/results/chiplet_ycsb_256mib_madracks-mnode5_20260314T060453Z_1429430/runs/orientdb/chiplet_x6/inst29/run.stdout.log	/home/seunghyun/ycsb/results/chiplet_ycsb_256mib_madracks-mnode5_20260314T060453Z_1429430/runs/orientdb/chiplet_x6
2026-03-14T06:21:53Z	madracks-mnode5	amd	orientdb	embedded	NO_RETIRED_INST_CYCLES	user	chiplet_x6	72	30	35	READ	10000	116.9732	23.0	16183.0	33.0	148.0	4061.0	8503.0	12543.0	ok	/home/seunghyun/ycsb/results/chiplet_ycsb_256mib_madracks-mnode5_20260314T060453Z_1429430/runs/orientdb/chiplet_x6/inst30/run.stdout.log	/home/seunghyun/ycsb/results/chiplet_ycsb_256mib_madracks-mnode5_20260314T060453Z_1429430/runs/orientdb/chiplet_x6
2026-03-14T06:21:53Z	madracks-mnode5	amd	orientdb	embedded	NO_RETIRED_INST_CYCLES	user	chiplet_x6	72	30	35	CLEANUP	1	64.0	64.0	64.0	64.0	64.0	64.0	64.0	64.0	ok	/home/seunghyun/ycsb/results/chiplet_ycsb_256mib_madracks-mnode5_20260314T060453Z_1429430/runs/orientdb/chiplet_x6/inst30/run.stdout.log	/home/seunghyun/ycsb/results/chiplet_ycsb_256mib_madracks-mnode5_20260314T060453Z_1429430/runs/orientdb/chiplet_x6
2026-03-14T06:21:53Z	madracks-mnode5	amd	orientdb	embedded	NO_RETIRED_INST_CYCLES	user	chiplet_x6	72	31	36	READ	10000	120.8946	24.0	16655.0	34.0	154.0	4067.0	8535.0	16071.0	ok	/home/seunghyun/ycsb/results/chiplet_ycsb_256mib_madracks-mnode5_20260314T060453Z_1429430/runs/orientdb/chiplet_x6/inst31/run.stdout.log	/home/seunghyun/ycsb/results/chiplet_ycsb_256mib_madracks-mnode5_20260314T060453Z_1429430/runs/orientdb/chiplet_x6
2026-03-14T06:21:53Z	madracks-mnode5	amd	orientdb	embedded	NO_RETIRED_INST_CYCLES	user	chiplet_x6	72	31	36	CLEANUP	1	65.0	65.0	65.0	65.0	65.0	65.0	65.0	65.0	ok	/home/seunghyun/ycsb/results/chiplet_ycsb_256mib_madracks-mnode5_20260314T060453Z_1429430/runs/orientdb/chiplet_x6/inst31/run.stdout.log	/home/seunghyun/ycsb/results/chiplet_ycsb_256mib_madracks-mnode5_20260314T060453Z_1429430/runs/orientdb/chiplet_x6
2026-03-14T06:21:53Z	madracks-mnode5	amd	orientdb	embedded	NO_RETIRED_INST_CYCLES	user	chiplet_x6	72	32	37	READ	10000	117.4702	24.0	14487.0	34.0	149.0	4071.0	8447.0	12887.0	ok	/home/seunghyun/ycsb/results/chiplet_ycsb_256mib_madracks-mnode5_20260314T060453Z_1429430/runs/orientdb/chiplet_x6/inst32/run.stdout.log	/home/seunghyun/ycsb/results/chiplet_ycsb_256mib_madracks-mnode5_20260314T060453Z_1429430/runs/orientdb/chiplet_x6
2026-03-14T06:21:53Z	madracks-mnode5	amd	orientdb	embedded	NO_RETIRED_INST_CYCLES	user	chiplet_x6	72	32	37	CLEANUP	1	68.0	68.0	68.0	68.0	68.0	68.0	68.0	68.0	ok	/home/seunghyun/ycsb/results/chiplet_ycsb_256mib_madracks-mnode5_20260314T060453Z_1429430/runs/orientdb/chiplet_x6/inst32/run.stdout.log	/home/seunghyun/ycsb/results/chiplet_ycsb_256mib_madracks-mnode5_20260314T060453Z_1429430/runs/orientdb/chiplet_x6
2026-03-14T06:21:53Z	madracks-mnode5	amd	orientdb	embedded	NO_RETIRED_INST_CYCLES	user	chiplet_x6	72	33	38	READ	10000	115.8634	25.0	16215.0	33.0	148.0	4067.0	8527.0	16151.0	ok	/home/seunghyun/ycsb/results/chiplet_ycsb_256mib_madracks-mnode5_20260314T060453Z_1429430/runs/orientdb/chiplet_x6/inst33/run.stdout.log	/home/seunghyun/ycsb/results/chiplet_ycsb_256mib_madracks-mnode5_20260314T060453Z_1429430/runs/orientdb/chiplet_x6
2026-03-14T06:21:53Z	madracks-mnode5	amd	orientdb	embedded	NO_RETIRED_INST_CYCLES	user	chiplet_x6	72	33	38	CLEANUP	1	66.0	66.0	66.0	66.0	66.0	66.0	66.0	66.0	ok	/home/seunghyun/ycsb/results/chiplet_ycsb_256mib_madracks-mnode5_20260314T060453Z_1429430/runs/orientdb/chiplet_x6/inst33/run.stdout.log	/home/seunghyun/ycsb/results/chiplet_ycsb_256mib_madracks-mnode5_20260314T060453Z_1429430/runs/orientdb/chiplet_x6
2026-03-14T06:21:53Z	madracks-mnode5	amd	orientdb	embedded	NO_RETIRED_INST_CYCLES	user	chiplet_x6	72	34	39	READ	10000	115.3195	23.0	16263.0	32.0	151.0	3537.0	8383.0	14583.0	ok	/home/seunghyun/ycsb/results/chiplet_ycsb_256mib_madracks-mnode5_20260314T060453Z_1429430/runs/orientdb/chiplet_x6/inst34/run.stdout.log	/home/seunghyun/ycsb/results/chiplet_ycsb_256mib_madracks-mnode5_20260314T060453Z_1429430/runs/orientdb/chiplet_x6
2026-03-14T06:21:53Z	madracks-mnode5	amd	orientdb	embedded	NO_RETIRED_INST_CYCLES	user	chiplet_x6	72	34	39	CLEANUP	1	63.0	63.0	63.0	63.0	63.0	63.0	63.0	63.0	ok	/home/seunghyun/ycsb/results/chiplet_ycsb_256mib_madracks-mnode5_20260314T060453Z_1429430/runs/orientdb/chiplet_x6/inst34/run.stdout.log	/home/seunghyun/ycsb/results/chiplet_ycsb_256mib_madracks-mnode5_20260314T060453Z_1429430/runs/orientdb/chiplet_x6
2026-03-14T06:21:53Z	madracks-mnode5	amd	orientdb	embedded	NO_RETIRED_INST_CYCLES	user	chiplet_x6	72	35	40	READ	10000	120.792	24.0	12687.0	33.0	154.0	4053.0	9143.0	12583.0	ok	/home/seunghyun/ycsb/results/chiplet_ycsb_256mib_madracks-mnode5_20260314T060453Z_1429430/runs/orientdb/chiplet_x6/inst35/run.stdout.log	/home/seunghyun/ycsb/results/chiplet_ycsb_256mib_madracks-mnode5_20260314T060453Z_1429430/runs/orientdb/chiplet_x6
2026-03-14T06:21:53Z	madracks-mnode5	amd	orientdb	embedded	NO_RETIRED_INST_CYCLES	user	chiplet_x6	72	35	40	CLEANUP	1	51.0	51.0	51.0	51.0	51.0	51.0	51.0	51.0	ok	/home/seunghyun/ycsb/results/chiplet_ycsb_256mib_madracks-mnode5_20260314T060453Z_1429430/runs/orientdb/chiplet_x6/inst35/run.stdout.log	/home/seunghyun/ycsb/results/chiplet_ycsb_256mib_madracks-mnode5_20260314T060453Z_1429430/runs/orientdb/chiplet_x6
2026-03-14T06:21:53Z	madracks-mnode5	amd	orientdb	embedded	NO_RETIRED_INST_CYCLES	user	chiplet_x6	72	36	42	READ	10000	120.9666	24.0	12583.0	34.0	154.0	4081.0	8543.0	12215.0	ok	/home/seunghyun/ycsb/results/chiplet_ycsb_256mib_madracks-mnode5_20260314T060453Z_1429430/runs/orientdb/chiplet_x6/inst36/run.stdout.log	/home/seunghyun/ycsb/results/chiplet_ycsb_256mib_madracks-mnode5_20260314T060453Z_1429430/runs/orientdb/chiplet_x6
2026-03-14T06:21:53Z	madracks-mnode5	amd	orientdb	embedded	NO_RETIRED_INST_CYCLES	user	chiplet_x6	72	36	42	CLEANUP	1	71.0	71.0	71.0	71.0	71.0	71.0	71.0	71.0	ok	/home/seunghyun/ycsb/results/chiplet_ycsb_256mib_madracks-mnode5_20260314T060453Z_1429430/runs/orientdb/chiplet_x6/inst36/run.stdout.log	/home/seunghyun/ycsb/results/chiplet_ycsb_256mib_madracks-mnode5_20260314T060453Z_1429430/runs/orientdb/chiplet_x6
2026-03-14T06:21:53Z	madracks-mnode5	amd	orientdb	embedded	NO_RETIRED_INST_CYCLES	user	chiplet_x6	72	37	43	READ	10000	119.2183	23.0	16447.0	34.0	147.0	4059.0	8615.0	12519.0	ok	/home/seunghyun/ycsb/results/chiplet_ycsb_256mib_madracks-mnode5_20260314T060453Z_1429430/runs/orientdb/chiplet_x6/inst37/run.stdout.log	/home/seunghyun/ycsb/results/chiplet_ycsb_256mib_madracks-mnode5_20260314T060453Z_1429430/runs/orientdb/chiplet_x6
2026-03-14T06:21:53Z	madracks-mnode5	amd	orientdb	embedded	NO_RETIRED_INST_CYCLES	user	chiplet_x6	72	37	43	CLEANUP	1	67.0	67.0	67.0	67.0	67.0	67.0	67.0	67.0	ok	/home/seunghyun/ycsb/results/chiplet_ycsb_256mib_madracks-mnode5_20260314T060453Z_1429430/runs/orientdb/chiplet_x6/inst37/run.stdout.log	/home/seunghyun/ycsb/results/chiplet_ycsb_256mib_madracks-mnode5_20260314T060453Z_1429430/runs/orientdb/chiplet_x6
2026-03-14T06:21:53Z	madracks-mnode5	amd	orientdb	embedded	NO_RETIRED_INST_CYCLES	user	chiplet_x6	72	38	44	READ	10000	122.0725	24.0	12559.0	34.0	146.0	4079.0	8583.0	12319.0	ok	/home/seunghyun/ycsb/results/chiplet_ycsb_256mib_madracks-mnode5_20260314T060453Z_1429430/runs/orientdb/chiplet_x6/inst38/run.stdout.log	/home/seunghyun/ycsb/results/chiplet_ycsb_256mib_madracks-mnode5_20260314T060453Z_1429430/runs/orientdb/chiplet_x6
2026-03-14T06:21:53Z	madracks-mnode5	amd	orientdb	embedded	NO_RETIRED_INST_CYCLES	user	chiplet_x6	72	38	44	CLEANUP	1	79.0	79.0	79.0	79.0	79.0	79.0	79.0	79.0	ok	/home/seunghyun/ycsb/results/chiplet_ycsb_256mib_madracks-mnode5_20260314T060453Z_1429430/runs/orientdb/chiplet_x6/inst38/run.stdout.log	/home/seunghyun/ycsb/results/chiplet_ycsb_256mib_madracks-mnode5_20260314T060453Z_1429430/runs/orientdb/chiplet_x6
2026-03-14T06:21:53Z	madracks-mnode5	amd	orientdb	embedded	NO_RETIRED_INST_CYCLES	user	chiplet_x6	72	39	45	READ	10000	120.3888	24.0	14535.0	34.0	154.0	4067.0	8479.0	14295.0	ok	/home/seunghyun/ycsb/results/chiplet_ycsb_256mib_madracks-mnode5_20260314T060453Z_1429430/runs/orientdb/chiplet_x6/inst39/run.stdout.log	/home/seunghyun/ycsb/results/chiplet_ycsb_256mib_madracks-mnode5_20260314T060453Z_1429430/runs/orientdb/chiplet_x6
2026-03-14T06:21:53Z	madracks-mnode5	amd	orientdb	embedded	NO_RETIRED_INST_CYCLES	user	chiplet_x6	72	39	45	CLEANUP	1	71.0	71.0	71.0	71.0	71.0	71.0	71.0	71.0	ok	/home/seunghyun/ycsb/results/chiplet_ycsb_256mib_madracks-mnode5_20260314T060453Z_1429430/runs/orientdb/chiplet_x6/inst39/run.stdout.log	/home/seunghyun/ycsb/results/chiplet_ycsb_256mib_madracks-mnode5_20260314T060453Z_1429430/runs/orientdb/chiplet_x6
2026-03-14T06:21:53Z	madracks-mnode5	amd	orientdb	embedded	NO_RETIRED_INST_CYCLES	user	chiplet_x6	72	40	46	READ	10000	121.2116	24.0	12503.0	33.0	157.0	4083.0	8391.0	11151.0	ok	/home/seunghyun/ycsb/results/chiplet_ycsb_256mib_madracks-mnode5_20260314T060453Z_1429430/runs/orientdb/chiplet_x6/inst40/run.stdout.log	/home/seunghyun/ycsb/results/chiplet_ycsb_256mib_madracks-mnode5_20260314T060453Z_1429430/runs/orientdb/chiplet_x6
2026-03-14T06:21:53Z	madracks-mnode5	amd	orientdb	embedded	NO_RETIRED_INST_CYCLES	user	chiplet_x6	72	40	46	CLEANUP	1	67.0	67.0	67.0	67.0	67.0	67.0	67.0	67.0	ok	/home/seunghyun/ycsb/results/chiplet_ycsb_256mib_madracks-mnode5_20260314T060453Z_1429430/runs/orientdb/chiplet_x6/inst40/run.stdout.log	/home/seunghyun/ycsb/results/chiplet_ycsb_256mib_madracks-mnode5_20260314T060453Z_1429430/runs/orientdb/chiplet_x6
2026-03-14T06:21:53Z	madracks-mnode5	amd	orientdb	embedded	NO_RETIRED_INST_CYCLES	user	chiplet_x6	72	41	47	READ	10000	118.9575	25.0	17631.0	33.0	146.0	4051.0	8431.0	12815.0	ok	/home/seunghyun/ycsb/results/chiplet_ycsb_256mib_madracks-mnode5_20260314T060453Z_1429430/runs/orientdb/chiplet_x6/inst41/run.stdout.log	/home/seunghyun/ycsb/results/chiplet_ycsb_256mib_madracks-mnode5_20260314T060453Z_1429430/runs/orientdb/chiplet_x6
2026-03-14T06:21:53Z	madracks-mnode5	amd	orientdb	embedded	NO_RETIRED_INST_CYCLES	user	chiplet_x6	72	41	47	CLEANUP	1	72.0	72.0	72.0	72.0	72.0	72.0	72.0	72.0	ok	/home/seunghyun/ycsb/results/chiplet_ycsb_256mib_madracks-mnode5_20260314T060453Z_1429430/runs/orientdb/chiplet_x6/inst41/run.stdout.log	/home/seunghyun/ycsb/results/chiplet_ycsb_256mib_madracks-mnode5_20260314T060453Z_1429430/runs/orientdb/chiplet_x6
2026-03-14T06:21:53Z	madracks-mnode5	amd	orientdb	embedded	NO_RETIRED_INST_CYCLES	user	chiplet_x6	72	42	49	READ	10000	120.3335	25.0	16751.0	34.0	143.0	4067.0	8679.0	16591.0	ok	/home/seunghyun/ycsb/results/chiplet_ycsb_256mib_madracks-mnode5_20260314T060453Z_1429430/runs/orientdb/chiplet_x6/inst42/run.stdout.log	/home/seunghyun/ycsb/results/chiplet_ycsb_256mib_madracks-mnode5_20260314T060453Z_1429430/runs/orientdb/chiplet_x6
2026-03-14T06:21:53Z	madracks-mnode5	amd	orientdb	embedded	NO_RETIRED_INST_CYCLES	user	chiplet_x6	72	42	49	CLEANUP	1	65.0	65.0	65.0	65.0	65.0	65.0	65.0	65.0	ok	/home/seunghyun/ycsb/results/chiplet_ycsb_256mib_madracks-mnode5_20260314T060453Z_1429430/runs/orientdb/chiplet_x6/inst42/run.stdout.log	/home/seunghyun/ycsb/results/chiplet_ycsb_256mib_madracks-mnode5_20260314T060453Z_1429430/runs/orientdb/chiplet_x6
2026-03-14T06:21:53Z	madracks-mnode5	amd	orientdb	embedded	NO_RETIRED_INST_CYCLES	user	chiplet_x6	72	43	50	READ	10000	120.2005	24.0	16591.0	33.0	151.0	4065.0	8967.0	16295.0	ok	/home/seunghyun/ycsb/results/chiplet_ycsb_256mib_madracks-mnode5_20260314T060453Z_1429430/runs/orientdb/chiplet_x6/inst43/run.stdout.log	/home/seunghyun/ycsb/results/chiplet_ycsb_256mib_madracks-mnode5_20260314T060453Z_1429430/runs/orientdb/chiplet_x6
2026-03-14T06:21:53Z	madracks-mnode5	amd	orientdb	embedded	NO_RETIRED_INST_CYCLES	user	chiplet_x6	72	43	50	CLEANUP	1	65.0	65.0	65.0	65.0	65.0	65.0	65.0	65.0	ok	/home/seunghyun/ycsb/results/chiplet_ycsb_256mib_madracks-mnode5_20260314T060453Z_1429430/runs/orientdb/chiplet_x6/inst43/run.stdout.log	/home/seunghyun/ycsb/results/chiplet_ycsb_256mib_madracks-mnode5_20260314T060453Z_1429430/runs/orientdb/chiplet_x6
2026-03-14T06:21:53Z	madracks-mnode5	amd	orientdb	embedded	NO_RETIRED_INST_CYCLES	user	chiplet_x6	72	44	51	READ	10000	116.9179	23.0	16127.0	34.0	154.0	3623.0	10695.0	13415.0	ok	/home/seunghyun/ycsb/results/chiplet_ycsb_256mib_madracks-mnode5_20260314T060453Z_1429430/runs/orientdb/chiplet_x6/inst44/run.stdout.log	/home/seunghyun/ycsb/results/chiplet_ycsb_256mib_madracks-mnode5_20260314T060453Z_1429430/runs/orientdb/chiplet_x6
2026-03-14T06:21:53Z	madracks-mnode5	amd	orientdb	embedded	NO_RETIRED_INST_CYCLES	user	chiplet_x6	72	44	51	CLEANUP	1	48.0	48.0	48.0	48.0	48.0	48.0	48.0	48.0	ok	/home/seunghyun/ycsb/results/chiplet_ycsb_256mib_madracks-mnode5_20260314T060453Z_1429430/runs/orientdb/chiplet_x6/inst44/run.stdout.log	/home/seunghyun/ycsb/results/chiplet_ycsb_256mib_madracks-mnode5_20260314T060453Z_1429430/runs/orientdb/chiplet_x6
2026-03-14T06:21:53Z	madracks-mnode5	amd	orientdb	embedded	NO_RETIRED_INST_CYCLES	user	chiplet_x6	72	45	52	READ	10000	117.406	24.0	16367.0	33.0	153.0	4053.0	8655.0	12767.0	ok	/home/seunghyun/ycsb/results/chiplet_ycsb_256mib_madracks-mnode5_20260314T060453Z_1429430/runs/orientdb/chiplet_x6/inst45/run.stdout.log	/home/seunghyun/ycsb/results/chiplet_ycsb_256mib_madracks-mnode5_20260314T060453Z_1429430/runs/orientdb/chiplet_x6
2026-03-14T06:21:53Z	madracks-mnode5	amd	orientdb	embedded	NO_RETIRED_INST_CYCLES	user	chiplet_x6	72	45	52	CLEANUP	1	67.0	67.0	67.0	67.0	67.0	67.0	67.0	67.0	ok	/home/seunghyun/ycsb/results/chiplet_ycsb_256mib_madracks-mnode5_20260314T060453Z_1429430/runs/orientdb/chiplet_x6/inst45/run.stdout.log	/home/seunghyun/ycsb/results/chiplet_ycsb_256mib_madracks-mnode5_20260314T060453Z_1429430/runs/orientdb/chiplet_x6
2026-03-14T06:21:53Z	madracks-mnode5	amd	orientdb	embedded	NO_RETIRED_INST_CYCLES	user	chiplet_x6	72	46	53	READ	10000	123.5386	25.0	16639.0	36.0	151.0	4073.0	8479.0	16447.0	ok	/home/seunghyun/ycsb/results/chiplet_ycsb_256mib_madracks-mnode5_20260314T060453Z_1429430/runs/orientdb/chiplet_x6/inst46/run.stdout.log	/home/seunghyun/ycsb/results/chiplet_ycsb_256mib_madracks-mnode5_20260314T060453Z_1429430/runs/orientdb/chiplet_x6
2026-03-14T06:21:53Z	madracks-mnode5	amd	orientdb	embedded	NO_RETIRED_INST_CYCLES	user	chiplet_x6	72	46	53	CLEANUP	1	74.0	74.0	74.0	74.0	74.0	74.0	74.0	74.0	ok	/home/seunghyun/ycsb/results/chiplet_ycsb_256mib_madracks-mnode5_20260314T060453Z_1429430/runs/orientdb/chiplet_x6/inst46/run.stdout.log	/home/seunghyun/ycsb/results/chiplet_ycsb_256mib_madracks-mnode5_20260314T060453Z_1429430/runs/orientdb/chiplet_x6
2026-03-14T06:21:53Z	madracks-mnode5	amd	orientdb	embedded	NO_RETIRED_INST_CYCLES	user	chiplet_x6	72	47	54	READ	10000	120.5556	25.0	17663.0	35.0	152.0	4065.0	11407.0	13591.0	ok	/home/seunghyun/ycsb/results/chiplet_ycsb_256mib_madracks-mnode5_20260314T060453Z_1429430/runs/orientdb/chiplet_x6/inst47/run.stdout.log	/home/seunghyun/ycsb/results/chiplet_ycsb_256mib_madracks-mnode5_20260314T060453Z_1429430/runs/orientdb/chiplet_x6
2026-03-14T06:21:53Z	madracks-mnode5	amd	orientdb	embedded	NO_RETIRED_INST_CYCLES	user	chiplet_x6	72	47	54	CLEANUP	1	74.0	74.0	74.0	74.0	74.0	74.0	74.0	74.0	ok	/home/seunghyun/ycsb/results/chiplet_ycsb_256mib_madracks-mnode5_20260314T060453Z_1429430/runs/orientdb/chiplet_x6/inst47/run.stdout.log	/home/seunghyun/ycsb/results/chiplet_ycsb_256mib_madracks-mnode5_20260314T060453Z_1429430/runs/orientdb/chiplet_x6
2026-03-14T06:21:53Z	madracks-mnode5	amd	orientdb	embedded	NO_RETIRED_INST_CYCLES	user	chiplet_x6	72	48	56	READ	10000	117.9519	24.0	13087.0	34.0	149.0	4059.0	8751.0	12775.0	ok	/home/seunghyun/ycsb/results/chiplet_ycsb_256mib_madracks-mnode5_20260314T060453Z_1429430/runs/orientdb/chiplet_x6/inst48/run.stdout.log	/home/seunghyun/ycsb/results/chiplet_ycsb_256mib_madracks-mnode5_20260314T060453Z_1429430/runs/orientdb/chiplet_x6
2026-03-14T06:21:53Z	madracks-mnode5	amd	orientdb	embedded	NO_RETIRED_INST_CYCLES	user	chiplet_x6	72	48	56	CLEANUP	1	64.0	64.0	64.0	64.0	64.0	64.0	64.0	64.0	ok	/home/seunghyun/ycsb/results/chiplet_ycsb_256mib_madracks-mnode5_20260314T060453Z_1429430/runs/orientdb/chiplet_x6/inst48/run.stdout.log	/home/seunghyun/ycsb/results/chiplet_ycsb_256mib_madracks-mnode5_20260314T060453Z_1429430/runs/orientdb/chiplet_x6
2026-03-14T06:21:53Z	madracks-mnode5	amd	orientdb	embedded	NO_RETIRED_INST_CYCLES	user	chiplet_x6	72	49	57	READ	10000	117.7116	21.0	16511.0	33.0	145.0	3737.0	8527.0	16167.0	ok	/home/seunghyun/ycsb/results/chiplet_ycsb_256mib_madracks-mnode5_20260314T060453Z_1429430/runs/orientdb/chiplet_x6/inst49/run.stdout.log	/home/seunghyun/ycsb/results/chiplet_ycsb_256mib_madracks-mnode5_20260314T060453Z_1429430/runs/orientdb/chiplet_x6
2026-03-14T06:21:53Z	madracks-mnode5	amd	orientdb	embedded	NO_RETIRED_INST_CYCLES	user	chiplet_x6	72	49	57	CLEANUP	1	70.0	70.0	70.0	70.0	70.0	70.0	70.0	70.0	ok	/home/seunghyun/ycsb/results/chiplet_ycsb_256mib_madracks-mnode5_20260314T060453Z_1429430/runs/orientdb/chiplet_x6/inst49/run.stdout.log	/home/seunghyun/ycsb/results/chiplet_ycsb_256mib_madracks-mnode5_20260314T060453Z_1429430/runs/orientdb/chiplet_x6
2026-03-14T06:21:53Z	madracks-mnode5	amd	orientdb	embedded	NO_RETIRED_INST_CYCLES	user	chiplet_x6	72	50	58	READ	10000	119.826	25.0	16095.0	33.0	152.0	4063.0	8511.0	12927.0	ok	/home/seunghyun/ycsb/results/chiplet_ycsb_256mib_madracks-mnode5_20260314T060453Z_1429430/runs/orientdb/chiplet_x6/inst50/run.stdout.log	/home/seunghyun/ycsb/results/chiplet_ycsb_256mib_madracks-mnode5_20260314T060453Z_1429430/runs/orientdb/chiplet_x6
2026-03-14T06:21:53Z	madracks-mnode5	amd	orientdb	embedded	NO_RETIRED_INST_CYCLES	user	chiplet_x6	72	50	58	CLEANUP	1	77.0	77.0	77.0	77.0	77.0	77.0	77.0	77.0	ok	/home/seunghyun/ycsb/results/chiplet_ycsb_256mib_madracks-mnode5_20260314T060453Z_1429430/runs/orientdb/chiplet_x6/inst50/run.stdout.log	/home/seunghyun/ycsb/results/chiplet_ycsb_256mib_madracks-mnode5_20260314T060453Z_1429430/runs/orientdb/chiplet_x6
2026-03-14T06:21:53Z	madracks-mnode5	amd	orientdb	embedded	NO_RETIRED_INST_CYCLES	user	chiplet_x6	72	51	59	READ	10000	117.909	23.0	17263.0	33.0	146.0	3575.0	8591.0	12423.0	ok	/home/seunghyun/ycsb/results/chiplet_ycsb_256mib_madracks-mnode5_20260314T060453Z_1429430/runs/orientdb/chiplet_x6/inst51/run.stdout.log	/home/seunghyun/ycsb/results/chiplet_ycsb_256mib_madracks-mnode5_20260314T060453Z_1429430/runs/orientdb/chiplet_x6
2026-03-14T06:21:53Z	madracks-mnode5	amd	orientdb	embedded	NO_RETIRED_INST_CYCLES	user	chiplet_x6	72	51	59	CLEANUP	1	69.0	69.0	69.0	69.0	69.0	69.0	69.0	69.0	ok	/home/seunghyun/ycsb/results/chiplet_ycsb_256mib_madracks-mnode5_20260314T060453Z_1429430/runs/orientdb/chiplet_x6/inst51/run.stdout.log	/home/seunghyun/ycsb/results/chiplet_ycsb_256mib_madracks-mnode5_20260314T060453Z_1429430/runs/orientdb/chiplet_x6
2026-03-14T06:21:53Z	madracks-mnode5	amd	orientdb	embedded	NO_RETIRED_INST_CYCLES	user	chiplet_x6	72	52	60	READ	10000	120.7357	24.0	17263.0	34.0	148.0	4107.0	8511.0	12279.0	ok	/home/seunghyun/ycsb/results/chiplet_ycsb_256mib_madracks-mnode5_20260314T060453Z_1429430/runs/orientdb/chiplet_x6/inst52/run.stdout.log	/home/seunghyun/ycsb/results/chiplet_ycsb_256mib_madracks-mnode5_20260314T060453Z_1429430/runs/orientdb/chiplet_x6
2026-03-14T06:21:53Z	madracks-mnode5	amd	orientdb	embedded	NO_RETIRED_INST_CYCLES	user	chiplet_x6	72	52	60	CLEANUP	1	69.0	69.0	69.0	69.0	69.0	69.0	69.0	69.0	ok	/home/seunghyun/ycsb/results/chiplet_ycsb_256mib_madracks-mnode5_20260314T060453Z_1429430/runs/orientdb/chiplet_x6/inst52/run.stdout.log	/home/seunghyun/ycsb/results/chiplet_ycsb_256mib_madracks-mnode5_20260314T060453Z_1429430/runs/orientdb/chiplet_x6
2026-03-14T06:21:53Z	madracks-mnode5	amd	orientdb	embedded	NO_RETIRED_INST_CYCLES	user	chiplet_x6	72	53	61	READ	10000	120.6694	24.0	16303.0	34.0	151.0	3989.0	9823.0	15119.0	ok	/home/seunghyun/ycsb/results/chiplet_ycsb_256mib_madracks-mnode5_20260314T060453Z_1429430/runs/orientdb/chiplet_x6/inst53/run.stdout.log	/home/seunghyun/ycsb/results/chiplet_ycsb_256mib_madracks-mnode5_20260314T060453Z_1429430/runs/orientdb/chiplet_x6
2026-03-14T06:21:53Z	madracks-mnode5	amd	orientdb	embedded	NO_RETIRED_INST_CYCLES	user	chiplet_x6	72	53	61	CLEANUP	1	74.0	74.0	74.0	74.0	74.0	74.0	74.0	74.0	ok	/home/seunghyun/ycsb/results/chiplet_ycsb_256mib_madracks-mnode5_20260314T060453Z_1429430/runs/orientdb/chiplet_x6/inst53/run.stdout.log	/home/seunghyun/ycsb/results/chiplet_ycsb_256mib_madracks-mnode5_20260314T060453Z_1429430/runs/orientdb/chiplet_x6
2026-03-14T06:21:53Z	madracks-mnode5	amd	orientdb	embedded	NO_RETIRED_INST_CYCLES	user	chiplet_x6	72	54	63	READ	10000	121.0295	24.0	17759.0	33.0	153.0	4075.0	8655.0	16271.0	ok	/home/seunghyun/ycsb/results/chiplet_ycsb_256mib_madracks-mnode5_20260314T060453Z_1429430/runs/orientdb/chiplet_x6/inst54/run.stdout.log	/home/seunghyun/ycsb/results/chiplet_ycsb_256mib_madracks-mnode5_20260314T060453Z_1429430/runs/orientdb/chiplet_x6
2026-03-14T06:21:53Z	madracks-mnode5	amd	orientdb	embedded	NO_RETIRED_INST_CYCLES	user	chiplet_x6	72	54	63	CLEANUP	1	71.0	71.0	71.0	71.0	71.0	71.0	71.0	71.0	ok	/home/seunghyun/ycsb/results/chiplet_ycsb_256mib_madracks-mnode5_20260314T060453Z_1429430/runs/orientdb/chiplet_x6/inst54/run.stdout.log	/home/seunghyun/ycsb/results/chiplet_ycsb_256mib_madracks-mnode5_20260314T060453Z_1429430/runs/orientdb/chiplet_x6
2026-03-14T06:21:53Z	madracks-mnode5	amd	orientdb	embedded	NO_RETIRED_INST_CYCLES	user	chiplet_x6	72	55	64	READ	10000	115.2048	24.0	12583.0	33.0	150.0	4067.0	8311.0	12015.0	ok	/home/seunghyun/ycsb/results/chiplet_ycsb_256mib_madracks-mnode5_20260314T060453Z_1429430/runs/orientdb/chiplet_x6/inst55/run.stdout.log	/home/seunghyun/ycsb/results/chiplet_ycsb_256mib_madracks-mnode5_20260314T060453Z_1429430/runs/orientdb/chiplet_x6
2026-03-14T06:21:53Z	madracks-mnode5	amd	orientdb	embedded	NO_RETIRED_INST_CYCLES	user	chiplet_x6	72	55	64	CLEANUP	1	70.0	70.0	70.0	70.0	70.0	70.0	70.0	70.0	ok	/home/seunghyun/ycsb/results/chiplet_ycsb_256mib_madracks-mnode5_20260314T060453Z_1429430/runs/orientdb/chiplet_x6/inst55/run.stdout.log	/home/seunghyun/ycsb/results/chiplet_ycsb_256mib_madracks-mnode5_20260314T060453Z_1429430/runs/orientdb/chiplet_x6
2026-03-14T06:21:53Z	madracks-mnode5	amd	orientdb	embedded	NO_RETIRED_INST_CYCLES	user	chiplet_x6	72	56	65	READ	10000	119.8304	23.0	16575.0	33.0	153.0	4075.0	8487.0	15255.0	ok	/home/seunghyun/ycsb/results/chiplet_ycsb_256mib_madracks-mnode5_20260314T060453Z_1429430/runs/orientdb/chiplet_x6/inst56/run.stdout.log	/home/seunghyun/ycsb/results/chiplet_ycsb_256mib_madracks-mnode5_20260314T060453Z_1429430/runs/orientdb/chiplet_x6
2026-03-14T06:21:53Z	madracks-mnode5	amd	orientdb	embedded	NO_RETIRED_INST_CYCLES	user	chiplet_x6	72	56	65	CLEANUP	1	67.0	67.0	67.0	67.0	67.0	67.0	67.0	67.0	ok	/home/seunghyun/ycsb/results/chiplet_ycsb_256mib_madracks-mnode5_20260314T060453Z_1429430/runs/orientdb/chiplet_x6/inst56/run.stdout.log	/home/seunghyun/ycsb/results/chiplet_ycsb_256mib_madracks-mnode5_20260314T060453Z_1429430/runs/orientdb/chiplet_x6
2026-03-14T06:21:53Z	madracks-mnode5	amd	orientdb	embedded	NO_RETIRED_INST_CYCLES	user	chiplet_x6	72	57	66	READ	10000	118.3616	24.0	16255.0	33.0	149.0	4065.0	8495.0	16239.0	ok	/home/seunghyun/ycsb/results/chiplet_ycsb_256mib_madracks-mnode5_20260314T060453Z_1429430/runs/orientdb/chiplet_x6/inst57/run.stdout.log	/home/seunghyun/ycsb/results/chiplet_ycsb_256mib_madracks-mnode5_20260314T060453Z_1429430/runs/orientdb/chiplet_x6
2026-03-14T06:21:53Z	madracks-mnode5	amd	orientdb	embedded	NO_RETIRED_INST_CYCLES	user	chiplet_x6	72	57	66	CLEANUP	1	61.0	61.0	61.0	61.0	61.0	61.0	61.0	61.0	ok	/home/seunghyun/ycsb/results/chiplet_ycsb_256mib_madracks-mnode5_20260314T060453Z_1429430/runs/orientdb/chiplet_x6/inst57/run.stdout.log	/home/seunghyun/ycsb/results/chiplet_ycsb_256mib_madracks-mnode5_20260314T060453Z_1429430/runs/orientdb/chiplet_x6
2026-03-14T06:21:53Z	madracks-mnode5	amd	orientdb	embedded	NO_RETIRED_INST_CYCLES	user	chiplet_x6	72	58	67	READ	10000	116.0133	24.0	18335.0	33.0	146.0	3671.0	8511.0	12303.0	ok	/home/seunghyun/ycsb/results/chiplet_ycsb_256mib_madracks-mnode5_20260314T060453Z_1429430/runs/orientdb/chiplet_x6/inst58/run.stdout.log	/home/seunghyun/ycsb/results/chiplet_ycsb_256mib_madracks-mnode5_20260314T060453Z_1429430/runs/orientdb/chiplet_x6
2026-03-14T06:21:53Z	madracks-mnode5	amd	orientdb	embedded	NO_RETIRED_INST_CYCLES	user	chiplet_x6	72	58	67	CLEANUP	1	61.0	61.0	61.0	61.0	61.0	61.0	61.0	61.0	ok	/home/seunghyun/ycsb/results/chiplet_ycsb_256mib_madracks-mnode5_20260314T060453Z_1429430/runs/orientdb/chiplet_x6/inst58/run.stdout.log	/home/seunghyun/ycsb/results/chiplet_ycsb_256mib_madracks-mnode5_20260314T060453Z_1429430/runs/orientdb/chiplet_x6
2026-03-14T06:21:53Z	madracks-mnode5	amd	orientdb	embedded	NO_RETIRED_INST_CYCLES	user	chiplet_x6	72	59	68	READ	10000	120.1175	24.0	16911.0	34.0	147.0	4081.0	8423.0	12295.0	ok	/home/seunghyun/ycsb/results/chiplet_ycsb_256mib_madracks-mnode5_20260314T060453Z_1429430/runs/orientdb/chiplet_x6/inst59/run.stdout.log	/home/seunghyun/ycsb/results/chiplet_ycsb_256mib_madracks-mnode5_20260314T060453Z_1429430/runs/orientdb/chiplet_x6
2026-03-14T06:21:53Z	madracks-mnode5	amd	orientdb	embedded	NO_RETIRED_INST_CYCLES	user	chiplet_x6	72	59	68	CLEANUP	1	67.0	67.0	67.0	67.0	67.0	67.0	67.0	67.0	ok	/home/seunghyun/ycsb/results/chiplet_ycsb_256mib_madracks-mnode5_20260314T060453Z_1429430/runs/orientdb/chiplet_x6/inst59/run.stdout.log	/home/seunghyun/ycsb/results/chiplet_ycsb_256mib_madracks-mnode5_20260314T060453Z_1429430/runs/orientdb/chiplet_x6
2026-03-14T06:21:53Z	madracks-mnode5	amd	orientdb	embedded	NO_RETIRED_INST_CYCLES	user	chiplet_x6	72	60	70	READ	10000	116.9971	23.0	17695.0	33.0	150.0	4057.0	8471.0	14543.0	ok	/home/seunghyun/ycsb/results/chiplet_ycsb_256mib_madracks-mnode5_20260314T060453Z_1429430/runs/orientdb/chiplet_x6/inst60/run.stdout.log	/home/seunghyun/ycsb/results/chiplet_ycsb_256mib_madracks-mnode5_20260314T060453Z_1429430/runs/orientdb/chiplet_x6
2026-03-14T06:21:53Z	madracks-mnode5	amd	orientdb	embedded	NO_RETIRED_INST_CYCLES	user	chiplet_x6	72	60	70	CLEANUP	1	46.0	46.0	46.0	46.0	46.0	46.0	46.0	46.0	ok	/home/seunghyun/ycsb/results/chiplet_ycsb_256mib_madracks-mnode5_20260314T060453Z_1429430/runs/orientdb/chiplet_x6/inst60/run.stdout.log	/home/seunghyun/ycsb/results/chiplet_ycsb_256mib_madracks-mnode5_20260314T060453Z_1429430/runs/orientdb/chiplet_x6
2026-03-14T06:21:53Z	madracks-mnode5	amd	orientdb	embedded	NO_RETIRED_INST_CYCLES	user	chiplet_x6	72	61	71	READ	10000	120.6616	24.0	19615.0	34.0	154.0	4083.0	8615.0	15111.0	ok	/home/seunghyun/ycsb/results/chiplet_ycsb_256mib_madracks-mnode5_20260314T060453Z_1429430/runs/orientdb/chiplet_x6/inst61/run.stdout.log	/home/seunghyun/ycsb/results/chiplet_ycsb_256mib_madracks-mnode5_20260314T060453Z_1429430/runs/orientdb/chiplet_x6
2026-03-14T06:21:53Z	madracks-mnode5	amd	orientdb	embedded	NO_RETIRED_INST_CYCLES	user	chiplet_x6	72	61	71	CLEANUP	1	73.0	73.0	73.0	73.0	73.0	73.0	73.0	73.0	ok	/home/seunghyun/ycsb/results/chiplet_ycsb_256mib_madracks-mnode5_20260314T060453Z_1429430/runs/orientdb/chiplet_x6/inst61/run.stdout.log	/home/seunghyun/ycsb/results/chiplet_ycsb_256mib_madracks-mnode5_20260314T060453Z_1429430/runs/orientdb/chiplet_x6
2026-03-14T06:21:53Z	madracks-mnode5	amd	orientdb	embedded	NO_RETIRED_INST_CYCLES	user	chiplet_x6	72	62	72	READ	10000	113.3351	22.0	16359.0	31.0	150.0	4059.0	8447.0	12607.0	ok	/home/seunghyun/ycsb/results/chiplet_ycsb_256mib_madracks-mnode5_20260314T060453Z_1429430/runs/orientdb/chiplet_x6/inst62/run.stdout.log	/home/seunghyun/ycsb/results/chiplet_ycsb_256mib_madracks-mnode5_20260314T060453Z_1429430/runs/orientdb/chiplet_x6
2026-03-14T06:21:53Z	madracks-mnode5	amd	orientdb	embedded	NO_RETIRED_INST_CYCLES	user	chiplet_x6	72	62	72	CLEANUP	1	323.0	323.0	323.0	323.0	323.0	323.0	323.0	323.0	ok	/home/seunghyun/ycsb/results/chiplet_ycsb_256mib_madracks-mnode5_20260314T060453Z_1429430/runs/orientdb/chiplet_x6/inst62/run.stdout.log	/home/seunghyun/ycsb/results/chiplet_ycsb_256mib_madracks-mnode5_20260314T060453Z_1429430/runs/orientdb/chiplet_x6
2026-03-14T06:21:53Z	madracks-mnode5	amd	orientdb	embedded	NO_RETIRED_INST_CYCLES	user	chiplet_x6	72	63	73	READ	10000	119.957	25.0	16383.0	34.0	154.0	4047.0	8567.0	15951.0	ok	/home/seunghyun/ycsb/results/chiplet_ycsb_256mib_madracks-mnode5_20260314T060453Z_1429430/runs/orientdb/chiplet_x6/inst63/run.stdout.log	/home/seunghyun/ycsb/results/chiplet_ycsb_256mib_madracks-mnode5_20260314T060453Z_1429430/runs/orientdb/chiplet_x6
2026-03-14T06:21:53Z	madracks-mnode5	amd	orientdb	embedded	NO_RETIRED_INST_CYCLES	user	chiplet_x6	72	63	73	CLEANUP	1	61.0	61.0	61.0	61.0	61.0	61.0	61.0	61.0	ok	/home/seunghyun/ycsb/results/chiplet_ycsb_256mib_madracks-mnode5_20260314T060453Z_1429430/runs/orientdb/chiplet_x6/inst63/run.stdout.log	/home/seunghyun/ycsb/results/chiplet_ycsb_256mib_madracks-mnode5_20260314T060453Z_1429430/runs/orientdb/chiplet_x6
2026-03-14T06:21:53Z	madracks-mnode5	amd	orientdb	embedded	NO_RETIRED_INST_CYCLES	user	chiplet_x6	72	64	74	READ	10000	119.2232	23.0	14655.0	34.0	144.0	4065.0	8719.0	12391.0	ok	/home/seunghyun/ycsb/results/chiplet_ycsb_256mib_madracks-mnode5_20260314T060453Z_1429430/runs/orientdb/chiplet_x6/inst64/run.stdout.log	/home/seunghyun/ycsb/results/chiplet_ycsb_256mib_madracks-mnode5_20260314T060453Z_1429430/runs/orientdb/chiplet_x6
2026-03-14T06:21:53Z	madracks-mnode5	amd	orientdb	embedded	NO_RETIRED_INST_CYCLES	user	chiplet_x6	72	64	74	CLEANUP	1	56.0	56.0	56.0	56.0	56.0	56.0	56.0	56.0	ok	/home/seunghyun/ycsb/results/chiplet_ycsb_256mib_madracks-mnode5_20260314T060453Z_1429430/runs/orientdb/chiplet_x6/inst64/run.stdout.log	/home/seunghyun/ycsb/results/chiplet_ycsb_256mib_madracks-mnode5_20260314T060453Z_1429430/runs/orientdb/chiplet_x6
2026-03-14T06:21:53Z	madracks-mnode5	amd	orientdb	embedded	NO_RETIRED_INST_CYCLES	user	chiplet_x6	72	65	75	READ	10000	123.2104	24.0	16327.0	34.0	155.0	4065.0	9295.0	16239.0	ok	/home/seunghyun/ycsb/results/chiplet_ycsb_256mib_madracks-mnode5_20260314T060453Z_1429430/runs/orientdb/chiplet_x6/inst65/run.stdout.log	/home/seunghyun/ycsb/results/chiplet_ycsb_256mib_madracks-mnode5_20260314T060453Z_1429430/runs/orientdb/chiplet_x6
2026-03-14T06:21:53Z	madracks-mnode5	amd	orientdb	embedded	NO_RETIRED_INST_CYCLES	user	chiplet_x6	72	65	75	CLEANUP	1	58.0	58.0	58.0	58.0	58.0	58.0	58.0	58.0	ok	/home/seunghyun/ycsb/results/chiplet_ycsb_256mib_madracks-mnode5_20260314T060453Z_1429430/runs/orientdb/chiplet_x6/inst65/run.stdout.log	/home/seunghyun/ycsb/results/chiplet_ycsb_256mib_madracks-mnode5_20260314T060453Z_1429430/runs/orientdb/chiplet_x6
2026-03-14T06:21:53Z	madracks-mnode5	amd	orientdb	embedded	NO_RETIRED_INST_CYCLES	user	chiplet_x6	72	66	77	READ	10000	116.2933	24.0	12135.0	33.0	148.0	4061.0	8479.0	10727.0	ok	/home/seunghyun/ycsb/results/chiplet_ycsb_256mib_madracks-mnode5_20260314T060453Z_1429430/runs/orientdb/chiplet_x6/inst66/run.stdout.log	/home/seunghyun/ycsb/results/chiplet_ycsb_256mib_madracks-mnode5_20260314T060453Z_1429430/runs/orientdb/chiplet_x6
2026-03-14T06:21:53Z	madracks-mnode5	amd	orientdb	embedded	NO_RETIRED_INST_CYCLES	user	chiplet_x6	72	66	77	CLEANUP	1	314.0	314.0	314.0	314.0	314.0	314.0	314.0	314.0	ok	/home/seunghyun/ycsb/results/chiplet_ycsb_256mib_madracks-mnode5_20260314T060453Z_1429430/runs/orientdb/chiplet_x6/inst66/run.stdout.log	/home/seunghyun/ycsb/results/chiplet_ycsb_256mib_madracks-mnode5_20260314T060453Z_1429430/runs/orientdb/chiplet_x6
2026-03-14T06:21:53Z	madracks-mnode5	amd	orientdb	embedded	NO_RETIRED_INST_CYCLES	user	chiplet_x6	72	67	78	READ	10000	120.2435	24.0	16303.0	34.0	148.0	4081.0	8535.0	13543.0	ok	/home/seunghyun/ycsb/results/chiplet_ycsb_256mib_madracks-mnode5_20260314T060453Z_1429430/runs/orientdb/chiplet_x6/inst67/run.stdout.log	/home/seunghyun/ycsb/results/chiplet_ycsb_256mib_madracks-mnode5_20260314T060453Z_1429430/runs/orientdb/chiplet_x6
2026-03-14T06:21:53Z	madracks-mnode5	amd	orientdb	embedded	NO_RETIRED_INST_CYCLES	user	chiplet_x6	72	67	78	CLEANUP	1	63.0	63.0	63.0	63.0	63.0	63.0	63.0	63.0	ok	/home/seunghyun/ycsb/results/chiplet_ycsb_256mib_madracks-mnode5_20260314T060453Z_1429430/runs/orientdb/chiplet_x6/inst67/run.stdout.log	/home/seunghyun/ycsb/results/chiplet_ycsb_256mib_madracks-mnode5_20260314T060453Z_1429430/runs/orientdb/chiplet_x6
2026-03-14T06:21:53Z	madracks-mnode5	amd	orientdb	embedded	NO_RETIRED_INST_CYCLES	user	chiplet_x6	72	68	79	READ	10000	114.9873	24.0	12415.0	33.0	148.0	3853.0	8447.0	12375.0	ok	/home/seunghyun/ycsb/results/chiplet_ycsb_256mib_madracks-mnode5_20260314T060453Z_1429430/runs/orientdb/chiplet_x6/inst68/run.stdout.log	/home/seunghyun/ycsb/results/chiplet_ycsb_256mib_madracks-mnode5_20260314T060453Z_1429430/runs/orientdb/chiplet_x6
2026-03-14T06:21:53Z	madracks-mnode5	amd	orientdb	embedded	NO_RETIRED_INST_CYCLES	user	chiplet_x6	72	68	79	CLEANUP	1	67.0	67.0	67.0	67.0	67.0	67.0	67.0	67.0	ok	/home/seunghyun/ycsb/results/chiplet_ycsb_256mib_madracks-mnode5_20260314T060453Z_1429430/runs/orientdb/chiplet_x6/inst68/run.stdout.log	/home/seunghyun/ycsb/results/chiplet_ycsb_256mib_madracks-mnode5_20260314T060453Z_1429430/runs/orientdb/chiplet_x6
2026-03-14T06:21:53Z	madracks-mnode5	amd	orientdb	embedded	NO_RETIRED_INST_CYCLES	user	chiplet_x6	72	69	80	READ	10000	120.6491	24.0	22943.0	34.0	154.0	3675.0	8375.0	15895.0	ok	/home/seunghyun/ycsb/results/chiplet_ycsb_256mib_madracks-mnode5_20260314T060453Z_1429430/runs/orientdb/chiplet_x6/inst69/run.stdout.log	/home/seunghyun/ycsb/results/chiplet_ycsb_256mib_madracks-mnode5_20260314T060453Z_1429430/runs/orientdb/chiplet_x6
2026-03-14T06:21:53Z	madracks-mnode5	amd	orientdb	embedded	NO_RETIRED_INST_CYCLES	user	chiplet_x6	72	69	80	CLEANUP	1	6478.0	6476.0	6479.0	6479.0	6479.0	6479.0	6479.0	6479.0	ok	/home/seunghyun/ycsb/results/chiplet_ycsb_256mib_madracks-mnode5_20260314T060453Z_1429430/runs/orientdb/chiplet_x6/inst69/run.stdout.log	/home/seunghyun/ycsb/results/chiplet_ycsb_256mib_madracks-mnode5_20260314T060453Z_1429430/runs/orientdb/chiplet_x6
2026-03-14T06:21:53Z	madracks-mnode5	amd	orientdb	embedded	NO_RETIRED_INST_CYCLES	user	chiplet_x6	72	70	81	READ	10000	112.4954	24.0	16191.0	33.0	146.0	3329.0	10295.0	13807.0	ok	/home/seunghyun/ycsb/results/chiplet_ycsb_256mib_madracks-mnode5_20260314T060453Z_1429430/runs/orientdb/chiplet_x6/inst70/run.stdout.log	/home/seunghyun/ycsb/results/chiplet_ycsb_256mib_madracks-mnode5_20260314T060453Z_1429430/runs/orientdb/chiplet_x6
2026-03-14T06:21:53Z	madracks-mnode5	amd	orientdb	embedded	NO_RETIRED_INST_CYCLES	user	chiplet_x6	72	70	81	CLEANUP	1	70.0	70.0	70.0	70.0	70.0	70.0	70.0	70.0	ok	/home/seunghyun/ycsb/results/chiplet_ycsb_256mib_madracks-mnode5_20260314T060453Z_1429430/runs/orientdb/chiplet_x6/inst70/run.stdout.log	/home/seunghyun/ycsb/results/chiplet_ycsb_256mib_madracks-mnode5_20260314T060453Z_1429430/runs/orientdb/chiplet_x6
2026-03-14T06:21:53Z	madracks-mnode5	amd	orientdb	embedded	NO_RETIRED_INST_CYCLES	user	chiplet_x6	72	71	82	READ	10000	116.0048	23.0	12343.0	33.0	153.0	3639.0	8503.0	12319.0	ok	/home/seunghyun/ycsb/results/chiplet_ycsb_256mib_madracks-mnode5_20260314T060453Z_1429430/runs/orientdb/chiplet_x6/inst71/run.stdout.log	/home/seunghyun/ycsb/results/chiplet_ycsb_256mib_madracks-mnode5_20260314T060453Z_1429430/runs/orientdb/chiplet_x6
2026-03-14T06:21:53Z	madracks-mnode5	amd	orientdb	embedded	NO_RETIRED_INST_CYCLES	user	chiplet_x6	72	71	82	CLEANUP	1	76.0	76.0	76.0	76.0	76.0	76.0	76.0	76.0	ok	/home/seunghyun/ycsb/results/chiplet_ycsb_256mib_madracks-mnode5_20260314T060453Z_1429430/runs/orientdb/chiplet_x6/inst71/run.stdout.log	/home/seunghyun/ycsb/results/chiplet_ycsb_256mib_madracks-mnode5_20260314T060453Z_1429430/runs/orientdb/chiplet_x6
2026-03-14T06:24:31Z	madracks-mnode5	amd	orientdb	embedded	NO_RETIRED_INST_CYCLES	user	chiplet_x7	84	0	0	READ	10000	122.5717	24.0	16559.0	34.0	154.0	4083.0	8527.0	16343.0	ok	/home/seunghyun/ycsb/results/chiplet_ycsb_256mib_madracks-mnode5_20260314T060453Z_1429430/runs/orientdb/chiplet_x7/inst00/run.stdout.log	/home/seunghyun/ycsb/results/chiplet_ycsb_256mib_madracks-mnode5_20260314T060453Z_1429430/runs/orientdb/chiplet_x7
2026-03-14T06:24:31Z	madracks-mnode5	amd	orientdb	embedded	NO_RETIRED_INST_CYCLES	user	chiplet_x7	84	0	0	CLEANUP	1	77.0	77.0	77.0	77.0	77.0	77.0	77.0	77.0	ok	/home/seunghyun/ycsb/results/chiplet_ycsb_256mib_madracks-mnode5_20260314T060453Z_1429430/runs/orientdb/chiplet_x7/inst00/run.stdout.log	/home/seunghyun/ycsb/results/chiplet_ycsb_256mib_madracks-mnode5_20260314T060453Z_1429430/runs/orientdb/chiplet_x7
2026-03-14T06:24:31Z	madracks-mnode5	amd	orientdb	embedded	NO_RETIRED_INST_CYCLES	user	chiplet_x7	84	1	1	READ	10000	119.1192	24.0	16263.0	33.0	149.0	3863.0	8631.0	12343.0	ok	/home/seunghyun/ycsb/results/chiplet_ycsb_256mib_madracks-mnode5_20260314T060453Z_1429430/runs/orientdb/chiplet_x7/inst01/run.stdout.log	/home/seunghyun/ycsb/results/chiplet_ycsb_256mib_madracks-mnode5_20260314T060453Z_1429430/runs/orientdb/chiplet_x7
2026-03-14T06:24:31Z	madracks-mnode5	amd	orientdb	embedded	NO_RETIRED_INST_CYCLES	user	chiplet_x7	84	1	1	CLEANUP	1	77.0	77.0	77.0	77.0	77.0	77.0	77.0	77.0	ok	/home/seunghyun/ycsb/results/chiplet_ycsb_256mib_madracks-mnode5_20260314T060453Z_1429430/runs/orientdb/chiplet_x7/inst01/run.stdout.log	/home/seunghyun/ycsb/results/chiplet_ycsb_256mib_madracks-mnode5_20260314T060453Z_1429430/runs/orientdb/chiplet_x7
2026-03-14T06:24:31Z	madracks-mnode5	amd	orientdb	embedded	NO_RETIRED_INST_CYCLES	user	chiplet_x7	84	2	2	READ	10000	120.1418	24.0	12703.0	34.0	152.0	4061.0	11255.0	12519.0	ok	/home/seunghyun/ycsb/results/chiplet_ycsb_256mib_madracks-mnode5_20260314T060453Z_1429430/runs/orientdb/chiplet_x7/inst02/run.stdout.log	/home/seunghyun/ycsb/results/chiplet_ycsb_256mib_madracks-mnode5_20260314T060453Z_1429430/runs/orientdb/chiplet_x7
2026-03-14T06:24:31Z	madracks-mnode5	amd	orientdb	embedded	NO_RETIRED_INST_CYCLES	user	chiplet_x7	84	2	2	CLEANUP	1	69.0	69.0	69.0	69.0	69.0	69.0	69.0	69.0	ok	/home/seunghyun/ycsb/results/chiplet_ycsb_256mib_madracks-mnode5_20260314T060453Z_1429430/runs/orientdb/chiplet_x7/inst02/run.stdout.log	/home/seunghyun/ycsb/results/chiplet_ycsb_256mib_madracks-mnode5_20260314T060453Z_1429430/runs/orientdb/chiplet_x7
2026-03-14T06:24:31Z	madracks-mnode5	amd	orientdb	embedded	NO_RETIRED_INST_CYCLES	user	chiplet_x7	84	3	3	READ	10000	116.9032	24.0	16543.0	34.0	153.0	3621.0	9151.0	12527.0	ok	/home/seunghyun/ycsb/results/chiplet_ycsb_256mib_madracks-mnode5_20260314T060453Z_1429430/runs/orientdb/chiplet_x7/inst03/run.stdout.log	/home/seunghyun/ycsb/results/chiplet_ycsb_256mib_madracks-mnode5_20260314T060453Z_1429430/runs/orientdb/chiplet_x7
2026-03-14T06:24:31Z	madracks-mnode5	amd	orientdb	embedded	NO_RETIRED_INST_CYCLES	user	chiplet_x7	84	3	3	CLEANUP	1	64.0	64.0	64.0	64.0	64.0	64.0	64.0	64.0	ok	/home/seunghyun/ycsb/results/chiplet_ycsb_256mib_madracks-mnode5_20260314T060453Z_1429430/runs/orientdb/chiplet_x7/inst03/run.stdout.log	/home/seunghyun/ycsb/results/chiplet_ycsb_256mib_madracks-mnode5_20260314T060453Z_1429430/runs/orientdb/chiplet_x7
2026-03-14T06:24:31Z	madracks-mnode5	amd	orientdb	embedded	NO_RETIRED_INST_CYCLES	user	chiplet_x7	84	4	4	READ	10000	118.9201	25.0	16527.0	34.0	155.0	3961.0	8935.0	12671.0	ok	/home/seunghyun/ycsb/results/chiplet_ycsb_256mib_madracks-mnode5_20260314T060453Z_1429430/runs/orientdb/chiplet_x7/inst04/run.stdout.log	/home/seunghyun/ycsb/results/chiplet_ycsb_256mib_madracks-mnode5_20260314T060453Z_1429430/runs/orientdb/chiplet_x7
2026-03-14T06:24:31Z	madracks-mnode5	amd	orientdb	embedded	NO_RETIRED_INST_CYCLES	user	chiplet_x7	84	4	4	CLEANUP	1	65.0	65.0	65.0	65.0	65.0	65.0	65.0	65.0	ok	/home/seunghyun/ycsb/results/chiplet_ycsb_256mib_madracks-mnode5_20260314T060453Z_1429430/runs/orientdb/chiplet_x7/inst04/run.stdout.log	/home/seunghyun/ycsb/results/chiplet_ycsb_256mib_madracks-mnode5_20260314T060453Z_1429430/runs/orientdb/chiplet_x7
2026-03-14T06:24:31Z	madracks-mnode5	amd	orientdb	embedded	NO_RETIRED_INST_CYCLES	user	chiplet_x7	84	5	5	READ	10000	122.9399	25.0	12711.0	35.0	153.0	4111.0	8711.0	12695.0	ok	/home/seunghyun/ycsb/results/chiplet_ycsb_256mib_madracks-mnode5_20260314T060453Z_1429430/runs/orientdb/chiplet_x7/inst05/run.stdout.log	/home/seunghyun/ycsb/results/chiplet_ycsb_256mib_madracks-mnode5_20260314T060453Z_1429430/runs/orientdb/chiplet_x7
2026-03-14T06:24:31Z	madracks-mnode5	amd	orientdb	embedded	NO_RETIRED_INST_CYCLES	user	chiplet_x7	84	5	5	CLEANUP	1	69.0	69.0	69.0	69.0	69.0	69.0	69.0	69.0	ok	/home/seunghyun/ycsb/results/chiplet_ycsb_256mib_madracks-mnode5_20260314T060453Z_1429430/runs/orientdb/chiplet_x7/inst05/run.stdout.log	/home/seunghyun/ycsb/results/chiplet_ycsb_256mib_madracks-mnode5_20260314T060453Z_1429430/runs/orientdb/chiplet_x7
2026-03-14T06:24:31Z	madracks-mnode5	amd	orientdb	embedded	NO_RETIRED_INST_CYCLES	user	chiplet_x7	84	6	6	READ	10000	122.121	26.0	16327.0	35.0	153.0	4093.0	8631.0	12783.0	ok	/home/seunghyun/ycsb/results/chiplet_ycsb_256mib_madracks-mnode5_20260314T060453Z_1429430/runs/orientdb/chiplet_x7/inst06/run.stdout.log	/home/seunghyun/ycsb/results/chiplet_ycsb_256mib_madracks-mnode5_20260314T060453Z_1429430/runs/orientdb/chiplet_x7
2026-03-14T06:24:31Z	madracks-mnode5	amd	orientdb	embedded	NO_RETIRED_INST_CYCLES	user	chiplet_x7	84	6	6	CLEANUP	1	72.0	72.0	72.0	72.0	72.0	72.0	72.0	72.0	ok	/home/seunghyun/ycsb/results/chiplet_ycsb_256mib_madracks-mnode5_20260314T060453Z_1429430/runs/orientdb/chiplet_x7/inst06/run.stdout.log	/home/seunghyun/ycsb/results/chiplet_ycsb_256mib_madracks-mnode5_20260314T060453Z_1429430/runs/orientdb/chiplet_x7
2026-03-14T06:24:31Z	madracks-mnode5	amd	orientdb	embedded	NO_RETIRED_INST_CYCLES	user	chiplet_x7	84	7	7	READ	10000	116.5634	24.0	15007.0	34.0	148.0	4027.0	8471.0	13159.0	ok	/home/seunghyun/ycsb/results/chiplet_ycsb_256mib_madracks-mnode5_20260314T060453Z_1429430/runs/orientdb/chiplet_x7/inst07/run.stdout.log	/home/seunghyun/ycsb/results/chiplet_ycsb_256mib_madracks-mnode5_20260314T060453Z_1429430/runs/orientdb/chiplet_x7
2026-03-14T06:24:31Z	madracks-mnode5	amd	orientdb	embedded	NO_RETIRED_INST_CYCLES	user	chiplet_x7	84	7	7	CLEANUP	1	67.0	67.0	67.0	67.0	67.0	67.0	67.0	67.0	ok	/home/seunghyun/ycsb/results/chiplet_ycsb_256mib_madracks-mnode5_20260314T060453Z_1429430/runs/orientdb/chiplet_x7/inst07/run.stdout.log	/home/seunghyun/ycsb/results/chiplet_ycsb_256mib_madracks-mnode5_20260314T060453Z_1429430/runs/orientdb/chiplet_x7
2026-03-14T06:24:31Z	madracks-mnode5	amd	orientdb	embedded	NO_RETIRED_INST_CYCLES	user	chiplet_x7	84	8	8	READ	10000	122.4373	24.0	16231.0	33.0	152.0	4021.0	8655.0	16127.0	ok	/home/seunghyun/ycsb/results/chiplet_ycsb_256mib_madracks-mnode5_20260314T060453Z_1429430/runs/orientdb/chiplet_x7/inst08/run.stdout.log	/home/seunghyun/ycsb/results/chiplet_ycsb_256mib_madracks-mnode5_20260314T060453Z_1429430/runs/orientdb/chiplet_x7
2026-03-14T06:24:31Z	madracks-mnode5	amd	orientdb	embedded	NO_RETIRED_INST_CYCLES	user	chiplet_x7	84	8	8	CLEANUP	1	53.0	53.0	53.0	53.0	53.0	53.0	53.0	53.0	ok	/home/seunghyun/ycsb/results/chiplet_ycsb_256mib_madracks-mnode5_20260314T060453Z_1429430/runs/orientdb/chiplet_x7/inst08/run.stdout.log	/home/seunghyun/ycsb/results/chiplet_ycsb_256mib_madracks-mnode5_20260314T060453Z_1429430/runs/orientdb/chiplet_x7
2026-03-14T06:24:31Z	madracks-mnode5	amd	orientdb	embedded	NO_RETIRED_INST_CYCLES	user	chiplet_x7	84	9	9	READ	10000	119.3262	25.0	20207.0	33.0	151.0	3801.0	8431.0	19087.0	ok	/home/seunghyun/ycsb/results/chiplet_ycsb_256mib_madracks-mnode5_20260314T060453Z_1429430/runs/orientdb/chiplet_x7/inst09/run.stdout.log	/home/seunghyun/ycsb/results/chiplet_ycsb_256mib_madracks-mnode5_20260314T060453Z_1429430/runs/orientdb/chiplet_x7
2026-03-14T06:24:31Z	madracks-mnode5	amd	orientdb	embedded	NO_RETIRED_INST_CYCLES	user	chiplet_x7	84	9	9	CLEANUP	1	64.0	64.0	64.0	64.0	64.0	64.0	64.0	64.0	ok	/home/seunghyun/ycsb/results/chiplet_ycsb_256mib_madracks-mnode5_20260314T060453Z_1429430/runs/orientdb/chiplet_x7/inst09/run.stdout.log	/home/seunghyun/ycsb/results/chiplet_ycsb_256mib_madracks-mnode5_20260314T060453Z_1429430/runs/orientdb/chiplet_x7
2026-03-14T06:24:31Z	madracks-mnode5	amd	orientdb	embedded	NO_RETIRED_INST_CYCLES	user	chiplet_x7	84	10	10	READ	10000	124.7486	25.0	16279.0	34.0	156.0	4081.0	8751.0	16191.0	ok	/home/seunghyun/ycsb/results/chiplet_ycsb_256mib_madracks-mnode5_20260314T060453Z_1429430/runs/orientdb/chiplet_x7/inst10/run.stdout.log	/home/seunghyun/ycsb/results/chiplet_ycsb_256mib_madracks-mnode5_20260314T060453Z_1429430/runs/orientdb/chiplet_x7
2026-03-14T06:24:31Z	madracks-mnode5	amd	orientdb	embedded	NO_RETIRED_INST_CYCLES	user	chiplet_x7	84	10	10	CLEANUP	1	64.0	64.0	64.0	64.0	64.0	64.0	64.0	64.0	ok	/home/seunghyun/ycsb/results/chiplet_ycsb_256mib_madracks-mnode5_20260314T060453Z_1429430/runs/orientdb/chiplet_x7/inst10/run.stdout.log	/home/seunghyun/ycsb/results/chiplet_ycsb_256mib_madracks-mnode5_20260314T060453Z_1429430/runs/orientdb/chiplet_x7
2026-03-14T06:24:31Z	madracks-mnode5	amd	orientdb	embedded	NO_RETIRED_INST_CYCLES	user	chiplet_x7	84	11	11	READ	10000	115.4149	24.0	16543.0	33.0	149.0	3817.0	8759.0	16319.0	ok	/home/seunghyun/ycsb/results/chiplet_ycsb_256mib_madracks-mnode5_20260314T060453Z_1429430/runs/orientdb/chiplet_x7/inst11/run.stdout.log	/home/seunghyun/ycsb/results/chiplet_ycsb_256mib_madracks-mnode5_20260314T060453Z_1429430/runs/orientdb/chiplet_x7
2026-03-14T06:24:31Z	madracks-mnode5	amd	orientdb	embedded	NO_RETIRED_INST_CYCLES	user	chiplet_x7	84	11	11	CLEANUP	1	79.0	79.0	79.0	79.0	79.0	79.0	79.0	79.0	ok	/home/seunghyun/ycsb/results/chiplet_ycsb_256mib_madracks-mnode5_20260314T060453Z_1429430/runs/orientdb/chiplet_x7/inst11/run.stdout.log	/home/seunghyun/ycsb/results/chiplet_ycsb_256mib_madracks-mnode5_20260314T060453Z_1429430/runs/orientdb/chiplet_x7
2026-03-14T06:24:31Z	madracks-mnode5	amd	orientdb	embedded	NO_RETIRED_INST_CYCLES	user	chiplet_x7	84	12	12	READ	10000	119.423	24.0	16719.0	34.0	154.0	3217.0	9079.0	12607.0	ok	/home/seunghyun/ycsb/results/chiplet_ycsb_256mib_madracks-mnode5_20260314T060453Z_1429430/runs/orientdb/chiplet_x7/inst12/run.stdout.log	/home/seunghyun/ycsb/results/chiplet_ycsb_256mib_madracks-mnode5_20260314T060453Z_1429430/runs/orientdb/chiplet_x7
2026-03-14T06:24:31Z	madracks-mnode5	amd	orientdb	embedded	NO_RETIRED_INST_CYCLES	user	chiplet_x7	84	12	12	CLEANUP	1	74.0	74.0	74.0	74.0	74.0	74.0	74.0	74.0	ok	/home/seunghyun/ycsb/results/chiplet_ycsb_256mib_madracks-mnode5_20260314T060453Z_1429430/runs/orientdb/chiplet_x7/inst12/run.stdout.log	/home/seunghyun/ycsb/results/chiplet_ycsb_256mib_madracks-mnode5_20260314T060453Z_1429430/runs/orientdb/chiplet_x7
2026-03-14T06:24:31Z	madracks-mnode5	amd	orientdb	embedded	NO_RETIRED_INST_CYCLES	user	chiplet_x7	84	13	13	READ	10000	119.4263	24.0	12703.0	34.0	148.0	4071.0	8719.0	12511.0	ok	/home/seunghyun/ycsb/results/chiplet_ycsb_256mib_madracks-mnode5_20260314T060453Z_1429430/runs/orientdb/chiplet_x7/inst13/run.stdout.log	/home/seunghyun/ycsb/results/chiplet_ycsb_256mib_madracks-mnode5_20260314T060453Z_1429430/runs/orientdb/chiplet_x7
2026-03-14T06:24:31Z	madracks-mnode5	amd	orientdb	embedded	NO_RETIRED_INST_CYCLES	user	chiplet_x7	84	13	13	CLEANUP	1	72.0	72.0	72.0	72.0	72.0	72.0	72.0	72.0	ok	/home/seunghyun/ycsb/results/chiplet_ycsb_256mib_madracks-mnode5_20260314T060453Z_1429430/runs/orientdb/chiplet_x7/inst13/run.stdout.log	/home/seunghyun/ycsb/results/chiplet_ycsb_256mib_madracks-mnode5_20260314T060453Z_1429430/runs/orientdb/chiplet_x7
2026-03-14T06:24:31Z	madracks-mnode5	amd	orientdb	embedded	NO_RETIRED_INST_CYCLES	user	chiplet_x7	84	14	14	READ	10000	115.96	24.0	18479.0	33.0	149.0	3341.0	9559.0	12583.0	ok	/home/seunghyun/ycsb/results/chiplet_ycsb_256mib_madracks-mnode5_20260314T060453Z_1429430/runs/orientdb/chiplet_x7/inst14/run.stdout.log	/home/seunghyun/ycsb/results/chiplet_ycsb_256mib_madracks-mnode5_20260314T060453Z_1429430/runs/orientdb/chiplet_x7
2026-03-14T06:24:31Z	madracks-mnode5	amd	orientdb	embedded	NO_RETIRED_INST_CYCLES	user	chiplet_x7	84	14	14	CLEANUP	1	61.0	61.0	61.0	61.0	61.0	61.0	61.0	61.0	ok	/home/seunghyun/ycsb/results/chiplet_ycsb_256mib_madracks-mnode5_20260314T060453Z_1429430/runs/orientdb/chiplet_x7/inst14/run.stdout.log	/home/seunghyun/ycsb/results/chiplet_ycsb_256mib_madracks-mnode5_20260314T060453Z_1429430/runs/orientdb/chiplet_x7
2026-03-14T06:24:31Z	madracks-mnode5	amd	orientdb	embedded	NO_RETIRED_INST_CYCLES	user	chiplet_x7	84	15	15	READ	10000	118.2992	23.0	16895.0	34.0	151.0	4055.0	8607.0	12447.0	ok	/home/seunghyun/ycsb/results/chiplet_ycsb_256mib_madracks-mnode5_20260314T060453Z_1429430/runs/orientdb/chiplet_x7/inst15/run.stdout.log	/home/seunghyun/ycsb/results/chiplet_ycsb_256mib_madracks-mnode5_20260314T060453Z_1429430/runs/orientdb/chiplet_x7
2026-03-14T06:24:31Z	madracks-mnode5	amd	orientdb	embedded	NO_RETIRED_INST_CYCLES	user	chiplet_x7	84	15	15	CLEANUP	1	65.0	65.0	65.0	65.0	65.0	65.0	65.0	65.0	ok	/home/seunghyun/ycsb/results/chiplet_ycsb_256mib_madracks-mnode5_20260314T060453Z_1429430/runs/orientdb/chiplet_x7/inst15/run.stdout.log	/home/seunghyun/ycsb/results/chiplet_ycsb_256mib_madracks-mnode5_20260314T060453Z_1429430/runs/orientdb/chiplet_x7
2026-03-14T06:24:31Z	madracks-mnode5	amd	orientdb	embedded	NO_RETIRED_INST_CYCLES	user	chiplet_x7	84	16	16	READ	10000	118.6714	24.0	12815.0	34.0	151.0	4059.0	8567.0	12519.0	ok	/home/seunghyun/ycsb/results/chiplet_ycsb_256mib_madracks-mnode5_20260314T060453Z_1429430/runs/orientdb/chiplet_x7/inst16/run.stdout.log	/home/seunghyun/ycsb/results/chiplet_ycsb_256mib_madracks-mnode5_20260314T060453Z_1429430/runs/orientdb/chiplet_x7
2026-03-14T06:24:31Z	madracks-mnode5	amd	orientdb	embedded	NO_RETIRED_INST_CYCLES	user	chiplet_x7	84	16	16	CLEANUP	1	73.0	73.0	73.0	73.0	73.0	73.0	73.0	73.0	ok	/home/seunghyun/ycsb/results/chiplet_ycsb_256mib_madracks-mnode5_20260314T060453Z_1429430/runs/orientdb/chiplet_x7/inst16/run.stdout.log	/home/seunghyun/ycsb/results/chiplet_ycsb_256mib_madracks-mnode5_20260314T060453Z_1429430/runs/orientdb/chiplet_x7
2026-03-14T06:24:31Z	madracks-mnode5	amd	orientdb	embedded	NO_RETIRED_INST_CYCLES	user	chiplet_x7	84	17	17	READ	10000	117.9597	24.0	18959.0	34.0	147.0	4053.0	8679.0	16559.0	ok	/home/seunghyun/ycsb/results/chiplet_ycsb_256mib_madracks-mnode5_20260314T060453Z_1429430/runs/orientdb/chiplet_x7/inst17/run.stdout.log	/home/seunghyun/ycsb/results/chiplet_ycsb_256mib_madracks-mnode5_20260314T060453Z_1429430/runs/orientdb/chiplet_x7
2026-03-14T06:24:31Z	madracks-mnode5	amd	orientdb	embedded	NO_RETIRED_INST_CYCLES	user	chiplet_x7	84	17	17	CLEANUP	1	73.0	73.0	73.0	73.0	73.0	73.0	73.0	73.0	ok	/home/seunghyun/ycsb/results/chiplet_ycsb_256mib_madracks-mnode5_20260314T060453Z_1429430/runs/orientdb/chiplet_x7/inst17/run.stdout.log	/home/seunghyun/ycsb/results/chiplet_ycsb_256mib_madracks-mnode5_20260314T060453Z_1429430/runs/orientdb/chiplet_x7
2026-03-14T06:24:31Z	madracks-mnode5	amd	orientdb	embedded	NO_RETIRED_INST_CYCLES	user	chiplet_x7	84	18	18	READ	10000	122.0783	24.0	16191.0	34.0	151.0	4073.0	8719.0	16167.0	ok	/home/seunghyun/ycsb/results/chiplet_ycsb_256mib_madracks-mnode5_20260314T060453Z_1429430/runs/orientdb/chiplet_x7/inst18/run.stdout.log	/home/seunghyun/ycsb/results/chiplet_ycsb_256mib_madracks-mnode5_20260314T060453Z_1429430/runs/orientdb/chiplet_x7
2026-03-14T06:24:31Z	madracks-mnode5	amd	orientdb	embedded	NO_RETIRED_INST_CYCLES	user	chiplet_x7	84	18	18	CLEANUP	1	67.0	67.0	67.0	67.0	67.0	67.0	67.0	67.0	ok	/home/seunghyun/ycsb/results/chiplet_ycsb_256mib_madracks-mnode5_20260314T060453Z_1429430/runs/orientdb/chiplet_x7/inst18/run.stdout.log	/home/seunghyun/ycsb/results/chiplet_ycsb_256mib_madracks-mnode5_20260314T060453Z_1429430/runs/orientdb/chiplet_x7
2026-03-14T06:24:31Z	madracks-mnode5	amd	orientdb	embedded	NO_RETIRED_INST_CYCLES	user	chiplet_x7	84	19	19	READ	10000	120.8623	24.0	16263.0	34.0	150.0	4071.0	8967.0	13895.0	ok	/home/seunghyun/ycsb/results/chiplet_ycsb_256mib_madracks-mnode5_20260314T060453Z_1429430/runs/orientdb/chiplet_x7/inst19/run.stdout.log	/home/seunghyun/ycsb/results/chiplet_ycsb_256mib_madracks-mnode5_20260314T060453Z_1429430/runs/orientdb/chiplet_x7
2026-03-14T06:24:31Z	madracks-mnode5	amd	orientdb	embedded	NO_RETIRED_INST_CYCLES	user	chiplet_x7	84	19	19	CLEANUP	1	70.0	70.0	70.0	70.0	70.0	70.0	70.0	70.0	ok	/home/seunghyun/ycsb/results/chiplet_ycsb_256mib_madracks-mnode5_20260314T060453Z_1429430/runs/orientdb/chiplet_x7/inst19/run.stdout.log	/home/seunghyun/ycsb/results/chiplet_ycsb_256mib_madracks-mnode5_20260314T060453Z_1429430/runs/orientdb/chiplet_x7
2026-03-14T06:24:31Z	madracks-mnode5	amd	orientdb	embedded	NO_RETIRED_INST_CYCLES	user	chiplet_x7	84	20	20	READ	10000	122.7413	25.0	15135.0	34.0	152.0	4083.0	8655.0	12743.0	ok	/home/seunghyun/ycsb/results/chiplet_ycsb_256mib_madracks-mnode5_20260314T060453Z_1429430/runs/orientdb/chiplet_x7/inst20/run.stdout.log	/home/seunghyun/ycsb/results/chiplet_ycsb_256mib_madracks-mnode5_20260314T060453Z_1429430/runs/orientdb/chiplet_x7
2026-03-14T06:24:31Z	madracks-mnode5	amd	orientdb	embedded	NO_RETIRED_INST_CYCLES	user	chiplet_x7	84	20	20	CLEANUP	1	72.0	72.0	72.0	72.0	72.0	72.0	72.0	72.0	ok	/home/seunghyun/ycsb/results/chiplet_ycsb_256mib_madracks-mnode5_20260314T060453Z_1429430/runs/orientdb/chiplet_x7/inst20/run.stdout.log	/home/seunghyun/ycsb/results/chiplet_ycsb_256mib_madracks-mnode5_20260314T060453Z_1429430/runs/orientdb/chiplet_x7
2026-03-14T06:24:31Z	madracks-mnode5	amd	orientdb	embedded	NO_RETIRED_INST_CYCLES	user	chiplet_x7	84	21	21	READ	10000	121.3415	24.0	16479.0	34.0	147.0	4063.0	12135.0	13783.0	ok	/home/seunghyun/ycsb/results/chiplet_ycsb_256mib_madracks-mnode5_20260314T060453Z_1429430/runs/orientdb/chiplet_x7/inst21/run.stdout.log	/home/seunghyun/ycsb/results/chiplet_ycsb_256mib_madracks-mnode5_20260314T060453Z_1429430/runs/orientdb/chiplet_x7
2026-03-14T06:24:31Z	madracks-mnode5	amd	orientdb	embedded	NO_RETIRED_INST_CYCLES	user	chiplet_x7	84	21	21	CLEANUP	1	65.0	65.0	65.0	65.0	65.0	65.0	65.0	65.0	ok	/home/seunghyun/ycsb/results/chiplet_ycsb_256mib_madracks-mnode5_20260314T060453Z_1429430/runs/orientdb/chiplet_x7/inst21/run.stdout.log	/home/seunghyun/ycsb/results/chiplet_ycsb_256mib_madracks-mnode5_20260314T060453Z_1429430/runs/orientdb/chiplet_x7
2026-03-14T06:24:31Z	madracks-mnode5	amd	orientdb	embedded	NO_RETIRED_INST_CYCLES	user	chiplet_x7	84	22	22	READ	10000	118.6566	22.0	12519.0	33.0	152.0	4053.0	8439.0	12391.0	ok	/home/seunghyun/ycsb/results/chiplet_ycsb_256mib_madracks-mnode5_20260314T060453Z_1429430/runs/orientdb/chiplet_x7/inst22/run.stdout.log	/home/seunghyun/ycsb/results/chiplet_ycsb_256mib_madracks-mnode5_20260314T060453Z_1429430/runs/orientdb/chiplet_x7
2026-03-14T06:24:31Z	madracks-mnode5	amd	orientdb	embedded	NO_RETIRED_INST_CYCLES	user	chiplet_x7	84	22	22	CLEANUP	1	68.0	68.0	68.0	68.0	68.0	68.0	68.0	68.0	ok	/home/seunghyun/ycsb/results/chiplet_ycsb_256mib_madracks-mnode5_20260314T060453Z_1429430/runs/orientdb/chiplet_x7/inst22/run.stdout.log	/home/seunghyun/ycsb/results/chiplet_ycsb_256mib_madracks-mnode5_20260314T060453Z_1429430/runs/orientdb/chiplet_x7
2026-03-14T06:24:31Z	madracks-mnode5	amd	orientdb	embedded	NO_RETIRED_INST_CYCLES	user	chiplet_x7	84	23	23	READ	10000	120.7805	25.0	13063.0	34.0	155.0	4081.0	8511.0	12431.0	ok	/home/seunghyun/ycsb/results/chiplet_ycsb_256mib_madracks-mnode5_20260314T060453Z_1429430/runs/orientdb/chiplet_x7/inst23/run.stdout.log	/home/seunghyun/ycsb/results/chiplet_ycsb_256mib_madracks-mnode5_20260314T060453Z_1429430/runs/orientdb/chiplet_x7
2026-03-14T06:24:31Z	madracks-mnode5	amd	orientdb	embedded	NO_RETIRED_INST_CYCLES	user	chiplet_x7	84	23	23	CLEANUP	1	76.0	76.0	76.0	76.0	76.0	76.0	76.0	76.0	ok	/home/seunghyun/ycsb/results/chiplet_ycsb_256mib_madracks-mnode5_20260314T060453Z_1429430/runs/orientdb/chiplet_x7/inst23/run.stdout.log	/home/seunghyun/ycsb/results/chiplet_ycsb_256mib_madracks-mnode5_20260314T060453Z_1429430/runs/orientdb/chiplet_x7
2026-03-14T06:24:31Z	madracks-mnode5	amd	orientdb	embedded	NO_RETIRED_INST_CYCLES	user	chiplet_x7	84	24	24	READ	10000	112.405	23.0	12815.0	33.0	153.0	3261.0	8471.0	12527.0	ok	/home/seunghyun/ycsb/results/chiplet_ycsb_256mib_madracks-mnode5_20260314T060453Z_1429430/runs/orientdb/chiplet_x7/inst24/run.stdout.log	/home/seunghyun/ycsb/results/chiplet_ycsb_256mib_madracks-mnode5_20260314T060453Z_1429430/runs/orientdb/chiplet_x7
2026-03-14T06:24:31Z	madracks-mnode5	amd	orientdb	embedded	NO_RETIRED_INST_CYCLES	user	chiplet_x7	84	24	24	CLEANUP	1	62.0	62.0	62.0	62.0	62.0	62.0	62.0	62.0	ok	/home/seunghyun/ycsb/results/chiplet_ycsb_256mib_madracks-mnode5_20260314T060453Z_1429430/runs/orientdb/chiplet_x7/inst24/run.stdout.log	/home/seunghyun/ycsb/results/chiplet_ycsb_256mib_madracks-mnode5_20260314T060453Z_1429430/runs/orientdb/chiplet_x7
2026-03-14T06:24:31Z	madracks-mnode5	amd	orientdb	embedded	NO_RETIRED_INST_CYCLES	user	chiplet_x7	84	25	25	READ	10000	120.7107	25.0	16319.0	34.0	155.0	4055.0	10143.0	12943.0	ok	/home/seunghyun/ycsb/results/chiplet_ycsb_256mib_madracks-mnode5_20260314T060453Z_1429430/runs/orientdb/chiplet_x7/inst25/run.stdout.log	/home/seunghyun/ycsb/results/chiplet_ycsb_256mib_madracks-mnode5_20260314T060453Z_1429430/runs/orientdb/chiplet_x7
2026-03-14T06:24:31Z	madracks-mnode5	amd	orientdb	embedded	NO_RETIRED_INST_CYCLES	user	chiplet_x7	84	25	25	CLEANUP	1	76.0	76.0	76.0	76.0	76.0	76.0	76.0	76.0	ok	/home/seunghyun/ycsb/results/chiplet_ycsb_256mib_madracks-mnode5_20260314T060453Z_1429430/runs/orientdb/chiplet_x7/inst25/run.stdout.log	/home/seunghyun/ycsb/results/chiplet_ycsb_256mib_madracks-mnode5_20260314T060453Z_1429430/runs/orientdb/chiplet_x7
2026-03-14T06:24:31Z	madracks-mnode5	amd	orientdb	embedded	NO_RETIRED_INST_CYCLES	user	chiplet_x7	84	26	26	READ	10000	120.7485	25.0	12727.0	34.0	150.0	4065.0	8519.0	12671.0	ok	/home/seunghyun/ycsb/results/chiplet_ycsb_256mib_madracks-mnode5_20260314T060453Z_1429430/runs/orientdb/chiplet_x7/inst26/run.stdout.log	/home/seunghyun/ycsb/results/chiplet_ycsb_256mib_madracks-mnode5_20260314T060453Z_1429430/runs/orientdb/chiplet_x7
2026-03-14T06:24:31Z	madracks-mnode5	amd	orientdb	embedded	NO_RETIRED_INST_CYCLES	user	chiplet_x7	84	26	26	CLEANUP	1	76.0	76.0	76.0	76.0	76.0	76.0	76.0	76.0	ok	/home/seunghyun/ycsb/results/chiplet_ycsb_256mib_madracks-mnode5_20260314T060453Z_1429430/runs/orientdb/chiplet_x7/inst26/run.stdout.log	/home/seunghyun/ycsb/results/chiplet_ycsb_256mib_madracks-mnode5_20260314T060453Z_1429430/runs/orientdb/chiplet_x7
2026-03-14T06:24:31Z	madracks-mnode5	amd	orientdb	embedded	NO_RETIRED_INST_CYCLES	user	chiplet_x7	84	27	27	READ	10000	124.816	23.0	16223.0	33.0	152.0	4075.0	10391.0	16063.0	ok	/home/seunghyun/ycsb/results/chiplet_ycsb_256mib_madracks-mnode5_20260314T060453Z_1429430/runs/orientdb/chiplet_x7/inst27/run.stdout.log	/home/seunghyun/ycsb/results/chiplet_ycsb_256mib_madracks-mnode5_20260314T060453Z_1429430/runs/orientdb/chiplet_x7
2026-03-14T06:24:31Z	madracks-mnode5	amd	orientdb	embedded	NO_RETIRED_INST_CYCLES	user	chiplet_x7	84	27	27	CLEANUP	1	68.0	68.0	68.0	68.0	68.0	68.0	68.0	68.0	ok	/home/seunghyun/ycsb/results/chiplet_ycsb_256mib_madracks-mnode5_20260314T060453Z_1429430/runs/orientdb/chiplet_x7/inst27/run.stdout.log	/home/seunghyun/ycsb/results/chiplet_ycsb_256mib_madracks-mnode5_20260314T060453Z_1429430/runs/orientdb/chiplet_x7
2026-03-14T06:24:31Z	madracks-mnode5	amd	orientdb	embedded	NO_RETIRED_INST_CYCLES	user	chiplet_x7	84	28	28	READ	10000	119.6134	24.0	14095.0	33.0	150.0	4065.0	8519.0	12687.0	ok	/home/seunghyun/ycsb/results/chiplet_ycsb_256mib_madracks-mnode5_20260314T060453Z_1429430/runs/orientdb/chiplet_x7/inst28/run.stdout.log	/home/seunghyun/ycsb/results/chiplet_ycsb_256mib_madracks-mnode5_20260314T060453Z_1429430/runs/orientdb/chiplet_x7
2026-03-14T06:24:31Z	madracks-mnode5	amd	orientdb	embedded	NO_RETIRED_INST_CYCLES	user	chiplet_x7	84	28	28	CLEANUP	1	61.0	61.0	61.0	61.0	61.0	61.0	61.0	61.0	ok	/home/seunghyun/ycsb/results/chiplet_ycsb_256mib_madracks-mnode5_20260314T060453Z_1429430/runs/orientdb/chiplet_x7/inst28/run.stdout.log	/home/seunghyun/ycsb/results/chiplet_ycsb_256mib_madracks-mnode5_20260314T060453Z_1429430/runs/orientdb/chiplet_x7
2026-03-14T06:24:31Z	madracks-mnode5	amd	orientdb	embedded	NO_RETIRED_INST_CYCLES	user	chiplet_x7	84	29	29	READ	10000	118.4125	24.0	16415.0	34.0	153.0	4053.0	8439.0	16415.0	ok	/home/seunghyun/ycsb/results/chiplet_ycsb_256mib_madracks-mnode5_20260314T060453Z_1429430/runs/orientdb/chiplet_x7/inst29/run.stdout.log	/home/seunghyun/ycsb/results/chiplet_ycsb_256mib_madracks-mnode5_20260314T060453Z_1429430/runs/orientdb/chiplet_x7
2026-03-14T06:24:31Z	madracks-mnode5	amd	orientdb	embedded	NO_RETIRED_INST_CYCLES	user	chiplet_x7	84	29	29	CLEANUP	1	79.0	79.0	79.0	79.0	79.0	79.0	79.0	79.0	ok	/home/seunghyun/ycsb/results/chiplet_ycsb_256mib_madracks-mnode5_20260314T060453Z_1429430/runs/orientdb/chiplet_x7/inst29/run.stdout.log	/home/seunghyun/ycsb/results/chiplet_ycsb_256mib_madracks-mnode5_20260314T060453Z_1429430/runs/orientdb/chiplet_x7
2026-03-14T06:24:31Z	madracks-mnode5	amd	orientdb	embedded	NO_RETIRED_INST_CYCLES	user	chiplet_x7	84	30	30	READ	10000	134.6406	26.0	16559.0	37.0	150.0	4083.0	12135.0	16559.0	ok	/home/seunghyun/ycsb/results/chiplet_ycsb_256mib_madracks-mnode5_20260314T060453Z_1429430/runs/orientdb/chiplet_x7/inst30/run.stdout.log	/home/seunghyun/ycsb/results/chiplet_ycsb_256mib_madracks-mnode5_20260314T060453Z_1429430/runs/orientdb/chiplet_x7
2026-03-14T06:24:31Z	madracks-mnode5	amd	orientdb	embedded	NO_RETIRED_INST_CYCLES	user	chiplet_x7	84	30	30	CLEANUP	1	66.0	66.0	66.0	66.0	66.0	66.0	66.0	66.0	ok	/home/seunghyun/ycsb/results/chiplet_ycsb_256mib_madracks-mnode5_20260314T060453Z_1429430/runs/orientdb/chiplet_x7/inst30/run.stdout.log	/home/seunghyun/ycsb/results/chiplet_ycsb_256mib_madracks-mnode5_20260314T060453Z_1429430/runs/orientdb/chiplet_x7
2026-03-14T06:24:31Z	madracks-mnode5	amd	orientdb	embedded	NO_RETIRED_INST_CYCLES	user	chiplet_x7	84	31	31	READ	10000	123.8649	25.0	16311.0	35.0	151.0	4085.0	8695.0	16199.0	ok	/home/seunghyun/ycsb/results/chiplet_ycsb_256mib_madracks-mnode5_20260314T060453Z_1429430/runs/orientdb/chiplet_x7/inst31/run.stdout.log	/home/seunghyun/ycsb/results/chiplet_ycsb_256mib_madracks-mnode5_20260314T060453Z_1429430/runs/orientdb/chiplet_x7
2026-03-14T06:24:31Z	madracks-mnode5	amd	orientdb	embedded	NO_RETIRED_INST_CYCLES	user	chiplet_x7	84	31	31	CLEANUP	1	71.0	71.0	71.0	71.0	71.0	71.0	71.0	71.0	ok	/home/seunghyun/ycsb/results/chiplet_ycsb_256mib_madracks-mnode5_20260314T060453Z_1429430/runs/orientdb/chiplet_x7/inst31/run.stdout.log	/home/seunghyun/ycsb/results/chiplet_ycsb_256mib_madracks-mnode5_20260314T060453Z_1429430/runs/orientdb/chiplet_x7
2026-03-14T06:24:31Z	madracks-mnode5	amd	orientdb	embedded	NO_RETIRED_INST_CYCLES	user	chiplet_x7	84	32	32	READ	10000	123.2502	24.0	16879.0	33.0	149.0	4077.0	9535.0	16511.0	ok	/home/seunghyun/ycsb/results/chiplet_ycsb_256mib_madracks-mnode5_20260314T060453Z_1429430/runs/orientdb/chiplet_x7/inst32/run.stdout.log	/home/seunghyun/ycsb/results/chiplet_ycsb_256mib_madracks-mnode5_20260314T060453Z_1429430/runs/orientdb/chiplet_x7
2026-03-14T06:24:31Z	madracks-mnode5	amd	orientdb	embedded	NO_RETIRED_INST_CYCLES	user	chiplet_x7	84	32	32	CLEANUP	1	71.0	71.0	71.0	71.0	71.0	71.0	71.0	71.0	ok	/home/seunghyun/ycsb/results/chiplet_ycsb_256mib_madracks-mnode5_20260314T060453Z_1429430/runs/orientdb/chiplet_x7/inst32/run.stdout.log	/home/seunghyun/ycsb/results/chiplet_ycsb_256mib_madracks-mnode5_20260314T060453Z_1429430/runs/orientdb/chiplet_x7
2026-03-14T06:24:31Z	madracks-mnode5	amd	orientdb	embedded	NO_RETIRED_INST_CYCLES	user	chiplet_x7	84	33	33	READ	10000	123.8581	24.0	16127.0	34.0	159.0	4063.0	8719.0	14191.0	ok	/home/seunghyun/ycsb/results/chiplet_ycsb_256mib_madracks-mnode5_20260314T060453Z_1429430/runs/orientdb/chiplet_x7/inst33/run.stdout.log	/home/seunghyun/ycsb/results/chiplet_ycsb_256mib_madracks-mnode5_20260314T060453Z_1429430/runs/orientdb/chiplet_x7
2026-03-14T06:24:31Z	madracks-mnode5	amd	orientdb	embedded	NO_RETIRED_INST_CYCLES	user	chiplet_x7	84	33	33	CLEANUP	1	71.0	71.0	71.0	71.0	71.0	71.0	71.0	71.0	ok	/home/seunghyun/ycsb/results/chiplet_ycsb_256mib_madracks-mnode5_20260314T060453Z_1429430/runs/orientdb/chiplet_x7/inst33/run.stdout.log	/home/seunghyun/ycsb/results/chiplet_ycsb_256mib_madracks-mnode5_20260314T060453Z_1429430/runs/orientdb/chiplet_x7
2026-03-14T06:24:31Z	madracks-mnode5	amd	orientdb	embedded	NO_RETIRED_INST_CYCLES	user	chiplet_x7	84	34	34	READ	10000	125.3991	24.0	19199.0	33.0	161.0	4067.0	8551.0	16751.0	ok	/home/seunghyun/ycsb/results/chiplet_ycsb_256mib_madracks-mnode5_20260314T060453Z_1429430/runs/orientdb/chiplet_x7/inst34/run.stdout.log	/home/seunghyun/ycsb/results/chiplet_ycsb_256mib_madracks-mnode5_20260314T060453Z_1429430/runs/orientdb/chiplet_x7
2026-03-14T06:24:31Z	madracks-mnode5	amd	orientdb	embedded	NO_RETIRED_INST_CYCLES	user	chiplet_x7	84	34	34	CLEANUP	1	71.0	71.0	71.0	71.0	71.0	71.0	71.0	71.0	ok	/home/seunghyun/ycsb/results/chiplet_ycsb_256mib_madracks-mnode5_20260314T060453Z_1429430/runs/orientdb/chiplet_x7/inst34/run.stdout.log	/home/seunghyun/ycsb/results/chiplet_ycsb_256mib_madracks-mnode5_20260314T060453Z_1429430/runs/orientdb/chiplet_x7
2026-03-14T06:24:31Z	madracks-mnode5	amd	orientdb	embedded	NO_RETIRED_INST_CYCLES	user	chiplet_x7	84	35	35	READ	10000	121.9775	24.0	17327.0	33.0	152.0	4079.0	9479.0	12927.0	ok	/home/seunghyun/ycsb/results/chiplet_ycsb_256mib_madracks-mnode5_20260314T060453Z_1429430/runs/orientdb/chiplet_x7/inst35/run.stdout.log	/home/seunghyun/ycsb/results/chiplet_ycsb_256mib_madracks-mnode5_20260314T060453Z_1429430/runs/orientdb/chiplet_x7
2026-03-14T06:24:31Z	madracks-mnode5	amd	orientdb	embedded	NO_RETIRED_INST_CYCLES	user	chiplet_x7	84	35	35	CLEANUP	1	70.0	70.0	70.0	70.0	70.0	70.0	70.0	70.0	ok	/home/seunghyun/ycsb/results/chiplet_ycsb_256mib_madracks-mnode5_20260314T060453Z_1429430/runs/orientdb/chiplet_x7/inst35/run.stdout.log	/home/seunghyun/ycsb/results/chiplet_ycsb_256mib_madracks-mnode5_20260314T060453Z_1429430/runs/orientdb/chiplet_x7
2026-03-14T06:24:31Z	madracks-mnode5	amd	orientdb	embedded	NO_RETIRED_INST_CYCLES	user	chiplet_x7	84	36	36	READ	10000	118.485	24.0	16671.0	33.0	150.0	4063.0	8559.0	14111.0	ok	/home/seunghyun/ycsb/results/chiplet_ycsb_256mib_madracks-mnode5_20260314T060453Z_1429430/runs/orientdb/chiplet_x7/inst36/run.stdout.log	/home/seunghyun/ycsb/results/chiplet_ycsb_256mib_madracks-mnode5_20260314T060453Z_1429430/runs/orientdb/chiplet_x7
2026-03-14T06:24:31Z	madracks-mnode5	amd	orientdb	embedded	NO_RETIRED_INST_CYCLES	user	chiplet_x7	84	36	36	CLEANUP	1	79.0	79.0	79.0	79.0	79.0	79.0	79.0	79.0	ok	/home/seunghyun/ycsb/results/chiplet_ycsb_256mib_madracks-mnode5_20260314T060453Z_1429430/runs/orientdb/chiplet_x7/inst36/run.stdout.log	/home/seunghyun/ycsb/results/chiplet_ycsb_256mib_madracks-mnode5_20260314T060453Z_1429430/runs/orientdb/chiplet_x7
2026-03-14T06:24:31Z	madracks-mnode5	amd	orientdb	embedded	NO_RETIRED_INST_CYCLES	user	chiplet_x7	84	37	37	READ	10000	120.517	24.0	12447.0	33.0	148.0	4059.0	8471.0	12415.0	ok	/home/seunghyun/ycsb/results/chiplet_ycsb_256mib_madracks-mnode5_20260314T060453Z_1429430/runs/orientdb/chiplet_x7/inst37/run.stdout.log	/home/seunghyun/ycsb/results/chiplet_ycsb_256mib_madracks-mnode5_20260314T060453Z_1429430/runs/orientdb/chiplet_x7
2026-03-14T06:24:31Z	madracks-mnode5	amd	orientdb	embedded	NO_RETIRED_INST_CYCLES	user	chiplet_x7	84	37	37	CLEANUP	1	59.0	59.0	59.0	59.0	59.0	59.0	59.0	59.0	ok	/home/seunghyun/ycsb/results/chiplet_ycsb_256mib_madracks-mnode5_20260314T060453Z_1429430/runs/orientdb/chiplet_x7/inst37/run.stdout.log	/home/seunghyun/ycsb/results/chiplet_ycsb_256mib_madracks-mnode5_20260314T060453Z_1429430/runs/orientdb/chiplet_x7
2026-03-14T06:24:31Z	madracks-mnode5	amd	orientdb	embedded	NO_RETIRED_INST_CYCLES	user	chiplet_x7	84	38	38	READ	10000	122.4207	24.0	12567.0	34.0	159.0	4079.0	8503.0	12511.0	ok	/home/seunghyun/ycsb/results/chiplet_ycsb_256mib_madracks-mnode5_20260314T060453Z_1429430/runs/orientdb/chiplet_x7/inst38/run.stdout.log	/home/seunghyun/ycsb/results/chiplet_ycsb_256mib_madracks-mnode5_20260314T060453Z_1429430/runs/orientdb/chiplet_x7
2026-03-14T06:24:31Z	madracks-mnode5	amd	orientdb	embedded	NO_RETIRED_INST_CYCLES	user	chiplet_x7	84	38	38	CLEANUP	1	60.0	60.0	60.0	60.0	60.0	60.0	60.0	60.0	ok	/home/seunghyun/ycsb/results/chiplet_ycsb_256mib_madracks-mnode5_20260314T060453Z_1429430/runs/orientdb/chiplet_x7/inst38/run.stdout.log	/home/seunghyun/ycsb/results/chiplet_ycsb_256mib_madracks-mnode5_20260314T060453Z_1429430/runs/orientdb/chiplet_x7
2026-03-14T06:24:31Z	madracks-mnode5	amd	orientdb	embedded	NO_RETIRED_INST_CYCLES	user	chiplet_x7	84	39	39	READ	10000	119.2596	25.0	19407.0	34.0	153.0	4077.0	8423.0	16863.0	ok	/home/seunghyun/ycsb/results/chiplet_ycsb_256mib_madracks-mnode5_20260314T060453Z_1429430/runs/orientdb/chiplet_x7/inst39/run.stdout.log	/home/seunghyun/ycsb/results/chiplet_ycsb_256mib_madracks-mnode5_20260314T060453Z_1429430/runs/orientdb/chiplet_x7
2026-03-14T06:24:31Z	madracks-mnode5	amd	orientdb	embedded	NO_RETIRED_INST_CYCLES	user	chiplet_x7	84	39	39	CLEANUP	1	57.0	57.0	57.0	57.0	57.0	57.0	57.0	57.0	ok	/home/seunghyun/ycsb/results/chiplet_ycsb_256mib_madracks-mnode5_20260314T060453Z_1429430/runs/orientdb/chiplet_x7/inst39/run.stdout.log	/home/seunghyun/ycsb/results/chiplet_ycsb_256mib_madracks-mnode5_20260314T060453Z_1429430/runs/orientdb/chiplet_x7
2026-03-14T06:24:31Z	madracks-mnode5	amd	orientdb	embedded	NO_RETIRED_INST_CYCLES	user	chiplet_x7	84	40	40	READ	10000	119.7064	25.0	16415.0	34.0	153.0	4071.0	8415.0	16399.0	ok	/home/seunghyun/ycsb/results/chiplet_ycsb_256mib_madracks-mnode5_20260314T060453Z_1429430/runs/orientdb/chiplet_x7/inst40/run.stdout.log	/home/seunghyun/ycsb/results/chiplet_ycsb_256mib_madracks-mnode5_20260314T060453Z_1429430/runs/orientdb/chiplet_x7
2026-03-14T06:24:31Z	madracks-mnode5	amd	orientdb	embedded	NO_RETIRED_INST_CYCLES	user	chiplet_x7	84	40	40	CLEANUP	1	77.0	77.0	77.0	77.0	77.0	77.0	77.0	77.0	ok	/home/seunghyun/ycsb/results/chiplet_ycsb_256mib_madracks-mnode5_20260314T060453Z_1429430/runs/orientdb/chiplet_x7/inst40/run.stdout.log	/home/seunghyun/ycsb/results/chiplet_ycsb_256mib_madracks-mnode5_20260314T060453Z_1429430/runs/orientdb/chiplet_x7
2026-03-14T06:24:31Z	madracks-mnode5	amd	orientdb	embedded	NO_RETIRED_INST_CYCLES	user	chiplet_x7	84	41	41	READ	10000	121.8689	24.0	16159.0	34.0	149.0	4081.0	8719.0	12519.0	ok	/home/seunghyun/ycsb/results/chiplet_ycsb_256mib_madracks-mnode5_20260314T060453Z_1429430/runs/orientdb/chiplet_x7/inst41/run.stdout.log	/home/seunghyun/ycsb/results/chiplet_ycsb_256mib_madracks-mnode5_20260314T060453Z_1429430/runs/orientdb/chiplet_x7
2026-03-14T06:24:31Z	madracks-mnode5	amd	orientdb	embedded	NO_RETIRED_INST_CYCLES	user	chiplet_x7	84	41	41	CLEANUP	1	74.0	74.0	74.0	74.0	74.0	74.0	74.0	74.0	ok	/home/seunghyun/ycsb/results/chiplet_ycsb_256mib_madracks-mnode5_20260314T060453Z_1429430/runs/orientdb/chiplet_x7/inst41/run.stdout.log	/home/seunghyun/ycsb/results/chiplet_ycsb_256mib_madracks-mnode5_20260314T060453Z_1429430/runs/orientdb/chiplet_x7
2026-03-14T06:24:31Z	madracks-mnode5	amd	orientdb	embedded	NO_RETIRED_INST_CYCLES	user	chiplet_x7	84	42	42	READ	10000	126.0807	24.0	16415.0	34.0	159.0	4087.0	9143.0	14567.0	ok	/home/seunghyun/ycsb/results/chiplet_ycsb_256mib_madracks-mnode5_20260314T060453Z_1429430/runs/orientdb/chiplet_x7/inst42/run.stdout.log	/home/seunghyun/ycsb/results/chiplet_ycsb_256mib_madracks-mnode5_20260314T060453Z_1429430/runs/orientdb/chiplet_x7
2026-03-14T06:24:31Z	madracks-mnode5	amd	orientdb	embedded	NO_RETIRED_INST_CYCLES	user	chiplet_x7	84	42	42	CLEANUP	1	70.0	70.0	70.0	70.0	70.0	70.0	70.0	70.0	ok	/home/seunghyun/ycsb/results/chiplet_ycsb_256mib_madracks-mnode5_20260314T060453Z_1429430/runs/orientdb/chiplet_x7/inst42/run.stdout.log	/home/seunghyun/ycsb/results/chiplet_ycsb_256mib_madracks-mnode5_20260314T060453Z_1429430/runs/orientdb/chiplet_x7
2026-03-14T06:24:31Z	madracks-mnode5	amd	orientdb	embedded	NO_RETIRED_INST_CYCLES	user	chiplet_x7	84	43	43	READ	10000	120.7396	25.0	17295.0	34.0	147.0	4061.0	8631.0	16223.0	ok	/home/seunghyun/ycsb/results/chiplet_ycsb_256mib_madracks-mnode5_20260314T060453Z_1429430/runs/orientdb/chiplet_x7/inst43/run.stdout.log	/home/seunghyun/ycsb/results/chiplet_ycsb_256mib_madracks-mnode5_20260314T060453Z_1429430/runs/orientdb/chiplet_x7
2026-03-14T06:24:31Z	madracks-mnode5	amd	orientdb	embedded	NO_RETIRED_INST_CYCLES	user	chiplet_x7	84	43	43	CLEANUP	1	74.0	74.0	74.0	74.0	74.0	74.0	74.0	74.0	ok	/home/seunghyun/ycsb/results/chiplet_ycsb_256mib_madracks-mnode5_20260314T060453Z_1429430/runs/orientdb/chiplet_x7/inst43/run.stdout.log	/home/seunghyun/ycsb/results/chiplet_ycsb_256mib_madracks-mnode5_20260314T060453Z_1429430/runs/orientdb/chiplet_x7
2026-03-14T06:24:31Z	madracks-mnode5	amd	orientdb	embedded	NO_RETIRED_INST_CYCLES	user	chiplet_x7	84	44	44	READ	10000	122.3067	25.0	13311.0	35.0	154.0	4081.0	8399.0	12663.0	ok	/home/seunghyun/ycsb/results/chiplet_ycsb_256mib_madracks-mnode5_20260314T060453Z_1429430/runs/orientdb/chiplet_x7/inst44/run.stdout.log	/home/seunghyun/ycsb/results/chiplet_ycsb_256mib_madracks-mnode5_20260314T060453Z_1429430/runs/orientdb/chiplet_x7
2026-03-14T06:24:31Z	madracks-mnode5	amd	orientdb	embedded	NO_RETIRED_INST_CYCLES	user	chiplet_x7	84	44	44	CLEANUP	1	72.0	72.0	72.0	72.0	72.0	72.0	72.0	72.0	ok	/home/seunghyun/ycsb/results/chiplet_ycsb_256mib_madracks-mnode5_20260314T060453Z_1429430/runs/orientdb/chiplet_x7/inst44/run.stdout.log	/home/seunghyun/ycsb/results/chiplet_ycsb_256mib_madracks-mnode5_20260314T060453Z_1429430/runs/orientdb/chiplet_x7
2026-03-14T06:24:31Z	madracks-mnode5	amd	orientdb	embedded	NO_RETIRED_INST_CYCLES	user	chiplet_x7	84	45	45	READ	10000	119.8146	24.0	16127.0	34.0	154.0	4061.0	9127.0	13287.0	ok	/home/seunghyun/ycsb/results/chiplet_ycsb_256mib_madracks-mnode5_20260314T060453Z_1429430/runs/orientdb/chiplet_x7/inst45/run.stdout.log	/home/seunghyun/ycsb/results/chiplet_ycsb_256mib_madracks-mnode5_20260314T060453Z_1429430/runs/orientdb/chiplet_x7
2026-03-14T06:24:31Z	madracks-mnode5	amd	orientdb	embedded	NO_RETIRED_INST_CYCLES	user	chiplet_x7	84	45	45	CLEANUP	1	67.0	67.0	67.0	67.0	67.0	67.0	67.0	67.0	ok	/home/seunghyun/ycsb/results/chiplet_ycsb_256mib_madracks-mnode5_20260314T060453Z_1429430/runs/orientdb/chiplet_x7/inst45/run.stdout.log	/home/seunghyun/ycsb/results/chiplet_ycsb_256mib_madracks-mnode5_20260314T060453Z_1429430/runs/orientdb/chiplet_x7
2026-03-14T06:24:31Z	madracks-mnode5	amd	orientdb	embedded	NO_RETIRED_INST_CYCLES	user	chiplet_x7	84	46	46	READ	10000	119.2694	24.0	16479.0	34.0	151.0	4067.0	8567.0	16343.0	ok	/home/seunghyun/ycsb/results/chiplet_ycsb_256mib_madracks-mnode5_20260314T060453Z_1429430/runs/orientdb/chiplet_x7/inst46/run.stdout.log	/home/seunghyun/ycsb/results/chiplet_ycsb_256mib_madracks-mnode5_20260314T060453Z_1429430/runs/orientdb/chiplet_x7
2026-03-14T06:24:31Z	madracks-mnode5	amd	orientdb	embedded	NO_RETIRED_INST_CYCLES	user	chiplet_x7	84	46	46	CLEANUP	1	72.0	72.0	72.0	72.0	72.0	72.0	72.0	72.0	ok	/home/seunghyun/ycsb/results/chiplet_ycsb_256mib_madracks-mnode5_20260314T060453Z_1429430/runs/orientdb/chiplet_x7/inst46/run.stdout.log	/home/seunghyun/ycsb/results/chiplet_ycsb_256mib_madracks-mnode5_20260314T060453Z_1429430/runs/orientdb/chiplet_x7
2026-03-14T06:24:31Z	madracks-mnode5	amd	orientdb	embedded	NO_RETIRED_INST_CYCLES	user	chiplet_x7	84	47	47	READ	10000	121.3963	24.0	12543.0	33.0	148.0	4063.0	8775.0	12471.0	ok	/home/seunghyun/ycsb/results/chiplet_ycsb_256mib_madracks-mnode5_20260314T060453Z_1429430/runs/orientdb/chiplet_x7/inst47/run.stdout.log	/home/seunghyun/ycsb/results/chiplet_ycsb_256mib_madracks-mnode5_20260314T060453Z_1429430/runs/orientdb/chiplet_x7
2026-03-14T06:24:31Z	madracks-mnode5	amd	orientdb	embedded	NO_RETIRED_INST_CYCLES	user	chiplet_x7	84	47	47	CLEANUP	1	73.0	73.0	73.0	73.0	73.0	73.0	73.0	73.0	ok	/home/seunghyun/ycsb/results/chiplet_ycsb_256mib_madracks-mnode5_20260314T060453Z_1429430/runs/orientdb/chiplet_x7/inst47/run.stdout.log	/home/seunghyun/ycsb/results/chiplet_ycsb_256mib_madracks-mnode5_20260314T060453Z_1429430/runs/orientdb/chiplet_x7
2026-03-14T06:24:31Z	madracks-mnode5	amd	orientdb	embedded	NO_RETIRED_INST_CYCLES	user	chiplet_x7	84	48	48	READ	10000	123.5315	25.0	15639.0	36.0	157.0	4067.0	8511.0	12615.0	ok	/home/seunghyun/ycsb/results/chiplet_ycsb_256mib_madracks-mnode5_20260314T060453Z_1429430/runs/orientdb/chiplet_x7/inst48/run.stdout.log	/home/seunghyun/ycsb/results/chiplet_ycsb_256mib_madracks-mnode5_20260314T060453Z_1429430/runs/orientdb/chiplet_x7
2026-03-14T06:24:31Z	madracks-mnode5	amd	orientdb	embedded	NO_RETIRED_INST_CYCLES	user	chiplet_x7	84	48	48	CLEANUP	1	79.0	79.0	79.0	79.0	79.0	79.0	79.0	79.0	ok	/home/seunghyun/ycsb/results/chiplet_ycsb_256mib_madracks-mnode5_20260314T060453Z_1429430/runs/orientdb/chiplet_x7/inst48/run.stdout.log	/home/seunghyun/ycsb/results/chiplet_ycsb_256mib_madracks-mnode5_20260314T060453Z_1429430/runs/orientdb/chiplet_x7
2026-03-14T06:24:31Z	madracks-mnode5	amd	orientdb	embedded	NO_RETIRED_INST_CYCLES	user	chiplet_x7	84	49	49	READ	10000	121.1256	24.0	16175.0	34.0	152.0	3637.0	8831.0	14087.0	ok	/home/seunghyun/ycsb/results/chiplet_ycsb_256mib_madracks-mnode5_20260314T060453Z_1429430/runs/orientdb/chiplet_x7/inst49/run.stdout.log	/home/seunghyun/ycsb/results/chiplet_ycsb_256mib_madracks-mnode5_20260314T060453Z_1429430/runs/orientdb/chiplet_x7
2026-03-14T06:24:31Z	madracks-mnode5	amd	orientdb	embedded	NO_RETIRED_INST_CYCLES	user	chiplet_x7	84	49	49	CLEANUP	1	864.0	864.0	864.0	864.0	864.0	864.0	864.0	864.0	ok	/home/seunghyun/ycsb/results/chiplet_ycsb_256mib_madracks-mnode5_20260314T060453Z_1429430/runs/orientdb/chiplet_x7/inst49/run.stdout.log	/home/seunghyun/ycsb/results/chiplet_ycsb_256mib_madracks-mnode5_20260314T060453Z_1429430/runs/orientdb/chiplet_x7
2026-03-14T06:24:31Z	madracks-mnode5	amd	orientdb	embedded	NO_RETIRED_INST_CYCLES	user	chiplet_x7	84	50	50	READ	10000	121.7883	25.0	14255.0	36.0	153.0	4089.0	9871.0	14199.0	ok	/home/seunghyun/ycsb/results/chiplet_ycsb_256mib_madracks-mnode5_20260314T060453Z_1429430/runs/orientdb/chiplet_x7/inst50/run.stdout.log	/home/seunghyun/ycsb/results/chiplet_ycsb_256mib_madracks-mnode5_20260314T060453Z_1429430/runs/orientdb/chiplet_x7
2026-03-14T06:24:31Z	madracks-mnode5	amd	orientdb	embedded	NO_RETIRED_INST_CYCLES	user	chiplet_x7	84	50	50	CLEANUP	1	71.0	71.0	71.0	71.0	71.0	71.0	71.0	71.0	ok	/home/seunghyun/ycsb/results/chiplet_ycsb_256mib_madracks-mnode5_20260314T060453Z_1429430/runs/orientdb/chiplet_x7/inst50/run.stdout.log	/home/seunghyun/ycsb/results/chiplet_ycsb_256mib_madracks-mnode5_20260314T060453Z_1429430/runs/orientdb/chiplet_x7
2026-03-14T06:24:31Z	madracks-mnode5	amd	orientdb	embedded	NO_RETIRED_INST_CYCLES	user	chiplet_x7	84	51	51	READ	10000	119.7237	24.0	21119.0	34.0	154.0	4063.0	8623.0	12367.0	ok	/home/seunghyun/ycsb/results/chiplet_ycsb_256mib_madracks-mnode5_20260314T060453Z_1429430/runs/orientdb/chiplet_x7/inst51/run.stdout.log	/home/seunghyun/ycsb/results/chiplet_ycsb_256mib_madracks-mnode5_20260314T060453Z_1429430/runs/orientdb/chiplet_x7
2026-03-14T06:24:31Z	madracks-mnode5	amd	orientdb	embedded	NO_RETIRED_INST_CYCLES	user	chiplet_x7	84	51	51	CLEANUP	1	64.0	64.0	64.0	64.0	64.0	64.0	64.0	64.0	ok	/home/seunghyun/ycsb/results/chiplet_ycsb_256mib_madracks-mnode5_20260314T060453Z_1429430/runs/orientdb/chiplet_x7/inst51/run.stdout.log	/home/seunghyun/ycsb/results/chiplet_ycsb_256mib_madracks-mnode5_20260314T060453Z_1429430/runs/orientdb/chiplet_x7
2026-03-14T06:24:31Z	madracks-mnode5	amd	orientdb	embedded	NO_RETIRED_INST_CYCLES	user	chiplet_x7	84	52	52	READ	10000	121.4506	23.0	16319.0	34.0	152.0	4061.0	8895.0	15031.0	ok	/home/seunghyun/ycsb/results/chiplet_ycsb_256mib_madracks-mnode5_20260314T060453Z_1429430/runs/orientdb/chiplet_x7/inst52/run.stdout.log	/home/seunghyun/ycsb/results/chiplet_ycsb_256mib_madracks-mnode5_20260314T060453Z_1429430/runs/orientdb/chiplet_x7
2026-03-14T06:24:31Z	madracks-mnode5	amd	orientdb	embedded	NO_RETIRED_INST_CYCLES	user	chiplet_x7	84	52	52	CLEANUP	1	935.0	935.0	935.0	935.0	935.0	935.0	935.0	935.0	ok	/home/seunghyun/ycsb/results/chiplet_ycsb_256mib_madracks-mnode5_20260314T060453Z_1429430/runs/orientdb/chiplet_x7/inst52/run.stdout.log	/home/seunghyun/ycsb/results/chiplet_ycsb_256mib_madracks-mnode5_20260314T060453Z_1429430/runs/orientdb/chiplet_x7
2026-03-14T06:24:31Z	madracks-mnode5	amd	orientdb	embedded	NO_RETIRED_INST_CYCLES	user	chiplet_x7	84	53	53	READ	10000	122.9072	25.0	17951.0	34.0	155.0	4083.0	8583.0	15407.0	ok	/home/seunghyun/ycsb/results/chiplet_ycsb_256mib_madracks-mnode5_20260314T060453Z_1429430/runs/orientdb/chiplet_x7/inst53/run.stdout.log	/home/seunghyun/ycsb/results/chiplet_ycsb_256mib_madracks-mnode5_20260314T060453Z_1429430/runs/orientdb/chiplet_x7
2026-03-14T06:24:31Z	madracks-mnode5	amd	orientdb	embedded	NO_RETIRED_INST_CYCLES	user	chiplet_x7	84	53	53	CLEANUP	1	61.0	61.0	61.0	61.0	61.0	61.0	61.0	61.0	ok	/home/seunghyun/ycsb/results/chiplet_ycsb_256mib_madracks-mnode5_20260314T060453Z_1429430/runs/orientdb/chiplet_x7/inst53/run.stdout.log	/home/seunghyun/ycsb/results/chiplet_ycsb_256mib_madracks-mnode5_20260314T060453Z_1429430/runs/orientdb/chiplet_x7
2026-03-14T06:24:31Z	madracks-mnode5	amd	orientdb	embedded	NO_RETIRED_INST_CYCLES	user	chiplet_x7	84	54	54	READ	10000	130.5294	25.0	12679.0	33.0	179.0	4089.0	8695.0	12671.0	ok	/home/seunghyun/ycsb/results/chiplet_ycsb_256mib_madracks-mnode5_20260314T060453Z_1429430/runs/orientdb/chiplet_x7/inst54/run.stdout.log	/home/seunghyun/ycsb/results/chiplet_ycsb_256mib_madracks-mnode5_20260314T060453Z_1429430/runs/orientdb/chiplet_x7
2026-03-14T06:24:31Z	madracks-mnode5	amd	orientdb	embedded	NO_RETIRED_INST_CYCLES	user	chiplet_x7	84	54	54	CLEANUP	1	60.0	60.0	60.0	60.0	60.0	60.0	60.0	60.0	ok	/home/seunghyun/ycsb/results/chiplet_ycsb_256mib_madracks-mnode5_20260314T060453Z_1429430/runs/orientdb/chiplet_x7/inst54/run.stdout.log	/home/seunghyun/ycsb/results/chiplet_ycsb_256mib_madracks-mnode5_20260314T060453Z_1429430/runs/orientdb/chiplet_x7
2026-03-14T06:24:31Z	madracks-mnode5	amd	orientdb	embedded	NO_RETIRED_INST_CYCLES	user	chiplet_x7	84	55	55	READ	10000	123.0721	24.0	18623.0	35.0	152.0	4085.0	8463.0	13359.0	ok	/home/seunghyun/ycsb/results/chiplet_ycsb_256mib_madracks-mnode5_20260314T060453Z_1429430/runs/orientdb/chiplet_x7/inst55/run.stdout.log	/home/seunghyun/ycsb/results/chiplet_ycsb_256mib_madracks-mnode5_20260314T060453Z_1429430/runs/orientdb/chiplet_x7
2026-03-14T06:24:31Z	madracks-mnode5	amd	orientdb	embedded	NO_RETIRED_INST_CYCLES	user	chiplet_x7	84	55	55	CLEANUP	1	64.0	64.0	64.0	64.0	64.0	64.0	64.0	64.0	ok	/home/seunghyun/ycsb/results/chiplet_ycsb_256mib_madracks-mnode5_20260314T060453Z_1429430/runs/orientdb/chiplet_x7/inst55/run.stdout.log	/home/seunghyun/ycsb/results/chiplet_ycsb_256mib_madracks-mnode5_20260314T060453Z_1429430/runs/orientdb/chiplet_x7
2026-03-14T06:24:31Z	madracks-mnode5	amd	orientdb	embedded	NO_RETIRED_INST_CYCLES	user	chiplet_x7	84	56	56	READ	10000	117.4952	22.0	16119.0	33.0	149.0	4067.0	8599.0	12647.0	ok	/home/seunghyun/ycsb/results/chiplet_ycsb_256mib_madracks-mnode5_20260314T060453Z_1429430/runs/orientdb/chiplet_x7/inst56/run.stdout.log	/home/seunghyun/ycsb/results/chiplet_ycsb_256mib_madracks-mnode5_20260314T060453Z_1429430/runs/orientdb/chiplet_x7
2026-03-14T06:24:31Z	madracks-mnode5	amd	orientdb	embedded	NO_RETIRED_INST_CYCLES	user	chiplet_x7	84	56	56	CLEANUP	1	64.0	64.0	64.0	64.0	64.0	64.0	64.0	64.0	ok	/home/seunghyun/ycsb/results/chiplet_ycsb_256mib_madracks-mnode5_20260314T060453Z_1429430/runs/orientdb/chiplet_x7/inst56/run.stdout.log	/home/seunghyun/ycsb/results/chiplet_ycsb_256mib_madracks-mnode5_20260314T060453Z_1429430/runs/orientdb/chiplet_x7
2026-03-14T06:24:31Z	madracks-mnode5	amd	orientdb	embedded	NO_RETIRED_INST_CYCLES	user	chiplet_x7	84	57	57	READ	10000	113.1676	24.0	19167.0	33.0	151.0	3493.0	8399.0	16351.0	ok	/home/seunghyun/ycsb/results/chiplet_ycsb_256mib_madracks-mnode5_20260314T060453Z_1429430/runs/orientdb/chiplet_x7/inst57/run.stdout.log	/home/seunghyun/ycsb/results/chiplet_ycsb_256mib_madracks-mnode5_20260314T060453Z_1429430/runs/orientdb/chiplet_x7
2026-03-14T06:24:31Z	madracks-mnode5	amd	orientdb	embedded	NO_RETIRED_INST_CYCLES	user	chiplet_x7	84	57	57	CLEANUP	1	67.0	67.0	67.0	67.0	67.0	67.0	67.0	67.0	ok	/home/seunghyun/ycsb/results/chiplet_ycsb_256mib_madracks-mnode5_20260314T060453Z_1429430/runs/orientdb/chiplet_x7/inst57/run.stdout.log	/home/seunghyun/ycsb/results/chiplet_ycsb_256mib_madracks-mnode5_20260314T060453Z_1429430/runs/orientdb/chiplet_x7
2026-03-14T06:24:31Z	madracks-mnode5	amd	orientdb	embedded	NO_RETIRED_INST_CYCLES	user	chiplet_x7	84	58	58	READ	10000	121.7916	24.0	16287.0	33.0	155.0	4065.0	8463.0	16167.0	ok	/home/seunghyun/ycsb/results/chiplet_ycsb_256mib_madracks-mnode5_20260314T060453Z_1429430/runs/orientdb/chiplet_x7/inst58/run.stdout.log	/home/seunghyun/ycsb/results/chiplet_ycsb_256mib_madracks-mnode5_20260314T060453Z_1429430/runs/orientdb/chiplet_x7
2026-03-14T06:24:31Z	madracks-mnode5	amd	orientdb	embedded	NO_RETIRED_INST_CYCLES	user	chiplet_x7	84	58	58	CLEANUP	1	69.0	69.0	69.0	69.0	69.0	69.0	69.0	69.0	ok	/home/seunghyun/ycsb/results/chiplet_ycsb_256mib_madracks-mnode5_20260314T060453Z_1429430/runs/orientdb/chiplet_x7/inst58/run.stdout.log	/home/seunghyun/ycsb/results/chiplet_ycsb_256mib_madracks-mnode5_20260314T060453Z_1429430/runs/orientdb/chiplet_x7
2026-03-14T06:24:31Z	madracks-mnode5	amd	orientdb	embedded	NO_RETIRED_INST_CYCLES	user	chiplet_x7	84	59	59	READ	10000	120.4915	24.0	12711.0	34.0	151.0	4077.0	8791.0	12271.0	ok	/home/seunghyun/ycsb/results/chiplet_ycsb_256mib_madracks-mnode5_20260314T060453Z_1429430/runs/orientdb/chiplet_x7/inst59/run.stdout.log	/home/seunghyun/ycsb/results/chiplet_ycsb_256mib_madracks-mnode5_20260314T060453Z_1429430/runs/orientdb/chiplet_x7
2026-03-14T06:24:31Z	madracks-mnode5	amd	orientdb	embedded	NO_RETIRED_INST_CYCLES	user	chiplet_x7	84	59	59	CLEANUP	1	64.0	64.0	64.0	64.0	64.0	64.0	64.0	64.0	ok	/home/seunghyun/ycsb/results/chiplet_ycsb_256mib_madracks-mnode5_20260314T060453Z_1429430/runs/orientdb/chiplet_x7/inst59/run.stdout.log	/home/seunghyun/ycsb/results/chiplet_ycsb_256mib_madracks-mnode5_20260314T060453Z_1429430/runs/orientdb/chiplet_x7
2026-03-14T06:24:31Z	madracks-mnode5	amd	orientdb	embedded	NO_RETIRED_INST_CYCLES	user	chiplet_x7	84	60	60	READ	10000	116.3591	25.0	17551.0	34.0	150.0	4053.0	8583.0	16255.0	ok	/home/seunghyun/ycsb/results/chiplet_ycsb_256mib_madracks-mnode5_20260314T060453Z_1429430/runs/orientdb/chiplet_x7/inst60/run.stdout.log	/home/seunghyun/ycsb/results/chiplet_ycsb_256mib_madracks-mnode5_20260314T060453Z_1429430/runs/orientdb/chiplet_x7
2026-03-14T06:24:31Z	madracks-mnode5	amd	orientdb	embedded	NO_RETIRED_INST_CYCLES	user	chiplet_x7	84	60	60	CLEANUP	1	65.0	65.0	65.0	65.0	65.0	65.0	65.0	65.0	ok	/home/seunghyun/ycsb/results/chiplet_ycsb_256mib_madracks-mnode5_20260314T060453Z_1429430/runs/orientdb/chiplet_x7/inst60/run.stdout.log	/home/seunghyun/ycsb/results/chiplet_ycsb_256mib_madracks-mnode5_20260314T060453Z_1429430/runs/orientdb/chiplet_x7
2026-03-14T06:24:31Z	madracks-mnode5	amd	orientdb	embedded	NO_RETIRED_INST_CYCLES	user	chiplet_x7	84	61	61	READ	10000	122.009	23.0	16767.0	34.0	150.0	4075.0	8607.0	16231.0	ok	/home/seunghyun/ycsb/results/chiplet_ycsb_256mib_madracks-mnode5_20260314T060453Z_1429430/runs/orientdb/chiplet_x7/inst61/run.stdout.log	/home/seunghyun/ycsb/results/chiplet_ycsb_256mib_madracks-mnode5_20260314T060453Z_1429430/runs/orientdb/chiplet_x7
2026-03-14T06:24:31Z	madracks-mnode5	amd	orientdb	embedded	NO_RETIRED_INST_CYCLES	user	chiplet_x7	84	61	61	CLEANUP	1	67.0	67.0	67.0	67.0	67.0	67.0	67.0	67.0	ok	/home/seunghyun/ycsb/results/chiplet_ycsb_256mib_madracks-mnode5_20260314T060453Z_1429430/runs/orientdb/chiplet_x7/inst61/run.stdout.log	/home/seunghyun/ycsb/results/chiplet_ycsb_256mib_madracks-mnode5_20260314T060453Z_1429430/runs/orientdb/chiplet_x7
2026-03-14T06:24:31Z	madracks-mnode5	amd	orientdb	embedded	NO_RETIRED_INST_CYCLES	user	chiplet_x7	84	62	62	READ	10000	126.0081	25.0	16463.0	34.0	154.0	4083.0	8823.0	16399.0	ok	/home/seunghyun/ycsb/results/chiplet_ycsb_256mib_madracks-mnode5_20260314T060453Z_1429430/runs/orientdb/chiplet_x7/inst62/run.stdout.log	/home/seunghyun/ycsb/results/chiplet_ycsb_256mib_madracks-mnode5_20260314T060453Z_1429430/runs/orientdb/chiplet_x7
2026-03-14T06:24:31Z	madracks-mnode5	amd	orientdb	embedded	NO_RETIRED_INST_CYCLES	user	chiplet_x7	84	62	62	CLEANUP	1	64.0	64.0	64.0	64.0	64.0	64.0	64.0	64.0	ok	/home/seunghyun/ycsb/results/chiplet_ycsb_256mib_madracks-mnode5_20260314T060453Z_1429430/runs/orientdb/chiplet_x7/inst62/run.stdout.log	/home/seunghyun/ycsb/results/chiplet_ycsb_256mib_madracks-mnode5_20260314T060453Z_1429430/runs/orientdb/chiplet_x7
2026-03-14T06:24:31Z	madracks-mnode5	amd	orientdb	embedded	NO_RETIRED_INST_CYCLES	user	chiplet_x7	84	63	63	READ	10000	122.947	24.0	14895.0	34.0	150.0	4067.0	8647.0	14447.0	ok	/home/seunghyun/ycsb/results/chiplet_ycsb_256mib_madracks-mnode5_20260314T060453Z_1429430/runs/orientdb/chiplet_x7/inst63/run.stdout.log	/home/seunghyun/ycsb/results/chiplet_ycsb_256mib_madracks-mnode5_20260314T060453Z_1429430/runs/orientdb/chiplet_x7
2026-03-14T06:24:31Z	madracks-mnode5	amd	orientdb	embedded	NO_RETIRED_INST_CYCLES	user	chiplet_x7	84	63	63	CLEANUP	1	63.0	63.0	63.0	63.0	63.0	63.0	63.0	63.0	ok	/home/seunghyun/ycsb/results/chiplet_ycsb_256mib_madracks-mnode5_20260314T060453Z_1429430/runs/orientdb/chiplet_x7/inst63/run.stdout.log	/home/seunghyun/ycsb/results/chiplet_ycsb_256mib_madracks-mnode5_20260314T060453Z_1429430/runs/orientdb/chiplet_x7
2026-03-14T06:24:31Z	madracks-mnode5	amd	orientdb	embedded	NO_RETIRED_INST_CYCLES	user	chiplet_x7	84	64	64	READ	10000	121.1735	24.0	17775.0	34.0	158.0	4069.0	8607.0	17007.0	ok	/home/seunghyun/ycsb/results/chiplet_ycsb_256mib_madracks-mnode5_20260314T060453Z_1429430/runs/orientdb/chiplet_x7/inst64/run.stdout.log	/home/seunghyun/ycsb/results/chiplet_ycsb_256mib_madracks-mnode5_20260314T060453Z_1429430/runs/orientdb/chiplet_x7
2026-03-14T06:24:31Z	madracks-mnode5	amd	orientdb	embedded	NO_RETIRED_INST_CYCLES	user	chiplet_x7	84	64	64	CLEANUP	1	66.0	66.0	66.0	66.0	66.0	66.0	66.0	66.0	ok	/home/seunghyun/ycsb/results/chiplet_ycsb_256mib_madracks-mnode5_20260314T060453Z_1429430/runs/orientdb/chiplet_x7/inst64/run.stdout.log	/home/seunghyun/ycsb/results/chiplet_ycsb_256mib_madracks-mnode5_20260314T060453Z_1429430/runs/orientdb/chiplet_x7
2026-03-14T06:24:31Z	madracks-mnode5	amd	orientdb	embedded	NO_RETIRED_INST_CYCLES	user	chiplet_x7	84	65	65	READ	10000	126.3566	23.0	18943.0	34.0	150.0	4091.0	8727.0	18351.0	ok	/home/seunghyun/ycsb/results/chiplet_ycsb_256mib_madracks-mnode5_20260314T060453Z_1429430/runs/orientdb/chiplet_x7/inst65/run.stdout.log	/home/seunghyun/ycsb/results/chiplet_ycsb_256mib_madracks-mnode5_20260314T060453Z_1429430/runs/orientdb/chiplet_x7
2026-03-14T06:24:31Z	madracks-mnode5	amd	orientdb	embedded	NO_RETIRED_INST_CYCLES	user	chiplet_x7	84	65	65	CLEANUP	1	62.0	62.0	62.0	62.0	62.0	62.0	62.0	62.0	ok	/home/seunghyun/ycsb/results/chiplet_ycsb_256mib_madracks-mnode5_20260314T060453Z_1429430/runs/orientdb/chiplet_x7/inst65/run.stdout.log	/home/seunghyun/ycsb/results/chiplet_ycsb_256mib_madracks-mnode5_20260314T060453Z_1429430/runs/orientdb/chiplet_x7
2026-03-14T06:24:31Z	madracks-mnode5	amd	orientdb	embedded	NO_RETIRED_INST_CYCLES	user	chiplet_x7	84	66	66	READ	10000	129.5187	24.0	16207.0	34.0	160.0	4099.0	8871.0	13999.0	ok	/home/seunghyun/ycsb/results/chiplet_ycsb_256mib_madracks-mnode5_20260314T060453Z_1429430/runs/orientdb/chiplet_x7/inst66/run.stdout.log	/home/seunghyun/ycsb/results/chiplet_ycsb_256mib_madracks-mnode5_20260314T060453Z_1429430/runs/orientdb/chiplet_x7
2026-03-14T06:24:31Z	madracks-mnode5	amd	orientdb	embedded	NO_RETIRED_INST_CYCLES	user	chiplet_x7	84	66	66	CLEANUP	1	74.0	74.0	74.0	74.0	74.0	74.0	74.0	74.0	ok	/home/seunghyun/ycsb/results/chiplet_ycsb_256mib_madracks-mnode5_20260314T060453Z_1429430/runs/orientdb/chiplet_x7/inst66/run.stdout.log	/home/seunghyun/ycsb/results/chiplet_ycsb_256mib_madracks-mnode5_20260314T060453Z_1429430/runs/orientdb/chiplet_x7
2026-03-14T06:24:31Z	madracks-mnode5	amd	orientdb	embedded	NO_RETIRED_INST_CYCLES	user	chiplet_x7	84	67	67	READ	10000	121.3675	24.0	16223.0	34.0	148.0	4061.0	8527.0	15263.0	ok	/home/seunghyun/ycsb/results/chiplet_ycsb_256mib_madracks-mnode5_20260314T060453Z_1429430/runs/orientdb/chiplet_x7/inst67/run.stdout.log	/home/seunghyun/ycsb/results/chiplet_ycsb_256mib_madracks-mnode5_20260314T060453Z_1429430/runs/orientdb/chiplet_x7
2026-03-14T06:24:31Z	madracks-mnode5	amd	orientdb	embedded	NO_RETIRED_INST_CYCLES	user	chiplet_x7	84	67	67	CLEANUP	1	68.0	68.0	68.0	68.0	68.0	68.0	68.0	68.0	ok	/home/seunghyun/ycsb/results/chiplet_ycsb_256mib_madracks-mnode5_20260314T060453Z_1429430/runs/orientdb/chiplet_x7/inst67/run.stdout.log	/home/seunghyun/ycsb/results/chiplet_ycsb_256mib_madracks-mnode5_20260314T060453Z_1429430/runs/orientdb/chiplet_x7
2026-03-14T06:24:31Z	madracks-mnode5	amd	orientdb	embedded	NO_RETIRED_INST_CYCLES	user	chiplet_x7	84	68	68	READ	10000	124.413	25.0	16255.0	34.0	156.0	4075.0	8551.0	15983.0	ok	/home/seunghyun/ycsb/results/chiplet_ycsb_256mib_madracks-mnode5_20260314T060453Z_1429430/runs/orientdb/chiplet_x7/inst68/run.stdout.log	/home/seunghyun/ycsb/results/chiplet_ycsb_256mib_madracks-mnode5_20260314T060453Z_1429430/runs/orientdb/chiplet_x7
2026-03-14T06:24:31Z	madracks-mnode5	amd	orientdb	embedded	NO_RETIRED_INST_CYCLES	user	chiplet_x7	84	68	68	CLEANUP	1	71.0	71.0	71.0	71.0	71.0	71.0	71.0	71.0	ok	/home/seunghyun/ycsb/results/chiplet_ycsb_256mib_madracks-mnode5_20260314T060453Z_1429430/runs/orientdb/chiplet_x7/inst68/run.stdout.log	/home/seunghyun/ycsb/results/chiplet_ycsb_256mib_madracks-mnode5_20260314T060453Z_1429430/runs/orientdb/chiplet_x7
2026-03-14T06:24:31Z	madracks-mnode5	amd	orientdb	embedded	NO_RETIRED_INST_CYCLES	user	chiplet_x7	84	69	69	READ	10000	123.4668	24.0	16263.0	36.0	152.0	4047.0	8607.0	15111.0	ok	/home/seunghyun/ycsb/results/chiplet_ycsb_256mib_madracks-mnode5_20260314T060453Z_1429430/runs/orientdb/chiplet_x7/inst69/run.stdout.log	/home/seunghyun/ycsb/results/chiplet_ycsb_256mib_madracks-mnode5_20260314T060453Z_1429430/runs/orientdb/chiplet_x7
2026-03-14T06:24:31Z	madracks-mnode5	amd	orientdb	embedded	NO_RETIRED_INST_CYCLES	user	chiplet_x7	84	69	69	CLEANUP	1	71.0	71.0	71.0	71.0	71.0	71.0	71.0	71.0	ok	/home/seunghyun/ycsb/results/chiplet_ycsb_256mib_madracks-mnode5_20260314T060453Z_1429430/runs/orientdb/chiplet_x7/inst69/run.stdout.log	/home/seunghyun/ycsb/results/chiplet_ycsb_256mib_madracks-mnode5_20260314T060453Z_1429430/runs/orientdb/chiplet_x7
2026-03-14T06:24:31Z	madracks-mnode5	amd	orientdb	embedded	NO_RETIRED_INST_CYCLES	user	chiplet_x7	84	70	70	READ	10000	127.3602	24.0	21823.0	33.0	154.0	4071.0	12871.0	20543.0	ok	/home/seunghyun/ycsb/results/chiplet_ycsb_256mib_madracks-mnode5_20260314T060453Z_1429430/runs/orientdb/chiplet_x7/inst70/run.stdout.log	/home/seunghyun/ycsb/results/chiplet_ycsb_256mib_madracks-mnode5_20260314T060453Z_1429430/runs/orientdb/chiplet_x7
2026-03-14T06:24:31Z	madracks-mnode5	amd	orientdb	embedded	NO_RETIRED_INST_CYCLES	user	chiplet_x7	84	70	70	CLEANUP	1	65.0	65.0	65.0	65.0	65.0	65.0	65.0	65.0	ok	/home/seunghyun/ycsb/results/chiplet_ycsb_256mib_madracks-mnode5_20260314T060453Z_1429430/runs/orientdb/chiplet_x7/inst70/run.stdout.log	/home/seunghyun/ycsb/results/chiplet_ycsb_256mib_madracks-mnode5_20260314T060453Z_1429430/runs/orientdb/chiplet_x7
2026-03-14T06:24:31Z	madracks-mnode5	amd	orientdb	embedded	NO_RETIRED_INST_CYCLES	user	chiplet_x7	84	71	71	READ	10000	121.8579	24.0	18191.0	35.0	151.0	4085.0	8623.0	16231.0	ok	/home/seunghyun/ycsb/results/chiplet_ycsb_256mib_madracks-mnode5_20260314T060453Z_1429430/runs/orientdb/chiplet_x7/inst71/run.stdout.log	/home/seunghyun/ycsb/results/chiplet_ycsb_256mib_madracks-mnode5_20260314T060453Z_1429430/runs/orientdb/chiplet_x7
2026-03-14T06:24:31Z	madracks-mnode5	amd	orientdb	embedded	NO_RETIRED_INST_CYCLES	user	chiplet_x7	84	71	71	CLEANUP	1	70.0	70.0	70.0	70.0	70.0	70.0	70.0	70.0	ok	/home/seunghyun/ycsb/results/chiplet_ycsb_256mib_madracks-mnode5_20260314T060453Z_1429430/runs/orientdb/chiplet_x7/inst71/run.stdout.log	/home/seunghyun/ycsb/results/chiplet_ycsb_256mib_madracks-mnode5_20260314T060453Z_1429430/runs/orientdb/chiplet_x7
2026-03-14T06:24:31Z	madracks-mnode5	amd	orientdb	embedded	NO_RETIRED_INST_CYCLES	user	chiplet_x7	84	72	72	READ	10000	118.4672	23.0	12311.0	33.0	145.0	4071.0	8559.0	12311.0	ok	/home/seunghyun/ycsb/results/chiplet_ycsb_256mib_madracks-mnode5_20260314T060453Z_1429430/runs/orientdb/chiplet_x7/inst72/run.stdout.log	/home/seunghyun/ycsb/results/chiplet_ycsb_256mib_madracks-mnode5_20260314T060453Z_1429430/runs/orientdb/chiplet_x7
2026-03-14T06:24:31Z	madracks-mnode5	amd	orientdb	embedded	NO_RETIRED_INST_CYCLES	user	chiplet_x7	84	72	72	CLEANUP	1	61.0	61.0	61.0	61.0	61.0	61.0	61.0	61.0	ok	/home/seunghyun/ycsb/results/chiplet_ycsb_256mib_madracks-mnode5_20260314T060453Z_1429430/runs/orientdb/chiplet_x7/inst72/run.stdout.log	/home/seunghyun/ycsb/results/chiplet_ycsb_256mib_madracks-mnode5_20260314T060453Z_1429430/runs/orientdb/chiplet_x7
2026-03-14T06:24:31Z	madracks-mnode5	amd	orientdb	embedded	NO_RETIRED_INST_CYCLES	user	chiplet_x7	84	73	73	READ	10000	119.5848	24.0	16375.0	34.0	150.0	4065.0	9311.0	16207.0	ok	/home/seunghyun/ycsb/results/chiplet_ycsb_256mib_madracks-mnode5_20260314T060453Z_1429430/runs/orientdb/chiplet_x7/inst73/run.stdout.log	/home/seunghyun/ycsb/results/chiplet_ycsb_256mib_madracks-mnode5_20260314T060453Z_1429430/runs/orientdb/chiplet_x7
2026-03-14T06:24:31Z	madracks-mnode5	amd	orientdb	embedded	NO_RETIRED_INST_CYCLES	user	chiplet_x7	84	73	73	CLEANUP	1	75.0	75.0	75.0	75.0	75.0	75.0	75.0	75.0	ok	/home/seunghyun/ycsb/results/chiplet_ycsb_256mib_madracks-mnode5_20260314T060453Z_1429430/runs/orientdb/chiplet_x7/inst73/run.stdout.log	/home/seunghyun/ycsb/results/chiplet_ycsb_256mib_madracks-mnode5_20260314T060453Z_1429430/runs/orientdb/chiplet_x7
2026-03-14T06:24:31Z	madracks-mnode5	amd	orientdb	embedded	NO_RETIRED_INST_CYCLES	user	chiplet_x7	84	74	74	READ	10000	127.621	25.0	18143.0	34.0	151.0	4077.0	12247.0	18143.0	ok	/home/seunghyun/ycsb/results/chiplet_ycsb_256mib_madracks-mnode5_20260314T060453Z_1429430/runs/orientdb/chiplet_x7/inst74/run.stdout.log	/home/seunghyun/ycsb/results/chiplet_ycsb_256mib_madracks-mnode5_20260314T060453Z_1429430/runs/orientdb/chiplet_x7
2026-03-14T06:24:31Z	madracks-mnode5	amd	orientdb	embedded	NO_RETIRED_INST_CYCLES	user	chiplet_x7	84	74	74	CLEANUP	1	80.0	80.0	80.0	80.0	80.0	80.0	80.0	80.0	ok	/home/seunghyun/ycsb/results/chiplet_ycsb_256mib_madracks-mnode5_20260314T060453Z_1429430/runs/orientdb/chiplet_x7/inst74/run.stdout.log	/home/seunghyun/ycsb/results/chiplet_ycsb_256mib_madracks-mnode5_20260314T060453Z_1429430/runs/orientdb/chiplet_x7
2026-03-14T06:24:31Z	madracks-mnode5	amd	orientdb	embedded	NO_RETIRED_INST_CYCLES	user	chiplet_x7	84	75	75	READ	10000	130.7762	25.0	16735.0	35.0	159.0	4087.0	11127.0	16303.0	ok	/home/seunghyun/ycsb/results/chiplet_ycsb_256mib_madracks-mnode5_20260314T060453Z_1429430/runs/orientdb/chiplet_x7/inst75/run.stdout.log	/home/seunghyun/ycsb/results/chiplet_ycsb_256mib_madracks-mnode5_20260314T060453Z_1429430/runs/orientdb/chiplet_x7
2026-03-14T06:24:31Z	madracks-mnode5	amd	orientdb	embedded	NO_RETIRED_INST_CYCLES	user	chiplet_x7	84	75	75	CLEANUP	1	67.0	67.0	67.0	67.0	67.0	67.0	67.0	67.0	ok	/home/seunghyun/ycsb/results/chiplet_ycsb_256mib_madracks-mnode5_20260314T060453Z_1429430/runs/orientdb/chiplet_x7/inst75/run.stdout.log	/home/seunghyun/ycsb/results/chiplet_ycsb_256mib_madracks-mnode5_20260314T060453Z_1429430/runs/orientdb/chiplet_x7
2026-03-14T06:24:31Z	madracks-mnode5	amd	orientdb	embedded	NO_RETIRED_INST_CYCLES	user	chiplet_x7	84	76	76	READ	10000	124.1085	24.0	16343.0	33.0	150.0	4067.0	12239.0	16183.0	ok	/home/seunghyun/ycsb/results/chiplet_ycsb_256mib_madracks-mnode5_20260314T060453Z_1429430/runs/orientdb/chiplet_x7/inst76/run.stdout.log	/home/seunghyun/ycsb/results/chiplet_ycsb_256mib_madracks-mnode5_20260314T060453Z_1429430/runs/orientdb/chiplet_x7
2026-03-14T06:24:31Z	madracks-mnode5	amd	orientdb	embedded	NO_RETIRED_INST_CYCLES	user	chiplet_x7	84	76	76	CLEANUP	1	66.0	66.0	66.0	66.0	66.0	66.0	66.0	66.0	ok	/home/seunghyun/ycsb/results/chiplet_ycsb_256mib_madracks-mnode5_20260314T060453Z_1429430/runs/orientdb/chiplet_x7/inst76/run.stdout.log	/home/seunghyun/ycsb/results/chiplet_ycsb_256mib_madracks-mnode5_20260314T060453Z_1429430/runs/orientdb/chiplet_x7
2026-03-14T06:24:31Z	madracks-mnode5	amd	orientdb	embedded	NO_RETIRED_INST_CYCLES	user	chiplet_x7	84	77	77	READ	10000	118.2647	25.0	16175.0	34.0	145.0	4063.0	9591.0	14959.0	ok	/home/seunghyun/ycsb/results/chiplet_ycsb_256mib_madracks-mnode5_20260314T060453Z_1429430/runs/orientdb/chiplet_x7/inst77/run.stdout.log	/home/seunghyun/ycsb/results/chiplet_ycsb_256mib_madracks-mnode5_20260314T060453Z_1429430/runs/orientdb/chiplet_x7
2026-03-14T06:24:31Z	madracks-mnode5	amd	orientdb	embedded	NO_RETIRED_INST_CYCLES	user	chiplet_x7	84	77	77	CLEANUP	1	72.0	72.0	72.0	72.0	72.0	72.0	72.0	72.0	ok	/home/seunghyun/ycsb/results/chiplet_ycsb_256mib_madracks-mnode5_20260314T060453Z_1429430/runs/orientdb/chiplet_x7/inst77/run.stdout.log	/home/seunghyun/ycsb/results/chiplet_ycsb_256mib_madracks-mnode5_20260314T060453Z_1429430/runs/orientdb/chiplet_x7
2026-03-14T06:24:31Z	madracks-mnode5	amd	orientdb	embedded	NO_RETIRED_INST_CYCLES	user	chiplet_x7	84	78	78	READ	10000	121.3576	24.0	16103.0	34.0	152.0	4061.0	8439.0	14959.0	ok	/home/seunghyun/ycsb/results/chiplet_ycsb_256mib_madracks-mnode5_20260314T060453Z_1429430/runs/orientdb/chiplet_x7/inst78/run.stdout.log	/home/seunghyun/ycsb/results/chiplet_ycsb_256mib_madracks-mnode5_20260314T060453Z_1429430/runs/orientdb/chiplet_x7
2026-03-14T06:24:31Z	madracks-mnode5	amd	orientdb	embedded	NO_RETIRED_INST_CYCLES	user	chiplet_x7	84	78	78	CLEANUP	1	71.0	71.0	71.0	71.0	71.0	71.0	71.0	71.0	ok	/home/seunghyun/ycsb/results/chiplet_ycsb_256mib_madracks-mnode5_20260314T060453Z_1429430/runs/orientdb/chiplet_x7/inst78/run.stdout.log	/home/seunghyun/ycsb/results/chiplet_ycsb_256mib_madracks-mnode5_20260314T060453Z_1429430/runs/orientdb/chiplet_x7
2026-03-14T06:24:31Z	madracks-mnode5	amd	orientdb	embedded	NO_RETIRED_INST_CYCLES	user	chiplet_x7	84	79	79	READ	10000	117.4647	24.0	16239.0	34.0	153.0	3577.0	8663.0	16111.0	ok	/home/seunghyun/ycsb/results/chiplet_ycsb_256mib_madracks-mnode5_20260314T060453Z_1429430/runs/orientdb/chiplet_x7/inst79/run.stdout.log	/home/seunghyun/ycsb/results/chiplet_ycsb_256mib_madracks-mnode5_20260314T060453Z_1429430/runs/orientdb/chiplet_x7
2026-03-14T06:24:31Z	madracks-mnode5	amd	orientdb	embedded	NO_RETIRED_INST_CYCLES	user	chiplet_x7	84	79	79	CLEANUP	1	61.0	61.0	61.0	61.0	61.0	61.0	61.0	61.0	ok	/home/seunghyun/ycsb/results/chiplet_ycsb_256mib_madracks-mnode5_20260314T060453Z_1429430/runs/orientdb/chiplet_x7/inst79/run.stdout.log	/home/seunghyun/ycsb/results/chiplet_ycsb_256mib_madracks-mnode5_20260314T060453Z_1429430/runs/orientdb/chiplet_x7
2026-03-14T06:24:31Z	madracks-mnode5	amd	orientdb	embedded	NO_RETIRED_INST_CYCLES	user	chiplet_x7	84	80	80	READ	10000	119.5704	25.0	12783.0	34.0	154.0	4087.0	8303.0	12215.0	ok	/home/seunghyun/ycsb/results/chiplet_ycsb_256mib_madracks-mnode5_20260314T060453Z_1429430/runs/orientdb/chiplet_x7/inst80/run.stdout.log	/home/seunghyun/ycsb/results/chiplet_ycsb_256mib_madracks-mnode5_20260314T060453Z_1429430/runs/orientdb/chiplet_x7
2026-03-14T06:24:31Z	madracks-mnode5	amd	orientdb	embedded	NO_RETIRED_INST_CYCLES	user	chiplet_x7	84	80	80	CLEANUP	1	76.0	76.0	76.0	76.0	76.0	76.0	76.0	76.0	ok	/home/seunghyun/ycsb/results/chiplet_ycsb_256mib_madracks-mnode5_20260314T060453Z_1429430/runs/orientdb/chiplet_x7/inst80/run.stdout.log	/home/seunghyun/ycsb/results/chiplet_ycsb_256mib_madracks-mnode5_20260314T060453Z_1429430/runs/orientdb/chiplet_x7
2026-03-14T06:24:31Z	madracks-mnode5	amd	orientdb	embedded	NO_RETIRED_INST_CYCLES	user	chiplet_x7	84	81	81	READ	10000	118.0795	25.0	15455.0	33.0	145.0	4065.0	8727.0	12439.0	ok	/home/seunghyun/ycsb/results/chiplet_ycsb_256mib_madracks-mnode5_20260314T060453Z_1429430/runs/orientdb/chiplet_x7/inst81/run.stdout.log	/home/seunghyun/ycsb/results/chiplet_ycsb_256mib_madracks-mnode5_20260314T060453Z_1429430/runs/orientdb/chiplet_x7
2026-03-14T06:24:31Z	madracks-mnode5	amd	orientdb	embedded	NO_RETIRED_INST_CYCLES	user	chiplet_x7	84	81	81	CLEANUP	1	68.0	68.0	68.0	68.0	68.0	68.0	68.0	68.0	ok	/home/seunghyun/ycsb/results/chiplet_ycsb_256mib_madracks-mnode5_20260314T060453Z_1429430/runs/orientdb/chiplet_x7/inst81/run.stdout.log	/home/seunghyun/ycsb/results/chiplet_ycsb_256mib_madracks-mnode5_20260314T060453Z_1429430/runs/orientdb/chiplet_x7
2026-03-14T06:24:31Z	madracks-mnode5	amd	orientdb	embedded	NO_RETIRED_INST_CYCLES	user	chiplet_x7	84	82	82	READ	10000	118.9377	24.0	18719.0	34.0	150.0	3947.0	9127.0	16327.0	ok	/home/seunghyun/ycsb/results/chiplet_ycsb_256mib_madracks-mnode5_20260314T060453Z_1429430/runs/orientdb/chiplet_x7/inst82/run.stdout.log	/home/seunghyun/ycsb/results/chiplet_ycsb_256mib_madracks-mnode5_20260314T060453Z_1429430/runs/orientdb/chiplet_x7
2026-03-14T06:24:31Z	madracks-mnode5	amd	orientdb	embedded	NO_RETIRED_INST_CYCLES	user	chiplet_x7	84	82	82	CLEANUP	1	66.0	66.0	66.0	66.0	66.0	66.0	66.0	66.0	ok	/home/seunghyun/ycsb/results/chiplet_ycsb_256mib_madracks-mnode5_20260314T060453Z_1429430/runs/orientdb/chiplet_x7/inst82/run.stdout.log	/home/seunghyun/ycsb/results/chiplet_ycsb_256mib_madracks-mnode5_20260314T060453Z_1429430/runs/orientdb/chiplet_x7
2026-03-14T06:24:31Z	madracks-mnode5	amd	orientdb	embedded	NO_RETIRED_INST_CYCLES	user	chiplet_x7	84	83	83	READ	10000	115.2688	24.0	16135.0	34.0	150.0	3497.0	8903.0	12695.0	ok	/home/seunghyun/ycsb/results/chiplet_ycsb_256mib_madracks-mnode5_20260314T060453Z_1429430/runs/orientdb/chiplet_x7/inst83/run.stdout.log	/home/seunghyun/ycsb/results/chiplet_ycsb_256mib_madracks-mnode5_20260314T060453Z_1429430/runs/orientdb/chiplet_x7
2026-03-14T06:24:31Z	madracks-mnode5	amd	orientdb	embedded	NO_RETIRED_INST_CYCLES	user	chiplet_x7	84	83	83	CLEANUP	1	71.0	71.0	71.0	71.0	71.0	71.0	71.0	71.0	ok	/home/seunghyun/ycsb/results/chiplet_ycsb_256mib_madracks-mnode5_20260314T060453Z_1429430/runs/orientdb/chiplet_x7/inst83/run.stdout.log	/home/seunghyun/ycsb/results/chiplet_ycsb_256mib_madracks-mnode5_20260314T060453Z_1429430/runs/orientdb/chiplet_x7
2026-03-14T06:29:07Z	madracks-mnode5	amd	elasticsearch	embedded	NO_RETIRED_INST_CYCLES	user	chiplet_x1	12	0	0	READ	10000	306.8688	35.0	26943.0	121.0	500.0	5475.0	9239.0	14951.0	ok	/home/seunghyun/ycsb/results/chiplet_ycsb_256mib_madracks-mnode5_20260314T060453Z_1429430/runs/elasticsearch/chiplet_x1/inst00/run.stdout.log	/home/seunghyun/ycsb/results/chiplet_ycsb_256mib_madracks-mnode5_20260314T060453Z_1429430/runs/elasticsearch/chiplet_x1
2026-03-14T06:29:07Z	madracks-mnode5	amd	elasticsearch	embedded	NO_RETIRED_INST_CYCLES	user	chiplet_x1	12	0	0	CLEANUP	1	52240.0	52224.0	52255.0	52255.0	52255.0	52255.0	52255.0	52255.0	ok	/home/seunghyun/ycsb/results/chiplet_ycsb_256mib_madracks-mnode5_20260314T060453Z_1429430/runs/elasticsearch/chiplet_x1/inst00/run.stdout.log	/home/seunghyun/ycsb/results/chiplet_ycsb_256mib_madracks-mnode5_20260314T060453Z_1429430/runs/elasticsearch/chiplet_x1
2026-03-14T06:29:07Z	madracks-mnode5	amd	elasticsearch	embedded	NO_RETIRED_INST_CYCLES	user	chiplet_x1	12	1	7	READ	10000	263.3857	39.0	20671.0	101.0	429.0	4999.0	8583.0	10143.0	ok	/home/seunghyun/ycsb/results/chiplet_ycsb_256mib_madracks-mnode5_20260314T060453Z_1429430/runs/elasticsearch/chiplet_x1/inst01/run.stdout.log	/home/seunghyun/ycsb/results/chiplet_ycsb_256mib_madracks-mnode5_20260314T060453Z_1429430/runs/elasticsearch/chiplet_x1
2026-03-14T06:29:07Z	madracks-mnode5	amd	elasticsearch	embedded	NO_RETIRED_INST_CYCLES	user	chiplet_x1	12	1	7	CLEANUP	1	42672.0	42656.0	42687.0	42687.0	42687.0	42687.0	42687.0	42687.0	ok	/home/seunghyun/ycsb/results/chiplet_ycsb_256mib_madracks-mnode5_20260314T060453Z_1429430/runs/elasticsearch/chiplet_x1/inst01/run.stdout.log	/home/seunghyun/ycsb/results/chiplet_ycsb_256mib_madracks-mnode5_20260314T060453Z_1429430/runs/elasticsearch/chiplet_x1
2026-03-14T06:29:07Z	madracks-mnode5	amd	elasticsearch	embedded	NO_RETIRED_INST_CYCLES	user	chiplet_x1	12	2	14	READ	10000	273.1009	40.0	20447.0	112.0	471.0	5223.0	7871.0	11287.0	ok	/home/seunghyun/ycsb/results/chiplet_ycsb_256mib_madracks-mnode5_20260314T060453Z_1429430/runs/elasticsearch/chiplet_x1/inst02/run.stdout.log	/home/seunghyun/ycsb/results/chiplet_ycsb_256mib_madracks-mnode5_20260314T060453Z_1429430/runs/elasticsearch/chiplet_x1
2026-03-14T06:29:07Z	madracks-mnode5	amd	elasticsearch	embedded	NO_RETIRED_INST_CYCLES	user	chiplet_x1	12	2	14	CLEANUP	1	52240.0	52224.0	52255.0	52255.0	52255.0	52255.0	52255.0	52255.0	ok	/home/seunghyun/ycsb/results/chiplet_ycsb_256mib_madracks-mnode5_20260314T060453Z_1429430/runs/elasticsearch/chiplet_x1/inst02/run.stdout.log	/home/seunghyun/ycsb/results/chiplet_ycsb_256mib_madracks-mnode5_20260314T060453Z_1429430/runs/elasticsearch/chiplet_x1
2026-03-14T06:29:07Z	madracks-mnode5	amd	elasticsearch	embedded	NO_RETIRED_INST_CYCLES	user	chiplet_x1	12	3	21	READ	10000	294.4683	41.0	32015.0	117.0	515.0	5623.0	8303.0	9535.0	ok	/home/seunghyun/ycsb/results/chiplet_ycsb_256mib_madracks-mnode5_20260314T060453Z_1429430/runs/elasticsearch/chiplet_x1/inst03/run.stdout.log	/home/seunghyun/ycsb/results/chiplet_ycsb_256mib_madracks-mnode5_20260314T060453Z_1429430/runs/elasticsearch/chiplet_x1
2026-03-14T06:29:07Z	madracks-mnode5	amd	elasticsearch	embedded	NO_RETIRED_INST_CYCLES	user	chiplet_x1	12	3	21	CLEANUP	1	43472.0	43456.0	43487.0	43487.0	43487.0	43487.0	43487.0	43487.0	ok	/home/seunghyun/ycsb/results/chiplet_ycsb_256mib_madracks-mnode5_20260314T060453Z_1429430/runs/elasticsearch/chiplet_x1/inst03/run.stdout.log	/home/seunghyun/ycsb/results/chiplet_ycsb_256mib_madracks-mnode5_20260314T060453Z_1429430/runs/elasticsearch/chiplet_x1
2026-03-14T06:29:07Z	madracks-mnode5	amd	elasticsearch	embedded	NO_RETIRED_INST_CYCLES	user	chiplet_x1	12	4	28	READ	10000	277.0711	38.0	24687.0	110.0	446.0	5483.0	7903.0	10967.0	ok	/home/seunghyun/ycsb/results/chiplet_ycsb_256mib_madracks-mnode5_20260314T060453Z_1429430/runs/elasticsearch/chiplet_x1/inst04/run.stdout.log	/home/seunghyun/ycsb/results/chiplet_ycsb_256mib_madracks-mnode5_20260314T060453Z_1429430/runs/elasticsearch/chiplet_x1
2026-03-14T06:29:07Z	madracks-mnode5	amd	elasticsearch	embedded	NO_RETIRED_INST_CYCLES	user	chiplet_x1	12	4	28	CLEANUP	1	52400.0	52384.0	52415.0	52415.0	52415.0	52415.0	52415.0	52415.0	ok	/home/seunghyun/ycsb/results/chiplet_ycsb_256mib_madracks-mnode5_20260314T060453Z_1429430/runs/elasticsearch/chiplet_x1/inst04/run.stdout.log	/home/seunghyun/ycsb/results/chiplet_ycsb_256mib_madracks-mnode5_20260314T060453Z_1429430/runs/elasticsearch/chiplet_x1
2026-03-14T06:29:07Z	madracks-mnode5	amd	elasticsearch	embedded	NO_RETIRED_INST_CYCLES	user	chiplet_x1	12	5	35	READ	10000	302.3015	38.0	33983.0	125.0	589.0	5295.0	8111.0	10471.0	ok	/home/seunghyun/ycsb/results/chiplet_ycsb_256mib_madracks-mnode5_20260314T060453Z_1429430/runs/elasticsearch/chiplet_x1/inst05/run.stdout.log	/home/seunghyun/ycsb/results/chiplet_ycsb_256mib_madracks-mnode5_20260314T060453Z_1429430/runs/elasticsearch/chiplet_x1
2026-03-14T06:29:07Z	madracks-mnode5	amd	elasticsearch	embedded	NO_RETIRED_INST_CYCLES	user	chiplet_x1	12	5	35	CLEANUP	1	54448.0	54432.0	54463.0	54463.0	54463.0	54463.0	54463.0	54463.0	ok	/home/seunghyun/ycsb/results/chiplet_ycsb_256mib_madracks-mnode5_20260314T060453Z_1429430/runs/elasticsearch/chiplet_x1/inst05/run.stdout.log	/home/seunghyun/ycsb/results/chiplet_ycsb_256mib_madracks-mnode5_20260314T060453Z_1429430/runs/elasticsearch/chiplet_x1
2026-03-14T06:29:07Z	madracks-mnode5	amd	elasticsearch	embedded	NO_RETIRED_INST_CYCLES	user	chiplet_x1	12	6	42	READ	10000	277.5255	40.0	29967.0	106.0	504.0	5175.0	8495.0	10623.0	ok	/home/seunghyun/ycsb/results/chiplet_ycsb_256mib_madracks-mnode5_20260314T060453Z_1429430/runs/elasticsearch/chiplet_x1/inst06/run.stdout.log	/home/seunghyun/ycsb/results/chiplet_ycsb_256mib_madracks-mnode5_20260314T060453Z_1429430/runs/elasticsearch/chiplet_x1
2026-03-14T06:29:07Z	madracks-mnode5	amd	elasticsearch	embedded	NO_RETIRED_INST_CYCLES	user	chiplet_x1	12	6	42	CLEANUP	1	52976.0	52960.0	52991.0	52991.0	52991.0	52991.0	52991.0	52991.0	ok	/home/seunghyun/ycsb/results/chiplet_ycsb_256mib_madracks-mnode5_20260314T060453Z_1429430/runs/elasticsearch/chiplet_x1/inst06/run.stdout.log	/home/seunghyun/ycsb/results/chiplet_ycsb_256mib_madracks-mnode5_20260314T060453Z_1429430/runs/elasticsearch/chiplet_x1
2026-03-14T06:29:07Z	madracks-mnode5	amd	elasticsearch	embedded	NO_RETIRED_INST_CYCLES	user	chiplet_x1	12	7	49	READ	10000	306.1326	40.0	35775.0	125.0	547.0	5571.0	8207.0	9943.0	ok	/home/seunghyun/ycsb/results/chiplet_ycsb_256mib_madracks-mnode5_20260314T060453Z_1429430/runs/elasticsearch/chiplet_x1/inst07/run.stdout.log	/home/seunghyun/ycsb/results/chiplet_ycsb_256mib_madracks-mnode5_20260314T060453Z_1429430/runs/elasticsearch/chiplet_x1
2026-03-14T06:29:07Z	madracks-mnode5	amd	elasticsearch	embedded	NO_RETIRED_INST_CYCLES	user	chiplet_x1	12	7	49	CLEANUP	1	52048.0	52032.0	52063.0	52063.0	52063.0	52063.0	52063.0	52063.0	ok	/home/seunghyun/ycsb/results/chiplet_ycsb_256mib_madracks-mnode5_20260314T060453Z_1429430/runs/elasticsearch/chiplet_x1/inst07/run.stdout.log	/home/seunghyun/ycsb/results/chiplet_ycsb_256mib_madracks-mnode5_20260314T060453Z_1429430/runs/elasticsearch/chiplet_x1
2026-03-14T06:29:07Z	madracks-mnode5	amd	elasticsearch	embedded	NO_RETIRED_INST_CYCLES	user	chiplet_x1	12	8	56	READ	10000	289.0353	41.0	23279.0	111.0	475.0	5443.0	7791.0	10175.0	ok	/home/seunghyun/ycsb/results/chiplet_ycsb_256mib_madracks-mnode5_20260314T060453Z_1429430/runs/elasticsearch/chiplet_x1/inst08/run.stdout.log	/home/seunghyun/ycsb/results/chiplet_ycsb_256mib_madracks-mnode5_20260314T060453Z_1429430/runs/elasticsearch/chiplet_x1
2026-03-14T06:29:07Z	madracks-mnode5	amd	elasticsearch	embedded	NO_RETIRED_INST_CYCLES	user	chiplet_x1	12	8	56	CLEANUP	1	47792.0	47776.0	47807.0	47807.0	47807.0	47807.0	47807.0	47807.0	ok	/home/seunghyun/ycsb/results/chiplet_ycsb_256mib_madracks-mnode5_20260314T060453Z_1429430/runs/elasticsearch/chiplet_x1/inst08/run.stdout.log	/home/seunghyun/ycsb/results/chiplet_ycsb_256mib_madracks-mnode5_20260314T060453Z_1429430/runs/elasticsearch/chiplet_x1
2026-03-14T06:29:07Z	madracks-mnode5	amd	elasticsearch	embedded	NO_RETIRED_INST_CYCLES	user	chiplet_x1	12	9	63	READ	10000	288.7554	36.0	31327.0	114.0	480.0	5583.0	7223.0	9271.0	ok	/home/seunghyun/ycsb/results/chiplet_ycsb_256mib_madracks-mnode5_20260314T060453Z_1429430/runs/elasticsearch/chiplet_x1/inst09/run.stdout.log	/home/seunghyun/ycsb/results/chiplet_ycsb_256mib_madracks-mnode5_20260314T060453Z_1429430/runs/elasticsearch/chiplet_x1
2026-03-14T06:29:07Z	madracks-mnode5	amd	elasticsearch	embedded	NO_RETIRED_INST_CYCLES	user	chiplet_x1	12	9	63	CLEANUP	1	50608.0	50592.0	50623.0	50623.0	50623.0	50623.0	50623.0	50623.0	ok	/home/seunghyun/ycsb/results/chiplet_ycsb_256mib_madracks-mnode5_20260314T060453Z_1429430/runs/elasticsearch/chiplet_x1/inst09/run.stdout.log	/home/seunghyun/ycsb/results/chiplet_ycsb_256mib_madracks-mnode5_20260314T060453Z_1429430/runs/elasticsearch/chiplet_x1
2026-03-14T06:29:07Z	madracks-mnode5	amd	elasticsearch	embedded	NO_RETIRED_INST_CYCLES	user	chiplet_x1	12	10	70	READ	10000	282.4713	43.0	29663.0	107.0	509.0	5451.0	7839.0	10415.0	ok	/home/seunghyun/ycsb/results/chiplet_ycsb_256mib_madracks-mnode5_20260314T060453Z_1429430/runs/elasticsearch/chiplet_x1/inst10/run.stdout.log	/home/seunghyun/ycsb/results/chiplet_ycsb_256mib_madracks-mnode5_20260314T060453Z_1429430/runs/elasticsearch/chiplet_x1
2026-03-14T06:29:07Z	madracks-mnode5	amd	elasticsearch	embedded	NO_RETIRED_INST_CYCLES	user	chiplet_x1	12	10	70	CLEANUP	1	53424.0	53408.0	53439.0	53439.0	53439.0	53439.0	53439.0	53439.0	ok	/home/seunghyun/ycsb/results/chiplet_ycsb_256mib_madracks-mnode5_20260314T060453Z_1429430/runs/elasticsearch/chiplet_x1/inst10/run.stdout.log	/home/seunghyun/ycsb/results/chiplet_ycsb_256mib_madracks-mnode5_20260314T060453Z_1429430/runs/elasticsearch/chiplet_x1
2026-03-14T06:29:07Z	madracks-mnode5	amd	elasticsearch	embedded	NO_RETIRED_INST_CYCLES	user	chiplet_x1	12	11	77	READ	10000	285.3255	39.0	23711.0	110.0	440.0	5435.0	7591.0	13903.0	ok	/home/seunghyun/ycsb/results/chiplet_ycsb_256mib_madracks-mnode5_20260314T060453Z_1429430/runs/elasticsearch/chiplet_x1/inst11/run.stdout.log	/home/seunghyun/ycsb/results/chiplet_ycsb_256mib_madracks-mnode5_20260314T060453Z_1429430/runs/elasticsearch/chiplet_x1
2026-03-14T06:29:07Z	madracks-mnode5	amd	elasticsearch	embedded	NO_RETIRED_INST_CYCLES	user	chiplet_x1	12	11	77	CLEANUP	1	41456.0	41440.0	41471.0	41471.0	41471.0	41471.0	41471.0	41471.0	ok	/home/seunghyun/ycsb/results/chiplet_ycsb_256mib_madracks-mnode5_20260314T060453Z_1429430/runs/elasticsearch/chiplet_x1/inst11/run.stdout.log	/home/seunghyun/ycsb/results/chiplet_ycsb_256mib_madracks-mnode5_20260314T060453Z_1429430/runs/elasticsearch/chiplet_x1
2026-03-14T06:34:33Z	madracks-mnode5	amd	elasticsearch	embedded	NO_RETIRED_INST_CYCLES	user	chiplet_x2	24	0	0	READ	10000	266.1953	40.0	19743.0	109.0	427.0	5127.0	7439.0	8567.0	ok	/home/seunghyun/ycsb/results/chiplet_ycsb_256mib_madracks-mnode5_20260314T060453Z_1429430/runs/elasticsearch/chiplet_x2/inst00/run.stdout.log	/home/seunghyun/ycsb/results/chiplet_ycsb_256mib_madracks-mnode5_20260314T060453Z_1429430/runs/elasticsearch/chiplet_x2
2026-03-14T06:34:33Z	madracks-mnode5	amd	elasticsearch	embedded	NO_RETIRED_INST_CYCLES	user	chiplet_x2	24	0	0	CLEANUP	1	41488.0	41472.0	41503.0	41503.0	41503.0	41503.0	41503.0	41503.0	ok	/home/seunghyun/ycsb/results/chiplet_ycsb_256mib_madracks-mnode5_20260314T060453Z_1429430/runs/elasticsearch/chiplet_x2/inst00/run.stdout.log	/home/seunghyun/ycsb/results/chiplet_ycsb_256mib_madracks-mnode5_20260314T060453Z_1429430/runs/elasticsearch/chiplet_x2
2026-03-14T06:34:33Z	madracks-mnode5	amd	elasticsearch	embedded	NO_RETIRED_INST_CYCLES	user	chiplet_x2	24	1	1	READ	10000	251.8523	38.0	20111.0	98.0	374.0	5387.0	8463.0	10447.0	ok	/home/seunghyun/ycsb/results/chiplet_ycsb_256mib_madracks-mnode5_20260314T060453Z_1429430/runs/elasticsearch/chiplet_x2/inst01/run.stdout.log	/home/seunghyun/ycsb/results/chiplet_ycsb_256mib_madracks-mnode5_20260314T060453Z_1429430/runs/elasticsearch/chiplet_x2
2026-03-14T06:34:33Z	madracks-mnode5	amd	elasticsearch	embedded	NO_RETIRED_INST_CYCLES	user	chiplet_x2	24	1	1	CLEANUP	1	47440.0	47424.0	47455.0	47455.0	47455.0	47455.0	47455.0	47455.0	ok	/home/seunghyun/ycsb/results/chiplet_ycsb_256mib_madracks-mnode5_20260314T060453Z_1429430/runs/elasticsearch/chiplet_x2/inst01/run.stdout.log	/home/seunghyun/ycsb/results/chiplet_ycsb_256mib_madracks-mnode5_20260314T060453Z_1429430/runs/elasticsearch/chiplet_x2
2026-03-14T06:34:33Z	madracks-mnode5	amd	elasticsearch	embedded	NO_RETIRED_INST_CYCLES	user	chiplet_x2	24	2	7	READ	10000	254.9868	37.0	29583.0	99.0	401.0	5295.0	7327.0	10767.0	ok	/home/seunghyun/ycsb/results/chiplet_ycsb_256mib_madracks-mnode5_20260314T060453Z_1429430/runs/elasticsearch/chiplet_x2/inst02/run.stdout.log	/home/seunghyun/ycsb/results/chiplet_ycsb_256mib_madracks-mnode5_20260314T060453Z_1429430/runs/elasticsearch/chiplet_x2
2026-03-14T06:34:33Z	madracks-mnode5	amd	elasticsearch	embedded	NO_RETIRED_INST_CYCLES	user	chiplet_x2	24	2	7	CLEANUP	1	49552.0	49536.0	49567.0	49567.0	49567.0	49567.0	49567.0	49567.0	ok	/home/seunghyun/ycsb/results/chiplet_ycsb_256mib_madracks-mnode5_20260314T060453Z_1429430/runs/elasticsearch/chiplet_x2/inst02/run.stdout.log	/home/seunghyun/ycsb/results/chiplet_ycsb_256mib_madracks-mnode5_20260314T060453Z_1429430/runs/elasticsearch/chiplet_x2
2026-03-14T06:34:33Z	madracks-mnode5	amd	elasticsearch	embedded	NO_RETIRED_INST_CYCLES	user	chiplet_x2	24	3	8	READ	10000	301.3956	38.0	32655.0	127.0	535.0	5415.0	7663.0	10735.0	ok	/home/seunghyun/ycsb/results/chiplet_ycsb_256mib_madracks-mnode5_20260314T060453Z_1429430/runs/elasticsearch/chiplet_x2/inst03/run.stdout.log	/home/seunghyun/ycsb/results/chiplet_ycsb_256mib_madracks-mnode5_20260314T060453Z_1429430/runs/elasticsearch/chiplet_x2
2026-03-14T06:34:33Z	madracks-mnode5	amd	elasticsearch	embedded	NO_RETIRED_INST_CYCLES	user	chiplet_x2	24	3	8	CLEANUP	1	42640.0	42624.0	42655.0	42655.0	42655.0	42655.0	42655.0	42655.0	ok	/home/seunghyun/ycsb/results/chiplet_ycsb_256mib_madracks-mnode5_20260314T060453Z_1429430/runs/elasticsearch/chiplet_x2/inst03/run.stdout.log	/home/seunghyun/ycsb/results/chiplet_ycsb_256mib_madracks-mnode5_20260314T060453Z_1429430/runs/elasticsearch/chiplet_x2
2026-03-14T06:34:33Z	madracks-mnode5	amd	elasticsearch	embedded	NO_RETIRED_INST_CYCLES	user	chiplet_x2	24	4	14	READ	10000	269.921	34.0	25343.0	109.0	446.0	5207.0	7939.0	10807.0	ok	/home/seunghyun/ycsb/results/chiplet_ycsb_256mib_madracks-mnode5_20260314T060453Z_1429430/runs/elasticsearch/chiplet_x2/inst04/run.stdout.log	/home/seunghyun/ycsb/results/chiplet_ycsb_256mib_madracks-mnode5_20260314T060453Z_1429430/runs/elasticsearch/chiplet_x2
2026-03-14T06:34:33Z	madracks-mnode5	amd	elasticsearch	embedded	NO_RETIRED_INST_CYCLES	user	chiplet_x2	24	4	14	CLEANUP	1	43216.0	43200.0	43231.0	43231.0	43231.0	43231.0	43231.0	43231.0	ok	/home/seunghyun/ycsb/results/chiplet_ycsb_256mib_madracks-mnode5_20260314T060453Z_1429430/runs/elasticsearch/chiplet_x2/inst04/run.stdout.log	/home/seunghyun/ycsb/results/chiplet_ycsb_256mib_madracks-mnode5_20260314T060453Z_1429430/runs/elasticsearch/chiplet_x2
2026-03-14T06:34:33Z	madracks-mnode5	amd	elasticsearch	embedded	NO_RETIRED_INST_CYCLES	user	chiplet_x2	24	5	15	READ	10000	286.3873	41.0	21215.0	115.0	474.0	5543.0	8423.0	10679.0	ok	/home/seunghyun/ycsb/results/chiplet_ycsb_256mib_madracks-mnode5_20260314T060453Z_1429430/runs/elasticsearch/chiplet_x2/inst05/run.stdout.log	/home/seunghyun/ycsb/results/chiplet_ycsb_256mib_madracks-mnode5_20260314T060453Z_1429430/runs/elasticsearch/chiplet_x2
2026-03-14T06:34:33Z	madracks-mnode5	amd	elasticsearch	embedded	NO_RETIRED_INST_CYCLES	user	chiplet_x2	24	5	15	CLEANUP	1	52464.0	52448.0	52479.0	52479.0	52479.0	52479.0	52479.0	52479.0	ok	/home/seunghyun/ycsb/results/chiplet_ycsb_256mib_madracks-mnode5_20260314T060453Z_1429430/runs/elasticsearch/chiplet_x2/inst05/run.stdout.log	/home/seunghyun/ycsb/results/chiplet_ycsb_256mib_madracks-mnode5_20260314T060453Z_1429430/runs/elasticsearch/chiplet_x2
2026-03-14T06:34:33Z	madracks-mnode5	amd	elasticsearch	embedded	NO_RETIRED_INST_CYCLES	user	chiplet_x2	24	6	21	READ	10000	299.0953	40.0	15735.0	119.0	553.0	5523.0	7923.0	11367.0	ok	/home/seunghyun/ycsb/results/chiplet_ycsb_256mib_madracks-mnode5_20260314T060453Z_1429430/runs/elasticsearch/chiplet_x2/inst06/run.stdout.log	/home/seunghyun/ycsb/results/chiplet_ycsb_256mib_madracks-mnode5_20260314T060453Z_1429430/runs/elasticsearch/chiplet_x2
2026-03-14T06:34:33Z	madracks-mnode5	amd	elasticsearch	embedded	NO_RETIRED_INST_CYCLES	user	chiplet_x2	24	6	21	CLEANUP	1	49648.0	49632.0	49663.0	49663.0	49663.0	49663.0	49663.0	49663.0	ok	/home/seunghyun/ycsb/results/chiplet_ycsb_256mib_madracks-mnode5_20260314T060453Z_1429430/runs/elasticsearch/chiplet_x2/inst06/run.stdout.log	/home/seunghyun/ycsb/results/chiplet_ycsb_256mib_madracks-mnode5_20260314T060453Z_1429430/runs/elasticsearch/chiplet_x2
2026-03-14T06:34:33Z	madracks-mnode5	amd	elasticsearch	embedded	NO_RETIRED_INST_CYCLES	user	chiplet_x2	24	7	22	READ	10000	245.2925	41.0	13695.0	94.0	367.0	5127.0	7483.0	12615.0	ok	/home/seunghyun/ycsb/results/chiplet_ycsb_256mib_madracks-mnode5_20260314T060453Z_1429430/runs/elasticsearch/chiplet_x2/inst07/run.stdout.log	/home/seunghyun/ycsb/results/chiplet_ycsb_256mib_madracks-mnode5_20260314T060453Z_1429430/runs/elasticsearch/chiplet_x2
2026-03-14T06:34:33Z	madracks-mnode5	amd	elasticsearch	embedded	NO_RETIRED_INST_CYCLES	user	chiplet_x2	24	7	22	CLEANUP	1	41136.0	41120.0	41151.0	41151.0	41151.0	41151.0	41151.0	41151.0	ok	/home/seunghyun/ycsb/results/chiplet_ycsb_256mib_madracks-mnode5_20260314T060453Z_1429430/runs/elasticsearch/chiplet_x2/inst07/run.stdout.log	/home/seunghyun/ycsb/results/chiplet_ycsb_256mib_madracks-mnode5_20260314T060453Z_1429430/runs/elasticsearch/chiplet_x2
2026-03-14T06:34:33Z	madracks-mnode5	amd	elasticsearch	embedded	NO_RETIRED_INST_CYCLES	user	chiplet_x2	24	8	28	READ	10000	290.3225	37.0	22031.0	113.0	498.0	5311.0	7615.0	11639.0	ok	/home/seunghyun/ycsb/results/chiplet_ycsb_256mib_madracks-mnode5_20260314T060453Z_1429430/runs/elasticsearch/chiplet_x2/inst08/run.stdout.log	/home/seunghyun/ycsb/results/chiplet_ycsb_256mib_madracks-mnode5_20260314T060453Z_1429430/runs/elasticsearch/chiplet_x2
2026-03-14T06:34:33Z	madracks-mnode5	amd	elasticsearch	embedded	NO_RETIRED_INST_CYCLES	user	chiplet_x2	24	8	28	CLEANUP	1	55696.0	55680.0	55711.0	55711.0	55711.0	55711.0	55711.0	55711.0	ok	/home/seunghyun/ycsb/results/chiplet_ycsb_256mib_madracks-mnode5_20260314T060453Z_1429430/runs/elasticsearch/chiplet_x2/inst08/run.stdout.log	/home/seunghyun/ycsb/results/chiplet_ycsb_256mib_madracks-mnode5_20260314T060453Z_1429430/runs/elasticsearch/chiplet_x2
2026-03-14T06:34:33Z	madracks-mnode5	amd	elasticsearch	embedded	NO_RETIRED_INST_CYCLES	user	chiplet_x2	24	9	29	READ	10000	301.1836	41.0	23663.0	120.0	472.0	5735.0	8671.0	10303.0	ok	/home/seunghyun/ycsb/results/chiplet_ycsb_256mib_madracks-mnode5_20260314T060453Z_1429430/runs/elasticsearch/chiplet_x2/inst09/run.stdout.log	/home/seunghyun/ycsb/results/chiplet_ycsb_256mib_madracks-mnode5_20260314T060453Z_1429430/runs/elasticsearch/chiplet_x2
2026-03-14T06:34:33Z	madracks-mnode5	amd	elasticsearch	embedded	NO_RETIRED_INST_CYCLES	user	chiplet_x2	24	9	29	CLEANUP	1	46576.0	46560.0	46591.0	46591.0	46591.0	46591.0	46591.0	46591.0	ok	/home/seunghyun/ycsb/results/chiplet_ycsb_256mib_madracks-mnode5_20260314T060453Z_1429430/runs/elasticsearch/chiplet_x2/inst09/run.stdout.log	/home/seunghyun/ycsb/results/chiplet_ycsb_256mib_madracks-mnode5_20260314T060453Z_1429430/runs/elasticsearch/chiplet_x2
2026-03-14T06:34:33Z	madracks-mnode5	amd	elasticsearch	embedded	NO_RETIRED_INST_CYCLES	user	chiplet_x2	24	10	35	READ	10000	276.438	35.0	22895.0	115.0	484.0	5235.0	7759.0	10271.0	ok	/home/seunghyun/ycsb/results/chiplet_ycsb_256mib_madracks-mnode5_20260314T060453Z_1429430/runs/elasticsearch/chiplet_x2/inst10/run.stdout.log	/home/seunghyun/ycsb/results/chiplet_ycsb_256mib_madracks-mnode5_20260314T060453Z_1429430/runs/elasticsearch/chiplet_x2
2026-03-14T06:34:33Z	madracks-mnode5	amd	elasticsearch	embedded	NO_RETIRED_INST_CYCLES	user	chiplet_x2	24	10	35	CLEANUP	1	49488.0	49472.0	49503.0	49503.0	49503.0	49503.0	49503.0	49503.0	ok	/home/seunghyun/ycsb/results/chiplet_ycsb_256mib_madracks-mnode5_20260314T060453Z_1429430/runs/elasticsearch/chiplet_x2/inst10/run.stdout.log	/home/seunghyun/ycsb/results/chiplet_ycsb_256mib_madracks-mnode5_20260314T060453Z_1429430/runs/elasticsearch/chiplet_x2
2026-03-14T06:34:33Z	madracks-mnode5	amd	elasticsearch	embedded	NO_RETIRED_INST_CYCLES	user	chiplet_x2	24	11	36	READ	10000	281.4557	40.0	29647.0	117.0	443.0	5371.0	8703.0	10639.0	ok	/home/seunghyun/ycsb/results/chiplet_ycsb_256mib_madracks-mnode5_20260314T060453Z_1429430/runs/elasticsearch/chiplet_x2/inst11/run.stdout.log	/home/seunghyun/ycsb/results/chiplet_ycsb_256mib_madracks-mnode5_20260314T060453Z_1429430/runs/elasticsearch/chiplet_x2
2026-03-14T06:34:33Z	madracks-mnode5	amd	elasticsearch	embedded	NO_RETIRED_INST_CYCLES	user	chiplet_x2	24	11	36	CLEANUP	1	46896.0	46880.0	46911.0	46911.0	46911.0	46911.0	46911.0	46911.0	ok	/home/seunghyun/ycsb/results/chiplet_ycsb_256mib_madracks-mnode5_20260314T060453Z_1429430/runs/elasticsearch/chiplet_x2/inst11/run.stdout.log	/home/seunghyun/ycsb/results/chiplet_ycsb_256mib_madracks-mnode5_20260314T060453Z_1429430/runs/elasticsearch/chiplet_x2
2026-03-14T06:34:33Z	madracks-mnode5	amd	elasticsearch	embedded	NO_RETIRED_INST_CYCLES	user	chiplet_x2	24	12	42	READ	10000	255.8327	38.0	14455.0	98.0	387.0	5339.0	8463.0	10711.0	ok	/home/seunghyun/ycsb/results/chiplet_ycsb_256mib_madracks-mnode5_20260314T060453Z_1429430/runs/elasticsearch/chiplet_x2/inst12/run.stdout.log	/home/seunghyun/ycsb/results/chiplet_ycsb_256mib_madracks-mnode5_20260314T060453Z_1429430/runs/elasticsearch/chiplet_x2
2026-03-14T06:34:33Z	madracks-mnode5	amd	elasticsearch	embedded	NO_RETIRED_INST_CYCLES	user	chiplet_x2	24	12	42	CLEANUP	1	44944.0	44928.0	44959.0	44959.0	44959.0	44959.0	44959.0	44959.0	ok	/home/seunghyun/ycsb/results/chiplet_ycsb_256mib_madracks-mnode5_20260314T060453Z_1429430/runs/elasticsearch/chiplet_x2/inst12/run.stdout.log	/home/seunghyun/ycsb/results/chiplet_ycsb_256mib_madracks-mnode5_20260314T060453Z_1429430/runs/elasticsearch/chiplet_x2
2026-03-14T06:34:33Z	madracks-mnode5	amd	elasticsearch	embedded	NO_RETIRED_INST_CYCLES	user	chiplet_x2	24	13	43	READ	10000	293.1537	42.0	33087.0	121.0	517.0	5183.0	7487.0	9495.0	ok	/home/seunghyun/ycsb/results/chiplet_ycsb_256mib_madracks-mnode5_20260314T060453Z_1429430/runs/elasticsearch/chiplet_x2/inst13/run.stdout.log	/home/seunghyun/ycsb/results/chiplet_ycsb_256mib_madracks-mnode5_20260314T060453Z_1429430/runs/elasticsearch/chiplet_x2
2026-03-14T06:34:33Z	madracks-mnode5	amd	elasticsearch	embedded	NO_RETIRED_INST_CYCLES	user	chiplet_x2	24	13	43	CLEANUP	1	52144.0	52128.0	52159.0	52159.0	52159.0	52159.0	52159.0	52159.0	ok	/home/seunghyun/ycsb/results/chiplet_ycsb_256mib_madracks-mnode5_20260314T060453Z_1429430/runs/elasticsearch/chiplet_x2/inst13/run.stdout.log	/home/seunghyun/ycsb/results/chiplet_ycsb_256mib_madracks-mnode5_20260314T060453Z_1429430/runs/elasticsearch/chiplet_x2
2026-03-14T06:34:33Z	madracks-mnode5	amd	elasticsearch	embedded	NO_RETIRED_INST_CYCLES	user	chiplet_x2	24	14	49	READ	10000	271.9931	39.0	29887.0	106.0	404.0	5351.0	7775.0	11367.0	ok	/home/seunghyun/ycsb/results/chiplet_ycsb_256mib_madracks-mnode5_20260314T060453Z_1429430/runs/elasticsearch/chiplet_x2/inst14/run.stdout.log	/home/seunghyun/ycsb/results/chiplet_ycsb_256mib_madracks-mnode5_20260314T060453Z_1429430/runs/elasticsearch/chiplet_x2
2026-03-14T06:34:33Z	madracks-mnode5	amd	elasticsearch	embedded	NO_RETIRED_INST_CYCLES	user	chiplet_x2	24	14	49	CLEANUP	1	41872.0	41856.0	41887.0	41887.0	41887.0	41887.0	41887.0	41887.0	ok	/home/seunghyun/ycsb/results/chiplet_ycsb_256mib_madracks-mnode5_20260314T060453Z_1429430/runs/elasticsearch/chiplet_x2/inst14/run.stdout.log	/home/seunghyun/ycsb/results/chiplet_ycsb_256mib_madracks-mnode5_20260314T060453Z_1429430/runs/elasticsearch/chiplet_x2
2026-03-14T06:34:33Z	madracks-mnode5	amd	elasticsearch	embedded	NO_RETIRED_INST_CYCLES	user	chiplet_x2	24	15	50	READ	10000	268.7061	32.0	18639.0	103.0	418.0	5399.0	7183.0	9503.0	ok	/home/seunghyun/ycsb/results/chiplet_ycsb_256mib_madracks-mnode5_20260314T060453Z_1429430/runs/elasticsearch/chiplet_x2/inst15/run.stdout.log	/home/seunghyun/ycsb/results/chiplet_ycsb_256mib_madracks-mnode5_20260314T060453Z_1429430/runs/elasticsearch/chiplet_x2
2026-03-14T06:34:33Z	madracks-mnode5	amd	elasticsearch	embedded	NO_RETIRED_INST_CYCLES	user	chiplet_x2	24	15	50	CLEANUP	1	49296.0	49280.0	49311.0	49311.0	49311.0	49311.0	49311.0	49311.0	ok	/home/seunghyun/ycsb/results/chiplet_ycsb_256mib_madracks-mnode5_20260314T060453Z_1429430/runs/elasticsearch/chiplet_x2/inst15/run.stdout.log	/home/seunghyun/ycsb/results/chiplet_ycsb_256mib_madracks-mnode5_20260314T060453Z_1429430/runs/elasticsearch/chiplet_x2
2026-03-14T06:34:33Z	madracks-mnode5	amd	elasticsearch	embedded	NO_RETIRED_INST_CYCLES	user	chiplet_x2	24	16	56	READ	10000	247.2384	35.0	21663.0	97.0	359.0	5007.0	8123.0	11103.0	ok	/home/seunghyun/ycsb/results/chiplet_ycsb_256mib_madracks-mnode5_20260314T060453Z_1429430/runs/elasticsearch/chiplet_x2/inst16/run.stdout.log	/home/seunghyun/ycsb/results/chiplet_ycsb_256mib_madracks-mnode5_20260314T060453Z_1429430/runs/elasticsearch/chiplet_x2
2026-03-14T06:34:33Z	madracks-mnode5	amd	elasticsearch	embedded	NO_RETIRED_INST_CYCLES	user	chiplet_x2	24	16	56	CLEANUP	1	43792.0	43776.0	43807.0	43807.0	43807.0	43807.0	43807.0	43807.0	ok	/home/seunghyun/ycsb/results/chiplet_ycsb_256mib_madracks-mnode5_20260314T060453Z_1429430/runs/elasticsearch/chiplet_x2/inst16/run.stdout.log	/home/seunghyun/ycsb/results/chiplet_ycsb_256mib_madracks-mnode5_20260314T060453Z_1429430/runs/elasticsearch/chiplet_x2
2026-03-14T06:34:33Z	madracks-mnode5	amd	elasticsearch	embedded	NO_RETIRED_INST_CYCLES	user	chiplet_x2	24	17	57	READ	10000	262.566	41.0	29231.0	101.0	398.0	5203.0	8059.0	10655.0	ok	/home/seunghyun/ycsb/results/chiplet_ycsb_256mib_madracks-mnode5_20260314T060453Z_1429430/runs/elasticsearch/chiplet_x2/inst17/run.stdout.log	/home/seunghyun/ycsb/results/chiplet_ycsb_256mib_madracks-mnode5_20260314T060453Z_1429430/runs/elasticsearch/chiplet_x2
2026-03-14T06:34:33Z	madracks-mnode5	amd	elasticsearch	embedded	NO_RETIRED_INST_CYCLES	user	chiplet_x2	24	17	57	CLEANUP	1	50928.0	50912.0	50943.0	50943.0	50943.0	50943.0	50943.0	50943.0	ok	/home/seunghyun/ycsb/results/chiplet_ycsb_256mib_madracks-mnode5_20260314T060453Z_1429430/runs/elasticsearch/chiplet_x2/inst17/run.stdout.log	/home/seunghyun/ycsb/results/chiplet_ycsb_256mib_madracks-mnode5_20260314T060453Z_1429430/runs/elasticsearch/chiplet_x2
2026-03-14T06:34:33Z	madracks-mnode5	amd	elasticsearch	embedded	NO_RETIRED_INST_CYCLES	user	chiplet_x2	24	18	63	READ	10000	260.1996	42.0	29983.0	101.0	399.0	5379.0	7867.0	9791.0	ok	/home/seunghyun/ycsb/results/chiplet_ycsb_256mib_madracks-mnode5_20260314T060453Z_1429430/runs/elasticsearch/chiplet_x2/inst18/run.stdout.log	/home/seunghyun/ycsb/results/chiplet_ycsb_256mib_madracks-mnode5_20260314T060453Z_1429430/runs/elasticsearch/chiplet_x2
2026-03-14T06:34:33Z	madracks-mnode5	amd	elasticsearch	embedded	NO_RETIRED_INST_CYCLES	user	chiplet_x2	24	18	63	CLEANUP	1	47408.0	47392.0	47423.0	47423.0	47423.0	47423.0	47423.0	47423.0	ok	/home/seunghyun/ycsb/results/chiplet_ycsb_256mib_madracks-mnode5_20260314T060453Z_1429430/runs/elasticsearch/chiplet_x2/inst18/run.stdout.log	/home/seunghyun/ycsb/results/chiplet_ycsb_256mib_madracks-mnode5_20260314T060453Z_1429430/runs/elasticsearch/chiplet_x2
2026-03-14T06:34:33Z	madracks-mnode5	amd	elasticsearch	embedded	NO_RETIRED_INST_CYCLES	user	chiplet_x2	24	19	64	READ	10000	276.308	41.0	19279.0	116.0	456.0	5151.0	7931.0	9975.0	ok	/home/seunghyun/ycsb/results/chiplet_ycsb_256mib_madracks-mnode5_20260314T060453Z_1429430/runs/elasticsearch/chiplet_x2/inst19/run.stdout.log	/home/seunghyun/ycsb/results/chiplet_ycsb_256mib_madracks-mnode5_20260314T060453Z_1429430/runs/elasticsearch/chiplet_x2
2026-03-14T06:34:33Z	madracks-mnode5	amd	elasticsearch	embedded	NO_RETIRED_INST_CYCLES	user	chiplet_x2	24	19	64	CLEANUP	1	51280.0	51264.0	51295.0	51295.0	51295.0	51295.0	51295.0	51295.0	ok	/home/seunghyun/ycsb/results/chiplet_ycsb_256mib_madracks-mnode5_20260314T060453Z_1429430/runs/elasticsearch/chiplet_x2/inst19/run.stdout.log	/home/seunghyun/ycsb/results/chiplet_ycsb_256mib_madracks-mnode5_20260314T060453Z_1429430/runs/elasticsearch/chiplet_x2
2026-03-14T06:34:33Z	madracks-mnode5	amd	elasticsearch	embedded	NO_RETIRED_INST_CYCLES	user	chiplet_x2	24	20	70	READ	10000	270.4857	40.0	32895.0	111.0	431.0	5239.0	7599.0	10695.0	ok	/home/seunghyun/ycsb/results/chiplet_ycsb_256mib_madracks-mnode5_20260314T060453Z_1429430/runs/elasticsearch/chiplet_x2/inst20/run.stdout.log	/home/seunghyun/ycsb/results/chiplet_ycsb_256mib_madracks-mnode5_20260314T060453Z_1429430/runs/elasticsearch/chiplet_x2
2026-03-14T06:34:33Z	madracks-mnode5	amd	elasticsearch	embedded	NO_RETIRED_INST_CYCLES	user	chiplet_x2	24	20	70	CLEANUP	1	47376.0	47360.0	47391.0	47391.0	47391.0	47391.0	47391.0	47391.0	ok	/home/seunghyun/ycsb/results/chiplet_ycsb_256mib_madracks-mnode5_20260314T060453Z_1429430/runs/elasticsearch/chiplet_x2/inst20/run.stdout.log	/home/seunghyun/ycsb/results/chiplet_ycsb_256mib_madracks-mnode5_20260314T060453Z_1429430/runs/elasticsearch/chiplet_x2
2026-03-14T06:34:33Z	madracks-mnode5	amd	elasticsearch	embedded	NO_RETIRED_INST_CYCLES	user	chiplet_x2	24	21	71	READ	10000	278.3035	44.0	19343.0	113.0	465.0	5175.0	8055.0	10943.0	ok	/home/seunghyun/ycsb/results/chiplet_ycsb_256mib_madracks-mnode5_20260314T060453Z_1429430/runs/elasticsearch/chiplet_x2/inst21/run.stdout.log	/home/seunghyun/ycsb/results/chiplet_ycsb_256mib_madracks-mnode5_20260314T060453Z_1429430/runs/elasticsearch/chiplet_x2
2026-03-14T06:34:33Z	madracks-mnode5	amd	elasticsearch	embedded	NO_RETIRED_INST_CYCLES	user	chiplet_x2	24	21	71	CLEANUP	1	48176.0	48160.0	48191.0	48191.0	48191.0	48191.0	48191.0	48191.0	ok	/home/seunghyun/ycsb/results/chiplet_ycsb_256mib_madracks-mnode5_20260314T060453Z_1429430/runs/elasticsearch/chiplet_x2/inst21/run.stdout.log	/home/seunghyun/ycsb/results/chiplet_ycsb_256mib_madracks-mnode5_20260314T060453Z_1429430/runs/elasticsearch/chiplet_x2
2026-03-14T06:34:33Z	madracks-mnode5	amd	elasticsearch	embedded	NO_RETIRED_INST_CYCLES	user	chiplet_x2	24	22	77	READ	10000	266.5495	41.0	26511.0	109.0	422.0	5231.0	7587.0	10167.0	ok	/home/seunghyun/ycsb/results/chiplet_ycsb_256mib_madracks-mnode5_20260314T060453Z_1429430/runs/elasticsearch/chiplet_x2/inst22/run.stdout.log	/home/seunghyun/ycsb/results/chiplet_ycsb_256mib_madracks-mnode5_20260314T060453Z_1429430/runs/elasticsearch/chiplet_x2
2026-03-14T06:34:33Z	madracks-mnode5	amd	elasticsearch	embedded	NO_RETIRED_INST_CYCLES	user	chiplet_x2	24	22	77	CLEANUP	1	43920.0	43904.0	43935.0	43935.0	43935.0	43935.0	43935.0	43935.0	ok	/home/seunghyun/ycsb/results/chiplet_ycsb_256mib_madracks-mnode5_20260314T060453Z_1429430/runs/elasticsearch/chiplet_x2/inst22/run.stdout.log	/home/seunghyun/ycsb/results/chiplet_ycsb_256mib_madracks-mnode5_20260314T060453Z_1429430/runs/elasticsearch/chiplet_x2
2026-03-14T06:34:33Z	madracks-mnode5	amd	elasticsearch	embedded	NO_RETIRED_INST_CYCLES	user	chiplet_x2	24	23	78	READ	10000	288.5938	38.0	29455.0	114.0	510.0	5347.0	7695.0	9911.0	ok	/home/seunghyun/ycsb/results/chiplet_ycsb_256mib_madracks-mnode5_20260314T060453Z_1429430/runs/elasticsearch/chiplet_x2/inst23/run.stdout.log	/home/seunghyun/ycsb/results/chiplet_ycsb_256mib_madracks-mnode5_20260314T060453Z_1429430/runs/elasticsearch/chiplet_x2
2026-03-14T06:34:33Z	madracks-mnode5	amd	elasticsearch	embedded	NO_RETIRED_INST_CYCLES	user	chiplet_x2	24	23	78	CLEANUP	1	47856.0	47840.0	47871.0	47871.0	47871.0	47871.0	47871.0	47871.0	ok	/home/seunghyun/ycsb/results/chiplet_ycsb_256mib_madracks-mnode5_20260314T060453Z_1429430/runs/elasticsearch/chiplet_x2/inst23/run.stdout.log	/home/seunghyun/ycsb/results/chiplet_ycsb_256mib_madracks-mnode5_20260314T060453Z_1429430/runs/elasticsearch/chiplet_x2
2026-03-14T06:41:25Z	madracks-mnode5	amd	elasticsearch	embedded	NO_RETIRED_INST_CYCLES	user	chiplet_x3	36	0	0	READ	10000	262.407	40.0	21535.0	100.0	412.0	5183.0	8471.0	10631.0	ok	/home/seunghyun/ycsb/results/chiplet_ycsb_256mib_madracks-mnode5_20260314T060453Z_1429430/runs/elasticsearch/chiplet_x3/inst00/run.stdout.log	/home/seunghyun/ycsb/results/chiplet_ycsb_256mib_madracks-mnode5_20260314T060453Z_1429430/runs/elasticsearch/chiplet_x3
2026-03-14T06:41:25Z	madracks-mnode5	amd	elasticsearch	embedded	NO_RETIRED_INST_CYCLES	user	chiplet_x3	36	0	0	CLEANUP	1	46736.0	46720.0	46751.0	46751.0	46751.0	46751.0	46751.0	46751.0	ok	/home/seunghyun/ycsb/results/chiplet_ycsb_256mib_madracks-mnode5_20260314T060453Z_1429430/runs/elasticsearch/chiplet_x3/inst00/run.stdout.log	/home/seunghyun/ycsb/results/chiplet_ycsb_256mib_madracks-mnode5_20260314T060453Z_1429430/runs/elasticsearch/chiplet_x3
2026-03-14T06:41:25Z	madracks-mnode5	amd	elasticsearch	embedded	NO_RETIRED_INST_CYCLES	user	chiplet_x3	36	1	1	READ	10000	270.4978	40.0	26367.0	106.0	416.0	5479.0	7847.0	9911.0	ok	/home/seunghyun/ycsb/results/chiplet_ycsb_256mib_madracks-mnode5_20260314T060453Z_1429430/runs/elasticsearch/chiplet_x3/inst01/run.stdout.log	/home/seunghyun/ycsb/results/chiplet_ycsb_256mib_madracks-mnode5_20260314T060453Z_1429430/runs/elasticsearch/chiplet_x3
2026-03-14T06:41:25Z	madracks-mnode5	amd	elasticsearch	embedded	NO_RETIRED_INST_CYCLES	user	chiplet_x3	36	1	1	CLEANUP	1	54512.0	54496.0	54527.0	54527.0	54527.0	54527.0	54527.0	54527.0	ok	/home/seunghyun/ycsb/results/chiplet_ycsb_256mib_madracks-mnode5_20260314T060453Z_1429430/runs/elasticsearch/chiplet_x3/inst01/run.stdout.log	/home/seunghyun/ycsb/results/chiplet_ycsb_256mib_madracks-mnode5_20260314T060453Z_1429430/runs/elasticsearch/chiplet_x3
2026-03-14T06:41:25Z	madracks-mnode5	amd	elasticsearch	embedded	NO_RETIRED_INST_CYCLES	user	chiplet_x3	36	2	2	READ	10000	267.575	38.0	22351.0	100.0	417.0	5147.0	7943.0	10063.0	ok	/home/seunghyun/ycsb/results/chiplet_ycsb_256mib_madracks-mnode5_20260314T060453Z_1429430/runs/elasticsearch/chiplet_x3/inst02/run.stdout.log	/home/seunghyun/ycsb/results/chiplet_ycsb_256mib_madracks-mnode5_20260314T060453Z_1429430/runs/elasticsearch/chiplet_x3
2026-03-14T06:41:25Z	madracks-mnode5	amd	elasticsearch	embedded	NO_RETIRED_INST_CYCLES	user	chiplet_x3	36	2	2	CLEANUP	1	57328.0	57312.0	57343.0	57343.0	57343.0	57343.0	57343.0	57343.0	ok	/home/seunghyun/ycsb/results/chiplet_ycsb_256mib_madracks-mnode5_20260314T060453Z_1429430/runs/elasticsearch/chiplet_x3/inst02/run.stdout.log	/home/seunghyun/ycsb/results/chiplet_ycsb_256mib_madracks-mnode5_20260314T060453Z_1429430/runs/elasticsearch/chiplet_x3
2026-03-14T06:41:25Z	madracks-mnode5	amd	elasticsearch	embedded	NO_RETIRED_INST_CYCLES	user	chiplet_x3	36	3	7	READ	10000	263.3777	41.0	26799.0	104.0	396.0	5307.0	8495.0	10631.0	ok	/home/seunghyun/ycsb/results/chiplet_ycsb_256mib_madracks-mnode5_20260314T060453Z_1429430/runs/elasticsearch/chiplet_x3/inst03/run.stdout.log	/home/seunghyun/ycsb/results/chiplet_ycsb_256mib_madracks-mnode5_20260314T060453Z_1429430/runs/elasticsearch/chiplet_x3
2026-03-14T06:41:25Z	madracks-mnode5	amd	elasticsearch	embedded	NO_RETIRED_INST_CYCLES	user	chiplet_x3	36	3	7	CLEANUP	1	50384.0	50368.0	50399.0	50399.0	50399.0	50399.0	50399.0	50399.0	ok	/home/seunghyun/ycsb/results/chiplet_ycsb_256mib_madracks-mnode5_20260314T060453Z_1429430/runs/elasticsearch/chiplet_x3/inst03/run.stdout.log	/home/seunghyun/ycsb/results/chiplet_ycsb_256mib_madracks-mnode5_20260314T060453Z_1429430/runs/elasticsearch/chiplet_x3
2026-03-14T06:41:25Z	madracks-mnode5	amd	elasticsearch	embedded	NO_RETIRED_INST_CYCLES	user	chiplet_x3	36	4	8	READ	10000	253.4996	40.0	30095.0	99.0	382.0	5211.0	8099.0	11567.0	ok	/home/seunghyun/ycsb/results/chiplet_ycsb_256mib_madracks-mnode5_20260314T060453Z_1429430/runs/elasticsearch/chiplet_x3/inst04/run.stdout.log	/home/seunghyun/ycsb/results/chiplet_ycsb_256mib_madracks-mnode5_20260314T060453Z_1429430/runs/elasticsearch/chiplet_x3
2026-03-14T06:41:25Z	madracks-mnode5	amd	elasticsearch	embedded	NO_RETIRED_INST_CYCLES	user	chiplet_x3	36	4	8	CLEANUP	1	40336.0	40320.0	40351.0	40351.0	40351.0	40351.0	40351.0	40351.0	ok	/home/seunghyun/ycsb/results/chiplet_ycsb_256mib_madracks-mnode5_20260314T060453Z_1429430/runs/elasticsearch/chiplet_x3/inst04/run.stdout.log	/home/seunghyun/ycsb/results/chiplet_ycsb_256mib_madracks-mnode5_20260314T060453Z_1429430/runs/elasticsearch/chiplet_x3
2026-03-14T06:41:25Z	madracks-mnode5	amd	elasticsearch	embedded	NO_RETIRED_INST_CYCLES	user	chiplet_x3	36	5	9	READ	10000	285.8034	45.0	25023.0	111.0	498.0	5439.0	7727.0	10687.0	ok	/home/seunghyun/ycsb/results/chiplet_ycsb_256mib_madracks-mnode5_20260314T060453Z_1429430/runs/elasticsearch/chiplet_x3/inst05/run.stdout.log	/home/seunghyun/ycsb/results/chiplet_ycsb_256mib_madracks-mnode5_20260314T060453Z_1429430/runs/elasticsearch/chiplet_x3
2026-03-14T06:41:25Z	madracks-mnode5	amd	elasticsearch	embedded	NO_RETIRED_INST_CYCLES	user	chiplet_x3	36	5	9	CLEANUP	1	41968.0	41952.0	41983.0	41983.0	41983.0	41983.0	41983.0	41983.0	ok	/home/seunghyun/ycsb/results/chiplet_ycsb_256mib_madracks-mnode5_20260314T060453Z_1429430/runs/elasticsearch/chiplet_x3/inst05/run.stdout.log	/home/seunghyun/ycsb/results/chiplet_ycsb_256mib_madracks-mnode5_20260314T060453Z_1429430/runs/elasticsearch/chiplet_x3
2026-03-14T06:41:25Z	madracks-mnode5	amd	elasticsearch	embedded	NO_RETIRED_INST_CYCLES	user	chiplet_x3	36	6	14	READ	10000	256.3455	37.0	26031.0	99.0	387.0	5127.0	7895.0	10799.0	ok	/home/seunghyun/ycsb/results/chiplet_ycsb_256mib_madracks-mnode5_20260314T060453Z_1429430/runs/elasticsearch/chiplet_x3/inst06/run.stdout.log	/home/seunghyun/ycsb/results/chiplet_ycsb_256mib_madracks-mnode5_20260314T060453Z_1429430/runs/elasticsearch/chiplet_x3
2026-03-14T06:41:25Z	madracks-mnode5	amd	elasticsearch	embedded	NO_RETIRED_INST_CYCLES	user	chiplet_x3	36	6	14	CLEANUP	1	51952.0	51936.0	51967.0	51967.0	51967.0	51967.0	51967.0	51967.0	ok	/home/seunghyun/ycsb/results/chiplet_ycsb_256mib_madracks-mnode5_20260314T060453Z_1429430/runs/elasticsearch/chiplet_x3/inst06/run.stdout.log	/home/seunghyun/ycsb/results/chiplet_ycsb_256mib_madracks-mnode5_20260314T060453Z_1429430/runs/elasticsearch/chiplet_x3
2026-03-14T06:41:25Z	madracks-mnode5	amd	elasticsearch	embedded	NO_RETIRED_INST_CYCLES	user	chiplet_x3	36	7	15	READ	10000	257.393	39.0	27807.0	99.0	375.0	5191.0	8271.0	10103.0	ok	/home/seunghyun/ycsb/results/chiplet_ycsb_256mib_madracks-mnode5_20260314T060453Z_1429430/runs/elasticsearch/chiplet_x3/inst07/run.stdout.log	/home/seunghyun/ycsb/results/chiplet_ycsb_256mib_madracks-mnode5_20260314T060453Z_1429430/runs/elasticsearch/chiplet_x3
2026-03-14T06:41:25Z	madracks-mnode5	amd	elasticsearch	embedded	NO_RETIRED_INST_CYCLES	user	chiplet_x3	36	7	15	CLEANUP	1	54096.0	54080.0	54111.0	54111.0	54111.0	54111.0	54111.0	54111.0	ok	/home/seunghyun/ycsb/results/chiplet_ycsb_256mib_madracks-mnode5_20260314T060453Z_1429430/runs/elasticsearch/chiplet_x3/inst07/run.stdout.log	/home/seunghyun/ycsb/results/chiplet_ycsb_256mib_madracks-mnode5_20260314T060453Z_1429430/runs/elasticsearch/chiplet_x3
2026-03-14T06:41:25Z	madracks-mnode5	amd	elasticsearch	embedded	NO_RETIRED_INST_CYCLES	user	chiplet_x3	36	8	16	READ	10000	268.0522	38.0	20735.0	107.0	420.0	5267.0	7879.0	10319.0	ok	/home/seunghyun/ycsb/results/chiplet_ycsb_256mib_madracks-mnode5_20260314T060453Z_1429430/runs/elasticsearch/chiplet_x3/inst08/run.stdout.log	/home/seunghyun/ycsb/results/chiplet_ycsb_256mib_madracks-mnode5_20260314T060453Z_1429430/runs/elasticsearch/chiplet_x3
2026-03-14T06:41:25Z	madracks-mnode5	amd	elasticsearch	embedded	NO_RETIRED_INST_CYCLES	user	chiplet_x3	36	8	16	CLEANUP	1	51088.0	51072.0	51103.0	51103.0	51103.0	51103.0	51103.0	51103.0	ok	/home/seunghyun/ycsb/results/chiplet_ycsb_256mib_madracks-mnode5_20260314T060453Z_1429430/runs/elasticsearch/chiplet_x3/inst08/run.stdout.log	/home/seunghyun/ycsb/results/chiplet_ycsb_256mib_madracks-mnode5_20260314T060453Z_1429430/runs/elasticsearch/chiplet_x3
2026-03-14T06:41:25Z	madracks-mnode5	amd	elasticsearch	embedded	NO_RETIRED_INST_CYCLES	user	chiplet_x3	36	9	21	READ	10000	276.7017	36.0	23167.0	106.0	404.0	5491.0	7635.0	9311.0	ok	/home/seunghyun/ycsb/results/chiplet_ycsb_256mib_madracks-mnode5_20260314T060453Z_1429430/runs/elasticsearch/chiplet_x3/inst09/run.stdout.log	/home/seunghyun/ycsb/results/chiplet_ycsb_256mib_madracks-mnode5_20260314T060453Z_1429430/runs/elasticsearch/chiplet_x3
2026-03-14T06:41:25Z	madracks-mnode5	amd	elasticsearch	embedded	NO_RETIRED_INST_CYCLES	user	chiplet_x3	36	9	21	CLEANUP	1	55024.0	55008.0	55039.0	55039.0	55039.0	55039.0	55039.0	55039.0	ok	/home/seunghyun/ycsb/results/chiplet_ycsb_256mib_madracks-mnode5_20260314T060453Z_1429430/runs/elasticsearch/chiplet_x3/inst09/run.stdout.log	/home/seunghyun/ycsb/results/chiplet_ycsb_256mib_madracks-mnode5_20260314T060453Z_1429430/runs/elasticsearch/chiplet_x3
2026-03-14T06:41:25Z	madracks-mnode5	amd	elasticsearch	embedded	NO_RETIRED_INST_CYCLES	user	chiplet_x3	36	10	22	READ	10000	287.0574	42.0	21455.0	114.0	485.0	5439.0	8407.0	10783.0	ok	/home/seunghyun/ycsb/results/chiplet_ycsb_256mib_madracks-mnode5_20260314T060453Z_1429430/runs/elasticsearch/chiplet_x3/inst10/run.stdout.log	/home/seunghyun/ycsb/results/chiplet_ycsb_256mib_madracks-mnode5_20260314T060453Z_1429430/runs/elasticsearch/chiplet_x3
2026-03-14T06:41:25Z	madracks-mnode5	amd	elasticsearch	embedded	NO_RETIRED_INST_CYCLES	user	chiplet_x3	36	10	22	CLEANUP	1	52880.0	52864.0	52895.0	52895.0	52895.0	52895.0	52895.0	52895.0	ok	/home/seunghyun/ycsb/results/chiplet_ycsb_256mib_madracks-mnode5_20260314T060453Z_1429430/runs/elasticsearch/chiplet_x3/inst10/run.stdout.log	/home/seunghyun/ycsb/results/chiplet_ycsb_256mib_madracks-mnode5_20260314T060453Z_1429430/runs/elasticsearch/chiplet_x3
2026-03-14T06:41:25Z	madracks-mnode5	amd	elasticsearch	embedded	NO_RETIRED_INST_CYCLES	user	chiplet_x3	36	11	23	READ	10000	265.6327	36.0	35295.0	101.0	402.0	5251.0	7859.0	10111.0	ok	/home/seunghyun/ycsb/results/chiplet_ycsb_256mib_madracks-mnode5_20260314T060453Z_1429430/runs/elasticsearch/chiplet_x3/inst11/run.stdout.log	/home/seunghyun/ycsb/results/chiplet_ycsb_256mib_madracks-mnode5_20260314T060453Z_1429430/runs/elasticsearch/chiplet_x3
2026-03-14T06:41:25Z	madracks-mnode5	amd	elasticsearch	embedded	NO_RETIRED_INST_CYCLES	user	chiplet_x3	36	11	23	CLEANUP	1	37136.0	37120.0	37151.0	37151.0	37151.0	37151.0	37151.0	37151.0	ok	/home/seunghyun/ycsb/results/chiplet_ycsb_256mib_madracks-mnode5_20260314T060453Z_1429430/runs/elasticsearch/chiplet_x3/inst11/run.stdout.log	/home/seunghyun/ycsb/results/chiplet_ycsb_256mib_madracks-mnode5_20260314T060453Z_1429430/runs/elasticsearch/chiplet_x3
2026-03-14T06:41:25Z	madracks-mnode5	amd	elasticsearch	embedded	NO_RETIRED_INST_CYCLES	user	chiplet_x3	36	12	28	READ	10000	279.2171	40.0	21647.0	115.0	469.0	5387.0	8287.0	10543.0	ok	/home/seunghyun/ycsb/results/chiplet_ycsb_256mib_madracks-mnode5_20260314T060453Z_1429430/runs/elasticsearch/chiplet_x3/inst12/run.stdout.log	/home/seunghyun/ycsb/results/chiplet_ycsb_256mib_madracks-mnode5_20260314T060453Z_1429430/runs/elasticsearch/chiplet_x3
2026-03-14T06:41:25Z	madracks-mnode5	amd	elasticsearch	embedded	NO_RETIRED_INST_CYCLES	user	chiplet_x3	36	12	28	CLEANUP	1	44752.0	44736.0	44767.0	44767.0	44767.0	44767.0	44767.0	44767.0	ok	/home/seunghyun/ycsb/results/chiplet_ycsb_256mib_madracks-mnode5_20260314T060453Z_1429430/runs/elasticsearch/chiplet_x3/inst12/run.stdout.log	/home/seunghyun/ycsb/results/chiplet_ycsb_256mib_madracks-mnode5_20260314T060453Z_1429430/runs/elasticsearch/chiplet_x3
2026-03-14T06:41:25Z	madracks-mnode5	amd	elasticsearch	embedded	NO_RETIRED_INST_CYCLES	user	chiplet_x3	36	13	29	READ	10000	278.1378	41.0	27087.0	110.0	479.0	5199.0	7647.0	11479.0	ok	/home/seunghyun/ycsb/results/chiplet_ycsb_256mib_madracks-mnode5_20260314T060453Z_1429430/runs/elasticsearch/chiplet_x3/inst13/run.stdout.log	/home/seunghyun/ycsb/results/chiplet_ycsb_256mib_madracks-mnode5_20260314T060453Z_1429430/runs/elasticsearch/chiplet_x3
2026-03-14T06:41:25Z	madracks-mnode5	amd	elasticsearch	embedded	NO_RETIRED_INST_CYCLES	user	chiplet_x3	36	13	29	CLEANUP	1	46640.0	46624.0	46655.0	46655.0	46655.0	46655.0	46655.0	46655.0	ok	/home/seunghyun/ycsb/results/chiplet_ycsb_256mib_madracks-mnode5_20260314T060453Z_1429430/runs/elasticsearch/chiplet_x3/inst13/run.stdout.log	/home/seunghyun/ycsb/results/chiplet_ycsb_256mib_madracks-mnode5_20260314T060453Z_1429430/runs/elasticsearch/chiplet_x3
2026-03-14T06:41:25Z	madracks-mnode5	amd	elasticsearch	embedded	NO_RETIRED_INST_CYCLES	user	chiplet_x3	36	14	30	READ	10000	292.5476	41.0	18767.0	115.0	512.0	5327.0	7807.0	10991.0	ok	/home/seunghyun/ycsb/results/chiplet_ycsb_256mib_madracks-mnode5_20260314T060453Z_1429430/runs/elasticsearch/chiplet_x3/inst14/run.stdout.log	/home/seunghyun/ycsb/results/chiplet_ycsb_256mib_madracks-mnode5_20260314T060453Z_1429430/runs/elasticsearch/chiplet_x3
2026-03-14T06:41:25Z	madracks-mnode5	amd	elasticsearch	embedded	NO_RETIRED_INST_CYCLES	user	chiplet_x3	36	14	30	CLEANUP	1	43760.0	43744.0	43775.0	43775.0	43775.0	43775.0	43775.0	43775.0	ok	/home/seunghyun/ycsb/results/chiplet_ycsb_256mib_madracks-mnode5_20260314T060453Z_1429430/runs/elasticsearch/chiplet_x3/inst14/run.stdout.log	/home/seunghyun/ycsb/results/chiplet_ycsb_256mib_madracks-mnode5_20260314T060453Z_1429430/runs/elasticsearch/chiplet_x3
2026-03-14T06:41:25Z	madracks-mnode5	amd	elasticsearch	embedded	NO_RETIRED_INST_CYCLES	user	chiplet_x3	36	15	35	READ	10000	274.0035	39.0	23151.0	108.0	395.0	5555.0	8551.0	10863.0	ok	/home/seunghyun/ycsb/results/chiplet_ycsb_256mib_madracks-mnode5_20260314T060453Z_1429430/runs/elasticsearch/chiplet_x3/inst15/run.stdout.log	/home/seunghyun/ycsb/results/chiplet_ycsb_256mib_madracks-mnode5_20260314T060453Z_1429430/runs/elasticsearch/chiplet_x3
2026-03-14T06:41:25Z	madracks-mnode5	amd	elasticsearch	embedded	NO_RETIRED_INST_CYCLES	user	chiplet_x3	36	15	35	CLEANUP	1	48592.0	48576.0	48607.0	48607.0	48607.0	48607.0	48607.0	48607.0	ok	/home/seunghyun/ycsb/results/chiplet_ycsb_256mib_madracks-mnode5_20260314T060453Z_1429430/runs/elasticsearch/chiplet_x3/inst15/run.stdout.log	/home/seunghyun/ycsb/results/chiplet_ycsb_256mib_madracks-mnode5_20260314T060453Z_1429430/runs/elasticsearch/chiplet_x3
2026-03-14T06:41:25Z	madracks-mnode5	amd	elasticsearch	embedded	NO_RETIRED_INST_CYCLES	user	chiplet_x3	36	16	36	READ	10000	258.5163	39.0	23679.0	103.0	430.0	5103.0	7927.0	9847.0	ok	/home/seunghyun/ycsb/results/chiplet_ycsb_256mib_madracks-mnode5_20260314T060453Z_1429430/runs/elasticsearch/chiplet_x3/inst16/run.stdout.log	/home/seunghyun/ycsb/results/chiplet_ycsb_256mib_madracks-mnode5_20260314T060453Z_1429430/runs/elasticsearch/chiplet_x3
2026-03-14T06:41:25Z	madracks-mnode5	amd	elasticsearch	embedded	NO_RETIRED_INST_CYCLES	user	chiplet_x3	36	16	36	CLEANUP	1	47792.0	47776.0	47807.0	47807.0	47807.0	47807.0	47807.0	47807.0	ok	/home/seunghyun/ycsb/results/chiplet_ycsb_256mib_madracks-mnode5_20260314T060453Z_1429430/runs/elasticsearch/chiplet_x3/inst16/run.stdout.log	/home/seunghyun/ycsb/results/chiplet_ycsb_256mib_madracks-mnode5_20260314T060453Z_1429430/runs/elasticsearch/chiplet_x3
2026-03-14T06:41:25Z	madracks-mnode5	amd	elasticsearch	embedded	NO_RETIRED_INST_CYCLES	user	chiplet_x3	36	17	37	READ	10000	294.2268	42.0	14495.0	119.0	485.0	5527.0	8335.0	10791.0	ok	/home/seunghyun/ycsb/results/chiplet_ycsb_256mib_madracks-mnode5_20260314T060453Z_1429430/runs/elasticsearch/chiplet_x3/inst17/run.stdout.log	/home/seunghyun/ycsb/results/chiplet_ycsb_256mib_madracks-mnode5_20260314T060453Z_1429430/runs/elasticsearch/chiplet_x3
2026-03-14T06:41:25Z	madracks-mnode5	amd	elasticsearch	embedded	NO_RETIRED_INST_CYCLES	user	chiplet_x3	36	17	37	CLEANUP	1	41296.0	41280.0	41311.0	41311.0	41311.0	41311.0	41311.0	41311.0	ok	/home/seunghyun/ycsb/results/chiplet_ycsb_256mib_madracks-mnode5_20260314T060453Z_1429430/runs/elasticsearch/chiplet_x3/inst17/run.stdout.log	/home/seunghyun/ycsb/results/chiplet_ycsb_256mib_madracks-mnode5_20260314T060453Z_1429430/runs/elasticsearch/chiplet_x3
2026-03-14T06:41:25Z	madracks-mnode5	amd	elasticsearch	embedded	NO_RETIRED_INST_CYCLES	user	chiplet_x3	36	18	42	READ	10000	288.7711	35.0	21791.0	121.0	555.0	5335.0	7631.0	10791.0	ok	/home/seunghyun/ycsb/results/chiplet_ycsb_256mib_madracks-mnode5_20260314T060453Z_1429430/runs/elasticsearch/chiplet_x3/inst18/run.stdout.log	/home/seunghyun/ycsb/results/chiplet_ycsb_256mib_madracks-mnode5_20260314T060453Z_1429430/runs/elasticsearch/chiplet_x3
2026-03-14T06:41:25Z	madracks-mnode5	amd	elasticsearch	embedded	NO_RETIRED_INST_CYCLES	user	chiplet_x3	36	18	42	CLEANUP	1	64304.0	64288.0	64319.0	64319.0	64319.0	64319.0	64319.0	64319.0	ok	/home/seunghyun/ycsb/results/chiplet_ycsb_256mib_madracks-mnode5_20260314T060453Z_1429430/runs/elasticsearch/chiplet_x3/inst18/run.stdout.log	/home/seunghyun/ycsb/results/chiplet_ycsb_256mib_madracks-mnode5_20260314T060453Z_1429430/runs/elasticsearch/chiplet_x3
2026-03-14T06:41:25Z	madracks-mnode5	amd	elasticsearch	embedded	NO_RETIRED_INST_CYCLES	user	chiplet_x3	36	19	43	READ	10000	264.5869	44.0	26031.0	101.0	392.0	5387.0	8503.0	10287.0	ok	/home/seunghyun/ycsb/results/chiplet_ycsb_256mib_madracks-mnode5_20260314T060453Z_1429430/runs/elasticsearch/chiplet_x3/inst19/run.stdout.log	/home/seunghyun/ycsb/results/chiplet_ycsb_256mib_madracks-mnode5_20260314T060453Z_1429430/runs/elasticsearch/chiplet_x3
2026-03-14T06:41:25Z	madracks-mnode5	amd	elasticsearch	embedded	NO_RETIRED_INST_CYCLES	user	chiplet_x3	36	19	43	CLEANUP	1	47888.0	47872.0	47903.0	47903.0	47903.0	47903.0	47903.0	47903.0	ok	/home/seunghyun/ycsb/results/chiplet_ycsb_256mib_madracks-mnode5_20260314T060453Z_1429430/runs/elasticsearch/chiplet_x3/inst19/run.stdout.log	/home/seunghyun/ycsb/results/chiplet_ycsb_256mib_madracks-mnode5_20260314T060453Z_1429430/runs/elasticsearch/chiplet_x3
2026-03-14T06:41:25Z	madracks-mnode5	amd	elasticsearch	embedded	NO_RETIRED_INST_CYCLES	user	chiplet_x3	36	20	44	READ	10000	264.2721	40.0	22015.0	103.0	409.0	5227.0	7943.0	9407.0	ok	/home/seunghyun/ycsb/results/chiplet_ycsb_256mib_madracks-mnode5_20260314T060453Z_1429430/runs/elasticsearch/chiplet_x3/inst20/run.stdout.log	/home/seunghyun/ycsb/results/chiplet_ycsb_256mib_madracks-mnode5_20260314T060453Z_1429430/runs/elasticsearch/chiplet_x3
2026-03-14T06:41:25Z	madracks-mnode5	amd	elasticsearch	embedded	NO_RETIRED_INST_CYCLES	user	chiplet_x3	36	20	44	CLEANUP	1	42480.0	42464.0	42495.0	42495.0	42495.0	42495.0	42495.0	42495.0	ok	/home/seunghyun/ycsb/results/chiplet_ycsb_256mib_madracks-mnode5_20260314T060453Z_1429430/runs/elasticsearch/chiplet_x3/inst20/run.stdout.log	/home/seunghyun/ycsb/results/chiplet_ycsb_256mib_madracks-mnode5_20260314T060453Z_1429430/runs/elasticsearch/chiplet_x3
2026-03-14T06:41:25Z	madracks-mnode5	amd	elasticsearch	embedded	NO_RETIRED_INST_CYCLES	user	chiplet_x3	36	21	49	READ	10000	251.3656	37.0	16975.0	104.0	416.0	5247.0	7455.0	10783.0	ok	/home/seunghyun/ycsb/results/chiplet_ycsb_256mib_madracks-mnode5_20260314T060453Z_1429430/runs/elasticsearch/chiplet_x3/inst21/run.stdout.log	/home/seunghyun/ycsb/results/chiplet_ycsb_256mib_madracks-mnode5_20260314T060453Z_1429430/runs/elasticsearch/chiplet_x3
2026-03-14T06:41:25Z	madracks-mnode5	amd	elasticsearch	embedded	NO_RETIRED_INST_CYCLES	user	chiplet_x3	36	21	49	CLEANUP	1	58288.0	58272.0	58303.0	58303.0	58303.0	58303.0	58303.0	58303.0	ok	/home/seunghyun/ycsb/results/chiplet_ycsb_256mib_madracks-mnode5_20260314T060453Z_1429430/runs/elasticsearch/chiplet_x3/inst21/run.stdout.log	/home/seunghyun/ycsb/results/chiplet_ycsb_256mib_madracks-mnode5_20260314T060453Z_1429430/runs/elasticsearch/chiplet_x3
2026-03-14T06:41:25Z	madracks-mnode5	amd	elasticsearch	embedded	NO_RETIRED_INST_CYCLES	user	chiplet_x3	36	22	50	READ	10000	285.681	42.0	32207.0	118.0	471.0	5435.0	8431.0	10615.0	ok	/home/seunghyun/ycsb/results/chiplet_ycsb_256mib_madracks-mnode5_20260314T060453Z_1429430/runs/elasticsearch/chiplet_x3/inst22/run.stdout.log	/home/seunghyun/ycsb/results/chiplet_ycsb_256mib_madracks-mnode5_20260314T060453Z_1429430/runs/elasticsearch/chiplet_x3
2026-03-14T06:41:25Z	madracks-mnode5	amd	elasticsearch	embedded	NO_RETIRED_INST_CYCLES	user	chiplet_x3	36	22	50	CLEANUP	1	50512.0	50496.0	50527.0	50527.0	50527.0	50527.0	50527.0	50527.0	ok	/home/seunghyun/ycsb/results/chiplet_ycsb_256mib_madracks-mnode5_20260314T060453Z_1429430/runs/elasticsearch/chiplet_x3/inst22/run.stdout.log	/home/seunghyun/ycsb/results/chiplet_ycsb_256mib_madracks-mnode5_20260314T060453Z_1429430/runs/elasticsearch/chiplet_x3
2026-03-14T06:41:25Z	madracks-mnode5	amd	elasticsearch	embedded	NO_RETIRED_INST_CYCLES	user	chiplet_x3	36	23	51	READ	10000	289.7167	35.0	23951.0	114.0	471.0	5379.0	8639.0	10855.0	ok	/home/seunghyun/ycsb/results/chiplet_ycsb_256mib_madracks-mnode5_20260314T060453Z_1429430/runs/elasticsearch/chiplet_x3/inst23/run.stdout.log	/home/seunghyun/ycsb/results/chiplet_ycsb_256mib_madracks-mnode5_20260314T060453Z_1429430/runs/elasticsearch/chiplet_x3
2026-03-14T06:41:25Z	madracks-mnode5	amd	elasticsearch	embedded	NO_RETIRED_INST_CYCLES	user	chiplet_x3	36	23	51	CLEANUP	1	52368.0	52352.0	52383.0	52383.0	52383.0	52383.0	52383.0	52383.0	ok	/home/seunghyun/ycsb/results/chiplet_ycsb_256mib_madracks-mnode5_20260314T060453Z_1429430/runs/elasticsearch/chiplet_x3/inst23/run.stdout.log	/home/seunghyun/ycsb/results/chiplet_ycsb_256mib_madracks-mnode5_20260314T060453Z_1429430/runs/elasticsearch/chiplet_x3
2026-03-14T06:41:25Z	madracks-mnode5	amd	elasticsearch	embedded	NO_RETIRED_INST_CYCLES	user	chiplet_x3	36	24	56	READ	10000	279.5276	42.0	22303.0	113.0	457.0	5347.0	7967.0	10735.0	ok	/home/seunghyun/ycsb/results/chiplet_ycsb_256mib_madracks-mnode5_20260314T060453Z_1429430/runs/elasticsearch/chiplet_x3/inst24/run.stdout.log	/home/seunghyun/ycsb/results/chiplet_ycsb_256mib_madracks-mnode5_20260314T060453Z_1429430/runs/elasticsearch/chiplet_x3
2026-03-14T06:41:25Z	madracks-mnode5	amd	elasticsearch	embedded	NO_RETIRED_INST_CYCLES	user	chiplet_x3	36	24	56	CLEANUP	1	44336.0	44320.0	44351.0	44351.0	44351.0	44351.0	44351.0	44351.0	ok	/home/seunghyun/ycsb/results/chiplet_ycsb_256mib_madracks-mnode5_20260314T060453Z_1429430/runs/elasticsearch/chiplet_x3/inst24/run.stdout.log	/home/seunghyun/ycsb/results/chiplet_ycsb_256mib_madracks-mnode5_20260314T060453Z_1429430/runs/elasticsearch/chiplet_x3
2026-03-14T06:41:25Z	madracks-mnode5	amd	elasticsearch	embedded	NO_RETIRED_INST_CYCLES	user	chiplet_x3	36	25	57	READ	10000	264.2709	42.0	25663.0	104.0	402.0	5111.0	8367.0	10135.0	ok	/home/seunghyun/ycsb/results/chiplet_ycsb_256mib_madracks-mnode5_20260314T060453Z_1429430/runs/elasticsearch/chiplet_x3/inst25/run.stdout.log	/home/seunghyun/ycsb/results/chiplet_ycsb_256mib_madracks-mnode5_20260314T060453Z_1429430/runs/elasticsearch/chiplet_x3
2026-03-14T06:41:25Z	madracks-mnode5	amd	elasticsearch	embedded	NO_RETIRED_INST_CYCLES	user	chiplet_x3	36	25	57	CLEANUP	1	49072.0	49056.0	49087.0	49087.0	49087.0	49087.0	49087.0	49087.0	ok	/home/seunghyun/ycsb/results/chiplet_ycsb_256mib_madracks-mnode5_20260314T060453Z_1429430/runs/elasticsearch/chiplet_x3/inst25/run.stdout.log	/home/seunghyun/ycsb/results/chiplet_ycsb_256mib_madracks-mnode5_20260314T060453Z_1429430/runs/elasticsearch/chiplet_x3
2026-03-14T06:41:25Z	madracks-mnode5	amd	elasticsearch	embedded	NO_RETIRED_INST_CYCLES	user	chiplet_x3	36	26	58	READ	10000	278.8356	35.0	19711.0	118.0	438.0	5203.0	8495.0	10375.0	ok	/home/seunghyun/ycsb/results/chiplet_ycsb_256mib_madracks-mnode5_20260314T060453Z_1429430/runs/elasticsearch/chiplet_x3/inst26/run.stdout.log	/home/seunghyun/ycsb/results/chiplet_ycsb_256mib_madracks-mnode5_20260314T060453Z_1429430/runs/elasticsearch/chiplet_x3
2026-03-14T06:41:25Z	madracks-mnode5	amd	elasticsearch	embedded	NO_RETIRED_INST_CYCLES	user	chiplet_x3	36	26	58	CLEANUP	1	48688.0	48672.0	48703.0	48703.0	48703.0	48703.0	48703.0	48703.0	ok	/home/seunghyun/ycsb/results/chiplet_ycsb_256mib_madracks-mnode5_20260314T060453Z_1429430/runs/elasticsearch/chiplet_x3/inst26/run.stdout.log	/home/seunghyun/ycsb/results/chiplet_ycsb_256mib_madracks-mnode5_20260314T060453Z_1429430/runs/elasticsearch/chiplet_x3
2026-03-14T06:41:25Z	madracks-mnode5	amd	elasticsearch	embedded	NO_RETIRED_INST_CYCLES	user	chiplet_x3	36	27	63	READ	10000	249.9668	39.0	22271.0	102.0	404.0	4999.0	7863.0	9615.0	ok	/home/seunghyun/ycsb/results/chiplet_ycsb_256mib_madracks-mnode5_20260314T060453Z_1429430/runs/elasticsearch/chiplet_x3/inst27/run.stdout.log	/home/seunghyun/ycsb/results/chiplet_ycsb_256mib_madracks-mnode5_20260314T060453Z_1429430/runs/elasticsearch/chiplet_x3
2026-03-14T06:41:25Z	madracks-mnode5	amd	elasticsearch	embedded	NO_RETIRED_INST_CYCLES	user	chiplet_x3	36	27	63	CLEANUP	1	50480.0	50464.0	50495.0	50495.0	50495.0	50495.0	50495.0	50495.0	ok	/home/seunghyun/ycsb/results/chiplet_ycsb_256mib_madracks-mnode5_20260314T060453Z_1429430/runs/elasticsearch/chiplet_x3/inst27/run.stdout.log	/home/seunghyun/ycsb/results/chiplet_ycsb_256mib_madracks-mnode5_20260314T060453Z_1429430/runs/elasticsearch/chiplet_x3
2026-03-14T06:41:25Z	madracks-mnode5	amd	elasticsearch	embedded	NO_RETIRED_INST_CYCLES	user	chiplet_x3	36	28	64	READ	10000	254.4621	42.0	19951.0	102.0	365.0	5255.0	7695.0	10671.0	ok	/home/seunghyun/ycsb/results/chiplet_ycsb_256mib_madracks-mnode5_20260314T060453Z_1429430/runs/elasticsearch/chiplet_x3/inst28/run.stdout.log	/home/seunghyun/ycsb/results/chiplet_ycsb_256mib_madracks-mnode5_20260314T060453Z_1429430/runs/elasticsearch/chiplet_x3
2026-03-14T06:41:25Z	madracks-mnode5	amd	elasticsearch	embedded	NO_RETIRED_INST_CYCLES	user	chiplet_x3	36	28	64	CLEANUP	1	48272.0	48256.0	48287.0	48287.0	48287.0	48287.0	48287.0	48287.0	ok	/home/seunghyun/ycsb/results/chiplet_ycsb_256mib_madracks-mnode5_20260314T060453Z_1429430/runs/elasticsearch/chiplet_x3/inst28/run.stdout.log	/home/seunghyun/ycsb/results/chiplet_ycsb_256mib_madracks-mnode5_20260314T060453Z_1429430/runs/elasticsearch/chiplet_x3
2026-03-14T06:41:25Z	madracks-mnode5	amd	elasticsearch	embedded	NO_RETIRED_INST_CYCLES	user	chiplet_x3	36	29	65	READ	10000	273.5881	40.0	21535.0	111.0	492.0	5163.0	7859.0	10455.0	ok	/home/seunghyun/ycsb/results/chiplet_ycsb_256mib_madracks-mnode5_20260314T060453Z_1429430/runs/elasticsearch/chiplet_x3/inst29/run.stdout.log	/home/seunghyun/ycsb/results/chiplet_ycsb_256mib_madracks-mnode5_20260314T060453Z_1429430/runs/elasticsearch/chiplet_x3
2026-03-14T06:41:25Z	madracks-mnode5	amd	elasticsearch	embedded	NO_RETIRED_INST_CYCLES	user	chiplet_x3	36	29	65	CLEANUP	1	44976.0	44960.0	44991.0	44991.0	44991.0	44991.0	44991.0	44991.0	ok	/home/seunghyun/ycsb/results/chiplet_ycsb_256mib_madracks-mnode5_20260314T060453Z_1429430/runs/elasticsearch/chiplet_x3/inst29/run.stdout.log	/home/seunghyun/ycsb/results/chiplet_ycsb_256mib_madracks-mnode5_20260314T060453Z_1429430/runs/elasticsearch/chiplet_x3
2026-03-14T06:41:25Z	madracks-mnode5	amd	elasticsearch	embedded	NO_RETIRED_INST_CYCLES	user	chiplet_x3	36	30	70	READ	10000	251.4025	38.0	23295.0	100.0	396.0	4871.0	8319.0	10727.0	ok	/home/seunghyun/ycsb/results/chiplet_ycsb_256mib_madracks-mnode5_20260314T060453Z_1429430/runs/elasticsearch/chiplet_x3/inst30/run.stdout.log	/home/seunghyun/ycsb/results/chiplet_ycsb_256mib_madracks-mnode5_20260314T060453Z_1429430/runs/elasticsearch/chiplet_x3
2026-03-14T06:41:25Z	madracks-mnode5	amd	elasticsearch	embedded	NO_RETIRED_INST_CYCLES	user	chiplet_x3	36	30	70	CLEANUP	1	50928.0	50912.0	50943.0	50943.0	50943.0	50943.0	50943.0	50943.0	ok	/home/seunghyun/ycsb/results/chiplet_ycsb_256mib_madracks-mnode5_20260314T060453Z_1429430/runs/elasticsearch/chiplet_x3/inst30/run.stdout.log	/home/seunghyun/ycsb/results/chiplet_ycsb_256mib_madracks-mnode5_20260314T060453Z_1429430/runs/elasticsearch/chiplet_x3
2026-03-14T06:41:25Z	madracks-mnode5	amd	elasticsearch	embedded	NO_RETIRED_INST_CYCLES	user	chiplet_x3	36	31	71	READ	10000	278.5937	43.0	34271.0	106.0	506.0	5367.0	8815.0	10807.0	ok	/home/seunghyun/ycsb/results/chiplet_ycsb_256mib_madracks-mnode5_20260314T060453Z_1429430/runs/elasticsearch/chiplet_x3/inst31/run.stdout.log	/home/seunghyun/ycsb/results/chiplet_ycsb_256mib_madracks-mnode5_20260314T060453Z_1429430/runs/elasticsearch/chiplet_x3
2026-03-14T06:41:25Z	madracks-mnode5	amd	elasticsearch	embedded	NO_RETIRED_INST_CYCLES	user	chiplet_x3	36	31	71	CLEANUP	1	43856.0	43840.0	43871.0	43871.0	43871.0	43871.0	43871.0	43871.0	ok	/home/seunghyun/ycsb/results/chiplet_ycsb_256mib_madracks-mnode5_20260314T060453Z_1429430/runs/elasticsearch/chiplet_x3/inst31/run.stdout.log	/home/seunghyun/ycsb/results/chiplet_ycsb_256mib_madracks-mnode5_20260314T060453Z_1429430/runs/elasticsearch/chiplet_x3
2026-03-14T06:41:25Z	madracks-mnode5	amd	elasticsearch	embedded	NO_RETIRED_INST_CYCLES	user	chiplet_x3	36	32	72	READ	10000	260.7544	40.0	25519.0	104.0	409.0	5131.0	7691.0	10263.0	ok	/home/seunghyun/ycsb/results/chiplet_ycsb_256mib_madracks-mnode5_20260314T060453Z_1429430/runs/elasticsearch/chiplet_x3/inst32/run.stdout.log	/home/seunghyun/ycsb/results/chiplet_ycsb_256mib_madracks-mnode5_20260314T060453Z_1429430/runs/elasticsearch/chiplet_x3
2026-03-14T06:41:25Z	madracks-mnode5	amd	elasticsearch	embedded	NO_RETIRED_INST_CYCLES	user	chiplet_x3	36	32	72	CLEANUP	1	50256.0	50240.0	50271.0	50271.0	50271.0	50271.0	50271.0	50271.0	ok	/home/seunghyun/ycsb/results/chiplet_ycsb_256mib_madracks-mnode5_20260314T060453Z_1429430/runs/elasticsearch/chiplet_x3/inst32/run.stdout.log	/home/seunghyun/ycsb/results/chiplet_ycsb_256mib_madracks-mnode5_20260314T060453Z_1429430/runs/elasticsearch/chiplet_x3
2026-03-14T06:41:25Z	madracks-mnode5	amd	elasticsearch	embedded	NO_RETIRED_INST_CYCLES	user	chiplet_x3	36	33	77	READ	10000	249.2113	36.0	23535.0	97.0	391.0	5259.0	8231.0	10903.0	ok	/home/seunghyun/ycsb/results/chiplet_ycsb_256mib_madracks-mnode5_20260314T060453Z_1429430/runs/elasticsearch/chiplet_x3/inst33/run.stdout.log	/home/seunghyun/ycsb/results/chiplet_ycsb_256mib_madracks-mnode5_20260314T060453Z_1429430/runs/elasticsearch/chiplet_x3
2026-03-14T06:41:25Z	madracks-mnode5	amd	elasticsearch	embedded	NO_RETIRED_INST_CYCLES	user	chiplet_x3	36	33	77	CLEANUP	1	48528.0	48512.0	48543.0	48543.0	48543.0	48543.0	48543.0	48543.0	ok	/home/seunghyun/ycsb/results/chiplet_ycsb_256mib_madracks-mnode5_20260314T060453Z_1429430/runs/elasticsearch/chiplet_x3/inst33/run.stdout.log	/home/seunghyun/ycsb/results/chiplet_ycsb_256mib_madracks-mnode5_20260314T060453Z_1429430/runs/elasticsearch/chiplet_x3
2026-03-14T06:41:25Z	madracks-mnode5	amd	elasticsearch	embedded	NO_RETIRED_INST_CYCLES	user	chiplet_x3	36	34	78	READ	10000	299.8828	46.0	23599.0	122.0	561.0	5475.0	7907.0	10007.0	ok	/home/seunghyun/ycsb/results/chiplet_ycsb_256mib_madracks-mnode5_20260314T060453Z_1429430/runs/elasticsearch/chiplet_x3/inst34/run.stdout.log	/home/seunghyun/ycsb/results/chiplet_ycsb_256mib_madracks-mnode5_20260314T060453Z_1429430/runs/elasticsearch/chiplet_x3
2026-03-14T06:41:25Z	madracks-mnode5	amd	elasticsearch	embedded	NO_RETIRED_INST_CYCLES	user	chiplet_x3	36	34	78	CLEANUP	1	50672.0	50656.0	50687.0	50687.0	50687.0	50687.0	50687.0	50687.0	ok	/home/seunghyun/ycsb/results/chiplet_ycsb_256mib_madracks-mnode5_20260314T060453Z_1429430/runs/elasticsearch/chiplet_x3/inst34/run.stdout.log	/home/seunghyun/ycsb/results/chiplet_ycsb_256mib_madracks-mnode5_20260314T060453Z_1429430/runs/elasticsearch/chiplet_x3
2026-03-14T06:41:25Z	madracks-mnode5	amd	elasticsearch	embedded	NO_RETIRED_INST_CYCLES	user	chiplet_x3	36	35	79	READ	10000	248.0768	33.0	20319.0	96.0	356.0	5155.0	7419.0	10671.0	ok	/home/seunghyun/ycsb/results/chiplet_ycsb_256mib_madracks-mnode5_20260314T060453Z_1429430/runs/elasticsearch/chiplet_x3/inst35/run.stdout.log	/home/seunghyun/ycsb/results/chiplet_ycsb_256mib_madracks-mnode5_20260314T060453Z_1429430/runs/elasticsearch/chiplet_x3
2026-03-14T06:41:25Z	madracks-mnode5	amd	elasticsearch	embedded	NO_RETIRED_INST_CYCLES	user	chiplet_x3	36	35	79	CLEANUP	1	42512.0	42496.0	42527.0	42527.0	42527.0	42527.0	42527.0	42527.0	ok	/home/seunghyun/ycsb/results/chiplet_ycsb_256mib_madracks-mnode5_20260314T060453Z_1429430/runs/elasticsearch/chiplet_x3/inst35/run.stdout.log	/home/seunghyun/ycsb/results/chiplet_ycsb_256mib_madracks-mnode5_20260314T060453Z_1429430/runs/elasticsearch/chiplet_x3
2026-03-14T06:49:41Z	madracks-mnode5	amd	elasticsearch	embedded	NO_RETIRED_INST_CYCLES	user	chiplet_x4	48	0	0	READ	10000	278.2726	44.0	31119.0	112.0	521.0	5271.0	7995.0	16319.0	ok	/home/seunghyun/ycsb/results/chiplet_ycsb_256mib_madracks-mnode5_20260314T060453Z_1429430/runs/elasticsearch/chiplet_x4/inst00/run.stdout.log	/home/seunghyun/ycsb/results/chiplet_ycsb_256mib_madracks-mnode5_20260314T060453Z_1429430/runs/elasticsearch/chiplet_x4
2026-03-14T06:49:41Z	madracks-mnode5	amd	elasticsearch	embedded	NO_RETIRED_INST_CYCLES	user	chiplet_x4	48	0	0	CLEANUP	1	44912.0	44896.0	44927.0	44927.0	44927.0	44927.0	44927.0	44927.0	ok	/home/seunghyun/ycsb/results/chiplet_ycsb_256mib_madracks-mnode5_20260314T060453Z_1429430/runs/elasticsearch/chiplet_x4/inst00/run.stdout.log	/home/seunghyun/ycsb/results/chiplet_ycsb_256mib_madracks-mnode5_20260314T060453Z_1429430/runs/elasticsearch/chiplet_x4
2026-03-14T06:49:41Z	madracks-mnode5	amd	elasticsearch	embedded	NO_RETIRED_INST_CYCLES	user	chiplet_x4	48	1	1	READ	10000	274.8956	39.0	18687.0	114.0	442.0	5339.0	7707.0	10087.0	ok	/home/seunghyun/ycsb/results/chiplet_ycsb_256mib_madracks-mnode5_20260314T060453Z_1429430/runs/elasticsearch/chiplet_x4/inst01/run.stdout.log	/home/seunghyun/ycsb/results/chiplet_ycsb_256mib_madracks-mnode5_20260314T060453Z_1429430/runs/elasticsearch/chiplet_x4
2026-03-14T06:49:41Z	madracks-mnode5	amd	elasticsearch	embedded	NO_RETIRED_INST_CYCLES	user	chiplet_x4	48	1	1	CLEANUP	1	55248.0	55232.0	55263.0	55263.0	55263.0	55263.0	55263.0	55263.0	ok	/home/seunghyun/ycsb/results/chiplet_ycsb_256mib_madracks-mnode5_20260314T060453Z_1429430/runs/elasticsearch/chiplet_x4/inst01/run.stdout.log	/home/seunghyun/ycsb/results/chiplet_ycsb_256mib_madracks-mnode5_20260314T060453Z_1429430/runs/elasticsearch/chiplet_x4
2026-03-14T06:49:41Z	madracks-mnode5	amd	elasticsearch	embedded	NO_RETIRED_INST_CYCLES	user	chiplet_x4	48	2	2	READ	10000	275.4932	42.0	27295.0	113.0	454.0	5371.0	7899.0	9927.0	ok	/home/seunghyun/ycsb/results/chiplet_ycsb_256mib_madracks-mnode5_20260314T060453Z_1429430/runs/elasticsearch/chiplet_x4/inst02/run.stdout.log	/home/seunghyun/ycsb/results/chiplet_ycsb_256mib_madracks-mnode5_20260314T060453Z_1429430/runs/elasticsearch/chiplet_x4
2026-03-14T06:49:41Z	madracks-mnode5	amd	elasticsearch	embedded	NO_RETIRED_INST_CYCLES	user	chiplet_x4	48	2	2	CLEANUP	1	48432.0	48416.0	48447.0	48447.0	48447.0	48447.0	48447.0	48447.0	ok	/home/seunghyun/ycsb/results/chiplet_ycsb_256mib_madracks-mnode5_20260314T060453Z_1429430/runs/elasticsearch/chiplet_x4/inst02/run.stdout.log	/home/seunghyun/ycsb/results/chiplet_ycsb_256mib_madracks-mnode5_20260314T060453Z_1429430/runs/elasticsearch/chiplet_x4
2026-03-14T06:49:41Z	madracks-mnode5	amd	elasticsearch	embedded	NO_RETIRED_INST_CYCLES	user	chiplet_x4	48	3	3	READ	10000	280.9074	41.0	22847.0	122.0	433.0	5267.0	7891.0	10655.0	ok	/home/seunghyun/ycsb/results/chiplet_ycsb_256mib_madracks-mnode5_20260314T060453Z_1429430/runs/elasticsearch/chiplet_x4/inst03/run.stdout.log	/home/seunghyun/ycsb/results/chiplet_ycsb_256mib_madracks-mnode5_20260314T060453Z_1429430/runs/elasticsearch/chiplet_x4
2026-03-14T06:49:41Z	madracks-mnode5	amd	elasticsearch	embedded	NO_RETIRED_INST_CYCLES	user	chiplet_x4	48	3	3	CLEANUP	1	53200.0	53184.0	53215.0	53215.0	53215.0	53215.0	53215.0	53215.0	ok	/home/seunghyun/ycsb/results/chiplet_ycsb_256mib_madracks-mnode5_20260314T060453Z_1429430/runs/elasticsearch/chiplet_x4/inst03/run.stdout.log	/home/seunghyun/ycsb/results/chiplet_ycsb_256mib_madracks-mnode5_20260314T060453Z_1429430/runs/elasticsearch/chiplet_x4
2026-03-14T06:49:41Z	madracks-mnode5	amd	elasticsearch	embedded	NO_RETIRED_INST_CYCLES	user	chiplet_x4	48	4	7	READ	10000	266.0081	41.0	20975.0	101.0	388.0	5407.0	7451.0	9495.0	ok	/home/seunghyun/ycsb/results/chiplet_ycsb_256mib_madracks-mnode5_20260314T060453Z_1429430/runs/elasticsearch/chiplet_x4/inst04/run.stdout.log	/home/seunghyun/ycsb/results/chiplet_ycsb_256mib_madracks-mnode5_20260314T060453Z_1429430/runs/elasticsearch/chiplet_x4
2026-03-14T06:49:41Z	madracks-mnode5	amd	elasticsearch	embedded	NO_RETIRED_INST_CYCLES	user	chiplet_x4	48	4	7	CLEANUP	1	42736.0	42720.0	42751.0	42751.0	42751.0	42751.0	42751.0	42751.0	ok	/home/seunghyun/ycsb/results/chiplet_ycsb_256mib_madracks-mnode5_20260314T060453Z_1429430/runs/elasticsearch/chiplet_x4/inst04/run.stdout.log	/home/seunghyun/ycsb/results/chiplet_ycsb_256mib_madracks-mnode5_20260314T060453Z_1429430/runs/elasticsearch/chiplet_x4
2026-03-14T06:49:41Z	madracks-mnode5	amd	elasticsearch	embedded	NO_RETIRED_INST_CYCLES	user	chiplet_x4	48	5	8	READ	10000	285.3375	42.0	26575.0	115.0	498.0	5171.0	7523.0	10447.0	ok	/home/seunghyun/ycsb/results/chiplet_ycsb_256mib_madracks-mnode5_20260314T060453Z_1429430/runs/elasticsearch/chiplet_x4/inst05/run.stdout.log	/home/seunghyun/ycsb/results/chiplet_ycsb_256mib_madracks-mnode5_20260314T060453Z_1429430/runs/elasticsearch/chiplet_x4
2026-03-14T06:49:41Z	madracks-mnode5	amd	elasticsearch	embedded	NO_RETIRED_INST_CYCLES	user	chiplet_x4	48	5	8	CLEANUP	1	45712.0	45696.0	45727.0	45727.0	45727.0	45727.0	45727.0	45727.0	ok	/home/seunghyun/ycsb/results/chiplet_ycsb_256mib_madracks-mnode5_20260314T060453Z_1429430/runs/elasticsearch/chiplet_x4/inst05/run.stdout.log	/home/seunghyun/ycsb/results/chiplet_ycsb_256mib_madracks-mnode5_20260314T060453Z_1429430/runs/elasticsearch/chiplet_x4
2026-03-14T06:49:41Z	madracks-mnode5	amd	elasticsearch	embedded	NO_RETIRED_INST_CYCLES	user	chiplet_x4	48	6	9	READ	10000	284.4009	37.0	25087.0	111.0	484.0	5447.0	8031.0	10623.0	ok	/home/seunghyun/ycsb/results/chiplet_ycsb_256mib_madracks-mnode5_20260314T060453Z_1429430/runs/elasticsearch/chiplet_x4/inst06/run.stdout.log	/home/seunghyun/ycsb/results/chiplet_ycsb_256mib_madracks-mnode5_20260314T060453Z_1429430/runs/elasticsearch/chiplet_x4
2026-03-14T06:49:41Z	madracks-mnode5	amd	elasticsearch	embedded	NO_RETIRED_INST_CYCLES	user	chiplet_x4	48	6	9	CLEANUP	1	45712.0	45696.0	45727.0	45727.0	45727.0	45727.0	45727.0	45727.0	ok	/home/seunghyun/ycsb/results/chiplet_ycsb_256mib_madracks-mnode5_20260314T060453Z_1429430/runs/elasticsearch/chiplet_x4/inst06/run.stdout.log	/home/seunghyun/ycsb/results/chiplet_ycsb_256mib_madracks-mnode5_20260314T060453Z_1429430/runs/elasticsearch/chiplet_x4
2026-03-14T06:49:41Z	madracks-mnode5	amd	elasticsearch	embedded	NO_RETIRED_INST_CYCLES	user	chiplet_x4	48	7	10	READ	10000	296.1416	41.0	23215.0	117.0	540.0	5511.0	7607.0	15703.0	ok	/home/seunghyun/ycsb/results/chiplet_ycsb_256mib_madracks-mnode5_20260314T060453Z_1429430/runs/elasticsearch/chiplet_x4/inst07/run.stdout.log	/home/seunghyun/ycsb/results/chiplet_ycsb_256mib_madracks-mnode5_20260314T060453Z_1429430/runs/elasticsearch/chiplet_x4
2026-03-14T06:49:41Z	madracks-mnode5	amd	elasticsearch	embedded	NO_RETIRED_INST_CYCLES	user	chiplet_x4	48	7	10	CLEANUP	1	45424.0	45408.0	45439.0	45439.0	45439.0	45439.0	45439.0	45439.0	ok	/home/seunghyun/ycsb/results/chiplet_ycsb_256mib_madracks-mnode5_20260314T060453Z_1429430/runs/elasticsearch/chiplet_x4/inst07/run.stdout.log	/home/seunghyun/ycsb/results/chiplet_ycsb_256mib_madracks-mnode5_20260314T060453Z_1429430/runs/elasticsearch/chiplet_x4
2026-03-14T06:49:41Z	madracks-mnode5	amd	elasticsearch	embedded	NO_RETIRED_INST_CYCLES	user	chiplet_x4	48	8	14	READ	10000	287.2888	39.0	36767.0	113.0	517.0	5279.0	8163.0	10663.0	ok	/home/seunghyun/ycsb/results/chiplet_ycsb_256mib_madracks-mnode5_20260314T060453Z_1429430/runs/elasticsearch/chiplet_x4/inst08/run.stdout.log	/home/seunghyun/ycsb/results/chiplet_ycsb_256mib_madracks-mnode5_20260314T060453Z_1429430/runs/elasticsearch/chiplet_x4
2026-03-14T06:49:41Z	madracks-mnode5	amd	elasticsearch	embedded	NO_RETIRED_INST_CYCLES	user	chiplet_x4	48	8	14	CLEANUP	1	56560.0	56544.0	56575.0	56575.0	56575.0	56575.0	56575.0	56575.0	ok	/home/seunghyun/ycsb/results/chiplet_ycsb_256mib_madracks-mnode5_20260314T060453Z_1429430/runs/elasticsearch/chiplet_x4/inst08/run.stdout.log	/home/seunghyun/ycsb/results/chiplet_ycsb_256mib_madracks-mnode5_20260314T060453Z_1429430/runs/elasticsearch/chiplet_x4
2026-03-14T06:49:41Z	madracks-mnode5	amd	elasticsearch	embedded	NO_RETIRED_INST_CYCLES	user	chiplet_x4	48	9	15	READ	10000	296.4501	43.0	20751.0	119.0	528.0	5331.0	7763.0	9671.0	ok	/home/seunghyun/ycsb/results/chiplet_ycsb_256mib_madracks-mnode5_20260314T060453Z_1429430/runs/elasticsearch/chiplet_x4/inst09/run.stdout.log	/home/seunghyun/ycsb/results/chiplet_ycsb_256mib_madracks-mnode5_20260314T060453Z_1429430/runs/elasticsearch/chiplet_x4
2026-03-14T06:49:41Z	madracks-mnode5	amd	elasticsearch	embedded	NO_RETIRED_INST_CYCLES	user	chiplet_x4	48	9	15	CLEANUP	1	55952.0	55936.0	55967.0	55967.0	55967.0	55967.0	55967.0	55967.0	ok	/home/seunghyun/ycsb/results/chiplet_ycsb_256mib_madracks-mnode5_20260314T060453Z_1429430/runs/elasticsearch/chiplet_x4/inst09/run.stdout.log	/home/seunghyun/ycsb/results/chiplet_ycsb_256mib_madracks-mnode5_20260314T060453Z_1429430/runs/elasticsearch/chiplet_x4
2026-03-14T06:49:41Z	madracks-mnode5	amd	elasticsearch	embedded	NO_RETIRED_INST_CYCLES	user	chiplet_x4	48	10	16	READ	10000	255.5802	39.0	27903.0	103.0	405.0	5163.0	8503.0	10647.0	ok	/home/seunghyun/ycsb/results/chiplet_ycsb_256mib_madracks-mnode5_20260314T060453Z_1429430/runs/elasticsearch/chiplet_x4/inst10/run.stdout.log	/home/seunghyun/ycsb/results/chiplet_ycsb_256mib_madracks-mnode5_20260314T060453Z_1429430/runs/elasticsearch/chiplet_x4
2026-03-14T06:49:41Z	madracks-mnode5	amd	elasticsearch	embedded	NO_RETIRED_INST_CYCLES	user	chiplet_x4	48	10	16	CLEANUP	1	54192.0	54176.0	54207.0	54207.0	54207.0	54207.0	54207.0	54207.0	ok	/home/seunghyun/ycsb/results/chiplet_ycsb_256mib_madracks-mnode5_20260314T060453Z_1429430/runs/elasticsearch/chiplet_x4/inst10/run.stdout.log	/home/seunghyun/ycsb/results/chiplet_ycsb_256mib_madracks-mnode5_20260314T060453Z_1429430/runs/elasticsearch/chiplet_x4
2026-03-14T06:49:41Z	madracks-mnode5	amd	elasticsearch	embedded	NO_RETIRED_INST_CYCLES	user	chiplet_x4	48	11	17	READ	10000	283.0895	37.0	24223.0	114.0	475.0	5347.0	7119.0	9655.0	ok	/home/seunghyun/ycsb/results/chiplet_ycsb_256mib_madracks-mnode5_20260314T060453Z_1429430/runs/elasticsearch/chiplet_x4/inst11/run.stdout.log	/home/seunghyun/ycsb/results/chiplet_ycsb_256mib_madracks-mnode5_20260314T060453Z_1429430/runs/elasticsearch/chiplet_x4
2026-03-14T06:49:41Z	madracks-mnode5	amd	elasticsearch	embedded	NO_RETIRED_INST_CYCLES	user	chiplet_x4	48	11	17	CLEANUP	1	51824.0	51808.0	51839.0	51839.0	51839.0	51839.0	51839.0	51839.0	ok	/home/seunghyun/ycsb/results/chiplet_ycsb_256mib_madracks-mnode5_20260314T060453Z_1429430/runs/elasticsearch/chiplet_x4/inst11/run.stdout.log	/home/seunghyun/ycsb/results/chiplet_ycsb_256mib_madracks-mnode5_20260314T060453Z_1429430/runs/elasticsearch/chiplet_x4
2026-03-14T06:49:41Z	madracks-mnode5	amd	elasticsearch	embedded	NO_RETIRED_INST_CYCLES	user	chiplet_x4	48	12	21	READ	10000	288.0861	41.0	25487.0	111.0	497.0	5459.0	8231.0	11431.0	ok	/home/seunghyun/ycsb/results/chiplet_ycsb_256mib_madracks-mnode5_20260314T060453Z_1429430/runs/elasticsearch/chiplet_x4/inst12/run.stdout.log	/home/seunghyun/ycsb/results/chiplet_ycsb_256mib_madracks-mnode5_20260314T060453Z_1429430/runs/elasticsearch/chiplet_x4
2026-03-14T06:49:41Z	madracks-mnode5	amd	elasticsearch	embedded	NO_RETIRED_INST_CYCLES	user	chiplet_x4	48	12	21	CLEANUP	1	43376.0	43360.0	43391.0	43391.0	43391.0	43391.0	43391.0	43391.0	ok	/home/seunghyun/ycsb/results/chiplet_ycsb_256mib_madracks-mnode5_20260314T060453Z_1429430/runs/elasticsearch/chiplet_x4/inst12/run.stdout.log	/home/seunghyun/ycsb/results/chiplet_ycsb_256mib_madracks-mnode5_20260314T060453Z_1429430/runs/elasticsearch/chiplet_x4
2026-03-14T06:49:41Z	madracks-mnode5	amd	elasticsearch	embedded	NO_RETIRED_INST_CYCLES	user	chiplet_x4	48	13	22	READ	10000	274.8622	41.0	21119.0	114.0	440.0	5411.0	7231.0	10951.0	ok	/home/seunghyun/ycsb/results/chiplet_ycsb_256mib_madracks-mnode5_20260314T060453Z_1429430/runs/elasticsearch/chiplet_x4/inst13/run.stdout.log	/home/seunghyun/ycsb/results/chiplet_ycsb_256mib_madracks-mnode5_20260314T060453Z_1429430/runs/elasticsearch/chiplet_x4
2026-03-14T06:49:41Z	madracks-mnode5	amd	elasticsearch	embedded	NO_RETIRED_INST_CYCLES	user	chiplet_x4	48	13	22	CLEANUP	1	55280.0	55264.0	55295.0	55295.0	55295.0	55295.0	55295.0	55295.0	ok	/home/seunghyun/ycsb/results/chiplet_ycsb_256mib_madracks-mnode5_20260314T060453Z_1429430/runs/elasticsearch/chiplet_x4/inst13/run.stdout.log	/home/seunghyun/ycsb/results/chiplet_ycsb_256mib_madracks-mnode5_20260314T060453Z_1429430/runs/elasticsearch/chiplet_x4
2026-03-14T06:49:41Z	madracks-mnode5	amd	elasticsearch	embedded	NO_RETIRED_INST_CYCLES	user	chiplet_x4	48	14	23	READ	10000	288.8772	43.0	32463.0	110.0	471.0	5627.0	7771.0	9935.0	ok	/home/seunghyun/ycsb/results/chiplet_ycsb_256mib_madracks-mnode5_20260314T060453Z_1429430/runs/elasticsearch/chiplet_x4/inst14/run.stdout.log	/home/seunghyun/ycsb/results/chiplet_ycsb_256mib_madracks-mnode5_20260314T060453Z_1429430/runs/elasticsearch/chiplet_x4
2026-03-14T06:49:41Z	madracks-mnode5	amd	elasticsearch	embedded	NO_RETIRED_INST_CYCLES	user	chiplet_x4	48	14	23	CLEANUP	1	48048.0	48032.0	48063.0	48063.0	48063.0	48063.0	48063.0	48063.0	ok	/home/seunghyun/ycsb/results/chiplet_ycsb_256mib_madracks-mnode5_20260314T060453Z_1429430/runs/elasticsearch/chiplet_x4/inst14/run.stdout.log	/home/seunghyun/ycsb/results/chiplet_ycsb_256mib_madracks-mnode5_20260314T060453Z_1429430/runs/elasticsearch/chiplet_x4
2026-03-14T06:49:41Z	madracks-mnode5	amd	elasticsearch	embedded	NO_RETIRED_INST_CYCLES	user	chiplet_x4	48	15	24	READ	10000	269.6003	35.0	33759.0	102.0	403.0	5551.0	8327.0	9967.0	ok	/home/seunghyun/ycsb/results/chiplet_ycsb_256mib_madracks-mnode5_20260314T060453Z_1429430/runs/elasticsearch/chiplet_x4/inst15/run.stdout.log	/home/seunghyun/ycsb/results/chiplet_ycsb_256mib_madracks-mnode5_20260314T060453Z_1429430/runs/elasticsearch/chiplet_x4
2026-03-14T06:49:41Z	madracks-mnode5	amd	elasticsearch	embedded	NO_RETIRED_INST_CYCLES	user	chiplet_x4	48	15	24	CLEANUP	1	44304.0	44288.0	44319.0	44319.0	44319.0	44319.0	44319.0	44319.0	ok	/home/seunghyun/ycsb/results/chiplet_ycsb_256mib_madracks-mnode5_20260314T060453Z_1429430/runs/elasticsearch/chiplet_x4/inst15/run.stdout.log	/home/seunghyun/ycsb/results/chiplet_ycsb_256mib_madracks-mnode5_20260314T060453Z_1429430/runs/elasticsearch/chiplet_x4
2026-03-14T06:49:41Z	madracks-mnode5	amd	elasticsearch	embedded	NO_RETIRED_INST_CYCLES	user	chiplet_x4	48	16	28	READ	10000	251.2265	42.0	16991.0	96.0	383.0	5083.0	8359.0	10639.0	ok	/home/seunghyun/ycsb/results/chiplet_ycsb_256mib_madracks-mnode5_20260314T060453Z_1429430/runs/elasticsearch/chiplet_x4/inst16/run.stdout.log	/home/seunghyun/ycsb/results/chiplet_ycsb_256mib_madracks-mnode5_20260314T060453Z_1429430/runs/elasticsearch/chiplet_x4
2026-03-14T06:49:41Z	madracks-mnode5	amd	elasticsearch	embedded	NO_RETIRED_INST_CYCLES	user	chiplet_x4	48	16	28	CLEANUP	1	46896.0	46880.0	46911.0	46911.0	46911.0	46911.0	46911.0	46911.0	ok	/home/seunghyun/ycsb/results/chiplet_ycsb_256mib_madracks-mnode5_20260314T060453Z_1429430/runs/elasticsearch/chiplet_x4/inst16/run.stdout.log	/home/seunghyun/ycsb/results/chiplet_ycsb_256mib_madracks-mnode5_20260314T060453Z_1429430/runs/elasticsearch/chiplet_x4
2026-03-14T06:49:41Z	madracks-mnode5	amd	elasticsearch	embedded	NO_RETIRED_INST_CYCLES	user	chiplet_x4	48	17	29	READ	10000	281.1306	40.0	18591.0	115.0	501.0	5311.0	7855.0	10775.0	ok	/home/seunghyun/ycsb/results/chiplet_ycsb_256mib_madracks-mnode5_20260314T060453Z_1429430/runs/elasticsearch/chiplet_x4/inst17/run.stdout.log	/home/seunghyun/ycsb/results/chiplet_ycsb_256mib_madracks-mnode5_20260314T060453Z_1429430/runs/elasticsearch/chiplet_x4
2026-03-14T06:49:41Z	madracks-mnode5	amd	elasticsearch	embedded	NO_RETIRED_INST_CYCLES	user	chiplet_x4	48	17	29	CLEANUP	1	45872.0	45856.0	45887.0	45887.0	45887.0	45887.0	45887.0	45887.0	ok	/home/seunghyun/ycsb/results/chiplet_ycsb_256mib_madracks-mnode5_20260314T060453Z_1429430/runs/elasticsearch/chiplet_x4/inst17/run.stdout.log	/home/seunghyun/ycsb/results/chiplet_ycsb_256mib_madracks-mnode5_20260314T060453Z_1429430/runs/elasticsearch/chiplet_x4
2026-03-14T06:49:41Z	madracks-mnode5	amd	elasticsearch	embedded	NO_RETIRED_INST_CYCLES	user	chiplet_x4	48	18	30	READ	10000	277.7416	39.0	20623.0	114.0	446.0	5415.0	7611.0	11455.0	ok	/home/seunghyun/ycsb/results/chiplet_ycsb_256mib_madracks-mnode5_20260314T060453Z_1429430/runs/elasticsearch/chiplet_x4/inst18/run.stdout.log	/home/seunghyun/ycsb/results/chiplet_ycsb_256mib_madracks-mnode5_20260314T060453Z_1429430/runs/elasticsearch/chiplet_x4
2026-03-14T06:49:41Z	madracks-mnode5	amd	elasticsearch	embedded	NO_RETIRED_INST_CYCLES	user	chiplet_x4	48	18	30	CLEANUP	1	47824.0	47808.0	47839.0	47839.0	47839.0	47839.0	47839.0	47839.0	ok	/home/seunghyun/ycsb/results/chiplet_ycsb_256mib_madracks-mnode5_20260314T060453Z_1429430/runs/elasticsearch/chiplet_x4/inst18/run.stdout.log	/home/seunghyun/ycsb/results/chiplet_ycsb_256mib_madracks-mnode5_20260314T060453Z_1429430/runs/elasticsearch/chiplet_x4
2026-03-14T06:49:41Z	madracks-mnode5	amd	elasticsearch	embedded	NO_RETIRED_INST_CYCLES	user	chiplet_x4	48	19	31	READ	10000	262.7205	41.0	23343.0	104.0	438.0	5155.0	8959.0	11175.0	ok	/home/seunghyun/ycsb/results/chiplet_ycsb_256mib_madracks-mnode5_20260314T060453Z_1429430/runs/elasticsearch/chiplet_x4/inst19/run.stdout.log	/home/seunghyun/ycsb/results/chiplet_ycsb_256mib_madracks-mnode5_20260314T060453Z_1429430/runs/elasticsearch/chiplet_x4
2026-03-14T06:49:41Z	madracks-mnode5	amd	elasticsearch	embedded	NO_RETIRED_INST_CYCLES	user	chiplet_x4	48	19	31	CLEANUP	1	55280.0	55264.0	55295.0	55295.0	55295.0	55295.0	55295.0	55295.0	ok	/home/seunghyun/ycsb/results/chiplet_ycsb_256mib_madracks-mnode5_20260314T060453Z_1429430/runs/elasticsearch/chiplet_x4/inst19/run.stdout.log	/home/seunghyun/ycsb/results/chiplet_ycsb_256mib_madracks-mnode5_20260314T060453Z_1429430/runs/elasticsearch/chiplet_x4
2026-03-14T06:49:41Z	madracks-mnode5	amd	elasticsearch	embedded	NO_RETIRED_INST_CYCLES	user	chiplet_x4	48	20	35	READ	10000	269.9447	40.0	23247.0	104.0	412.0	5223.0	8511.0	11159.0	ok	/home/seunghyun/ycsb/results/chiplet_ycsb_256mib_madracks-mnode5_20260314T060453Z_1429430/runs/elasticsearch/chiplet_x4/inst20/run.stdout.log	/home/seunghyun/ycsb/results/chiplet_ycsb_256mib_madracks-mnode5_20260314T060453Z_1429430/runs/elasticsearch/chiplet_x4
2026-03-14T06:49:41Z	madracks-mnode5	amd	elasticsearch	embedded	NO_RETIRED_INST_CYCLES	user	chiplet_x4	48	20	35	CLEANUP	1	52912.0	52896.0	52927.0	52927.0	52927.0	52927.0	52927.0	52927.0	ok	/home/seunghyun/ycsb/results/chiplet_ycsb_256mib_madracks-mnode5_20260314T060453Z_1429430/runs/elasticsearch/chiplet_x4/inst20/run.stdout.log	/home/seunghyun/ycsb/results/chiplet_ycsb_256mib_madracks-mnode5_20260314T060453Z_1429430/runs/elasticsearch/chiplet_x4
2026-03-14T06:49:41Z	madracks-mnode5	amd	elasticsearch	embedded	NO_RETIRED_INST_CYCLES	user	chiplet_x4	48	21	36	READ	10000	273.0798	39.0	20175.0	111.0	414.0	5295.0	8335.0	10679.0	ok	/home/seunghyun/ycsb/results/chiplet_ycsb_256mib_madracks-mnode5_20260314T060453Z_1429430/runs/elasticsearch/chiplet_x4/inst21/run.stdout.log	/home/seunghyun/ycsb/results/chiplet_ycsb_256mib_madracks-mnode5_20260314T060453Z_1429430/runs/elasticsearch/chiplet_x4
2026-03-14T06:49:41Z	madracks-mnode5	amd	elasticsearch	embedded	NO_RETIRED_INST_CYCLES	user	chiplet_x4	48	21	36	CLEANUP	1	47984.0	47968.0	47999.0	47999.0	47999.0	47999.0	47999.0	47999.0	ok	/home/seunghyun/ycsb/results/chiplet_ycsb_256mib_madracks-mnode5_20260314T060453Z_1429430/runs/elasticsearch/chiplet_x4/inst21/run.stdout.log	/home/seunghyun/ycsb/results/chiplet_ycsb_256mib_madracks-mnode5_20260314T060453Z_1429430/runs/elasticsearch/chiplet_x4
2026-03-14T06:49:41Z	madracks-mnode5	amd	elasticsearch	embedded	NO_RETIRED_INST_CYCLES	user	chiplet_x4	48	22	37	READ	10000	297.9435	43.0	30415.0	120.0	574.0	5127.0	7807.0	10863.0	ok	/home/seunghyun/ycsb/results/chiplet_ycsb_256mib_madracks-mnode5_20260314T060453Z_1429430/runs/elasticsearch/chiplet_x4/inst22/run.stdout.log	/home/seunghyun/ycsb/results/chiplet_ycsb_256mib_madracks-mnode5_20260314T060453Z_1429430/runs/elasticsearch/chiplet_x4
2026-03-14T06:49:41Z	madracks-mnode5	amd	elasticsearch	embedded	NO_RETIRED_INST_CYCLES	user	chiplet_x4	48	22	37	CLEANUP	1	55216.0	55200.0	55231.0	55231.0	55231.0	55231.0	55231.0	55231.0	ok	/home/seunghyun/ycsb/results/chiplet_ycsb_256mib_madracks-mnode5_20260314T060453Z_1429430/runs/elasticsearch/chiplet_x4/inst22/run.stdout.log	/home/seunghyun/ycsb/results/chiplet_ycsb_256mib_madracks-mnode5_20260314T060453Z_1429430/runs/elasticsearch/chiplet_x4
2026-03-14T06:49:41Z	madracks-mnode5	amd	elasticsearch	embedded	NO_RETIRED_INST_CYCLES	user	chiplet_x4	48	23	38	READ	10000	270.9809	34.0	22927.0	105.0	444.0	5219.0	7743.0	10591.0	ok	/home/seunghyun/ycsb/results/chiplet_ycsb_256mib_madracks-mnode5_20260314T060453Z_1429430/runs/elasticsearch/chiplet_x4/inst23/run.stdout.log	/home/seunghyun/ycsb/results/chiplet_ycsb_256mib_madracks-mnode5_20260314T060453Z_1429430/runs/elasticsearch/chiplet_x4
2026-03-14T06:49:41Z	madracks-mnode5	amd	elasticsearch	embedded	NO_RETIRED_INST_CYCLES	user	chiplet_x4	48	23	38	CLEANUP	1	48496.0	48480.0	48511.0	48511.0	48511.0	48511.0	48511.0	48511.0	ok	/home/seunghyun/ycsb/results/chiplet_ycsb_256mib_madracks-mnode5_20260314T060453Z_1429430/runs/elasticsearch/chiplet_x4/inst23/run.stdout.log	/home/seunghyun/ycsb/results/chiplet_ycsb_256mib_madracks-mnode5_20260314T060453Z_1429430/runs/elasticsearch/chiplet_x4
2026-03-14T06:49:41Z	madracks-mnode5	amd	elasticsearch	embedded	NO_RETIRED_INST_CYCLES	user	chiplet_x4	48	24	42	READ	10000	292.5922	35.0	30127.0	119.0	494.0	5339.0	9287.0	13119.0	ok	/home/seunghyun/ycsb/results/chiplet_ycsb_256mib_madracks-mnode5_20260314T060453Z_1429430/runs/elasticsearch/chiplet_x4/inst24/run.stdout.log	/home/seunghyun/ycsb/results/chiplet_ycsb_256mib_madracks-mnode5_20260314T060453Z_1429430/runs/elasticsearch/chiplet_x4
2026-03-14T06:49:41Z	madracks-mnode5	amd	elasticsearch	embedded	NO_RETIRED_INST_CYCLES	user	chiplet_x4	48	24	42	CLEANUP	1	50096.0	50080.0	50111.0	50111.0	50111.0	50111.0	50111.0	50111.0	ok	/home/seunghyun/ycsb/results/chiplet_ycsb_256mib_madracks-mnode5_20260314T060453Z_1429430/runs/elasticsearch/chiplet_x4/inst24/run.stdout.log	/home/seunghyun/ycsb/results/chiplet_ycsb_256mib_madracks-mnode5_20260314T060453Z_1429430/runs/elasticsearch/chiplet_x4
2026-03-14T06:49:41Z	madracks-mnode5	amd	elasticsearch	embedded	NO_RETIRED_INST_CYCLES	user	chiplet_x4	48	25	43	READ	10000	269.3133	43.0	27455.0	108.0	448.0	5235.0	7471.0	10895.0	ok	/home/seunghyun/ycsb/results/chiplet_ycsb_256mib_madracks-mnode5_20260314T060453Z_1429430/runs/elasticsearch/chiplet_x4/inst25/run.stdout.log	/home/seunghyun/ycsb/results/chiplet_ycsb_256mib_madracks-mnode5_20260314T060453Z_1429430/runs/elasticsearch/chiplet_x4
2026-03-14T06:49:41Z	madracks-mnode5	amd	elasticsearch	embedded	NO_RETIRED_INST_CYCLES	user	chiplet_x4	48	25	43	CLEANUP	1	53744.0	53728.0	53759.0	53759.0	53759.0	53759.0	53759.0	53759.0	ok	/home/seunghyun/ycsb/results/chiplet_ycsb_256mib_madracks-mnode5_20260314T060453Z_1429430/runs/elasticsearch/chiplet_x4/inst25/run.stdout.log	/home/seunghyun/ycsb/results/chiplet_ycsb_256mib_madracks-mnode5_20260314T060453Z_1429430/runs/elasticsearch/chiplet_x4
2026-03-14T06:49:41Z	madracks-mnode5	amd	elasticsearch	embedded	NO_RETIRED_INST_CYCLES	user	chiplet_x4	48	26	44	READ	10000	283.2135	42.0	21055.0	111.0	508.0	5307.0	7955.0	10639.0	ok	/home/seunghyun/ycsb/results/chiplet_ycsb_256mib_madracks-mnode5_20260314T060453Z_1429430/runs/elasticsearch/chiplet_x4/inst26/run.stdout.log	/home/seunghyun/ycsb/results/chiplet_ycsb_256mib_madracks-mnode5_20260314T060453Z_1429430/runs/elasticsearch/chiplet_x4
2026-03-14T06:49:41Z	madracks-mnode5	amd	elasticsearch	embedded	NO_RETIRED_INST_CYCLES	user	chiplet_x4	48	26	44	CLEANUP	1	43344.0	43328.0	43359.0	43359.0	43359.0	43359.0	43359.0	43359.0	ok	/home/seunghyun/ycsb/results/chiplet_ycsb_256mib_madracks-mnode5_20260314T060453Z_1429430/runs/elasticsearch/chiplet_x4/inst26/run.stdout.log	/home/seunghyun/ycsb/results/chiplet_ycsb_256mib_madracks-mnode5_20260314T060453Z_1429430/runs/elasticsearch/chiplet_x4
2026-03-14T06:49:41Z	madracks-mnode5	amd	elasticsearch	embedded	NO_RETIRED_INST_CYCLES	user	chiplet_x4	48	27	45	READ	10000	284.4537	45.0	20911.0	114.0	541.0	5035.0	7543.0	10175.0	ok	/home/seunghyun/ycsb/results/chiplet_ycsb_256mib_madracks-mnode5_20260314T060453Z_1429430/runs/elasticsearch/chiplet_x4/inst27/run.stdout.log	/home/seunghyun/ycsb/results/chiplet_ycsb_256mib_madracks-mnode5_20260314T060453Z_1429430/runs/elasticsearch/chiplet_x4
2026-03-14T06:49:41Z	madracks-mnode5	amd	elasticsearch	embedded	NO_RETIRED_INST_CYCLES	user	chiplet_x4	48	27	45	CLEANUP	1	48880.0	48864.0	48895.0	48895.0	48895.0	48895.0	48895.0	48895.0	ok	/home/seunghyun/ycsb/results/chiplet_ycsb_256mib_madracks-mnode5_20260314T060453Z_1429430/runs/elasticsearch/chiplet_x4/inst27/run.stdout.log	/home/seunghyun/ycsb/results/chiplet_ycsb_256mib_madracks-mnode5_20260314T060453Z_1429430/runs/elasticsearch/chiplet_x4
2026-03-14T06:49:41Z	madracks-mnode5	amd	elasticsearch	embedded	NO_RETIRED_INST_CYCLES	user	chiplet_x4	48	28	49	READ	10000	271.2448	40.0	28415.0	113.0	444.0	5039.0	7323.0	9871.0	ok	/home/seunghyun/ycsb/results/chiplet_ycsb_256mib_madracks-mnode5_20260314T060453Z_1429430/runs/elasticsearch/chiplet_x4/inst28/run.stdout.log	/home/seunghyun/ycsb/results/chiplet_ycsb_256mib_madracks-mnode5_20260314T060453Z_1429430/runs/elasticsearch/chiplet_x4
2026-03-14T06:49:41Z	madracks-mnode5	amd	elasticsearch	embedded	NO_RETIRED_INST_CYCLES	user	chiplet_x4	48	28	49	CLEANUP	1	53744.0	53728.0	53759.0	53759.0	53759.0	53759.0	53759.0	53759.0	ok	/home/seunghyun/ycsb/results/chiplet_ycsb_256mib_madracks-mnode5_20260314T060453Z_1429430/runs/elasticsearch/chiplet_x4/inst28/run.stdout.log	/home/seunghyun/ycsb/results/chiplet_ycsb_256mib_madracks-mnode5_20260314T060453Z_1429430/runs/elasticsearch/chiplet_x4
2026-03-14T06:49:41Z	madracks-mnode5	amd	elasticsearch	embedded	NO_RETIRED_INST_CYCLES	user	chiplet_x4	48	29	50	READ	10000	273.5328	40.0	27679.0	112.0	406.0	5191.0	7723.0	11039.0	ok	/home/seunghyun/ycsb/results/chiplet_ycsb_256mib_madracks-mnode5_20260314T060453Z_1429430/runs/elasticsearch/chiplet_x4/inst29/run.stdout.log	/home/seunghyun/ycsb/results/chiplet_ycsb_256mib_madracks-mnode5_20260314T060453Z_1429430/runs/elasticsearch/chiplet_x4
2026-03-14T06:49:41Z	madracks-mnode5	amd	elasticsearch	embedded	NO_RETIRED_INST_CYCLES	user	chiplet_x4	48	29	50	CLEANUP	1	53520.0	53504.0	53535.0	53535.0	53535.0	53535.0	53535.0	53535.0	ok	/home/seunghyun/ycsb/results/chiplet_ycsb_256mib_madracks-mnode5_20260314T060453Z_1429430/runs/elasticsearch/chiplet_x4/inst29/run.stdout.log	/home/seunghyun/ycsb/results/chiplet_ycsb_256mib_madracks-mnode5_20260314T060453Z_1429430/runs/elasticsearch/chiplet_x4
2026-03-14T06:49:41Z	madracks-mnode5	amd	elasticsearch	embedded	NO_RETIRED_INST_CYCLES	user	chiplet_x4	48	30	51	READ	10000	292.4629	39.0	23791.0	118.0	504.0	5267.0	8091.0	10007.0	ok	/home/seunghyun/ycsb/results/chiplet_ycsb_256mib_madracks-mnode5_20260314T060453Z_1429430/runs/elasticsearch/chiplet_x4/inst30/run.stdout.log	/home/seunghyun/ycsb/results/chiplet_ycsb_256mib_madracks-mnode5_20260314T060453Z_1429430/runs/elasticsearch/chiplet_x4
2026-03-14T06:49:41Z	madracks-mnode5	amd	elasticsearch	embedded	NO_RETIRED_INST_CYCLES	user	chiplet_x4	48	30	51	CLEANUP	1	48752.0	48736.0	48767.0	48767.0	48767.0	48767.0	48767.0	48767.0	ok	/home/seunghyun/ycsb/results/chiplet_ycsb_256mib_madracks-mnode5_20260314T060453Z_1429430/runs/elasticsearch/chiplet_x4/inst30/run.stdout.log	/home/seunghyun/ycsb/results/chiplet_ycsb_256mib_madracks-mnode5_20260314T060453Z_1429430/runs/elasticsearch/chiplet_x4
2026-03-14T06:49:41Z	madracks-mnode5	amd	elasticsearch	embedded	NO_RETIRED_INST_CYCLES	user	chiplet_x4	48	31	52	READ	10000	255.2754	44.0	34239.0	102.0	394.0	5339.0	8087.0	10295.0	ok	/home/seunghyun/ycsb/results/chiplet_ycsb_256mib_madracks-mnode5_20260314T060453Z_1429430/runs/elasticsearch/chiplet_x4/inst31/run.stdout.log	/home/seunghyun/ycsb/results/chiplet_ycsb_256mib_madracks-mnode5_20260314T060453Z_1429430/runs/elasticsearch/chiplet_x4
2026-03-14T06:49:41Z	madracks-mnode5	amd	elasticsearch	embedded	NO_RETIRED_INST_CYCLES	user	chiplet_x4	48	31	52	CLEANUP	1	55024.0	55008.0	55039.0	55039.0	55039.0	55039.0	55039.0	55039.0	ok	/home/seunghyun/ycsb/results/chiplet_ycsb_256mib_madracks-mnode5_20260314T060453Z_1429430/runs/elasticsearch/chiplet_x4/inst31/run.stdout.log	/home/seunghyun/ycsb/results/chiplet_ycsb_256mib_madracks-mnode5_20260314T060453Z_1429430/runs/elasticsearch/chiplet_x4
2026-03-14T06:49:41Z	madracks-mnode5	amd	elasticsearch	embedded	NO_RETIRED_INST_CYCLES	user	chiplet_x4	48	32	56	READ	10000	282.6978	39.0	21039.0	117.0	476.0	5495.0	7759.0	10655.0	ok	/home/seunghyun/ycsb/results/chiplet_ycsb_256mib_madracks-mnode5_20260314T060453Z_1429430/runs/elasticsearch/chiplet_x4/inst32/run.stdout.log	/home/seunghyun/ycsb/results/chiplet_ycsb_256mib_madracks-mnode5_20260314T060453Z_1429430/runs/elasticsearch/chiplet_x4
2026-03-14T06:49:41Z	madracks-mnode5	amd	elasticsearch	embedded	NO_RETIRED_INST_CYCLES	user	chiplet_x4	48	32	56	CLEANUP	1	50576.0	50560.0	50591.0	50591.0	50591.0	50591.0	50591.0	50591.0	ok	/home/seunghyun/ycsb/results/chiplet_ycsb_256mib_madracks-mnode5_20260314T060453Z_1429430/runs/elasticsearch/chiplet_x4/inst32/run.stdout.log	/home/seunghyun/ycsb/results/chiplet_ycsb_256mib_madracks-mnode5_20260314T060453Z_1429430/runs/elasticsearch/chiplet_x4
2026-03-14T06:49:41Z	madracks-mnode5	amd	elasticsearch	embedded	NO_RETIRED_INST_CYCLES	user	chiplet_x4	48	33	57	READ	10000	292.9629	39.0	29263.0	115.0	528.0	5671.0	8127.0	10663.0	ok	/home/seunghyun/ycsb/results/chiplet_ycsb_256mib_madracks-mnode5_20260314T060453Z_1429430/runs/elasticsearch/chiplet_x4/inst33/run.stdout.log	/home/seunghyun/ycsb/results/chiplet_ycsb_256mib_madracks-mnode5_20260314T060453Z_1429430/runs/elasticsearch/chiplet_x4
2026-03-14T06:49:41Z	madracks-mnode5	amd	elasticsearch	embedded	NO_RETIRED_INST_CYCLES	user	chiplet_x4	48	33	57	CLEANUP	1	53296.0	53280.0	53311.0	53311.0	53311.0	53311.0	53311.0	53311.0	ok	/home/seunghyun/ycsb/results/chiplet_ycsb_256mib_madracks-mnode5_20260314T060453Z_1429430/runs/elasticsearch/chiplet_x4/inst33/run.stdout.log	/home/seunghyun/ycsb/results/chiplet_ycsb_256mib_madracks-mnode5_20260314T060453Z_1429430/runs/elasticsearch/chiplet_x4
2026-03-14T06:49:41Z	madracks-mnode5	amd	elasticsearch	embedded	NO_RETIRED_INST_CYCLES	user	chiplet_x4	48	34	58	READ	10000	265.0789	37.0	24687.0	106.0	423.0	5191.0	7779.0	11431.0	ok	/home/seunghyun/ycsb/results/chiplet_ycsb_256mib_madracks-mnode5_20260314T060453Z_1429430/runs/elasticsearch/chiplet_x4/inst34/run.stdout.log	/home/seunghyun/ycsb/results/chiplet_ycsb_256mib_madracks-mnode5_20260314T060453Z_1429430/runs/elasticsearch/chiplet_x4
2026-03-14T06:49:41Z	madracks-mnode5	amd	elasticsearch	embedded	NO_RETIRED_INST_CYCLES	user	chiplet_x4	48	34	58	CLEANUP	1	43856.0	43840.0	43871.0	43871.0	43871.0	43871.0	43871.0	43871.0	ok	/home/seunghyun/ycsb/results/chiplet_ycsb_256mib_madracks-mnode5_20260314T060453Z_1429430/runs/elasticsearch/chiplet_x4/inst34/run.stdout.log	/home/seunghyun/ycsb/results/chiplet_ycsb_256mib_madracks-mnode5_20260314T060453Z_1429430/runs/elasticsearch/chiplet_x4
2026-03-14T06:49:41Z	madracks-mnode5	amd	elasticsearch	embedded	NO_RETIRED_INST_CYCLES	user	chiplet_x4	48	35	59	READ	10000	291.1399	42.0	22015.0	123.0	511.0	5335.0	8295.0	10535.0	ok	/home/seunghyun/ycsb/results/chiplet_ycsb_256mib_madracks-mnode5_20260314T060453Z_1429430/runs/elasticsearch/chiplet_x4/inst35/run.stdout.log	/home/seunghyun/ycsb/results/chiplet_ycsb_256mib_madracks-mnode5_20260314T060453Z_1429430/runs/elasticsearch/chiplet_x4
2026-03-14T06:49:41Z	madracks-mnode5	amd	elasticsearch	embedded	NO_RETIRED_INST_CYCLES	user	chiplet_x4	48	35	59	CLEANUP	1	52720.0	52704.0	52735.0	52735.0	52735.0	52735.0	52735.0	52735.0	ok	/home/seunghyun/ycsb/results/chiplet_ycsb_256mib_madracks-mnode5_20260314T060453Z_1429430/runs/elasticsearch/chiplet_x4/inst35/run.stdout.log	/home/seunghyun/ycsb/results/chiplet_ycsb_256mib_madracks-mnode5_20260314T060453Z_1429430/runs/elasticsearch/chiplet_x4
2026-03-14T06:49:41Z	madracks-mnode5	amd	elasticsearch	embedded	NO_RETIRED_INST_CYCLES	user	chiplet_x4	48	36	63	READ	10000	266.7786	45.0	20127.0	102.0	418.0	5087.0	8527.0	10559.0	ok	/home/seunghyun/ycsb/results/chiplet_ycsb_256mib_madracks-mnode5_20260314T060453Z_1429430/runs/elasticsearch/chiplet_x4/inst36/run.stdout.log	/home/seunghyun/ycsb/results/chiplet_ycsb_256mib_madracks-mnode5_20260314T060453Z_1429430/runs/elasticsearch/chiplet_x4
2026-03-14T06:49:41Z	madracks-mnode5	amd	elasticsearch	embedded	NO_RETIRED_INST_CYCLES	user	chiplet_x4	48	36	63	CLEANUP	1	37968.0	37952.0	37983.0	37983.0	37983.0	37983.0	37983.0	37983.0	ok	/home/seunghyun/ycsb/results/chiplet_ycsb_256mib_madracks-mnode5_20260314T060453Z_1429430/runs/elasticsearch/chiplet_x4/inst36/run.stdout.log	/home/seunghyun/ycsb/results/chiplet_ycsb_256mib_madracks-mnode5_20260314T060453Z_1429430/runs/elasticsearch/chiplet_x4
2026-03-14T06:49:41Z	madracks-mnode5	amd	elasticsearch	embedded	NO_RETIRED_INST_CYCLES	user	chiplet_x4	48	37	64	READ	10000	261.1893	41.0	19343.0	108.0	445.0	4935.0	8535.0	11463.0	ok	/home/seunghyun/ycsb/results/chiplet_ycsb_256mib_madracks-mnode5_20260314T060453Z_1429430/runs/elasticsearch/chiplet_x4/inst37/run.stdout.log	/home/seunghyun/ycsb/results/chiplet_ycsb_256mib_madracks-mnode5_20260314T060453Z_1429430/runs/elasticsearch/chiplet_x4
2026-03-14T06:49:41Z	madracks-mnode5	amd	elasticsearch	embedded	NO_RETIRED_INST_CYCLES	user	chiplet_x4	48	37	64	CLEANUP	1	48944.0	48928.0	48959.0	48959.0	48959.0	48959.0	48959.0	48959.0	ok	/home/seunghyun/ycsb/results/chiplet_ycsb_256mib_madracks-mnode5_20260314T060453Z_1429430/runs/elasticsearch/chiplet_x4/inst37/run.stdout.log	/home/seunghyun/ycsb/results/chiplet_ycsb_256mib_madracks-mnode5_20260314T060453Z_1429430/runs/elasticsearch/chiplet_x4
2026-03-14T06:49:41Z	madracks-mnode5	amd	elasticsearch	embedded	NO_RETIRED_INST_CYCLES	user	chiplet_x4	48	38	65	READ	10000	287.9613	44.0	20015.0	117.0	511.0	5579.0	8663.0	10511.0	ok	/home/seunghyun/ycsb/results/chiplet_ycsb_256mib_madracks-mnode5_20260314T060453Z_1429430/runs/elasticsearch/chiplet_x4/inst38/run.stdout.log	/home/seunghyun/ycsb/results/chiplet_ycsb_256mib_madracks-mnode5_20260314T060453Z_1429430/runs/elasticsearch/chiplet_x4
2026-03-14T06:49:41Z	madracks-mnode5	amd	elasticsearch	embedded	NO_RETIRED_INST_CYCLES	user	chiplet_x4	48	38	65	CLEANUP	1	47536.0	47520.0	47551.0	47551.0	47551.0	47551.0	47551.0	47551.0	ok	/home/seunghyun/ycsb/results/chiplet_ycsb_256mib_madracks-mnode5_20260314T060453Z_1429430/runs/elasticsearch/chiplet_x4/inst38/run.stdout.log	/home/seunghyun/ycsb/results/chiplet_ycsb_256mib_madracks-mnode5_20260314T060453Z_1429430/runs/elasticsearch/chiplet_x4
2026-03-14T06:49:41Z	madracks-mnode5	amd	elasticsearch	embedded	NO_RETIRED_INST_CYCLES	user	chiplet_x4	48	39	66	READ	10000	281.1057	38.0	18559.0	118.0	493.0	5291.0	8131.0	9575.0	ok	/home/seunghyun/ycsb/results/chiplet_ycsb_256mib_madracks-mnode5_20260314T060453Z_1429430/runs/elasticsearch/chiplet_x4/inst39/run.stdout.log	/home/seunghyun/ycsb/results/chiplet_ycsb_256mib_madracks-mnode5_20260314T060453Z_1429430/runs/elasticsearch/chiplet_x4
2026-03-14T06:49:41Z	madracks-mnode5	amd	elasticsearch	embedded	NO_RETIRED_INST_CYCLES	user	chiplet_x4	48	39	66	CLEANUP	1	47504.0	47488.0	47519.0	47519.0	47519.0	47519.0	47519.0	47519.0	ok	/home/seunghyun/ycsb/results/chiplet_ycsb_256mib_madracks-mnode5_20260314T060453Z_1429430/runs/elasticsearch/chiplet_x4/inst39/run.stdout.log	/home/seunghyun/ycsb/results/chiplet_ycsb_256mib_madracks-mnode5_20260314T060453Z_1429430/runs/elasticsearch/chiplet_x4
2026-03-14T06:49:41Z	madracks-mnode5	amd	elasticsearch	embedded	NO_RETIRED_INST_CYCLES	user	chiplet_x4	48	40	70	READ	10000	261.2091	42.0	21967.0	100.0	403.0	5159.0	8759.0	10311.0	ok	/home/seunghyun/ycsb/results/chiplet_ycsb_256mib_madracks-mnode5_20260314T060453Z_1429430/runs/elasticsearch/chiplet_x4/inst40/run.stdout.log	/home/seunghyun/ycsb/results/chiplet_ycsb_256mib_madracks-mnode5_20260314T060453Z_1429430/runs/elasticsearch/chiplet_x4
2026-03-14T06:49:41Z	madracks-mnode5	amd	elasticsearch	embedded	NO_RETIRED_INST_CYCLES	user	chiplet_x4	48	40	70	CLEANUP	1	57552.0	57536.0	57567.0	57567.0	57567.0	57567.0	57567.0	57567.0	ok	/home/seunghyun/ycsb/results/chiplet_ycsb_256mib_madracks-mnode5_20260314T060453Z_1429430/runs/elasticsearch/chiplet_x4/inst40/run.stdout.log	/home/seunghyun/ycsb/results/chiplet_ycsb_256mib_madracks-mnode5_20260314T060453Z_1429430/runs/elasticsearch/chiplet_x4
2026-03-14T06:49:41Z	madracks-mnode5	amd	elasticsearch	embedded	NO_RETIRED_INST_CYCLES	user	chiplet_x4	48	41	71	READ	10000	279.8888	40.0	26911.0	114.0	435.0	5359.0	7579.0	9375.0	ok	/home/seunghyun/ycsb/results/chiplet_ycsb_256mib_madracks-mnode5_20260314T060453Z_1429430/runs/elasticsearch/chiplet_x4/inst41/run.stdout.log	/home/seunghyun/ycsb/results/chiplet_ycsb_256mib_madracks-mnode5_20260314T060453Z_1429430/runs/elasticsearch/chiplet_x4
2026-03-14T06:49:41Z	madracks-mnode5	amd	elasticsearch	embedded	NO_RETIRED_INST_CYCLES	user	chiplet_x4	48	41	71	CLEANUP	1	57552.0	57536.0	57567.0	57567.0	57567.0	57567.0	57567.0	57567.0	ok	/home/seunghyun/ycsb/results/chiplet_ycsb_256mib_madracks-mnode5_20260314T060453Z_1429430/runs/elasticsearch/chiplet_x4/inst41/run.stdout.log	/home/seunghyun/ycsb/results/chiplet_ycsb_256mib_madracks-mnode5_20260314T060453Z_1429430/runs/elasticsearch/chiplet_x4
2026-03-14T06:49:41Z	madracks-mnode5	amd	elasticsearch	embedded	NO_RETIRED_INST_CYCLES	user	chiplet_x4	48	42	72	READ	10000	285.6642	41.0	25855.0	118.0	497.0	5327.0	7823.0	9639.0	ok	/home/seunghyun/ycsb/results/chiplet_ycsb_256mib_madracks-mnode5_20260314T060453Z_1429430/runs/elasticsearch/chiplet_x4/inst42/run.stdout.log	/home/seunghyun/ycsb/results/chiplet_ycsb_256mib_madracks-mnode5_20260314T060453Z_1429430/runs/elasticsearch/chiplet_x4
2026-03-14T06:49:41Z	madracks-mnode5	amd	elasticsearch	embedded	NO_RETIRED_INST_CYCLES	user	chiplet_x4	48	42	72	CLEANUP	1	50544.0	50528.0	50559.0	50559.0	50559.0	50559.0	50559.0	50559.0	ok	/home/seunghyun/ycsb/results/chiplet_ycsb_256mib_madracks-mnode5_20260314T060453Z_1429430/runs/elasticsearch/chiplet_x4/inst42/run.stdout.log	/home/seunghyun/ycsb/results/chiplet_ycsb_256mib_madracks-mnode5_20260314T060453Z_1429430/runs/elasticsearch/chiplet_x4
2026-03-14T06:49:41Z	madracks-mnode5	amd	elasticsearch	embedded	NO_RETIRED_INST_CYCLES	user	chiplet_x4	48	43	73	READ	10000	278.0054	43.0	20399.0	109.0	447.0	5443.0	8327.0	10639.0	ok	/home/seunghyun/ycsb/results/chiplet_ycsb_256mib_madracks-mnode5_20260314T060453Z_1429430/runs/elasticsearch/chiplet_x4/inst43/run.stdout.log	/home/seunghyun/ycsb/results/chiplet_ycsb_256mib_madracks-mnode5_20260314T060453Z_1429430/runs/elasticsearch/chiplet_x4
2026-03-14T06:49:41Z	madracks-mnode5	amd	elasticsearch	embedded	NO_RETIRED_INST_CYCLES	user	chiplet_x4	48	43	73	CLEANUP	1	45840.0	45824.0	45855.0	45855.0	45855.0	45855.0	45855.0	45855.0	ok	/home/seunghyun/ycsb/results/chiplet_ycsb_256mib_madracks-mnode5_20260314T060453Z_1429430/runs/elasticsearch/chiplet_x4/inst43/run.stdout.log	/home/seunghyun/ycsb/results/chiplet_ycsb_256mib_madracks-mnode5_20260314T060453Z_1429430/runs/elasticsearch/chiplet_x4
2026-03-14T06:49:41Z	madracks-mnode5	amd	elasticsearch	embedded	NO_RETIRED_INST_CYCLES	user	chiplet_x4	48	44	77	READ	10000	268.8635	38.0	23935.0	103.0	458.0	5223.0	9343.0	10959.0	ok	/home/seunghyun/ycsb/results/chiplet_ycsb_256mib_madracks-mnode5_20260314T060453Z_1429430/runs/elasticsearch/chiplet_x4/inst44/run.stdout.log	/home/seunghyun/ycsb/results/chiplet_ycsb_256mib_madracks-mnode5_20260314T060453Z_1429430/runs/elasticsearch/chiplet_x4
2026-03-14T06:49:41Z	madracks-mnode5	amd	elasticsearch	embedded	NO_RETIRED_INST_CYCLES	user	chiplet_x4	48	44	77	CLEANUP	1	45872.0	45856.0	45887.0	45887.0	45887.0	45887.0	45887.0	45887.0	ok	/home/seunghyun/ycsb/results/chiplet_ycsb_256mib_madracks-mnode5_20260314T060453Z_1429430/runs/elasticsearch/chiplet_x4/inst44/run.stdout.log	/home/seunghyun/ycsb/results/chiplet_ycsb_256mib_madracks-mnode5_20260314T060453Z_1429430/runs/elasticsearch/chiplet_x4
2026-03-14T06:49:41Z	madracks-mnode5	amd	elasticsearch	embedded	NO_RETIRED_INST_CYCLES	user	chiplet_x4	48	45	78	READ	10000	299.7936	38.0	29999.0	120.0	522.0	5391.0	7911.0	10735.0	ok	/home/seunghyun/ycsb/results/chiplet_ycsb_256mib_madracks-mnode5_20260314T060453Z_1429430/runs/elasticsearch/chiplet_x4/inst45/run.stdout.log	/home/seunghyun/ycsb/results/chiplet_ycsb_256mib_madracks-mnode5_20260314T060453Z_1429430/runs/elasticsearch/chiplet_x4
2026-03-14T06:49:41Z	madracks-mnode5	amd	elasticsearch	embedded	NO_RETIRED_INST_CYCLES	user	chiplet_x4	48	45	78	CLEANUP	1	51600.0	51584.0	51615.0	51615.0	51615.0	51615.0	51615.0	51615.0	ok	/home/seunghyun/ycsb/results/chiplet_ycsb_256mib_madracks-mnode5_20260314T060453Z_1429430/runs/elasticsearch/chiplet_x4/inst45/run.stdout.log	/home/seunghyun/ycsb/results/chiplet_ycsb_256mib_madracks-mnode5_20260314T060453Z_1429430/runs/elasticsearch/chiplet_x4
2026-03-14T06:49:41Z	madracks-mnode5	amd	elasticsearch	embedded	NO_RETIRED_INST_CYCLES	user	chiplet_x4	48	46	79	READ	10000	287.2617	41.0	21839.0	118.0	519.0	5275.0	7783.0	10591.0	ok	/home/seunghyun/ycsb/results/chiplet_ycsb_256mib_madracks-mnode5_20260314T060453Z_1429430/runs/elasticsearch/chiplet_x4/inst46/run.stdout.log	/home/seunghyun/ycsb/results/chiplet_ycsb_256mib_madracks-mnode5_20260314T060453Z_1429430/runs/elasticsearch/chiplet_x4
2026-03-14T06:49:41Z	madracks-mnode5	amd	elasticsearch	embedded	NO_RETIRED_INST_CYCLES	user	chiplet_x4	48	46	79	CLEANUP	1	53008.0	52992.0	53023.0	53023.0	53023.0	53023.0	53023.0	53023.0	ok	/home/seunghyun/ycsb/results/chiplet_ycsb_256mib_madracks-mnode5_20260314T060453Z_1429430/runs/elasticsearch/chiplet_x4/inst46/run.stdout.log	/home/seunghyun/ycsb/results/chiplet_ycsb_256mib_madracks-mnode5_20260314T060453Z_1429430/runs/elasticsearch/chiplet_x4
2026-03-14T06:49:41Z	madracks-mnode5	amd	elasticsearch	embedded	NO_RETIRED_INST_CYCLES	user	chiplet_x4	48	47	80	READ	10000	302.4625	42.0	33119.0	122.0	585.0	5283.0	8631.0	10423.0	ok	/home/seunghyun/ycsb/results/chiplet_ycsb_256mib_madracks-mnode5_20260314T060453Z_1429430/runs/elasticsearch/chiplet_x4/inst47/run.stdout.log	/home/seunghyun/ycsb/results/chiplet_ycsb_256mib_madracks-mnode5_20260314T060453Z_1429430/runs/elasticsearch/chiplet_x4
2026-03-14T06:49:41Z	madracks-mnode5	amd	elasticsearch	embedded	NO_RETIRED_INST_CYCLES	user	chiplet_x4	48	47	80	CLEANUP	1	55728.0	55712.0	55743.0	55743.0	55743.0	55743.0	55743.0	55743.0	ok	/home/seunghyun/ycsb/results/chiplet_ycsb_256mib_madracks-mnode5_20260314T060453Z_1429430/runs/elasticsearch/chiplet_x4/inst47/run.stdout.log	/home/seunghyun/ycsb/results/chiplet_ycsb_256mib_madracks-mnode5_20260314T060453Z_1429430/runs/elasticsearch/chiplet_x4
2026-03-14T06:59:04Z	madracks-mnode5	amd	elasticsearch	embedded	NO_RETIRED_INST_CYCLES	user	chiplet_x5	60	0	0	READ	10000	291.2306	37.0	29647.0	114.0	498.0	5403.0	7459.0	9959.0	ok	/home/seunghyun/ycsb/results/chiplet_ycsb_256mib_madracks-mnode5_20260314T060453Z_1429430/runs/elasticsearch/chiplet_x5/inst00/run.stdout.log	/home/seunghyun/ycsb/results/chiplet_ycsb_256mib_madracks-mnode5_20260314T060453Z_1429430/runs/elasticsearch/chiplet_x5
2026-03-14T06:59:04Z	madracks-mnode5	amd	elasticsearch	embedded	NO_RETIRED_INST_CYCLES	user	chiplet_x5	60	0	0	CLEANUP	1	53744.0	53728.0	53759.0	53759.0	53759.0	53759.0	53759.0	53759.0	ok	/home/seunghyun/ycsb/results/chiplet_ycsb_256mib_madracks-mnode5_20260314T060453Z_1429430/runs/elasticsearch/chiplet_x5/inst00/run.stdout.log	/home/seunghyun/ycsb/results/chiplet_ycsb_256mib_madracks-mnode5_20260314T060453Z_1429430/runs/elasticsearch/chiplet_x5
2026-03-14T06:59:04Z	madracks-mnode5	amd	elasticsearch	embedded	NO_RETIRED_INST_CYCLES	user	chiplet_x5	60	1	1	READ	10000	299.3534	43.0	23327.0	122.0	522.0	5319.0	8759.0	10839.0	ok	/home/seunghyun/ycsb/results/chiplet_ycsb_256mib_madracks-mnode5_20260314T060453Z_1429430/runs/elasticsearch/chiplet_x5/inst01/run.stdout.log	/home/seunghyun/ycsb/results/chiplet_ycsb_256mib_madracks-mnode5_20260314T060453Z_1429430/runs/elasticsearch/chiplet_x5
2026-03-14T06:59:04Z	madracks-mnode5	amd	elasticsearch	embedded	NO_RETIRED_INST_CYCLES	user	chiplet_x5	60	1	1	CLEANUP	1	52272.0	52256.0	52287.0	52287.0	52287.0	52287.0	52287.0	52287.0	ok	/home/seunghyun/ycsb/results/chiplet_ycsb_256mib_madracks-mnode5_20260314T060453Z_1429430/runs/elasticsearch/chiplet_x5/inst01/run.stdout.log	/home/seunghyun/ycsb/results/chiplet_ycsb_256mib_madracks-mnode5_20260314T060453Z_1429430/runs/elasticsearch/chiplet_x5
2026-03-14T06:59:04Z	madracks-mnode5	amd	elasticsearch	embedded	NO_RETIRED_INST_CYCLES	user	chiplet_x5	60	2	2	READ	10000	290.82	40.0	23807.0	114.0	549.0	5347.0	8271.0	10551.0	ok	/home/seunghyun/ycsb/results/chiplet_ycsb_256mib_madracks-mnode5_20260314T060453Z_1429430/runs/elasticsearch/chiplet_x5/inst02/run.stdout.log	/home/seunghyun/ycsb/results/chiplet_ycsb_256mib_madracks-mnode5_20260314T060453Z_1429430/runs/elasticsearch/chiplet_x5
2026-03-14T06:59:04Z	madracks-mnode5	amd	elasticsearch	embedded	NO_RETIRED_INST_CYCLES	user	chiplet_x5	60	2	2	CLEANUP	1	50928.0	50912.0	50943.0	50943.0	50943.0	50943.0	50943.0	50943.0	ok	/home/seunghyun/ycsb/results/chiplet_ycsb_256mib_madracks-mnode5_20260314T060453Z_1429430/runs/elasticsearch/chiplet_x5/inst02/run.stdout.log	/home/seunghyun/ycsb/results/chiplet_ycsb_256mib_madracks-mnode5_20260314T060453Z_1429430/runs/elasticsearch/chiplet_x5
2026-03-14T06:59:04Z	madracks-mnode5	amd	elasticsearch	embedded	NO_RETIRED_INST_CYCLES	user	chiplet_x5	60	3	3	READ	10000	269.7247	40.0	22943.0	107.0	477.0	5051.0	8343.0	12767.0	ok	/home/seunghyun/ycsb/results/chiplet_ycsb_256mib_madracks-mnode5_20260314T060453Z_1429430/runs/elasticsearch/chiplet_x5/inst03/run.stdout.log	/home/seunghyun/ycsb/results/chiplet_ycsb_256mib_madracks-mnode5_20260314T060453Z_1429430/runs/elasticsearch/chiplet_x5
2026-03-14T06:59:04Z	madracks-mnode5	amd	elasticsearch	embedded	NO_RETIRED_INST_CYCLES	user	chiplet_x5	60	3	3	CLEANUP	1	55536.0	55520.0	55551.0	55551.0	55551.0	55551.0	55551.0	55551.0	ok	/home/seunghyun/ycsb/results/chiplet_ycsb_256mib_madracks-mnode5_20260314T060453Z_1429430/runs/elasticsearch/chiplet_x5/inst03/run.stdout.log	/home/seunghyun/ycsb/results/chiplet_ycsb_256mib_madracks-mnode5_20260314T060453Z_1429430/runs/elasticsearch/chiplet_x5
2026-03-14T06:59:04Z	madracks-mnode5	amd	elasticsearch	embedded	NO_RETIRED_INST_CYCLES	user	chiplet_x5	60	4	4	READ	10000	279.7527	45.0	21455.0	114.0	487.0	5363.0	7955.0	10855.0	ok	/home/seunghyun/ycsb/results/chiplet_ycsb_256mib_madracks-mnode5_20260314T060453Z_1429430/runs/elasticsearch/chiplet_x5/inst04/run.stdout.log	/home/seunghyun/ycsb/results/chiplet_ycsb_256mib_madracks-mnode5_20260314T060453Z_1429430/runs/elasticsearch/chiplet_x5
2026-03-14T06:59:04Z	madracks-mnode5	amd	elasticsearch	embedded	NO_RETIRED_INST_CYCLES	user	chiplet_x5	60	4	4	CLEANUP	1	52112.0	52096.0	52127.0	52127.0	52127.0	52127.0	52127.0	52127.0	ok	/home/seunghyun/ycsb/results/chiplet_ycsb_256mib_madracks-mnode5_20260314T060453Z_1429430/runs/elasticsearch/chiplet_x5/inst04/run.stdout.log	/home/seunghyun/ycsb/results/chiplet_ycsb_256mib_madracks-mnode5_20260314T060453Z_1429430/runs/elasticsearch/chiplet_x5
2026-03-14T06:59:04Z	madracks-mnode5	amd	elasticsearch	embedded	NO_RETIRED_INST_CYCLES	user	chiplet_x5	60	5	7	READ	10000	282.0061	40.0	23951.0	109.0	461.0	5483.0	8559.0	10271.0	ok	/home/seunghyun/ycsb/results/chiplet_ycsb_256mib_madracks-mnode5_20260314T060453Z_1429430/runs/elasticsearch/chiplet_x5/inst05/run.stdout.log	/home/seunghyun/ycsb/results/chiplet_ycsb_256mib_madracks-mnode5_20260314T060453Z_1429430/runs/elasticsearch/chiplet_x5
2026-03-14T06:59:04Z	madracks-mnode5	amd	elasticsearch	embedded	NO_RETIRED_INST_CYCLES	user	chiplet_x5	60	5	7	CLEANUP	1	53232.0	53216.0	53247.0	53247.0	53247.0	53247.0	53247.0	53247.0	ok	/home/seunghyun/ycsb/results/chiplet_ycsb_256mib_madracks-mnode5_20260314T060453Z_1429430/runs/elasticsearch/chiplet_x5/inst05/run.stdout.log	/home/seunghyun/ycsb/results/chiplet_ycsb_256mib_madracks-mnode5_20260314T060453Z_1429430/runs/elasticsearch/chiplet_x5
2026-03-14T06:59:04Z	madracks-mnode5	amd	elasticsearch	embedded	NO_RETIRED_INST_CYCLES	user	chiplet_x5	60	6	8	READ	10000	293.9192	46.0	33759.0	115.0	484.0	5403.0	7991.0	13967.0	ok	/home/seunghyun/ycsb/results/chiplet_ycsb_256mib_madracks-mnode5_20260314T060453Z_1429430/runs/elasticsearch/chiplet_x5/inst06/run.stdout.log	/home/seunghyun/ycsb/results/chiplet_ycsb_256mib_madracks-mnode5_20260314T060453Z_1429430/runs/elasticsearch/chiplet_x5
2026-03-14T06:59:04Z	madracks-mnode5	amd	elasticsearch	embedded	NO_RETIRED_INST_CYCLES	user	chiplet_x5	60	6	8	CLEANUP	1	47536.0	47520.0	47551.0	47551.0	47551.0	47551.0	47551.0	47551.0	ok	/home/seunghyun/ycsb/results/chiplet_ycsb_256mib_madracks-mnode5_20260314T060453Z_1429430/runs/elasticsearch/chiplet_x5/inst06/run.stdout.log	/home/seunghyun/ycsb/results/chiplet_ycsb_256mib_madracks-mnode5_20260314T060453Z_1429430/runs/elasticsearch/chiplet_x5
2026-03-14T06:59:04Z	madracks-mnode5	amd	elasticsearch	embedded	NO_RETIRED_INST_CYCLES	user	chiplet_x5	60	7	9	READ	10000	299.1265	42.0	33247.0	122.0	511.0	5391.0	7631.0	18015.0	ok	/home/seunghyun/ycsb/results/chiplet_ycsb_256mib_madracks-mnode5_20260314T060453Z_1429430/runs/elasticsearch/chiplet_x5/inst07/run.stdout.log	/home/seunghyun/ycsb/results/chiplet_ycsb_256mib_madracks-mnode5_20260314T060453Z_1429430/runs/elasticsearch/chiplet_x5
2026-03-14T06:59:04Z	madracks-mnode5	amd	elasticsearch	embedded	NO_RETIRED_INST_CYCLES	user	chiplet_x5	60	7	9	CLEANUP	1	58544.0	58528.0	58559.0	58559.0	58559.0	58559.0	58559.0	58559.0	ok	/home/seunghyun/ycsb/results/chiplet_ycsb_256mib_madracks-mnode5_20260314T060453Z_1429430/runs/elasticsearch/chiplet_x5/inst07/run.stdout.log	/home/seunghyun/ycsb/results/chiplet_ycsb_256mib_madracks-mnode5_20260314T060453Z_1429430/runs/elasticsearch/chiplet_x5
2026-03-14T06:59:04Z	madracks-mnode5	amd	elasticsearch	embedded	NO_RETIRED_INST_CYCLES	user	chiplet_x5	60	8	10	READ	10000	278.7756	37.0	24367.0	107.0	443.0	5471.0	8967.0	10583.0	ok	/home/seunghyun/ycsb/results/chiplet_ycsb_256mib_madracks-mnode5_20260314T060453Z_1429430/runs/elasticsearch/chiplet_x5/inst08/run.stdout.log	/home/seunghyun/ycsb/results/chiplet_ycsb_256mib_madracks-mnode5_20260314T060453Z_1429430/runs/elasticsearch/chiplet_x5
2026-03-14T06:59:04Z	madracks-mnode5	amd	elasticsearch	embedded	NO_RETIRED_INST_CYCLES	user	chiplet_x5	60	8	10	CLEANUP	1	51344.0	51328.0	51359.0	51359.0	51359.0	51359.0	51359.0	51359.0	ok	/home/seunghyun/ycsb/results/chiplet_ycsb_256mib_madracks-mnode5_20260314T060453Z_1429430/runs/elasticsearch/chiplet_x5/inst08/run.stdout.log	/home/seunghyun/ycsb/results/chiplet_ycsb_256mib_madracks-mnode5_20260314T060453Z_1429430/runs/elasticsearch/chiplet_x5
2026-03-14T06:59:04Z	madracks-mnode5	amd	elasticsearch	embedded	NO_RETIRED_INST_CYCLES	user	chiplet_x5	60	9	11	READ	10000	280.0645	42.0	18127.0	120.0	475.0	5191.0	7847.0	10903.0	ok	/home/seunghyun/ycsb/results/chiplet_ycsb_256mib_madracks-mnode5_20260314T060453Z_1429430/runs/elasticsearch/chiplet_x5/inst09/run.stdout.log	/home/seunghyun/ycsb/results/chiplet_ycsb_256mib_madracks-mnode5_20260314T060453Z_1429430/runs/elasticsearch/chiplet_x5
2026-03-14T06:59:04Z	madracks-mnode5	amd	elasticsearch	embedded	NO_RETIRED_INST_CYCLES	user	chiplet_x5	60	9	11	CLEANUP	1	52752.0	52736.0	52767.0	52767.0	52767.0	52767.0	52767.0	52767.0	ok	/home/seunghyun/ycsb/results/chiplet_ycsb_256mib_madracks-mnode5_20260314T060453Z_1429430/runs/elasticsearch/chiplet_x5/inst09/run.stdout.log	/home/seunghyun/ycsb/results/chiplet_ycsb_256mib_madracks-mnode5_20260314T060453Z_1429430/runs/elasticsearch/chiplet_x5
2026-03-14T06:59:04Z	madracks-mnode5	amd	elasticsearch	embedded	NO_RETIRED_INST_CYCLES	user	chiplet_x5	60	10	14	READ	10000	305.781	44.0	21823.0	118.0	541.0	5531.0	8247.0	10063.0	ok	/home/seunghyun/ycsb/results/chiplet_ycsb_256mib_madracks-mnode5_20260314T060453Z_1429430/runs/elasticsearch/chiplet_x5/inst10/run.stdout.log	/home/seunghyun/ycsb/results/chiplet_ycsb_256mib_madracks-mnode5_20260314T060453Z_1429430/runs/elasticsearch/chiplet_x5
2026-03-14T06:59:04Z	madracks-mnode5	amd	elasticsearch	embedded	NO_RETIRED_INST_CYCLES	user	chiplet_x5	60	10	14	CLEANUP	1	44880.0	44864.0	44895.0	44895.0	44895.0	44895.0	44895.0	44895.0	ok	/home/seunghyun/ycsb/results/chiplet_ycsb_256mib_madracks-mnode5_20260314T060453Z_1429430/runs/elasticsearch/chiplet_x5/inst10/run.stdout.log	/home/seunghyun/ycsb/results/chiplet_ycsb_256mib_madracks-mnode5_20260314T060453Z_1429430/runs/elasticsearch/chiplet_x5
2026-03-14T06:59:04Z	madracks-mnode5	amd	elasticsearch	embedded	NO_RETIRED_INST_CYCLES	user	chiplet_x5	60	11	15	READ	10000	257.3169	41.0	14999.0	100.0	410.0	4983.0	7103.0	10391.0	ok	/home/seunghyun/ycsb/results/chiplet_ycsb_256mib_madracks-mnode5_20260314T060453Z_1429430/runs/elasticsearch/chiplet_x5/inst11/run.stdout.log	/home/seunghyun/ycsb/results/chiplet_ycsb_256mib_madracks-mnode5_20260314T060453Z_1429430/runs/elasticsearch/chiplet_x5
2026-03-14T06:59:04Z	madracks-mnode5	amd	elasticsearch	embedded	NO_RETIRED_INST_CYCLES	user	chiplet_x5	60	11	15	CLEANUP	1	43536.0	43520.0	43551.0	43551.0	43551.0	43551.0	43551.0	43551.0	ok	/home/seunghyun/ycsb/results/chiplet_ycsb_256mib_madracks-mnode5_20260314T060453Z_1429430/runs/elasticsearch/chiplet_x5/inst11/run.stdout.log	/home/seunghyun/ycsb/results/chiplet_ycsb_256mib_madracks-mnode5_20260314T060453Z_1429430/runs/elasticsearch/chiplet_x5
2026-03-14T06:59:04Z	madracks-mnode5	amd	elasticsearch	embedded	NO_RETIRED_INST_CYCLES	user	chiplet_x5	60	12	16	READ	10000	270.3329	37.0	25711.0	107.0	429.0	5227.0	7967.0	10191.0	ok	/home/seunghyun/ycsb/results/chiplet_ycsb_256mib_madracks-mnode5_20260314T060453Z_1429430/runs/elasticsearch/chiplet_x5/inst12/run.stdout.log	/home/seunghyun/ycsb/results/chiplet_ycsb_256mib_madracks-mnode5_20260314T060453Z_1429430/runs/elasticsearch/chiplet_x5
2026-03-14T06:59:04Z	madracks-mnode5	amd	elasticsearch	embedded	NO_RETIRED_INST_CYCLES	user	chiplet_x5	60	12	16	CLEANUP	1	50896.0	50880.0	50911.0	50911.0	50911.0	50911.0	50911.0	50911.0	ok	/home/seunghyun/ycsb/results/chiplet_ycsb_256mib_madracks-mnode5_20260314T060453Z_1429430/runs/elasticsearch/chiplet_x5/inst12/run.stdout.log	/home/seunghyun/ycsb/results/chiplet_ycsb_256mib_madracks-mnode5_20260314T060453Z_1429430/runs/elasticsearch/chiplet_x5
2026-03-14T06:59:04Z	madracks-mnode5	amd	elasticsearch	embedded	NO_RETIRED_INST_CYCLES	user	chiplet_x5	60	13	17	READ	10000	276.042	40.0	23615.0	107.0	502.0	5351.0	8271.0	10255.0	ok	/home/seunghyun/ycsb/results/chiplet_ycsb_256mib_madracks-mnode5_20260314T060453Z_1429430/runs/elasticsearch/chiplet_x5/inst13/run.stdout.log	/home/seunghyun/ycsb/results/chiplet_ycsb_256mib_madracks-mnode5_20260314T060453Z_1429430/runs/elasticsearch/chiplet_x5
2026-03-14T06:59:04Z	madracks-mnode5	amd	elasticsearch	embedded	NO_RETIRED_INST_CYCLES	user	chiplet_x5	60	13	17	CLEANUP	1	44688.0	44672.0	44703.0	44703.0	44703.0	44703.0	44703.0	44703.0	ok	/home/seunghyun/ycsb/results/chiplet_ycsb_256mib_madracks-mnode5_20260314T060453Z_1429430/runs/elasticsearch/chiplet_x5/inst13/run.stdout.log	/home/seunghyun/ycsb/results/chiplet_ycsb_256mib_madracks-mnode5_20260314T060453Z_1429430/runs/elasticsearch/chiplet_x5
2026-03-14T06:59:04Z	madracks-mnode5	amd	elasticsearch	embedded	NO_RETIRED_INST_CYCLES	user	chiplet_x5	60	14	18	READ	10000	292.0762	43.0	21919.0	113.0	499.0	5415.0	8455.0	13703.0	ok	/home/seunghyun/ycsb/results/chiplet_ycsb_256mib_madracks-mnode5_20260314T060453Z_1429430/runs/elasticsearch/chiplet_x5/inst14/run.stdout.log	/home/seunghyun/ycsb/results/chiplet_ycsb_256mib_madracks-mnode5_20260314T060453Z_1429430/runs/elasticsearch/chiplet_x5
2026-03-14T06:59:04Z	madracks-mnode5	amd	elasticsearch	embedded	NO_RETIRED_INST_CYCLES	user	chiplet_x5	60	14	18	CLEANUP	1	49936.0	49920.0	49951.0	49951.0	49951.0	49951.0	49951.0	49951.0	ok	/home/seunghyun/ycsb/results/chiplet_ycsb_256mib_madracks-mnode5_20260314T060453Z_1429430/runs/elasticsearch/chiplet_x5/inst14/run.stdout.log	/home/seunghyun/ycsb/results/chiplet_ycsb_256mib_madracks-mnode5_20260314T060453Z_1429430/runs/elasticsearch/chiplet_x5
2026-03-14T06:59:04Z	madracks-mnode5	amd	elasticsearch	embedded	NO_RETIRED_INST_CYCLES	user	chiplet_x5	60	15	21	READ	10000	289.3454	42.0	31215.0	123.0	515.0	5327.0	7079.0	9143.0	ok	/home/seunghyun/ycsb/results/chiplet_ycsb_256mib_madracks-mnode5_20260314T060453Z_1429430/runs/elasticsearch/chiplet_x5/inst15/run.stdout.log	/home/seunghyun/ycsb/results/chiplet_ycsb_256mib_madracks-mnode5_20260314T060453Z_1429430/runs/elasticsearch/chiplet_x5
2026-03-14T06:59:04Z	madracks-mnode5	amd	elasticsearch	embedded	NO_RETIRED_INST_CYCLES	user	chiplet_x5	60	15	21	CLEANUP	1	59952.0	59936.0	59967.0	59967.0	59967.0	59967.0	59967.0	59967.0	ok	/home/seunghyun/ycsb/results/chiplet_ycsb_256mib_madracks-mnode5_20260314T060453Z_1429430/runs/elasticsearch/chiplet_x5/inst15/run.stdout.log	/home/seunghyun/ycsb/results/chiplet_ycsb_256mib_madracks-mnode5_20260314T060453Z_1429430/runs/elasticsearch/chiplet_x5
2026-03-14T06:59:04Z	madracks-mnode5	amd	elasticsearch	embedded	NO_RETIRED_INST_CYCLES	user	chiplet_x5	60	16	22	READ	10000	269.3828	38.0	33887.0	114.0	391.0	5263.0	8027.0	10727.0	ok	/home/seunghyun/ycsb/results/chiplet_ycsb_256mib_madracks-mnode5_20260314T060453Z_1429430/runs/elasticsearch/chiplet_x5/inst16/run.stdout.log	/home/seunghyun/ycsb/results/chiplet_ycsb_256mib_madracks-mnode5_20260314T060453Z_1429430/runs/elasticsearch/chiplet_x5
2026-03-14T06:59:04Z	madracks-mnode5	amd	elasticsearch	embedded	NO_RETIRED_INST_CYCLES	user	chiplet_x5	60	16	22	CLEANUP	1	51984.0	51968.0	51999.0	51999.0	51999.0	51999.0	51999.0	51999.0	ok	/home/seunghyun/ycsb/results/chiplet_ycsb_256mib_madracks-mnode5_20260314T060453Z_1429430/runs/elasticsearch/chiplet_x5/inst16/run.stdout.log	/home/seunghyun/ycsb/results/chiplet_ycsb_256mib_madracks-mnode5_20260314T060453Z_1429430/runs/elasticsearch/chiplet_x5
2026-03-14T06:59:04Z	madracks-mnode5	amd	elasticsearch	embedded	NO_RETIRED_INST_CYCLES	user	chiplet_x5	60	17	23	READ	10000	253.8348	39.0	30383.0	95.0	391.0	4951.0	8159.0	10503.0	ok	/home/seunghyun/ycsb/results/chiplet_ycsb_256mib_madracks-mnode5_20260314T060453Z_1429430/runs/elasticsearch/chiplet_x5/inst17/run.stdout.log	/home/seunghyun/ycsb/results/chiplet_ycsb_256mib_madracks-mnode5_20260314T060453Z_1429430/runs/elasticsearch/chiplet_x5
2026-03-14T06:59:04Z	madracks-mnode5	amd	elasticsearch	embedded	NO_RETIRED_INST_CYCLES	user	chiplet_x5	60	17	23	CLEANUP	1	50192.0	50176.0	50207.0	50207.0	50207.0	50207.0	50207.0	50207.0	ok	/home/seunghyun/ycsb/results/chiplet_ycsb_256mib_madracks-mnode5_20260314T060453Z_1429430/runs/elasticsearch/chiplet_x5/inst17/run.stdout.log	/home/seunghyun/ycsb/results/chiplet_ycsb_256mib_madracks-mnode5_20260314T060453Z_1429430/runs/elasticsearch/chiplet_x5
2026-03-14T06:59:04Z	madracks-mnode5	amd	elasticsearch	embedded	NO_RETIRED_INST_CYCLES	user	chiplet_x5	60	18	24	READ	10000	276.3751	39.0	16479.0	108.0	424.0	5487.0	7755.0	10527.0	ok	/home/seunghyun/ycsb/results/chiplet_ycsb_256mib_madracks-mnode5_20260314T060453Z_1429430/runs/elasticsearch/chiplet_x5/inst18/run.stdout.log	/home/seunghyun/ycsb/results/chiplet_ycsb_256mib_madracks-mnode5_20260314T060453Z_1429430/runs/elasticsearch/chiplet_x5
2026-03-14T06:59:04Z	madracks-mnode5	amd	elasticsearch	embedded	NO_RETIRED_INST_CYCLES	user	chiplet_x5	60	18	24	CLEANUP	1	52656.0	52640.0	52671.0	52671.0	52671.0	52671.0	52671.0	52671.0	ok	/home/seunghyun/ycsb/results/chiplet_ycsb_256mib_madracks-mnode5_20260314T060453Z_1429430/runs/elasticsearch/chiplet_x5/inst18/run.stdout.log	/home/seunghyun/ycsb/results/chiplet_ycsb_256mib_madracks-mnode5_20260314T060453Z_1429430/runs/elasticsearch/chiplet_x5
2026-03-14T06:59:04Z	madracks-mnode5	amd	elasticsearch	embedded	NO_RETIRED_INST_CYCLES	user	chiplet_x5	60	19	25	READ	10000	283.009	42.0	31743.0	109.0	453.0	5283.0	7975.0	9967.0	ok	/home/seunghyun/ycsb/results/chiplet_ycsb_256mib_madracks-mnode5_20260314T060453Z_1429430/runs/elasticsearch/chiplet_x5/inst19/run.stdout.log	/home/seunghyun/ycsb/results/chiplet_ycsb_256mib_madracks-mnode5_20260314T060453Z_1429430/runs/elasticsearch/chiplet_x5
2026-03-14T06:59:04Z	madracks-mnode5	amd	elasticsearch	embedded	NO_RETIRED_INST_CYCLES	user	chiplet_x5	60	19	25	CLEANUP	1	51824.0	51808.0	51839.0	51839.0	51839.0	51839.0	51839.0	51839.0	ok	/home/seunghyun/ycsb/results/chiplet_ycsb_256mib_madracks-mnode5_20260314T060453Z_1429430/runs/elasticsearch/chiplet_x5/inst19/run.stdout.log	/home/seunghyun/ycsb/results/chiplet_ycsb_256mib_madracks-mnode5_20260314T060453Z_1429430/runs/elasticsearch/chiplet_x5
2026-03-14T06:59:04Z	madracks-mnode5	amd	elasticsearch	embedded	NO_RETIRED_INST_CYCLES	user	chiplet_x5	60	20	28	READ	10000	295.7546	38.0	22927.0	124.0	529.0	5291.0	8083.0	11111.0	ok	/home/seunghyun/ycsb/results/chiplet_ycsb_256mib_madracks-mnode5_20260314T060453Z_1429430/runs/elasticsearch/chiplet_x5/inst20/run.stdout.log	/home/seunghyun/ycsb/results/chiplet_ycsb_256mib_madracks-mnode5_20260314T060453Z_1429430/runs/elasticsearch/chiplet_x5
2026-03-14T06:59:04Z	madracks-mnode5	amd	elasticsearch	embedded	NO_RETIRED_INST_CYCLES	user	chiplet_x5	60	20	28	CLEANUP	1	45232.0	45216.0	45247.0	45247.0	45247.0	45247.0	45247.0	45247.0	ok	/home/seunghyun/ycsb/results/chiplet_ycsb_256mib_madracks-mnode5_20260314T060453Z_1429430/runs/elasticsearch/chiplet_x5/inst20/run.stdout.log	/home/seunghyun/ycsb/results/chiplet_ycsb_256mib_madracks-mnode5_20260314T060453Z_1429430/runs/elasticsearch/chiplet_x5
2026-03-14T06:59:04Z	madracks-mnode5	amd	elasticsearch	embedded	NO_RETIRED_INST_CYCLES	user	chiplet_x5	60	21	29	READ	10000	299.4194	42.0	19743.0	126.0	605.0	5475.0	8215.0	10735.0	ok	/home/seunghyun/ycsb/results/chiplet_ycsb_256mib_madracks-mnode5_20260314T060453Z_1429430/runs/elasticsearch/chiplet_x5/inst21/run.stdout.log	/home/seunghyun/ycsb/results/chiplet_ycsb_256mib_madracks-mnode5_20260314T060453Z_1429430/runs/elasticsearch/chiplet_x5
2026-03-14T06:59:04Z	madracks-mnode5	amd	elasticsearch	embedded	NO_RETIRED_INST_CYCLES	user	chiplet_x5	60	21	29	CLEANUP	1	51952.0	51936.0	51967.0	51967.0	51967.0	51967.0	51967.0	51967.0	ok	/home/seunghyun/ycsb/results/chiplet_ycsb_256mib_madracks-mnode5_20260314T060453Z_1429430/runs/elasticsearch/chiplet_x5/inst21/run.stdout.log	/home/seunghyun/ycsb/results/chiplet_ycsb_256mib_madracks-mnode5_20260314T060453Z_1429430/runs/elasticsearch/chiplet_x5
2026-03-14T06:59:04Z	madracks-mnode5	amd	elasticsearch	embedded	NO_RETIRED_INST_CYCLES	user	chiplet_x5	60	22	30	READ	10000	277.9999	41.0	24015.0	112.0	473.0	5331.0	7587.0	10447.0	ok	/home/seunghyun/ycsb/results/chiplet_ycsb_256mib_madracks-mnode5_20260314T060453Z_1429430/runs/elasticsearch/chiplet_x5/inst22/run.stdout.log	/home/seunghyun/ycsb/results/chiplet_ycsb_256mib_madracks-mnode5_20260314T060453Z_1429430/runs/elasticsearch/chiplet_x5
2026-03-14T06:59:04Z	madracks-mnode5	amd	elasticsearch	embedded	NO_RETIRED_INST_CYCLES	user	chiplet_x5	60	22	30	CLEANUP	1	58800.0	58784.0	58815.0	58815.0	58815.0	58815.0	58815.0	58815.0	ok	/home/seunghyun/ycsb/results/chiplet_ycsb_256mib_madracks-mnode5_20260314T060453Z_1429430/runs/elasticsearch/chiplet_x5/inst22/run.stdout.log	/home/seunghyun/ycsb/results/chiplet_ycsb_256mib_madracks-mnode5_20260314T060453Z_1429430/runs/elasticsearch/chiplet_x5
2026-03-14T06:59:04Z	madracks-mnode5	amd	elasticsearch	embedded	NO_RETIRED_INST_CYCLES	user	chiplet_x5	60	23	31	READ	10000	291.5592	34.0	32255.0	115.0	468.0	5519.0	7399.0	10151.0	ok	/home/seunghyun/ycsb/results/chiplet_ycsb_256mib_madracks-mnode5_20260314T060453Z_1429430/runs/elasticsearch/chiplet_x5/inst23/run.stdout.log	/home/seunghyun/ycsb/results/chiplet_ycsb_256mib_madracks-mnode5_20260314T060453Z_1429430/runs/elasticsearch/chiplet_x5
2026-03-14T06:59:04Z	madracks-mnode5	amd	elasticsearch	embedded	NO_RETIRED_INST_CYCLES	user	chiplet_x5	60	23	31	CLEANUP	1	57200.0	57184.0	57215.0	57215.0	57215.0	57215.0	57215.0	57215.0	ok	/home/seunghyun/ycsb/results/chiplet_ycsb_256mib_madracks-mnode5_20260314T060453Z_1429430/runs/elasticsearch/chiplet_x5/inst23/run.stdout.log	/home/seunghyun/ycsb/results/chiplet_ycsb_256mib_madracks-mnode5_20260314T060453Z_1429430/runs/elasticsearch/chiplet_x5
2026-03-14T06:59:04Z	madracks-mnode5	amd	elasticsearch	embedded	NO_RETIRED_INST_CYCLES	user	chiplet_x5	60	24	32	READ	10000	292.1853	40.0	42687.0	117.0	503.0	5327.0	8711.0	10679.0	ok	/home/seunghyun/ycsb/results/chiplet_ycsb_256mib_madracks-mnode5_20260314T060453Z_1429430/runs/elasticsearch/chiplet_x5/inst24/run.stdout.log	/home/seunghyun/ycsb/results/chiplet_ycsb_256mib_madracks-mnode5_20260314T060453Z_1429430/runs/elasticsearch/chiplet_x5
2026-03-14T06:59:04Z	madracks-mnode5	amd	elasticsearch	embedded	NO_RETIRED_INST_CYCLES	user	chiplet_x5	60	24	32	CLEANUP	1	51376.0	51360.0	51391.0	51391.0	51391.0	51391.0	51391.0	51391.0	ok	/home/seunghyun/ycsb/results/chiplet_ycsb_256mib_madracks-mnode5_20260314T060453Z_1429430/runs/elasticsearch/chiplet_x5/inst24/run.stdout.log	/home/seunghyun/ycsb/results/chiplet_ycsb_256mib_madracks-mnode5_20260314T060453Z_1429430/runs/elasticsearch/chiplet_x5
2026-03-14T06:59:04Z	madracks-mnode5	amd	elasticsearch	embedded	NO_RETIRED_INST_CYCLES	user	chiplet_x5	60	25	35	READ	10000	305.2758	43.0	24751.0	126.0	542.0	5615.0	8003.0	12687.0	ok	/home/seunghyun/ycsb/results/chiplet_ycsb_256mib_madracks-mnode5_20260314T060453Z_1429430/runs/elasticsearch/chiplet_x5/inst25/run.stdout.log	/home/seunghyun/ycsb/results/chiplet_ycsb_256mib_madracks-mnode5_20260314T060453Z_1429430/runs/elasticsearch/chiplet_x5
2026-03-14T06:59:04Z	madracks-mnode5	amd	elasticsearch	embedded	NO_RETIRED_INST_CYCLES	user	chiplet_x5	60	25	35	CLEANUP	1	54160.0	54144.0	54175.0	54175.0	54175.0	54175.0	54175.0	54175.0	ok	/home/seunghyun/ycsb/results/chiplet_ycsb_256mib_madracks-mnode5_20260314T060453Z_1429430/runs/elasticsearch/chiplet_x5/inst25/run.stdout.log	/home/seunghyun/ycsb/results/chiplet_ycsb_256mib_madracks-mnode5_20260314T060453Z_1429430/runs/elasticsearch/chiplet_x5
2026-03-14T06:59:04Z	madracks-mnode5	amd	elasticsearch	embedded	NO_RETIRED_INST_CYCLES	user	chiplet_x5	60	26	36	READ	10000	281.4064	42.0	20287.0	109.0	471.0	5431.0	8279.0	10711.0	ok	/home/seunghyun/ycsb/results/chiplet_ycsb_256mib_madracks-mnode5_20260314T060453Z_1429430/runs/elasticsearch/chiplet_x5/inst26/run.stdout.log	/home/seunghyun/ycsb/results/chiplet_ycsb_256mib_madracks-mnode5_20260314T060453Z_1429430/runs/elasticsearch/chiplet_x5
2026-03-14T06:59:04Z	madracks-mnode5	amd	elasticsearch	embedded	NO_RETIRED_INST_CYCLES	user	chiplet_x5	60	26	36	CLEANUP	1	54864.0	54848.0	54879.0	54879.0	54879.0	54879.0	54879.0	54879.0	ok	/home/seunghyun/ycsb/results/chiplet_ycsb_256mib_madracks-mnode5_20260314T060453Z_1429430/runs/elasticsearch/chiplet_x5/inst26/run.stdout.log	/home/seunghyun/ycsb/results/chiplet_ycsb_256mib_madracks-mnode5_20260314T060453Z_1429430/runs/elasticsearch/chiplet_x5
2026-03-14T06:59:04Z	madracks-mnode5	amd	elasticsearch	embedded	NO_RETIRED_INST_CYCLES	user	chiplet_x5	60	27	37	READ	10000	295.5949	33.0	24703.0	124.0	529.0	5367.0	7875.0	10607.0	ok	/home/seunghyun/ycsb/results/chiplet_ycsb_256mib_madracks-mnode5_20260314T060453Z_1429430/runs/elasticsearch/chiplet_x5/inst27/run.stdout.log	/home/seunghyun/ycsb/results/chiplet_ycsb_256mib_madracks-mnode5_20260314T060453Z_1429430/runs/elasticsearch/chiplet_x5
2026-03-14T06:59:04Z	madracks-mnode5	amd	elasticsearch	embedded	NO_RETIRED_INST_CYCLES	user	chiplet_x5	60	27	37	CLEANUP	1	49968.0	49952.0	49983.0	49983.0	49983.0	49983.0	49983.0	49983.0	ok	/home/seunghyun/ycsb/results/chiplet_ycsb_256mib_madracks-mnode5_20260314T060453Z_1429430/runs/elasticsearch/chiplet_x5/inst27/run.stdout.log	/home/seunghyun/ycsb/results/chiplet_ycsb_256mib_madracks-mnode5_20260314T060453Z_1429430/runs/elasticsearch/chiplet_x5
2026-03-14T06:59:04Z	madracks-mnode5	amd	elasticsearch	embedded	NO_RETIRED_INST_CYCLES	user	chiplet_x5	60	28	38	READ	10000	272.2077	39.0	30495.0	113.0	413.0	5303.0	7835.0	10327.0	ok	/home/seunghyun/ycsb/results/chiplet_ycsb_256mib_madracks-mnode5_20260314T060453Z_1429430/runs/elasticsearch/chiplet_x5/inst28/run.stdout.log	/home/seunghyun/ycsb/results/chiplet_ycsb_256mib_madracks-mnode5_20260314T060453Z_1429430/runs/elasticsearch/chiplet_x5
2026-03-14T06:59:04Z	madracks-mnode5	amd	elasticsearch	embedded	NO_RETIRED_INST_CYCLES	user	chiplet_x5	60	28	38	CLEANUP	1	49488.0	49472.0	49503.0	49503.0	49503.0	49503.0	49503.0	49503.0	ok	/home/seunghyun/ycsb/results/chiplet_ycsb_256mib_madracks-mnode5_20260314T060453Z_1429430/runs/elasticsearch/chiplet_x5/inst28/run.stdout.log	/home/seunghyun/ycsb/results/chiplet_ycsb_256mib_madracks-mnode5_20260314T060453Z_1429430/runs/elasticsearch/chiplet_x5
2026-03-14T06:59:04Z	madracks-mnode5	amd	elasticsearch	embedded	NO_RETIRED_INST_CYCLES	user	chiplet_x5	60	29	39	READ	10000	271.3607	41.0	18879.0	103.0	419.0	5511.0	7863.0	10671.0	ok	/home/seunghyun/ycsb/results/chiplet_ycsb_256mib_madracks-mnode5_20260314T060453Z_1429430/runs/elasticsearch/chiplet_x5/inst29/run.stdout.log	/home/seunghyun/ycsb/results/chiplet_ycsb_256mib_madracks-mnode5_20260314T060453Z_1429430/runs/elasticsearch/chiplet_x5
2026-03-14T06:59:04Z	madracks-mnode5	amd	elasticsearch	embedded	NO_RETIRED_INST_CYCLES	user	chiplet_x5	60	29	39	CLEANUP	1	46896.0	46880.0	46911.0	46911.0	46911.0	46911.0	46911.0	46911.0	ok	/home/seunghyun/ycsb/results/chiplet_ycsb_256mib_madracks-mnode5_20260314T060453Z_1429430/runs/elasticsearch/chiplet_x5/inst29/run.stdout.log	/home/seunghyun/ycsb/results/chiplet_ycsb_256mib_madracks-mnode5_20260314T060453Z_1429430/runs/elasticsearch/chiplet_x5
2026-03-14T06:59:04Z	madracks-mnode5	amd	elasticsearch	embedded	NO_RETIRED_INST_CYCLES	user	chiplet_x5	60	30	42	READ	10000	287.3155	39.0	30959.0	119.0	462.0	5427.0	8847.0	15615.0	ok	/home/seunghyun/ycsb/results/chiplet_ycsb_256mib_madracks-mnode5_20260314T060453Z_1429430/runs/elasticsearch/chiplet_x5/inst30/run.stdout.log	/home/seunghyun/ycsb/results/chiplet_ycsb_256mib_madracks-mnode5_20260314T060453Z_1429430/runs/elasticsearch/chiplet_x5
2026-03-14T06:59:04Z	madracks-mnode5	amd	elasticsearch	embedded	NO_RETIRED_INST_CYCLES	user	chiplet_x5	60	30	42	CLEANUP	1	49328.0	49312.0	49343.0	49343.0	49343.0	49343.0	49343.0	49343.0	ok	/home/seunghyun/ycsb/results/chiplet_ycsb_256mib_madracks-mnode5_20260314T060453Z_1429430/runs/elasticsearch/chiplet_x5/inst30/run.stdout.log	/home/seunghyun/ycsb/results/chiplet_ycsb_256mib_madracks-mnode5_20260314T060453Z_1429430/runs/elasticsearch/chiplet_x5
2026-03-14T06:59:04Z	madracks-mnode5	amd	elasticsearch	embedded	NO_RETIRED_INST_CYCLES	user	chiplet_x5	60	31	43	READ	10000	286.7228	36.0	20527.0	120.0	471.0	5503.0	7795.0	9343.0	ok	/home/seunghyun/ycsb/results/chiplet_ycsb_256mib_madracks-mnode5_20260314T060453Z_1429430/runs/elasticsearch/chiplet_x5/inst31/run.stdout.log	/home/seunghyun/ycsb/results/chiplet_ycsb_256mib_madracks-mnode5_20260314T060453Z_1429430/runs/elasticsearch/chiplet_x5
2026-03-14T06:59:04Z	madracks-mnode5	amd	elasticsearch	embedded	NO_RETIRED_INST_CYCLES	user	chiplet_x5	60	31	43	CLEANUP	1	50416.0	50400.0	50431.0	50431.0	50431.0	50431.0	50431.0	50431.0	ok	/home/seunghyun/ycsb/results/chiplet_ycsb_256mib_madracks-mnode5_20260314T060453Z_1429430/runs/elasticsearch/chiplet_x5/inst31/run.stdout.log	/home/seunghyun/ycsb/results/chiplet_ycsb_256mib_madracks-mnode5_20260314T060453Z_1429430/runs/elasticsearch/chiplet_x5
2026-03-14T06:59:04Z	madracks-mnode5	amd	elasticsearch	embedded	NO_RETIRED_INST_CYCLES	user	chiplet_x5	60	32	44	READ	10000	290.1882	40.0	26447.0	111.0	452.0	5667.0	8495.0	9567.0	ok	/home/seunghyun/ycsb/results/chiplet_ycsb_256mib_madracks-mnode5_20260314T060453Z_1429430/runs/elasticsearch/chiplet_x5/inst32/run.stdout.log	/home/seunghyun/ycsb/results/chiplet_ycsb_256mib_madracks-mnode5_20260314T060453Z_1429430/runs/elasticsearch/chiplet_x5
2026-03-14T06:59:04Z	madracks-mnode5	amd	elasticsearch	embedded	NO_RETIRED_INST_CYCLES	user	chiplet_x5	60	32	44	CLEANUP	1	58032.0	58016.0	58047.0	58047.0	58047.0	58047.0	58047.0	58047.0	ok	/home/seunghyun/ycsb/results/chiplet_ycsb_256mib_madracks-mnode5_20260314T060453Z_1429430/runs/elasticsearch/chiplet_x5/inst32/run.stdout.log	/home/seunghyun/ycsb/results/chiplet_ycsb_256mib_madracks-mnode5_20260314T060453Z_1429430/runs/elasticsearch/chiplet_x5
2026-03-14T06:59:04Z	madracks-mnode5	amd	elasticsearch	embedded	NO_RETIRED_INST_CYCLES	user	chiplet_x5	60	33	45	READ	10000	284.0275	41.0	19967.0	116.0	506.0	5531.0	7595.0	10719.0	ok	/home/seunghyun/ycsb/results/chiplet_ycsb_256mib_madracks-mnode5_20260314T060453Z_1429430/runs/elasticsearch/chiplet_x5/inst33/run.stdout.log	/home/seunghyun/ycsb/results/chiplet_ycsb_256mib_madracks-mnode5_20260314T060453Z_1429430/runs/elasticsearch/chiplet_x5
2026-03-14T06:59:04Z	madracks-mnode5	amd	elasticsearch	embedded	NO_RETIRED_INST_CYCLES	user	chiplet_x5	60	33	45	CLEANUP	1	49040.0	49024.0	49055.0	49055.0	49055.0	49055.0	49055.0	49055.0	ok	/home/seunghyun/ycsb/results/chiplet_ycsb_256mib_madracks-mnode5_20260314T060453Z_1429430/runs/elasticsearch/chiplet_x5/inst33/run.stdout.log	/home/seunghyun/ycsb/results/chiplet_ycsb_256mib_madracks-mnode5_20260314T060453Z_1429430/runs/elasticsearch/chiplet_x5
2026-03-14T06:59:04Z	madracks-mnode5	amd	elasticsearch	embedded	NO_RETIRED_INST_CYCLES	user	chiplet_x5	60	34	46	READ	10000	280.6098	39.0	24911.0	115.0	466.0	5571.0	7539.0	10023.0	ok	/home/seunghyun/ycsb/results/chiplet_ycsb_256mib_madracks-mnode5_20260314T060453Z_1429430/runs/elasticsearch/chiplet_x5/inst34/run.stdout.log	/home/seunghyun/ycsb/results/chiplet_ycsb_256mib_madracks-mnode5_20260314T060453Z_1429430/runs/elasticsearch/chiplet_x5
2026-03-14T06:59:04Z	madracks-mnode5	amd	elasticsearch	embedded	NO_RETIRED_INST_CYCLES	user	chiplet_x5	60	34	46	CLEANUP	1	54512.0	54496.0	54527.0	54527.0	54527.0	54527.0	54527.0	54527.0	ok	/home/seunghyun/ycsb/results/chiplet_ycsb_256mib_madracks-mnode5_20260314T060453Z_1429430/runs/elasticsearch/chiplet_x5/inst34/run.stdout.log	/home/seunghyun/ycsb/results/chiplet_ycsb_256mib_madracks-mnode5_20260314T060453Z_1429430/runs/elasticsearch/chiplet_x5
2026-03-14T06:59:04Z	madracks-mnode5	amd	elasticsearch	embedded	NO_RETIRED_INST_CYCLES	user	chiplet_x5	60	35	49	READ	10000	288.8901	43.0	21263.0	111.0	447.0	5371.0	8199.0	10343.0	ok	/home/seunghyun/ycsb/results/chiplet_ycsb_256mib_madracks-mnode5_20260314T060453Z_1429430/runs/elasticsearch/chiplet_x5/inst35/run.stdout.log	/home/seunghyun/ycsb/results/chiplet_ycsb_256mib_madracks-mnode5_20260314T060453Z_1429430/runs/elasticsearch/chiplet_x5
2026-03-14T06:59:04Z	madracks-mnode5	amd	elasticsearch	embedded	NO_RETIRED_INST_CYCLES	user	chiplet_x5	60	35	49	CLEANUP	1	61520.0	61504.0	61535.0	61535.0	61535.0	61535.0	61535.0	61535.0	ok	/home/seunghyun/ycsb/results/chiplet_ycsb_256mib_madracks-mnode5_20260314T060453Z_1429430/runs/elasticsearch/chiplet_x5/inst35/run.stdout.log	/home/seunghyun/ycsb/results/chiplet_ycsb_256mib_madracks-mnode5_20260314T060453Z_1429430/runs/elasticsearch/chiplet_x5
2026-03-14T06:59:04Z	madracks-mnode5	amd	elasticsearch	embedded	NO_RETIRED_INST_CYCLES	user	chiplet_x5	60	36	50	READ	10000	287.5458	44.0	20687.0	113.0	466.0	5263.0	8639.0	10823.0	ok	/home/seunghyun/ycsb/results/chiplet_ycsb_256mib_madracks-mnode5_20260314T060453Z_1429430/runs/elasticsearch/chiplet_x5/inst36/run.stdout.log	/home/seunghyun/ycsb/results/chiplet_ycsb_256mib_madracks-mnode5_20260314T060453Z_1429430/runs/elasticsearch/chiplet_x5
2026-03-14T06:59:04Z	madracks-mnode5	amd	elasticsearch	embedded	NO_RETIRED_INST_CYCLES	user	chiplet_x5	60	36	50	CLEANUP	1	52656.0	52640.0	52671.0	52671.0	52671.0	52671.0	52671.0	52671.0	ok	/home/seunghyun/ycsb/results/chiplet_ycsb_256mib_madracks-mnode5_20260314T060453Z_1429430/runs/elasticsearch/chiplet_x5/inst36/run.stdout.log	/home/seunghyun/ycsb/results/chiplet_ycsb_256mib_madracks-mnode5_20260314T060453Z_1429430/runs/elasticsearch/chiplet_x5
2026-03-14T06:59:04Z	madracks-mnode5	amd	elasticsearch	embedded	NO_RETIRED_INST_CYCLES	user	chiplet_x5	60	37	51	READ	10000	275.7658	42.0	22095.0	115.0	417.0	5267.0	8551.0	10711.0	ok	/home/seunghyun/ycsb/results/chiplet_ycsb_256mib_madracks-mnode5_20260314T060453Z_1429430/runs/elasticsearch/chiplet_x5/inst37/run.stdout.log	/home/seunghyun/ycsb/results/chiplet_ycsb_256mib_madracks-mnode5_20260314T060453Z_1429430/runs/elasticsearch/chiplet_x5
2026-03-14T06:59:04Z	madracks-mnode5	amd	elasticsearch	embedded	NO_RETIRED_INST_CYCLES	user	chiplet_x5	60	37	51	CLEANUP	1	61520.0	61504.0	61535.0	61535.0	61535.0	61535.0	61535.0	61535.0	ok	/home/seunghyun/ycsb/results/chiplet_ycsb_256mib_madracks-mnode5_20260314T060453Z_1429430/runs/elasticsearch/chiplet_x5/inst37/run.stdout.log	/home/seunghyun/ycsb/results/chiplet_ycsb_256mib_madracks-mnode5_20260314T060453Z_1429430/runs/elasticsearch/chiplet_x5
2026-03-14T06:59:04Z	madracks-mnode5	amd	elasticsearch	embedded	NO_RETIRED_INST_CYCLES	user	chiplet_x5	60	38	52	READ	10000	283.9968	41.0	21279.0	108.0	449.0	5571.0	8471.0	11903.0	ok	/home/seunghyun/ycsb/results/chiplet_ycsb_256mib_madracks-mnode5_20260314T060453Z_1429430/runs/elasticsearch/chiplet_x5/inst38/run.stdout.log	/home/seunghyun/ycsb/results/chiplet_ycsb_256mib_madracks-mnode5_20260314T060453Z_1429430/runs/elasticsearch/chiplet_x5
2026-03-14T06:59:04Z	madracks-mnode5	amd	elasticsearch	embedded	NO_RETIRED_INST_CYCLES	user	chiplet_x5	60	38	52	CLEANUP	1	50832.0	50816.0	50847.0	50847.0	50847.0	50847.0	50847.0	50847.0	ok	/home/seunghyun/ycsb/results/chiplet_ycsb_256mib_madracks-mnode5_20260314T060453Z_1429430/runs/elasticsearch/chiplet_x5/inst38/run.stdout.log	/home/seunghyun/ycsb/results/chiplet_ycsb_256mib_madracks-mnode5_20260314T060453Z_1429430/runs/elasticsearch/chiplet_x5
2026-03-14T06:59:04Z	madracks-mnode5	amd	elasticsearch	embedded	NO_RETIRED_INST_CYCLES	user	chiplet_x5	60	39	53	READ	10000	293.5387	39.0	22799.0	118.0	543.0	5403.0	7667.0	10151.0	ok	/home/seunghyun/ycsb/results/chiplet_ycsb_256mib_madracks-mnode5_20260314T060453Z_1429430/runs/elasticsearch/chiplet_x5/inst39/run.stdout.log	/home/seunghyun/ycsb/results/chiplet_ycsb_256mib_madracks-mnode5_20260314T060453Z_1429430/runs/elasticsearch/chiplet_x5
2026-03-14T06:59:04Z	madracks-mnode5	amd	elasticsearch	embedded	NO_RETIRED_INST_CYCLES	user	chiplet_x5	60	39	53	CLEANUP	1	54096.0	54080.0	54111.0	54111.0	54111.0	54111.0	54111.0	54111.0	ok	/home/seunghyun/ycsb/results/chiplet_ycsb_256mib_madracks-mnode5_20260314T060453Z_1429430/runs/elasticsearch/chiplet_x5/inst39/run.stdout.log	/home/seunghyun/ycsb/results/chiplet_ycsb_256mib_madracks-mnode5_20260314T060453Z_1429430/runs/elasticsearch/chiplet_x5
2026-03-14T06:59:04Z	madracks-mnode5	amd	elasticsearch	embedded	NO_RETIRED_INST_CYCLES	user	chiplet_x5	60	40	56	READ	10000	258.6618	40.0	37279.0	108.0	427.0	5043.0	7843.0	10751.0	ok	/home/seunghyun/ycsb/results/chiplet_ycsb_256mib_madracks-mnode5_20260314T060453Z_1429430/runs/elasticsearch/chiplet_x5/inst40/run.stdout.log	/home/seunghyun/ycsb/results/chiplet_ycsb_256mib_madracks-mnode5_20260314T060453Z_1429430/runs/elasticsearch/chiplet_x5
2026-03-14T06:59:04Z	madracks-mnode5	amd	elasticsearch	embedded	NO_RETIRED_INST_CYCLES	user	chiplet_x5	60	40	56	CLEANUP	1	49712.0	49696.0	49727.0	49727.0	49727.0	49727.0	49727.0	49727.0	ok	/home/seunghyun/ycsb/results/chiplet_ycsb_256mib_madracks-mnode5_20260314T060453Z_1429430/runs/elasticsearch/chiplet_x5/inst40/run.stdout.log	/home/seunghyun/ycsb/results/chiplet_ycsb_256mib_madracks-mnode5_20260314T060453Z_1429430/runs/elasticsearch/chiplet_x5
2026-03-14T06:59:04Z	madracks-mnode5	amd	elasticsearch	embedded	NO_RETIRED_INST_CYCLES	user	chiplet_x5	60	41	57	READ	10000	267.8384	38.0	27247.0	103.0	418.0	5203.0	8319.0	10463.0	ok	/home/seunghyun/ycsb/results/chiplet_ycsb_256mib_madracks-mnode5_20260314T060453Z_1429430/runs/elasticsearch/chiplet_x5/inst41/run.stdout.log	/home/seunghyun/ycsb/results/chiplet_ycsb_256mib_madracks-mnode5_20260314T060453Z_1429430/runs/elasticsearch/chiplet_x5
2026-03-14T06:59:04Z	madracks-mnode5	amd	elasticsearch	embedded	NO_RETIRED_INST_CYCLES	user	chiplet_x5	60	41	57	CLEANUP	1	55184.0	55168.0	55199.0	55199.0	55199.0	55199.0	55199.0	55199.0	ok	/home/seunghyun/ycsb/results/chiplet_ycsb_256mib_madracks-mnode5_20260314T060453Z_1429430/runs/elasticsearch/chiplet_x5/inst41/run.stdout.log	/home/seunghyun/ycsb/results/chiplet_ycsb_256mib_madracks-mnode5_20260314T060453Z_1429430/runs/elasticsearch/chiplet_x5
2026-03-14T06:59:04Z	madracks-mnode5	amd	elasticsearch	embedded	NO_RETIRED_INST_CYCLES	user	chiplet_x5	60	42	58	READ	10000	277.9497	40.0	22543.0	110.0	441.0	5335.0	7903.0	10703.0	ok	/home/seunghyun/ycsb/results/chiplet_ycsb_256mib_madracks-mnode5_20260314T060453Z_1429430/runs/elasticsearch/chiplet_x5/inst42/run.stdout.log	/home/seunghyun/ycsb/results/chiplet_ycsb_256mib_madracks-mnode5_20260314T060453Z_1429430/runs/elasticsearch/chiplet_x5
2026-03-14T06:59:04Z	madracks-mnode5	amd	elasticsearch	embedded	NO_RETIRED_INST_CYCLES	user	chiplet_x5	60	42	58	CLEANUP	1	56656.0	56640.0	56671.0	56671.0	56671.0	56671.0	56671.0	56671.0	ok	/home/seunghyun/ycsb/results/chiplet_ycsb_256mib_madracks-mnode5_20260314T060453Z_1429430/runs/elasticsearch/chiplet_x5/inst42/run.stdout.log	/home/seunghyun/ycsb/results/chiplet_ycsb_256mib_madracks-mnode5_20260314T060453Z_1429430/runs/elasticsearch/chiplet_x5
2026-03-14T06:59:04Z	madracks-mnode5	amd	elasticsearch	embedded	NO_RETIRED_INST_CYCLES	user	chiplet_x5	60	43	59	READ	10000	264.7446	35.0	18463.0	109.0	402.0	5315.0	8003.0	10847.0	ok	/home/seunghyun/ycsb/results/chiplet_ycsb_256mib_madracks-mnode5_20260314T060453Z_1429430/runs/elasticsearch/chiplet_x5/inst43/run.stdout.log	/home/seunghyun/ycsb/results/chiplet_ycsb_256mib_madracks-mnode5_20260314T060453Z_1429430/runs/elasticsearch/chiplet_x5
2026-03-14T06:59:04Z	madracks-mnode5	amd	elasticsearch	embedded	NO_RETIRED_INST_CYCLES	user	chiplet_x5	60	43	59	CLEANUP	1	49520.0	49504.0	49535.0	49535.0	49535.0	49535.0	49535.0	49535.0	ok	/home/seunghyun/ycsb/results/chiplet_ycsb_256mib_madracks-mnode5_20260314T060453Z_1429430/runs/elasticsearch/chiplet_x5/inst43/run.stdout.log	/home/seunghyun/ycsb/results/chiplet_ycsb_256mib_madracks-mnode5_20260314T060453Z_1429430/runs/elasticsearch/chiplet_x5
2026-03-14T06:59:04Z	madracks-mnode5	amd	elasticsearch	embedded	NO_RETIRED_INST_CYCLES	user	chiplet_x5	60	44	60	READ	10000	275.9352	39.0	18303.0	108.0	459.0	5095.0	8863.0	11767.0	ok	/home/seunghyun/ycsb/results/chiplet_ycsb_256mib_madracks-mnode5_20260314T060453Z_1429430/runs/elasticsearch/chiplet_x5/inst44/run.stdout.log	/home/seunghyun/ycsb/results/chiplet_ycsb_256mib_madracks-mnode5_20260314T060453Z_1429430/runs/elasticsearch/chiplet_x5
2026-03-14T06:59:04Z	madracks-mnode5	amd	elasticsearch	embedded	NO_RETIRED_INST_CYCLES	user	chiplet_x5	60	44	60	CLEANUP	1	45072.0	45056.0	45087.0	45087.0	45087.0	45087.0	45087.0	45087.0	ok	/home/seunghyun/ycsb/results/chiplet_ycsb_256mib_madracks-mnode5_20260314T060453Z_1429430/runs/elasticsearch/chiplet_x5/inst44/run.stdout.log	/home/seunghyun/ycsb/results/chiplet_ycsb_256mib_madracks-mnode5_20260314T060453Z_1429430/runs/elasticsearch/chiplet_x5
2026-03-14T06:59:04Z	madracks-mnode5	amd	elasticsearch	embedded	NO_RETIRED_INST_CYCLES	user	chiplet_x5	60	45	63	READ	10000	295.738	43.0	22111.0	114.0	542.0	5483.0	8431.0	9191.0	ok	/home/seunghyun/ycsb/results/chiplet_ycsb_256mib_madracks-mnode5_20260314T060453Z_1429430/runs/elasticsearch/chiplet_x5/inst45/run.stdout.log	/home/seunghyun/ycsb/results/chiplet_ycsb_256mib_madracks-mnode5_20260314T060453Z_1429430/runs/elasticsearch/chiplet_x5
2026-03-14T06:59:04Z	madracks-mnode5	amd	elasticsearch	embedded	NO_RETIRED_INST_CYCLES	user	chiplet_x5	60	45	63	CLEANUP	1	49840.0	49824.0	49855.0	49855.0	49855.0	49855.0	49855.0	49855.0	ok	/home/seunghyun/ycsb/results/chiplet_ycsb_256mib_madracks-mnode5_20260314T060453Z_1429430/runs/elasticsearch/chiplet_x5/inst45/run.stdout.log	/home/seunghyun/ycsb/results/chiplet_ycsb_256mib_madracks-mnode5_20260314T060453Z_1429430/runs/elasticsearch/chiplet_x5
2026-03-14T06:59:04Z	madracks-mnode5	amd	elasticsearch	embedded	NO_RETIRED_INST_CYCLES	user	chiplet_x5	60	46	64	READ	10000	293.6432	44.0	26207.0	116.0	463.0	5591.0	8415.0	10951.0	ok	/home/seunghyun/ycsb/results/chiplet_ycsb_256mib_madracks-mnode5_20260314T060453Z_1429430/runs/elasticsearch/chiplet_x5/inst46/run.stdout.log	/home/seunghyun/ycsb/results/chiplet_ycsb_256mib_madracks-mnode5_20260314T060453Z_1429430/runs/elasticsearch/chiplet_x5
2026-03-14T06:59:04Z	madracks-mnode5	amd	elasticsearch	embedded	NO_RETIRED_INST_CYCLES	user	chiplet_x5	60	46	64	CLEANUP	1	50736.0	50720.0	50751.0	50751.0	50751.0	50751.0	50751.0	50751.0	ok	/home/seunghyun/ycsb/results/chiplet_ycsb_256mib_madracks-mnode5_20260314T060453Z_1429430/runs/elasticsearch/chiplet_x5/inst46/run.stdout.log	/home/seunghyun/ycsb/results/chiplet_ycsb_256mib_madracks-mnode5_20260314T060453Z_1429430/runs/elasticsearch/chiplet_x5
2026-03-14T06:59:04Z	madracks-mnode5	amd	elasticsearch	embedded	NO_RETIRED_INST_CYCLES	user	chiplet_x5	60	47	65	READ	10000	277.8863	38.0	36159.0	108.0	473.0	5307.0	8151.0	9927.0	ok	/home/seunghyun/ycsb/results/chiplet_ycsb_256mib_madracks-mnode5_20260314T060453Z_1429430/runs/elasticsearch/chiplet_x5/inst47/run.stdout.log	/home/seunghyun/ycsb/results/chiplet_ycsb_256mib_madracks-mnode5_20260314T060453Z_1429430/runs/elasticsearch/chiplet_x5
2026-03-14T06:59:04Z	madracks-mnode5	amd	elasticsearch	embedded	NO_RETIRED_INST_CYCLES	user	chiplet_x5	60	47	65	CLEANUP	1	54320.0	54304.0	54335.0	54335.0	54335.0	54335.0	54335.0	54335.0	ok	/home/seunghyun/ycsb/results/chiplet_ycsb_256mib_madracks-mnode5_20260314T060453Z_1429430/runs/elasticsearch/chiplet_x5/inst47/run.stdout.log	/home/seunghyun/ycsb/results/chiplet_ycsb_256mib_madracks-mnode5_20260314T060453Z_1429430/runs/elasticsearch/chiplet_x5
2026-03-14T06:59:04Z	madracks-mnode5	amd	elasticsearch	embedded	NO_RETIRED_INST_CYCLES	user	chiplet_x5	60	48	66	READ	10000	289.4398	40.0	27967.0	119.0	450.0	5507.0	7787.0	11063.0	ok	/home/seunghyun/ycsb/results/chiplet_ycsb_256mib_madracks-mnode5_20260314T060453Z_1429430/runs/elasticsearch/chiplet_x5/inst48/run.stdout.log	/home/seunghyun/ycsb/results/chiplet_ycsb_256mib_madracks-mnode5_20260314T060453Z_1429430/runs/elasticsearch/chiplet_x5
2026-03-14T06:59:04Z	madracks-mnode5	amd	elasticsearch	embedded	NO_RETIRED_INST_CYCLES	user	chiplet_x5	60	48	66	CLEANUP	1	51760.0	51744.0	51775.0	51775.0	51775.0	51775.0	51775.0	51775.0	ok	/home/seunghyun/ycsb/results/chiplet_ycsb_256mib_madracks-mnode5_20260314T060453Z_1429430/runs/elasticsearch/chiplet_x5/inst48/run.stdout.log	/home/seunghyun/ycsb/results/chiplet_ycsb_256mib_madracks-mnode5_20260314T060453Z_1429430/runs/elasticsearch/chiplet_x5
2026-03-14T06:59:04Z	madracks-mnode5	amd	elasticsearch	embedded	NO_RETIRED_INST_CYCLES	user	chiplet_x5	60	49	67	READ	10000	271.2304	41.0	22431.0	104.0	382.0	5359.0	7799.0	10135.0	ok	/home/seunghyun/ycsb/results/chiplet_ycsb_256mib_madracks-mnode5_20260314T060453Z_1429430/runs/elasticsearch/chiplet_x5/inst49/run.stdout.log	/home/seunghyun/ycsb/results/chiplet_ycsb_256mib_madracks-mnode5_20260314T060453Z_1429430/runs/elasticsearch/chiplet_x5
2026-03-14T06:59:04Z	madracks-mnode5	amd	elasticsearch	embedded	NO_RETIRED_INST_CYCLES	user	chiplet_x5	60	49	67	CLEANUP	1	45840.0	45824.0	45855.0	45855.0	45855.0	45855.0	45855.0	45855.0	ok	/home/seunghyun/ycsb/results/chiplet_ycsb_256mib_madracks-mnode5_20260314T060453Z_1429430/runs/elasticsearch/chiplet_x5/inst49/run.stdout.log	/home/seunghyun/ycsb/results/chiplet_ycsb_256mib_madracks-mnode5_20260314T060453Z_1429430/runs/elasticsearch/chiplet_x5
2026-03-14T06:59:04Z	madracks-mnode5	amd	elasticsearch	embedded	NO_RETIRED_INST_CYCLES	user	chiplet_x5	60	50	70	READ	10000	293.037	37.0	29919.0	117.0	490.0	5511.0	7655.0	10919.0	ok	/home/seunghyun/ycsb/results/chiplet_ycsb_256mib_madracks-mnode5_20260314T060453Z_1429430/runs/elasticsearch/chiplet_x5/inst50/run.stdout.log	/home/seunghyun/ycsb/results/chiplet_ycsb_256mib_madracks-mnode5_20260314T060453Z_1429430/runs/elasticsearch/chiplet_x5
2026-03-14T06:59:04Z	madracks-mnode5	amd	elasticsearch	embedded	NO_RETIRED_INST_CYCLES	user	chiplet_x5	60	50	70	CLEANUP	1	49712.0	49696.0	49727.0	49727.0	49727.0	49727.0	49727.0	49727.0	ok	/home/seunghyun/ycsb/results/chiplet_ycsb_256mib_madracks-mnode5_20260314T060453Z_1429430/runs/elasticsearch/chiplet_x5/inst50/run.stdout.log	/home/seunghyun/ycsb/results/chiplet_ycsb_256mib_madracks-mnode5_20260314T060453Z_1429430/runs/elasticsearch/chiplet_x5
2026-03-14T06:59:04Z	madracks-mnode5	amd	elasticsearch	embedded	NO_RETIRED_INST_CYCLES	user	chiplet_x5	60	51	71	READ	10000	260.8607	39.0	22735.0	100.0	413.0	5231.0	8327.0	11415.0	ok	/home/seunghyun/ycsb/results/chiplet_ycsb_256mib_madracks-mnode5_20260314T060453Z_1429430/runs/elasticsearch/chiplet_x5/inst51/run.stdout.log	/home/seunghyun/ycsb/results/chiplet_ycsb_256mib_madracks-mnode5_20260314T060453Z_1429430/runs/elasticsearch/chiplet_x5
2026-03-14T06:59:04Z	madracks-mnode5	amd	elasticsearch	embedded	NO_RETIRED_INST_CYCLES	user	chiplet_x5	60	51	71	CLEANUP	1	49200.0	49184.0	49215.0	49215.0	49215.0	49215.0	49215.0	49215.0	ok	/home/seunghyun/ycsb/results/chiplet_ycsb_256mib_madracks-mnode5_20260314T060453Z_1429430/runs/elasticsearch/chiplet_x5/inst51/run.stdout.log	/home/seunghyun/ycsb/results/chiplet_ycsb_256mib_madracks-mnode5_20260314T060453Z_1429430/runs/elasticsearch/chiplet_x5
2026-03-14T06:59:04Z	madracks-mnode5	amd	elasticsearch	embedded	NO_RETIRED_INST_CYCLES	user	chiplet_x5	60	52	72	READ	10000	269.1547	38.0	22655.0	103.0	397.0	5363.0	8535.0	10831.0	ok	/home/seunghyun/ycsb/results/chiplet_ycsb_256mib_madracks-mnode5_20260314T060453Z_1429430/runs/elasticsearch/chiplet_x5/inst52/run.stdout.log	/home/seunghyun/ycsb/results/chiplet_ycsb_256mib_madracks-mnode5_20260314T060453Z_1429430/runs/elasticsearch/chiplet_x5
2026-03-14T06:59:04Z	madracks-mnode5	amd	elasticsearch	embedded	NO_RETIRED_INST_CYCLES	user	chiplet_x5	60	52	72	CLEANUP	1	54416.0	54400.0	54431.0	54431.0	54431.0	54431.0	54431.0	54431.0	ok	/home/seunghyun/ycsb/results/chiplet_ycsb_256mib_madracks-mnode5_20260314T060453Z_1429430/runs/elasticsearch/chiplet_x5/inst52/run.stdout.log	/home/seunghyun/ycsb/results/chiplet_ycsb_256mib_madracks-mnode5_20260314T060453Z_1429430/runs/elasticsearch/chiplet_x5
2026-03-14T06:59:04Z	madracks-mnode5	amd	elasticsearch	embedded	NO_RETIRED_INST_CYCLES	user	chiplet_x5	60	53	73	READ	10000	264.0889	41.0	34303.0	106.0	409.0	5259.0	8127.0	10607.0	ok	/home/seunghyun/ycsb/results/chiplet_ycsb_256mib_madracks-mnode5_20260314T060453Z_1429430/runs/elasticsearch/chiplet_x5/inst53/run.stdout.log	/home/seunghyun/ycsb/results/chiplet_ycsb_256mib_madracks-mnode5_20260314T060453Z_1429430/runs/elasticsearch/chiplet_x5
2026-03-14T06:59:04Z	madracks-mnode5	amd	elasticsearch	embedded	NO_RETIRED_INST_CYCLES	user	chiplet_x5	60	53	73	CLEANUP	1	51536.0	51520.0	51551.0	51551.0	51551.0	51551.0	51551.0	51551.0	ok	/home/seunghyun/ycsb/results/chiplet_ycsb_256mib_madracks-mnode5_20260314T060453Z_1429430/runs/elasticsearch/chiplet_x5/inst53/run.stdout.log	/home/seunghyun/ycsb/results/chiplet_ycsb_256mib_madracks-mnode5_20260314T060453Z_1429430/runs/elasticsearch/chiplet_x5
2026-03-14T06:59:04Z	madracks-mnode5	amd	elasticsearch	embedded	NO_RETIRED_INST_CYCLES	user	chiplet_x5	60	54	74	READ	10000	304.1828	41.0	25679.0	124.0	517.0	5491.0	8123.0	10959.0	ok	/home/seunghyun/ycsb/results/chiplet_ycsb_256mib_madracks-mnode5_20260314T060453Z_1429430/runs/elasticsearch/chiplet_x5/inst54/run.stdout.log	/home/seunghyun/ycsb/results/chiplet_ycsb_256mib_madracks-mnode5_20260314T060453Z_1429430/runs/elasticsearch/chiplet_x5
2026-03-14T06:59:04Z	madracks-mnode5	amd	elasticsearch	embedded	NO_RETIRED_INST_CYCLES	user	chiplet_x5	60	54	74	CLEANUP	1	44944.0	44928.0	44959.0	44959.0	44959.0	44959.0	44959.0	44959.0	ok	/home/seunghyun/ycsb/results/chiplet_ycsb_256mib_madracks-mnode5_20260314T060453Z_1429430/runs/elasticsearch/chiplet_x5/inst54/run.stdout.log	/home/seunghyun/ycsb/results/chiplet_ycsb_256mib_madracks-mnode5_20260314T060453Z_1429430/runs/elasticsearch/chiplet_x5
2026-03-14T06:59:04Z	madracks-mnode5	amd	elasticsearch	embedded	NO_RETIRED_INST_CYCLES	user	chiplet_x5	60	55	77	READ	10000	280.6127	43.0	23279.0	107.0	453.0	5343.0	7447.0	9831.0	ok	/home/seunghyun/ycsb/results/chiplet_ycsb_256mib_madracks-mnode5_20260314T060453Z_1429430/runs/elasticsearch/chiplet_x5/inst55/run.stdout.log	/home/seunghyun/ycsb/results/chiplet_ycsb_256mib_madracks-mnode5_20260314T060453Z_1429430/runs/elasticsearch/chiplet_x5
2026-03-14T06:59:04Z	madracks-mnode5	amd	elasticsearch	embedded	NO_RETIRED_INST_CYCLES	user	chiplet_x5	60	55	77	CLEANUP	1	45744.0	45728.0	45759.0	45759.0	45759.0	45759.0	45759.0	45759.0	ok	/home/seunghyun/ycsb/results/chiplet_ycsb_256mib_madracks-mnode5_20260314T060453Z_1429430/runs/elasticsearch/chiplet_x5/inst55/run.stdout.log	/home/seunghyun/ycsb/results/chiplet_ycsb_256mib_madracks-mnode5_20260314T060453Z_1429430/runs/elasticsearch/chiplet_x5
2026-03-14T06:59:04Z	madracks-mnode5	amd	elasticsearch	embedded	NO_RETIRED_INST_CYCLES	user	chiplet_x5	60	56	78	READ	10000	288.0892	45.0	24687.0	112.0	466.0	5451.0	7955.0	13415.0	ok	/home/seunghyun/ycsb/results/chiplet_ycsb_256mib_madracks-mnode5_20260314T060453Z_1429430/runs/elasticsearch/chiplet_x5/inst56/run.stdout.log	/home/seunghyun/ycsb/results/chiplet_ycsb_256mib_madracks-mnode5_20260314T060453Z_1429430/runs/elasticsearch/chiplet_x5
2026-03-14T06:59:04Z	madracks-mnode5	amd	elasticsearch	embedded	NO_RETIRED_INST_CYCLES	user	chiplet_x5	60	56	78	CLEANUP	1	49040.0	49024.0	49055.0	49055.0	49055.0	49055.0	49055.0	49055.0	ok	/home/seunghyun/ycsb/results/chiplet_ycsb_256mib_madracks-mnode5_20260314T060453Z_1429430/runs/elasticsearch/chiplet_x5/inst56/run.stdout.log	/home/seunghyun/ycsb/results/chiplet_ycsb_256mib_madracks-mnode5_20260314T060453Z_1429430/runs/elasticsearch/chiplet_x5
2026-03-14T06:59:04Z	madracks-mnode5	amd	elasticsearch	embedded	NO_RETIRED_INST_CYCLES	user	chiplet_x5	60	57	79	READ	10000	282.4336	42.0	18063.0	116.0	467.0	5523.0	8439.0	10719.0	ok	/home/seunghyun/ycsb/results/chiplet_ycsb_256mib_madracks-mnode5_20260314T060453Z_1429430/runs/elasticsearch/chiplet_x5/inst57/run.stdout.log	/home/seunghyun/ycsb/results/chiplet_ycsb_256mib_madracks-mnode5_20260314T060453Z_1429430/runs/elasticsearch/chiplet_x5
2026-03-14T06:59:04Z	madracks-mnode5	amd	elasticsearch	embedded	NO_RETIRED_INST_CYCLES	user	chiplet_x5	60	57	79	CLEANUP	1	60304.0	60288.0	60319.0	60319.0	60319.0	60319.0	60319.0	60319.0	ok	/home/seunghyun/ycsb/results/chiplet_ycsb_256mib_madracks-mnode5_20260314T060453Z_1429430/runs/elasticsearch/chiplet_x5/inst57/run.stdout.log	/home/seunghyun/ycsb/results/chiplet_ycsb_256mib_madracks-mnode5_20260314T060453Z_1429430/runs/elasticsearch/chiplet_x5
2026-03-14T06:59:04Z	madracks-mnode5	amd	elasticsearch	embedded	NO_RETIRED_INST_CYCLES	user	chiplet_x5	60	58	80	READ	10000	251.8395	38.0	21551.0	101.0	385.0	5175.0	7351.0	10599.0	ok	/home/seunghyun/ycsb/results/chiplet_ycsb_256mib_madracks-mnode5_20260314T060453Z_1429430/runs/elasticsearch/chiplet_x5/inst58/run.stdout.log	/home/seunghyun/ycsb/results/chiplet_ycsb_256mib_madracks-mnode5_20260314T060453Z_1429430/runs/elasticsearch/chiplet_x5
2026-03-14T06:59:04Z	madracks-mnode5	amd	elasticsearch	embedded	NO_RETIRED_INST_CYCLES	user	chiplet_x5	60	58	80	CLEANUP	1	44048.0	44032.0	44063.0	44063.0	44063.0	44063.0	44063.0	44063.0	ok	/home/seunghyun/ycsb/results/chiplet_ycsb_256mib_madracks-mnode5_20260314T060453Z_1429430/runs/elasticsearch/chiplet_x5/inst58/run.stdout.log	/home/seunghyun/ycsb/results/chiplet_ycsb_256mib_madracks-mnode5_20260314T060453Z_1429430/runs/elasticsearch/chiplet_x5
2026-03-14T06:59:04Z	madracks-mnode5	amd	elasticsearch	embedded	NO_RETIRED_INST_CYCLES	user	chiplet_x5	60	59	81	READ	10000	287.3518	38.0	32175.0	113.0	489.0	5379.0	8407.0	10207.0	ok	/home/seunghyun/ycsb/results/chiplet_ycsb_256mib_madracks-mnode5_20260314T060453Z_1429430/runs/elasticsearch/chiplet_x5/inst59/run.stdout.log	/home/seunghyun/ycsb/results/chiplet_ycsb_256mib_madracks-mnode5_20260314T060453Z_1429430/runs/elasticsearch/chiplet_x5
2026-03-14T06:59:04Z	madracks-mnode5	amd	elasticsearch	embedded	NO_RETIRED_INST_CYCLES	user	chiplet_x5	60	59	81	CLEANUP	1	56176.0	56160.0	56191.0	56191.0	56191.0	56191.0	56191.0	56191.0	ok	/home/seunghyun/ycsb/results/chiplet_ycsb_256mib_madracks-mnode5_20260314T060453Z_1429430/runs/elasticsearch/chiplet_x5/inst59/run.stdout.log	/home/seunghyun/ycsb/results/chiplet_ycsb_256mib_madracks-mnode5_20260314T060453Z_1429430/runs/elasticsearch/chiplet_x5
2026-03-14T07:09:47Z	madracks-mnode5	amd	elasticsearch	embedded	NO_RETIRED_INST_CYCLES	user	chiplet_x6	72	0	0	READ	10000	300.4122	44.0	32479.0	115.0	499.0	5567.0	7655.0	11039.0	ok	/home/seunghyun/ycsb/results/chiplet_ycsb_256mib_madracks-mnode5_20260314T060453Z_1429430/runs/elasticsearch/chiplet_x6/inst00/run.stdout.log	/home/seunghyun/ycsb/results/chiplet_ycsb_256mib_madracks-mnode5_20260314T060453Z_1429430/runs/elasticsearch/chiplet_x6
2026-03-14T07:09:47Z	madracks-mnode5	amd	elasticsearch	embedded	NO_RETIRED_INST_CYCLES	user	chiplet_x6	72	0	0	CLEANUP	1	54000.0	53984.0	54015.0	54015.0	54015.0	54015.0	54015.0	54015.0	ok	/home/seunghyun/ycsb/results/chiplet_ycsb_256mib_madracks-mnode5_20260314T060453Z_1429430/runs/elasticsearch/chiplet_x6/inst00/run.stdout.log	/home/seunghyun/ycsb/results/chiplet_ycsb_256mib_madracks-mnode5_20260314T060453Z_1429430/runs/elasticsearch/chiplet_x6
2026-03-14T07:09:47Z	madracks-mnode5	amd	elasticsearch	embedded	NO_RETIRED_INST_CYCLES	user	chiplet_x6	72	1	1	READ	10000	261.7529	40.0	28015.0	100.0	434.0	5271.0	8247.0	11039.0	ok	/home/seunghyun/ycsb/results/chiplet_ycsb_256mib_madracks-mnode5_20260314T060453Z_1429430/runs/elasticsearch/chiplet_x6/inst01/run.stdout.log	/home/seunghyun/ycsb/results/chiplet_ycsb_256mib_madracks-mnode5_20260314T060453Z_1429430/runs/elasticsearch/chiplet_x6
2026-03-14T07:09:47Z	madracks-mnode5	amd	elasticsearch	embedded	NO_RETIRED_INST_CYCLES	user	chiplet_x6	72	1	1	CLEANUP	1	57968.0	57952.0	57983.0	57983.0	57983.0	57983.0	57983.0	57983.0	ok	/home/seunghyun/ycsb/results/chiplet_ycsb_256mib_madracks-mnode5_20260314T060453Z_1429430/runs/elasticsearch/chiplet_x6/inst01/run.stdout.log	/home/seunghyun/ycsb/results/chiplet_ycsb_256mib_madracks-mnode5_20260314T060453Z_1429430/runs/elasticsearch/chiplet_x6
2026-03-14T07:09:47Z	madracks-mnode5	amd	elasticsearch	embedded	NO_RETIRED_INST_CYCLES	user	chiplet_x6	72	2	2	READ	10000	273.6143	43.0	33215.0	106.0	438.0	5347.0	7927.0	10255.0	ok	/home/seunghyun/ycsb/results/chiplet_ycsb_256mib_madracks-mnode5_20260314T060453Z_1429430/runs/elasticsearch/chiplet_x6/inst02/run.stdout.log	/home/seunghyun/ycsb/results/chiplet_ycsb_256mib_madracks-mnode5_20260314T060453Z_1429430/runs/elasticsearch/chiplet_x6
2026-03-14T07:09:47Z	madracks-mnode5	amd	elasticsearch	embedded	NO_RETIRED_INST_CYCLES	user	chiplet_x6	72	2	2	CLEANUP	1	52432.0	52416.0	52447.0	52447.0	52447.0	52447.0	52447.0	52447.0	ok	/home/seunghyun/ycsb/results/chiplet_ycsb_256mib_madracks-mnode5_20260314T060453Z_1429430/runs/elasticsearch/chiplet_x6/inst02/run.stdout.log	/home/seunghyun/ycsb/results/chiplet_ycsb_256mib_madracks-mnode5_20260314T060453Z_1429430/runs/elasticsearch/chiplet_x6
2026-03-14T07:09:47Z	madracks-mnode5	amd	elasticsearch	embedded	NO_RETIRED_INST_CYCLES	user	chiplet_x6	72	3	3	READ	10000	337.5389	40.0	29311.0	139.0	726.0	5779.0	8351.0	10743.0	ok	/home/seunghyun/ycsb/results/chiplet_ycsb_256mib_madracks-mnode5_20260314T060453Z_1429430/runs/elasticsearch/chiplet_x6/inst03/run.stdout.log	/home/seunghyun/ycsb/results/chiplet_ycsb_256mib_madracks-mnode5_20260314T060453Z_1429430/runs/elasticsearch/chiplet_x6
2026-03-14T07:09:47Z	madracks-mnode5	amd	elasticsearch	embedded	NO_RETIRED_INST_CYCLES	user	chiplet_x6	72	3	3	CLEANUP	1	58096.0	58080.0	58111.0	58111.0	58111.0	58111.0	58111.0	58111.0	ok	/home/seunghyun/ycsb/results/chiplet_ycsb_256mib_madracks-mnode5_20260314T060453Z_1429430/runs/elasticsearch/chiplet_x6/inst03/run.stdout.log	/home/seunghyun/ycsb/results/chiplet_ycsb_256mib_madracks-mnode5_20260314T060453Z_1429430/runs/elasticsearch/chiplet_x6
2026-03-14T07:09:47Z	madracks-mnode5	amd	elasticsearch	embedded	NO_RETIRED_INST_CYCLES	user	chiplet_x6	72	4	4	READ	10000	280.7018	41.0	24063.0	125.0	465.0	5235.0	7347.0	10159.0	ok	/home/seunghyun/ycsb/results/chiplet_ycsb_256mib_madracks-mnode5_20260314T060453Z_1429430/runs/elasticsearch/chiplet_x6/inst04/run.stdout.log	/home/seunghyun/ycsb/results/chiplet_ycsb_256mib_madracks-mnode5_20260314T060453Z_1429430/runs/elasticsearch/chiplet_x6
2026-03-14T07:09:47Z	madracks-mnode5	amd	elasticsearch	embedded	NO_RETIRED_INST_CYCLES	user	chiplet_x6	72	4	4	CLEANUP	1	60784.0	60768.0	60799.0	60799.0	60799.0	60799.0	60799.0	60799.0	ok	/home/seunghyun/ycsb/results/chiplet_ycsb_256mib_madracks-mnode5_20260314T060453Z_1429430/runs/elasticsearch/chiplet_x6/inst04/run.stdout.log	/home/seunghyun/ycsb/results/chiplet_ycsb_256mib_madracks-mnode5_20260314T060453Z_1429430/runs/elasticsearch/chiplet_x6
2026-03-14T07:09:47Z	madracks-mnode5	amd	elasticsearch	embedded	NO_RETIRED_INST_CYCLES	user	chiplet_x6	72	5	5	READ	10000	289.8347	44.0	19839.0	113.0	506.0	5507.0	8311.0	10823.0	ok	/home/seunghyun/ycsb/results/chiplet_ycsb_256mib_madracks-mnode5_20260314T060453Z_1429430/runs/elasticsearch/chiplet_x6/inst05/run.stdout.log	/home/seunghyun/ycsb/results/chiplet_ycsb_256mib_madracks-mnode5_20260314T060453Z_1429430/runs/elasticsearch/chiplet_x6
2026-03-14T07:09:47Z	madracks-mnode5	amd	elasticsearch	embedded	NO_RETIRED_INST_CYCLES	user	chiplet_x6	72	5	5	CLEANUP	1	50320.0	50304.0	50335.0	50335.0	50335.0	50335.0	50335.0	50335.0	ok	/home/seunghyun/ycsb/results/chiplet_ycsb_256mib_madracks-mnode5_20260314T060453Z_1429430/runs/elasticsearch/chiplet_x6/inst05/run.stdout.log	/home/seunghyun/ycsb/results/chiplet_ycsb_256mib_madracks-mnode5_20260314T060453Z_1429430/runs/elasticsearch/chiplet_x6
2026-03-14T07:09:47Z	madracks-mnode5	amd	elasticsearch	embedded	NO_RETIRED_INST_CYCLES	user	chiplet_x6	72	6	7	READ	10000	306.5416	41.0	38751.0	116.0	555.0	5563.0	8567.0	10535.0	ok	/home/seunghyun/ycsb/results/chiplet_ycsb_256mib_madracks-mnode5_20260314T060453Z_1429430/runs/elasticsearch/chiplet_x6/inst06/run.stdout.log	/home/seunghyun/ycsb/results/chiplet_ycsb_256mib_madracks-mnode5_20260314T060453Z_1429430/runs/elasticsearch/chiplet_x6
2026-03-14T07:09:47Z	madracks-mnode5	amd	elasticsearch	embedded	NO_RETIRED_INST_CYCLES	user	chiplet_x6	72	6	7	CLEANUP	1	49040.0	49024.0	49055.0	49055.0	49055.0	49055.0	49055.0	49055.0	ok	/home/seunghyun/ycsb/results/chiplet_ycsb_256mib_madracks-mnode5_20260314T060453Z_1429430/runs/elasticsearch/chiplet_x6/inst06/run.stdout.log	/home/seunghyun/ycsb/results/chiplet_ycsb_256mib_madracks-mnode5_20260314T060453Z_1429430/runs/elasticsearch/chiplet_x6
2026-03-14T07:09:47Z	madracks-mnode5	amd	elasticsearch	embedded	NO_RETIRED_INST_CYCLES	user	chiplet_x6	72	7	8	READ	10000	278.1781	39.0	20447.0	105.0	416.0	5319.0	8263.0	11671.0	ok	/home/seunghyun/ycsb/results/chiplet_ycsb_256mib_madracks-mnode5_20260314T060453Z_1429430/runs/elasticsearch/chiplet_x6/inst07/run.stdout.log	/home/seunghyun/ycsb/results/chiplet_ycsb_256mib_madracks-mnode5_20260314T060453Z_1429430/runs/elasticsearch/chiplet_x6
2026-03-14T07:09:47Z	madracks-mnode5	amd	elasticsearch	embedded	NO_RETIRED_INST_CYCLES	user	chiplet_x6	72	7	8	CLEANUP	1	49680.0	49664.0	49695.0	49695.0	49695.0	49695.0	49695.0	49695.0	ok	/home/seunghyun/ycsb/results/chiplet_ycsb_256mib_madracks-mnode5_20260314T060453Z_1429430/runs/elasticsearch/chiplet_x6/inst07/run.stdout.log	/home/seunghyun/ycsb/results/chiplet_ycsb_256mib_madracks-mnode5_20260314T060453Z_1429430/runs/elasticsearch/chiplet_x6
2026-03-14T07:09:47Z	madracks-mnode5	amd	elasticsearch	embedded	NO_RETIRED_INST_CYCLES	user	chiplet_x6	72	8	9	READ	10000	281.4874	40.0	35295.0	110.0	414.0	5471.0	8471.0	10711.0	ok	/home/seunghyun/ycsb/results/chiplet_ycsb_256mib_madracks-mnode5_20260314T060453Z_1429430/runs/elasticsearch/chiplet_x6/inst08/run.stdout.log	/home/seunghyun/ycsb/results/chiplet_ycsb_256mib_madracks-mnode5_20260314T060453Z_1429430/runs/elasticsearch/chiplet_x6
2026-03-14T07:09:47Z	madracks-mnode5	amd	elasticsearch	embedded	NO_RETIRED_INST_CYCLES	user	chiplet_x6	72	8	9	CLEANUP	1	49328.0	49312.0	49343.0	49343.0	49343.0	49343.0	49343.0	49343.0	ok	/home/seunghyun/ycsb/results/chiplet_ycsb_256mib_madracks-mnode5_20260314T060453Z_1429430/runs/elasticsearch/chiplet_x6/inst08/run.stdout.log	/home/seunghyun/ycsb/results/chiplet_ycsb_256mib_madracks-mnode5_20260314T060453Z_1429430/runs/elasticsearch/chiplet_x6
2026-03-14T07:09:47Z	madracks-mnode5	amd	elasticsearch	embedded	NO_RETIRED_INST_CYCLES	user	chiplet_x6	72	9	10	READ	10000	309.4387	43.0	31727.0	131.0	488.0	5771.0	8215.0	10743.0	ok	/home/seunghyun/ycsb/results/chiplet_ycsb_256mib_madracks-mnode5_20260314T060453Z_1429430/runs/elasticsearch/chiplet_x6/inst09/run.stdout.log	/home/seunghyun/ycsb/results/chiplet_ycsb_256mib_madracks-mnode5_20260314T060453Z_1429430/runs/elasticsearch/chiplet_x6
2026-03-14T07:09:47Z	madracks-mnode5	amd	elasticsearch	embedded	NO_RETIRED_INST_CYCLES	user	chiplet_x6	72	9	10	CLEANUP	1	61552.0	61536.0	61567.0	61567.0	61567.0	61567.0	61567.0	61567.0	ok	/home/seunghyun/ycsb/results/chiplet_ycsb_256mib_madracks-mnode5_20260314T060453Z_1429430/runs/elasticsearch/chiplet_x6/inst09/run.stdout.log	/home/seunghyun/ycsb/results/chiplet_ycsb_256mib_madracks-mnode5_20260314T060453Z_1429430/runs/elasticsearch/chiplet_x6
2026-03-14T07:09:47Z	madracks-mnode5	amd	elasticsearch	embedded	NO_RETIRED_INST_CYCLES	user	chiplet_x6	72	10	11	READ	10000	333.8201	44.0	25503.0	133.0	689.0	5811.0	8223.0	10607.0	ok	/home/seunghyun/ycsb/results/chiplet_ycsb_256mib_madracks-mnode5_20260314T060453Z_1429430/runs/elasticsearch/chiplet_x6/inst10/run.stdout.log	/home/seunghyun/ycsb/results/chiplet_ycsb_256mib_madracks-mnode5_20260314T060453Z_1429430/runs/elasticsearch/chiplet_x6
2026-03-14T07:09:47Z	madracks-mnode5	amd	elasticsearch	embedded	NO_RETIRED_INST_CYCLES	user	chiplet_x6	72	10	11	CLEANUP	1	49360.0	49344.0	49375.0	49375.0	49375.0	49375.0	49375.0	49375.0	ok	/home/seunghyun/ycsb/results/chiplet_ycsb_256mib_madracks-mnode5_20260314T060453Z_1429430/runs/elasticsearch/chiplet_x6/inst10/run.stdout.log	/home/seunghyun/ycsb/results/chiplet_ycsb_256mib_madracks-mnode5_20260314T060453Z_1429430/runs/elasticsearch/chiplet_x6
2026-03-14T07:09:47Z	madracks-mnode5	amd	elasticsearch	embedded	NO_RETIRED_INST_CYCLES	user	chiplet_x6	72	11	12	READ	10000	271.8404	39.0	23055.0	106.0	428.0	5315.0	7975.0	10327.0	ok	/home/seunghyun/ycsb/results/chiplet_ycsb_256mib_madracks-mnode5_20260314T060453Z_1429430/runs/elasticsearch/chiplet_x6/inst11/run.stdout.log	/home/seunghyun/ycsb/results/chiplet_ycsb_256mib_madracks-mnode5_20260314T060453Z_1429430/runs/elasticsearch/chiplet_x6
2026-03-14T07:09:47Z	madracks-mnode5	amd	elasticsearch	embedded	NO_RETIRED_INST_CYCLES	user	chiplet_x6	72	11	12	CLEANUP	1	50448.0	50432.0	50463.0	50463.0	50463.0	50463.0	50463.0	50463.0	ok	/home/seunghyun/ycsb/results/chiplet_ycsb_256mib_madracks-mnode5_20260314T060453Z_1429430/runs/elasticsearch/chiplet_x6/inst11/run.stdout.log	/home/seunghyun/ycsb/results/chiplet_ycsb_256mib_madracks-mnode5_20260314T060453Z_1429430/runs/elasticsearch/chiplet_x6
2026-03-14T07:09:47Z	madracks-mnode5	amd	elasticsearch	embedded	NO_RETIRED_INST_CYCLES	user	chiplet_x6	72	12	14	READ	10000	318.4849	43.0	37599.0	134.0	618.0	5539.0	8687.0	10263.0	ok	/home/seunghyun/ycsb/results/chiplet_ycsb_256mib_madracks-mnode5_20260314T060453Z_1429430/runs/elasticsearch/chiplet_x6/inst12/run.stdout.log	/home/seunghyun/ycsb/results/chiplet_ycsb_256mib_madracks-mnode5_20260314T060453Z_1429430/runs/elasticsearch/chiplet_x6
2026-03-14T07:09:47Z	madracks-mnode5	amd	elasticsearch	embedded	NO_RETIRED_INST_CYCLES	user	chiplet_x6	72	12	14	CLEANUP	1	60016.0	60000.0	60031.0	60031.0	60031.0	60031.0	60031.0	60031.0	ok	/home/seunghyun/ycsb/results/chiplet_ycsb_256mib_madracks-mnode5_20260314T060453Z_1429430/runs/elasticsearch/chiplet_x6/inst12/run.stdout.log	/home/seunghyun/ycsb/results/chiplet_ycsb_256mib_madracks-mnode5_20260314T060453Z_1429430/runs/elasticsearch/chiplet_x6
2026-03-14T07:09:47Z	madracks-mnode5	amd	elasticsearch	embedded	NO_RETIRED_INST_CYCLES	user	chiplet_x6	72	13	15	READ	10000	293.3097	39.0	20527.0	115.0	470.0	5527.0	8663.0	10679.0	ok	/home/seunghyun/ycsb/results/chiplet_ycsb_256mib_madracks-mnode5_20260314T060453Z_1429430/runs/elasticsearch/chiplet_x6/inst13/run.stdout.log	/home/seunghyun/ycsb/results/chiplet_ycsb_256mib_madracks-mnode5_20260314T060453Z_1429430/runs/elasticsearch/chiplet_x6
2026-03-14T07:09:47Z	madracks-mnode5	amd	elasticsearch	embedded	NO_RETIRED_INST_CYCLES	user	chiplet_x6	72	13	15	CLEANUP	1	55120.0	55104.0	55135.0	55135.0	55135.0	55135.0	55135.0	55135.0	ok	/home/seunghyun/ycsb/results/chiplet_ycsb_256mib_madracks-mnode5_20260314T060453Z_1429430/runs/elasticsearch/chiplet_x6/inst13/run.stdout.log	/home/seunghyun/ycsb/results/chiplet_ycsb_256mib_madracks-mnode5_20260314T060453Z_1429430/runs/elasticsearch/chiplet_x6
2026-03-14T07:09:47Z	madracks-mnode5	amd	elasticsearch	embedded	NO_RETIRED_INST_CYCLES	user	chiplet_x6	72	14	16	READ	10000	305.5451	34.0	33599.0	127.0	566.0	5499.0	7639.0	9647.0	ok	/home/seunghyun/ycsb/results/chiplet_ycsb_256mib_madracks-mnode5_20260314T060453Z_1429430/runs/elasticsearch/chiplet_x6/inst14/run.stdout.log	/home/seunghyun/ycsb/results/chiplet_ycsb_256mib_madracks-mnode5_20260314T060453Z_1429430/runs/elasticsearch/chiplet_x6
2026-03-14T07:09:47Z	madracks-mnode5	amd	elasticsearch	embedded	NO_RETIRED_INST_CYCLES	user	chiplet_x6	72	14	16	CLEANUP	1	53232.0	53216.0	53247.0	53247.0	53247.0	53247.0	53247.0	53247.0	ok	/home/seunghyun/ycsb/results/chiplet_ycsb_256mib_madracks-mnode5_20260314T060453Z_1429430/runs/elasticsearch/chiplet_x6/inst14/run.stdout.log	/home/seunghyun/ycsb/results/chiplet_ycsb_256mib_madracks-mnode5_20260314T060453Z_1429430/runs/elasticsearch/chiplet_x6
2026-03-14T07:09:47Z	madracks-mnode5	amd	elasticsearch	embedded	NO_RETIRED_INST_CYCLES	user	chiplet_x6	72	15	17	READ	10000	274.3491	38.0	26415.0	102.0	445.0	5371.0	8103.0	12863.0	ok	/home/seunghyun/ycsb/results/chiplet_ycsb_256mib_madracks-mnode5_20260314T060453Z_1429430/runs/elasticsearch/chiplet_x6/inst15/run.stdout.log	/home/seunghyun/ycsb/results/chiplet_ycsb_256mib_madracks-mnode5_20260314T060453Z_1429430/runs/elasticsearch/chiplet_x6
2026-03-14T07:09:47Z	madracks-mnode5	amd	elasticsearch	embedded	NO_RETIRED_INST_CYCLES	user	chiplet_x6	72	15	17	CLEANUP	1	54288.0	54272.0	54303.0	54303.0	54303.0	54303.0	54303.0	54303.0	ok	/home/seunghyun/ycsb/results/chiplet_ycsb_256mib_madracks-mnode5_20260314T060453Z_1429430/runs/elasticsearch/chiplet_x6/inst15/run.stdout.log	/home/seunghyun/ycsb/results/chiplet_ycsb_256mib_madracks-mnode5_20260314T060453Z_1429430/runs/elasticsearch/chiplet_x6
2026-03-14T07:09:47Z	madracks-mnode5	amd	elasticsearch	embedded	NO_RETIRED_INST_CYCLES	user	chiplet_x6	72	16	18	READ	10000	277.3079	34.0	22575.0	110.0	506.0	4995.0	8231.0	11159.0	ok	/home/seunghyun/ycsb/results/chiplet_ycsb_256mib_madracks-mnode5_20260314T060453Z_1429430/runs/elasticsearch/chiplet_x6/inst16/run.stdout.log	/home/seunghyun/ycsb/results/chiplet_ycsb_256mib_madracks-mnode5_20260314T060453Z_1429430/runs/elasticsearch/chiplet_x6
2026-03-14T07:09:47Z	madracks-mnode5	amd	elasticsearch	embedded	NO_RETIRED_INST_CYCLES	user	chiplet_x6	72	16	18	CLEANUP	1	48944.0	48928.0	48959.0	48959.0	48959.0	48959.0	48959.0	48959.0	ok	/home/seunghyun/ycsb/results/chiplet_ycsb_256mib_madracks-mnode5_20260314T060453Z_1429430/runs/elasticsearch/chiplet_x6/inst16/run.stdout.log	/home/seunghyun/ycsb/results/chiplet_ycsb_256mib_madracks-mnode5_20260314T060453Z_1429430/runs/elasticsearch/chiplet_x6
2026-03-14T07:09:47Z	madracks-mnode5	amd	elasticsearch	embedded	NO_RETIRED_INST_CYCLES	user	chiplet_x6	72	17	19	READ	10000	292.8323	40.0	26735.0	112.0	473.0	5447.0	7891.0	10583.0	ok	/home/seunghyun/ycsb/results/chiplet_ycsb_256mib_madracks-mnode5_20260314T060453Z_1429430/runs/elasticsearch/chiplet_x6/inst17/run.stdout.log	/home/seunghyun/ycsb/results/chiplet_ycsb_256mib_madracks-mnode5_20260314T060453Z_1429430/runs/elasticsearch/chiplet_x6
2026-03-14T07:09:47Z	madracks-mnode5	amd	elasticsearch	embedded	NO_RETIRED_INST_CYCLES	user	chiplet_x6	72	17	19	CLEANUP	1	47248.0	47232.0	47263.0	47263.0	47263.0	47263.0	47263.0	47263.0	ok	/home/seunghyun/ycsb/results/chiplet_ycsb_256mib_madracks-mnode5_20260314T060453Z_1429430/runs/elasticsearch/chiplet_x6/inst17/run.stdout.log	/home/seunghyun/ycsb/results/chiplet_ycsb_256mib_madracks-mnode5_20260314T060453Z_1429430/runs/elasticsearch/chiplet_x6
2026-03-14T07:09:47Z	madracks-mnode5	amd	elasticsearch	embedded	NO_RETIRED_INST_CYCLES	user	chiplet_x6	72	18	21	READ	10000	282.3178	41.0	25599.0	106.0	435.0	5539.0	7407.0	10463.0	ok	/home/seunghyun/ycsb/results/chiplet_ycsb_256mib_madracks-mnode5_20260314T060453Z_1429430/runs/elasticsearch/chiplet_x6/inst18/run.stdout.log	/home/seunghyun/ycsb/results/chiplet_ycsb_256mib_madracks-mnode5_20260314T060453Z_1429430/runs/elasticsearch/chiplet_x6
2026-03-14T07:09:47Z	madracks-mnode5	amd	elasticsearch	embedded	NO_RETIRED_INST_CYCLES	user	chiplet_x6	72	18	21	CLEANUP	1	47920.0	47904.0	47935.0	47935.0	47935.0	47935.0	47935.0	47935.0	ok	/home/seunghyun/ycsb/results/chiplet_ycsb_256mib_madracks-mnode5_20260314T060453Z_1429430/runs/elasticsearch/chiplet_x6/inst18/run.stdout.log	/home/seunghyun/ycsb/results/chiplet_ycsb_256mib_madracks-mnode5_20260314T060453Z_1429430/runs/elasticsearch/chiplet_x6
2026-03-14T07:09:47Z	madracks-mnode5	amd	elasticsearch	embedded	NO_RETIRED_INST_CYCLES	user	chiplet_x6	72	19	22	READ	10000	280.8973	37.0	27391.0	110.0	451.0	5359.0	7371.0	9183.0	ok	/home/seunghyun/ycsb/results/chiplet_ycsb_256mib_madracks-mnode5_20260314T060453Z_1429430/runs/elasticsearch/chiplet_x6/inst19/run.stdout.log	/home/seunghyun/ycsb/results/chiplet_ycsb_256mib_madracks-mnode5_20260314T060453Z_1429430/runs/elasticsearch/chiplet_x6
2026-03-14T07:09:47Z	madracks-mnode5	amd	elasticsearch	embedded	NO_RETIRED_INST_CYCLES	user	chiplet_x6	72	19	22	CLEANUP	1	51792.0	51776.0	51807.0	51807.0	51807.0	51807.0	51807.0	51807.0	ok	/home/seunghyun/ycsb/results/chiplet_ycsb_256mib_madracks-mnode5_20260314T060453Z_1429430/runs/elasticsearch/chiplet_x6/inst19/run.stdout.log	/home/seunghyun/ycsb/results/chiplet_ycsb_256mib_madracks-mnode5_20260314T060453Z_1429430/runs/elasticsearch/chiplet_x6
2026-03-14T07:09:47Z	madracks-mnode5	amd	elasticsearch	embedded	NO_RETIRED_INST_CYCLES	user	chiplet_x6	72	20	23	READ	10000	280.1765	38.0	29679.0	112.0	474.0	5203.0	8999.0	10791.0	ok	/home/seunghyun/ycsb/results/chiplet_ycsb_256mib_madracks-mnode5_20260314T060453Z_1429430/runs/elasticsearch/chiplet_x6/inst20/run.stdout.log	/home/seunghyun/ycsb/results/chiplet_ycsb_256mib_madracks-mnode5_20260314T060453Z_1429430/runs/elasticsearch/chiplet_x6
2026-03-14T07:09:47Z	madracks-mnode5	amd	elasticsearch	embedded	NO_RETIRED_INST_CYCLES	user	chiplet_x6	72	20	23	CLEANUP	1	56112.0	56096.0	56127.0	56127.0	56127.0	56127.0	56127.0	56127.0	ok	/home/seunghyun/ycsb/results/chiplet_ycsb_256mib_madracks-mnode5_20260314T060453Z_1429430/runs/elasticsearch/chiplet_x6/inst20/run.stdout.log	/home/seunghyun/ycsb/results/chiplet_ycsb_256mib_madracks-mnode5_20260314T060453Z_1429430/runs/elasticsearch/chiplet_x6
2026-03-14T07:09:47Z	madracks-mnode5	amd	elasticsearch	embedded	NO_RETIRED_INST_CYCLES	user	chiplet_x6	72	21	24	READ	10000	323.5218	41.0	24671.0	132.0	588.0	5639.0	9047.0	12455.0	ok	/home/seunghyun/ycsb/results/chiplet_ycsb_256mib_madracks-mnode5_20260314T060453Z_1429430/runs/elasticsearch/chiplet_x6/inst21/run.stdout.log	/home/seunghyun/ycsb/results/chiplet_ycsb_256mib_madracks-mnode5_20260314T060453Z_1429430/runs/elasticsearch/chiplet_x6
2026-03-14T07:09:47Z	madracks-mnode5	amd	elasticsearch	embedded	NO_RETIRED_INST_CYCLES	user	chiplet_x6	72	21	24	CLEANUP	1	61104.0	61088.0	61119.0	61119.0	61119.0	61119.0	61119.0	61119.0	ok	/home/seunghyun/ycsb/results/chiplet_ycsb_256mib_madracks-mnode5_20260314T060453Z_1429430/runs/elasticsearch/chiplet_x6/inst21/run.stdout.log	/home/seunghyun/ycsb/results/chiplet_ycsb_256mib_madracks-mnode5_20260314T060453Z_1429430/runs/elasticsearch/chiplet_x6
2026-03-14T07:09:47Z	madracks-mnode5	amd	elasticsearch	embedded	NO_RETIRED_INST_CYCLES	user	chiplet_x6	72	22	25	READ	10000	299.5618	44.0	19247.0	121.0	551.0	5515.0	7179.0	10551.0	ok	/home/seunghyun/ycsb/results/chiplet_ycsb_256mib_madracks-mnode5_20260314T060453Z_1429430/runs/elasticsearch/chiplet_x6/inst22/run.stdout.log	/home/seunghyun/ycsb/results/chiplet_ycsb_256mib_madracks-mnode5_20260314T060453Z_1429430/runs/elasticsearch/chiplet_x6
2026-03-14T07:09:47Z	madracks-mnode5	amd	elasticsearch	embedded	NO_RETIRED_INST_CYCLES	user	chiplet_x6	72	22	25	CLEANUP	1	49904.0	49888.0	49919.0	49919.0	49919.0	49919.0	49919.0	49919.0	ok	/home/seunghyun/ycsb/results/chiplet_ycsb_256mib_madracks-mnode5_20260314T060453Z_1429430/runs/elasticsearch/chiplet_x6/inst22/run.stdout.log	/home/seunghyun/ycsb/results/chiplet_ycsb_256mib_madracks-mnode5_20260314T060453Z_1429430/runs/elasticsearch/chiplet_x6
2026-03-14T07:09:47Z	madracks-mnode5	amd	elasticsearch	embedded	NO_RETIRED_INST_CYCLES	user	chiplet_x6	72	23	26	READ	10000	279.3257	40.0	36415.0	108.0	473.0	5291.0	8063.0	10759.0	ok	/home/seunghyun/ycsb/results/chiplet_ycsb_256mib_madracks-mnode5_20260314T060453Z_1429430/runs/elasticsearch/chiplet_x6/inst23/run.stdout.log	/home/seunghyun/ycsb/results/chiplet_ycsb_256mib_madracks-mnode5_20260314T060453Z_1429430/runs/elasticsearch/chiplet_x6
2026-03-14T07:09:47Z	madracks-mnode5	amd	elasticsearch	embedded	NO_RETIRED_INST_CYCLES	user	chiplet_x6	72	23	26	CLEANUP	1	51664.0	51648.0	51679.0	51679.0	51679.0	51679.0	51679.0	51679.0	ok	/home/seunghyun/ycsb/results/chiplet_ycsb_256mib_madracks-mnode5_20260314T060453Z_1429430/runs/elasticsearch/chiplet_x6/inst23/run.stdout.log	/home/seunghyun/ycsb/results/chiplet_ycsb_256mib_madracks-mnode5_20260314T060453Z_1429430/runs/elasticsearch/chiplet_x6
2026-03-14T07:09:47Z	madracks-mnode5	amd	elasticsearch	embedded	NO_RETIRED_INST_CYCLES	user	chiplet_x6	72	24	28	READ	10000	295.6951	48.0	29135.0	121.0	477.0	5355.0	8019.0	11319.0	ok	/home/seunghyun/ycsb/results/chiplet_ycsb_256mib_madracks-mnode5_20260314T060453Z_1429430/runs/elasticsearch/chiplet_x6/inst24/run.stdout.log	/home/seunghyun/ycsb/results/chiplet_ycsb_256mib_madracks-mnode5_20260314T060453Z_1429430/runs/elasticsearch/chiplet_x6
2026-03-14T07:09:47Z	madracks-mnode5	amd	elasticsearch	embedded	NO_RETIRED_INST_CYCLES	user	chiplet_x6	72	24	28	CLEANUP	1	61392.0	61376.0	61407.0	61407.0	61407.0	61407.0	61407.0	61407.0	ok	/home/seunghyun/ycsb/results/chiplet_ycsb_256mib_madracks-mnode5_20260314T060453Z_1429430/runs/elasticsearch/chiplet_x6/inst24/run.stdout.log	/home/seunghyun/ycsb/results/chiplet_ycsb_256mib_madracks-mnode5_20260314T060453Z_1429430/runs/elasticsearch/chiplet_x6
2026-03-14T07:09:47Z	madracks-mnode5	amd	elasticsearch	embedded	NO_RETIRED_INST_CYCLES	user	chiplet_x6	72	25	29	READ	10000	294.2603	44.0	29071.0	121.0	506.0	5399.0	8719.0	12055.0	ok	/home/seunghyun/ycsb/results/chiplet_ycsb_256mib_madracks-mnode5_20260314T060453Z_1429430/runs/elasticsearch/chiplet_x6/inst25/run.stdout.log	/home/seunghyun/ycsb/results/chiplet_ycsb_256mib_madracks-mnode5_20260314T060453Z_1429430/runs/elasticsearch/chiplet_x6
2026-03-14T07:09:47Z	madracks-mnode5	amd	elasticsearch	embedded	NO_RETIRED_INST_CYCLES	user	chiplet_x6	72	25	29	CLEANUP	1	55088.0	55072.0	55103.0	55103.0	55103.0	55103.0	55103.0	55103.0	ok	/home/seunghyun/ycsb/results/chiplet_ycsb_256mib_madracks-mnode5_20260314T060453Z_1429430/runs/elasticsearch/chiplet_x6/inst25/run.stdout.log	/home/seunghyun/ycsb/results/chiplet_ycsb_256mib_madracks-mnode5_20260314T060453Z_1429430/runs/elasticsearch/chiplet_x6
2026-03-14T07:09:47Z	madracks-mnode5	amd	elasticsearch	embedded	NO_RETIRED_INST_CYCLES	user	chiplet_x6	72	26	30	READ	10000	312.086	42.0	29999.0	127.0	551.0	5675.0	8479.0	10183.0	ok	/home/seunghyun/ycsb/results/chiplet_ycsb_256mib_madracks-mnode5_20260314T060453Z_1429430/runs/elasticsearch/chiplet_x6/inst26/run.stdout.log	/home/seunghyun/ycsb/results/chiplet_ycsb_256mib_madracks-mnode5_20260314T060453Z_1429430/runs/elasticsearch/chiplet_x6
2026-03-14T07:09:47Z	madracks-mnode5	amd	elasticsearch	embedded	NO_RETIRED_INST_CYCLES	user	chiplet_x6	72	26	30	CLEANUP	1	50224.0	50208.0	50239.0	50239.0	50239.0	50239.0	50239.0	50239.0	ok	/home/seunghyun/ycsb/results/chiplet_ycsb_256mib_madracks-mnode5_20260314T060453Z_1429430/runs/elasticsearch/chiplet_x6/inst26/run.stdout.log	/home/seunghyun/ycsb/results/chiplet_ycsb_256mib_madracks-mnode5_20260314T060453Z_1429430/runs/elasticsearch/chiplet_x6
2026-03-14T07:09:47Z	madracks-mnode5	amd	elasticsearch	embedded	NO_RETIRED_INST_CYCLES	user	chiplet_x6	72	27	31	READ	10000	281.5004	41.0	20783.0	110.0	473.0	5215.0	7467.0	10719.0	ok	/home/seunghyun/ycsb/results/chiplet_ycsb_256mib_madracks-mnode5_20260314T060453Z_1429430/runs/elasticsearch/chiplet_x6/inst27/run.stdout.log	/home/seunghyun/ycsb/results/chiplet_ycsb_256mib_madracks-mnode5_20260314T060453Z_1429430/runs/elasticsearch/chiplet_x6
2026-03-14T07:09:47Z	madracks-mnode5	amd	elasticsearch	embedded	NO_RETIRED_INST_CYCLES	user	chiplet_x6	72	27	31	CLEANUP	1	46160.0	46144.0	46175.0	46175.0	46175.0	46175.0	46175.0	46175.0	ok	/home/seunghyun/ycsb/results/chiplet_ycsb_256mib_madracks-mnode5_20260314T060453Z_1429430/runs/elasticsearch/chiplet_x6/inst27/run.stdout.log	/home/seunghyun/ycsb/results/chiplet_ycsb_256mib_madracks-mnode5_20260314T060453Z_1429430/runs/elasticsearch/chiplet_x6
2026-03-14T07:09:47Z	madracks-mnode5	amd	elasticsearch	embedded	NO_RETIRED_INST_CYCLES	user	chiplet_x6	72	28	32	READ	10000	310.8892	39.0	30815.0	120.0	551.0	5547.0	8167.0	11591.0	ok	/home/seunghyun/ycsb/results/chiplet_ycsb_256mib_madracks-mnode5_20260314T060453Z_1429430/runs/elasticsearch/chiplet_x6/inst28/run.stdout.log	/home/seunghyun/ycsb/results/chiplet_ycsb_256mib_madracks-mnode5_20260314T060453Z_1429430/runs/elasticsearch/chiplet_x6
2026-03-14T07:09:47Z	madracks-mnode5	amd	elasticsearch	embedded	NO_RETIRED_INST_CYCLES	user	chiplet_x6	72	28	32	CLEANUP	1	58864.0	58848.0	58879.0	58879.0	58879.0	58879.0	58879.0	58879.0	ok	/home/seunghyun/ycsb/results/chiplet_ycsb_256mib_madracks-mnode5_20260314T060453Z_1429430/runs/elasticsearch/chiplet_x6/inst28/run.stdout.log	/home/seunghyun/ycsb/results/chiplet_ycsb_256mib_madracks-mnode5_20260314T060453Z_1429430/runs/elasticsearch/chiplet_x6
2026-03-14T07:09:47Z	madracks-mnode5	amd	elasticsearch	embedded	NO_RETIRED_INST_CYCLES	user	chiplet_x6	72	29	33	READ	10000	277.7338	43.0	22223.0	106.0	445.0	5183.0	8287.0	10471.0	ok	/home/seunghyun/ycsb/results/chiplet_ycsb_256mib_madracks-mnode5_20260314T060453Z_1429430/runs/elasticsearch/chiplet_x6/inst29/run.stdout.log	/home/seunghyun/ycsb/results/chiplet_ycsb_256mib_madracks-mnode5_20260314T060453Z_1429430/runs/elasticsearch/chiplet_x6
2026-03-14T07:09:47Z	madracks-mnode5	amd	elasticsearch	embedded	NO_RETIRED_INST_CYCLES	user	chiplet_x6	72	29	33	CLEANUP	1	45424.0	45408.0	45439.0	45439.0	45439.0	45439.0	45439.0	45439.0	ok	/home/seunghyun/ycsb/results/chiplet_ycsb_256mib_madracks-mnode5_20260314T060453Z_1429430/runs/elasticsearch/chiplet_x6/inst29/run.stdout.log	/home/seunghyun/ycsb/results/chiplet_ycsb_256mib_madracks-mnode5_20260314T060453Z_1429430/runs/elasticsearch/chiplet_x6
2026-03-14T07:09:47Z	madracks-mnode5	amd	elasticsearch	embedded	NO_RETIRED_INST_CYCLES	user	chiplet_x6	72	30	35	READ	10000	323.6585	38.0	26863.0	134.0	594.0	5631.0	9103.0	13159.0	ok	/home/seunghyun/ycsb/results/chiplet_ycsb_256mib_madracks-mnode5_20260314T060453Z_1429430/runs/elasticsearch/chiplet_x6/inst30/run.stdout.log	/home/seunghyun/ycsb/results/chiplet_ycsb_256mib_madracks-mnode5_20260314T060453Z_1429430/runs/elasticsearch/chiplet_x6
2026-03-14T07:09:47Z	madracks-mnode5	amd	elasticsearch	embedded	NO_RETIRED_INST_CYCLES	user	chiplet_x6	72	30	35	CLEANUP	1	67168.0	67136.0	67199.0	67199.0	67199.0	67199.0	67199.0	67199.0	ok	/home/seunghyun/ycsb/results/chiplet_ycsb_256mib_madracks-mnode5_20260314T060453Z_1429430/runs/elasticsearch/chiplet_x6/inst30/run.stdout.log	/home/seunghyun/ycsb/results/chiplet_ycsb_256mib_madracks-mnode5_20260314T060453Z_1429430/runs/elasticsearch/chiplet_x6
2026-03-14T07:09:47Z	madracks-mnode5	amd	elasticsearch	embedded	NO_RETIRED_INST_CYCLES	user	chiplet_x6	72	31	36	READ	10000	302.1385	40.0	23183.0	131.0	521.0	5387.0	8367.0	10743.0	ok	/home/seunghyun/ycsb/results/chiplet_ycsb_256mib_madracks-mnode5_20260314T060453Z_1429430/runs/elasticsearch/chiplet_x6/inst31/run.stdout.log	/home/seunghyun/ycsb/results/chiplet_ycsb_256mib_madracks-mnode5_20260314T060453Z_1429430/runs/elasticsearch/chiplet_x6
2026-03-14T07:09:47Z	madracks-mnode5	amd	elasticsearch	embedded	NO_RETIRED_INST_CYCLES	user	chiplet_x6	72	31	36	CLEANUP	1	67872.0	67840.0	67903.0	67903.0	67903.0	67903.0	67903.0	67903.0	ok	/home/seunghyun/ycsb/results/chiplet_ycsb_256mib_madracks-mnode5_20260314T060453Z_1429430/runs/elasticsearch/chiplet_x6/inst31/run.stdout.log	/home/seunghyun/ycsb/results/chiplet_ycsb_256mib_madracks-mnode5_20260314T060453Z_1429430/runs/elasticsearch/chiplet_x6
2026-03-14T07:09:47Z	madracks-mnode5	amd	elasticsearch	embedded	NO_RETIRED_INST_CYCLES	user	chiplet_x6	72	32	37	READ	10000	283.2253	41.0	21311.0	112.0	452.0	5635.0	7939.0	12551.0	ok	/home/seunghyun/ycsb/results/chiplet_ycsb_256mib_madracks-mnode5_20260314T060453Z_1429430/runs/elasticsearch/chiplet_x6/inst32/run.stdout.log	/home/seunghyun/ycsb/results/chiplet_ycsb_256mib_madracks-mnode5_20260314T060453Z_1429430/runs/elasticsearch/chiplet_x6
2026-03-14T07:09:47Z	madracks-mnode5	amd	elasticsearch	embedded	NO_RETIRED_INST_CYCLES	user	chiplet_x6	72	32	37	CLEANUP	1	43920.0	43904.0	43935.0	43935.0	43935.0	43935.0	43935.0	43935.0	ok	/home/seunghyun/ycsb/results/chiplet_ycsb_256mib_madracks-mnode5_20260314T060453Z_1429430/runs/elasticsearch/chiplet_x6/inst32/run.stdout.log	/home/seunghyun/ycsb/results/chiplet_ycsb_256mib_madracks-mnode5_20260314T060453Z_1429430/runs/elasticsearch/chiplet_x6
2026-03-14T07:09:47Z	madracks-mnode5	amd	elasticsearch	embedded	NO_RETIRED_INST_CYCLES	user	chiplet_x6	72	33	38	READ	10000	297.5813	41.0	26671.0	123.0	517.0	5687.0	8095.0	10775.0	ok	/home/seunghyun/ycsb/results/chiplet_ycsb_256mib_madracks-mnode5_20260314T060453Z_1429430/runs/elasticsearch/chiplet_x6/inst33/run.stdout.log	/home/seunghyun/ycsb/results/chiplet_ycsb_256mib_madracks-mnode5_20260314T060453Z_1429430/runs/elasticsearch/chiplet_x6
2026-03-14T07:09:47Z	madracks-mnode5	amd	elasticsearch	embedded	NO_RETIRED_INST_CYCLES	user	chiplet_x6	72	33	38	CLEANUP	1	56528.0	56512.0	56543.0	56543.0	56543.0	56543.0	56543.0	56543.0	ok	/home/seunghyun/ycsb/results/chiplet_ycsb_256mib_madracks-mnode5_20260314T060453Z_1429430/runs/elasticsearch/chiplet_x6/inst33/run.stdout.log	/home/seunghyun/ycsb/results/chiplet_ycsb_256mib_madracks-mnode5_20260314T060453Z_1429430/runs/elasticsearch/chiplet_x6
2026-03-14T07:09:47Z	madracks-mnode5	amd	elasticsearch	embedded	NO_RETIRED_INST_CYCLES	user	chiplet_x6	72	34	39	READ	10000	272.9378	42.0	21455.0	111.0	456.0	5351.0	8535.0	9927.0	ok	/home/seunghyun/ycsb/results/chiplet_ycsb_256mib_madracks-mnode5_20260314T060453Z_1429430/runs/elasticsearch/chiplet_x6/inst34/run.stdout.log	/home/seunghyun/ycsb/results/chiplet_ycsb_256mib_madracks-mnode5_20260314T060453Z_1429430/runs/elasticsearch/chiplet_x6
2026-03-14T07:09:47Z	madracks-mnode5	amd	elasticsearch	embedded	NO_RETIRED_INST_CYCLES	user	chiplet_x6	72	34	39	CLEANUP	1	51440.0	51424.0	51455.0	51455.0	51455.0	51455.0	51455.0	51455.0	ok	/home/seunghyun/ycsb/results/chiplet_ycsb_256mib_madracks-mnode5_20260314T060453Z_1429430/runs/elasticsearch/chiplet_x6/inst34/run.stdout.log	/home/seunghyun/ycsb/results/chiplet_ycsb_256mib_madracks-mnode5_20260314T060453Z_1429430/runs/elasticsearch/chiplet_x6
2026-03-14T07:09:47Z	madracks-mnode5	amd	elasticsearch	embedded	NO_RETIRED_INST_CYCLES	user	chiplet_x6	72	35	40	READ	10000	286.7892	41.0	24159.0	115.0	494.0	5347.0	7895.0	12023.0	ok	/home/seunghyun/ycsb/results/chiplet_ycsb_256mib_madracks-mnode5_20260314T060453Z_1429430/runs/elasticsearch/chiplet_x6/inst35/run.stdout.log	/home/seunghyun/ycsb/results/chiplet_ycsb_256mib_madracks-mnode5_20260314T060453Z_1429430/runs/elasticsearch/chiplet_x6
2026-03-14T07:09:47Z	madracks-mnode5	amd	elasticsearch	embedded	NO_RETIRED_INST_CYCLES	user	chiplet_x6	72	35	40	CLEANUP	1	48624.0	48608.0	48639.0	48639.0	48639.0	48639.0	48639.0	48639.0	ok	/home/seunghyun/ycsb/results/chiplet_ycsb_256mib_madracks-mnode5_20260314T060453Z_1429430/runs/elasticsearch/chiplet_x6/inst35/run.stdout.log	/home/seunghyun/ycsb/results/chiplet_ycsb_256mib_madracks-mnode5_20260314T060453Z_1429430/runs/elasticsearch/chiplet_x6
2026-03-14T07:09:47Z	madracks-mnode5	amd	elasticsearch	embedded	NO_RETIRED_INST_CYCLES	user	chiplet_x6	72	36	42	READ	10000	301.7462	44.0	37535.0	132.0	479.0	5207.0	7099.0	10935.0	ok	/home/seunghyun/ycsb/results/chiplet_ycsb_256mib_madracks-mnode5_20260314T060453Z_1429430/runs/elasticsearch/chiplet_x6/inst36/run.stdout.log	/home/seunghyun/ycsb/results/chiplet_ycsb_256mib_madracks-mnode5_20260314T060453Z_1429430/runs/elasticsearch/chiplet_x6
2026-03-14T07:09:47Z	madracks-mnode5	amd	elasticsearch	embedded	NO_RETIRED_INST_CYCLES	user	chiplet_x6	72	36	42	CLEANUP	1	65136.0	65120.0	65151.0	65151.0	65151.0	65151.0	65151.0	65151.0	ok	/home/seunghyun/ycsb/results/chiplet_ycsb_256mib_madracks-mnode5_20260314T060453Z_1429430/runs/elasticsearch/chiplet_x6/inst36/run.stdout.log	/home/seunghyun/ycsb/results/chiplet_ycsb_256mib_madracks-mnode5_20260314T060453Z_1429430/runs/elasticsearch/chiplet_x6
2026-03-14T07:09:47Z	madracks-mnode5	amd	elasticsearch	embedded	NO_RETIRED_INST_CYCLES	user	chiplet_x6	72	37	43	READ	10000	312.5314	44.0	32095.0	134.0	602.0	5315.0	8879.0	17839.0	ok	/home/seunghyun/ycsb/results/chiplet_ycsb_256mib_madracks-mnode5_20260314T060453Z_1429430/runs/elasticsearch/chiplet_x6/inst37/run.stdout.log	/home/seunghyun/ycsb/results/chiplet_ycsb_256mib_madracks-mnode5_20260314T060453Z_1429430/runs/elasticsearch/chiplet_x6
2026-03-14T07:09:47Z	madracks-mnode5	amd	elasticsearch	embedded	NO_RETIRED_INST_CYCLES	user	chiplet_x6	72	37	43	CLEANUP	1	63184.0	63168.0	63199.0	63199.0	63199.0	63199.0	63199.0	63199.0	ok	/home/seunghyun/ycsb/results/chiplet_ycsb_256mib_madracks-mnode5_20260314T060453Z_1429430/runs/elasticsearch/chiplet_x6/inst37/run.stdout.log	/home/seunghyun/ycsb/results/chiplet_ycsb_256mib_madracks-mnode5_20260314T060453Z_1429430/runs/elasticsearch/chiplet_x6
2026-03-14T07:09:47Z	madracks-mnode5	amd	elasticsearch	embedded	NO_RETIRED_INST_CYCLES	user	chiplet_x6	72	38	44	READ	10000	316.6018	39.0	38719.0	138.0	621.0	5503.0	7527.0	9503.0	ok	/home/seunghyun/ycsb/results/chiplet_ycsb_256mib_madracks-mnode5_20260314T060453Z_1429430/runs/elasticsearch/chiplet_x6/inst38/run.stdout.log	/home/seunghyun/ycsb/results/chiplet_ycsb_256mib_madracks-mnode5_20260314T060453Z_1429430/runs/elasticsearch/chiplet_x6
2026-03-14T07:09:47Z	madracks-mnode5	amd	elasticsearch	embedded	NO_RETIRED_INST_CYCLES	user	chiplet_x6	72	38	44	CLEANUP	1	58800.0	58784.0	58815.0	58815.0	58815.0	58815.0	58815.0	58815.0	ok	/home/seunghyun/ycsb/results/chiplet_ycsb_256mib_madracks-mnode5_20260314T060453Z_1429430/runs/elasticsearch/chiplet_x6/inst38/run.stdout.log	/home/seunghyun/ycsb/results/chiplet_ycsb_256mib_madracks-mnode5_20260314T060453Z_1429430/runs/elasticsearch/chiplet_x6
2026-03-14T07:09:47Z	madracks-mnode5	amd	elasticsearch	embedded	NO_RETIRED_INST_CYCLES	user	chiplet_x6	72	39	45	READ	10000	283.4176	44.0	22591.0	120.0	481.0	5163.0	7843.0	10831.0	ok	/home/seunghyun/ycsb/results/chiplet_ycsb_256mib_madracks-mnode5_20260314T060453Z_1429430/runs/elasticsearch/chiplet_x6/inst39/run.stdout.log	/home/seunghyun/ycsb/results/chiplet_ycsb_256mib_madracks-mnode5_20260314T060453Z_1429430/runs/elasticsearch/chiplet_x6
2026-03-14T07:09:47Z	madracks-mnode5	amd	elasticsearch	embedded	NO_RETIRED_INST_CYCLES	user	chiplet_x6	72	39	45	CLEANUP	1	55408.0	55392.0	55423.0	55423.0	55423.0	55423.0	55423.0	55423.0	ok	/home/seunghyun/ycsb/results/chiplet_ycsb_256mib_madracks-mnode5_20260314T060453Z_1429430/runs/elasticsearch/chiplet_x6/inst39/run.stdout.log	/home/seunghyun/ycsb/results/chiplet_ycsb_256mib_madracks-mnode5_20260314T060453Z_1429430/runs/elasticsearch/chiplet_x6
2026-03-14T07:09:47Z	madracks-mnode5	amd	elasticsearch	embedded	NO_RETIRED_INST_CYCLES	user	chiplet_x6	72	40	46	READ	10000	306.6648	36.0	24047.0	120.0	556.0	5579.0	7967.0	10087.0	ok	/home/seunghyun/ycsb/results/chiplet_ycsb_256mib_madracks-mnode5_20260314T060453Z_1429430/runs/elasticsearch/chiplet_x6/inst40/run.stdout.log	/home/seunghyun/ycsb/results/chiplet_ycsb_256mib_madracks-mnode5_20260314T060453Z_1429430/runs/elasticsearch/chiplet_x6
2026-03-14T07:09:47Z	madracks-mnode5	amd	elasticsearch	embedded	NO_RETIRED_INST_CYCLES	user	chiplet_x6	72	40	46	CLEANUP	1	56976.0	56960.0	56991.0	56991.0	56991.0	56991.0	56991.0	56991.0	ok	/home/seunghyun/ycsb/results/chiplet_ycsb_256mib_madracks-mnode5_20260314T060453Z_1429430/runs/elasticsearch/chiplet_x6/inst40/run.stdout.log	/home/seunghyun/ycsb/results/chiplet_ycsb_256mib_madracks-mnode5_20260314T060453Z_1429430/runs/elasticsearch/chiplet_x6
2026-03-14T07:09:47Z	madracks-mnode5	amd	elasticsearch	embedded	NO_RETIRED_INST_CYCLES	user	chiplet_x6	72	41	47	READ	10000	279.5946	43.0	23775.0	110.0	450.0	5387.0	8607.0	13959.0	ok	/home/seunghyun/ycsb/results/chiplet_ycsb_256mib_madracks-mnode5_20260314T060453Z_1429430/runs/elasticsearch/chiplet_x6/inst41/run.stdout.log	/home/seunghyun/ycsb/results/chiplet_ycsb_256mib_madracks-mnode5_20260314T060453Z_1429430/runs/elasticsearch/chiplet_x6
2026-03-14T07:09:47Z	madracks-mnode5	amd	elasticsearch	embedded	NO_RETIRED_INST_CYCLES	user	chiplet_x6	72	41	47	CLEANUP	1	54128.0	54112.0	54143.0	54143.0	54143.0	54143.0	54143.0	54143.0	ok	/home/seunghyun/ycsb/results/chiplet_ycsb_256mib_madracks-mnode5_20260314T060453Z_1429430/runs/elasticsearch/chiplet_x6/inst41/run.stdout.log	/home/seunghyun/ycsb/results/chiplet_ycsb_256mib_madracks-mnode5_20260314T060453Z_1429430/runs/elasticsearch/chiplet_x6
2026-03-14T07:09:47Z	madracks-mnode5	amd	elasticsearch	embedded	NO_RETIRED_INST_CYCLES	user	chiplet_x6	72	42	49	READ	10000	298.0464	44.0	36959.0	118.0	529.0	5399.0	7471.0	10407.0	ok	/home/seunghyun/ycsb/results/chiplet_ycsb_256mib_madracks-mnode5_20260314T060453Z_1429430/runs/elasticsearch/chiplet_x6/inst42/run.stdout.log	/home/seunghyun/ycsb/results/chiplet_ycsb_256mib_madracks-mnode5_20260314T060453Z_1429430/runs/elasticsearch/chiplet_x6
2026-03-14T07:09:47Z	madracks-mnode5	amd	elasticsearch	embedded	NO_RETIRED_INST_CYCLES	user	chiplet_x6	72	42	49	CLEANUP	1	59568.0	59552.0	59583.0	59583.0	59583.0	59583.0	59583.0	59583.0	ok	/home/seunghyun/ycsb/results/chiplet_ycsb_256mib_madracks-mnode5_20260314T060453Z_1429430/runs/elasticsearch/chiplet_x6/inst42/run.stdout.log	/home/seunghyun/ycsb/results/chiplet_ycsb_256mib_madracks-mnode5_20260314T060453Z_1429430/runs/elasticsearch/chiplet_x6
2026-03-14T07:09:47Z	madracks-mnode5	amd	elasticsearch	embedded	NO_RETIRED_INST_CYCLES	user	chiplet_x6	72	43	50	READ	10000	289.621	39.0	30895.0	119.0	473.0	5535.0	8399.0	10567.0	ok	/home/seunghyun/ycsb/results/chiplet_ycsb_256mib_madracks-mnode5_20260314T060453Z_1429430/runs/elasticsearch/chiplet_x6/inst43/run.stdout.log	/home/seunghyun/ycsb/results/chiplet_ycsb_256mib_madracks-mnode5_20260314T060453Z_1429430/runs/elasticsearch/chiplet_x6
2026-03-14T07:09:47Z	madracks-mnode5	amd	elasticsearch	embedded	NO_RETIRED_INST_CYCLES	user	chiplet_x6	72	43	50	CLEANUP	1	57776.0	57760.0	57791.0	57791.0	57791.0	57791.0	57791.0	57791.0	ok	/home/seunghyun/ycsb/results/chiplet_ycsb_256mib_madracks-mnode5_20260314T060453Z_1429430/runs/elasticsearch/chiplet_x6/inst43/run.stdout.log	/home/seunghyun/ycsb/results/chiplet_ycsb_256mib_madracks-mnode5_20260314T060453Z_1429430/runs/elasticsearch/chiplet_x6
2026-03-14T07:09:47Z	madracks-mnode5	amd	elasticsearch	embedded	NO_RETIRED_INST_CYCLES	user	chiplet_x6	72	44	51	READ	10000	313.6221	41.0	31391.0	121.0	544.0	5759.0	7095.0	11111.0	ok	/home/seunghyun/ycsb/results/chiplet_ycsb_256mib_madracks-mnode5_20260314T060453Z_1429430/runs/elasticsearch/chiplet_x6/inst44/run.stdout.log	/home/seunghyun/ycsb/results/chiplet_ycsb_256mib_madracks-mnode5_20260314T060453Z_1429430/runs/elasticsearch/chiplet_x6
2026-03-14T07:09:47Z	madracks-mnode5	amd	elasticsearch	embedded	NO_RETIRED_INST_CYCLES	user	chiplet_x6	72	44	51	CLEANUP	1	52880.0	52864.0	52895.0	52895.0	52895.0	52895.0	52895.0	52895.0	ok	/home/seunghyun/ycsb/results/chiplet_ycsb_256mib_madracks-mnode5_20260314T060453Z_1429430/runs/elasticsearch/chiplet_x6/inst44/run.stdout.log	/home/seunghyun/ycsb/results/chiplet_ycsb_256mib_madracks-mnode5_20260314T060453Z_1429430/runs/elasticsearch/chiplet_x6
2026-03-14T07:09:47Z	madracks-mnode5	amd	elasticsearch	embedded	NO_RETIRED_INST_CYCLES	user	chiplet_x6	72	45	52	READ	10000	292.1595	42.0	20335.0	117.0	494.0	5307.0	8031.0	10775.0	ok	/home/seunghyun/ycsb/results/chiplet_ycsb_256mib_madracks-mnode5_20260314T060453Z_1429430/runs/elasticsearch/chiplet_x6/inst45/run.stdout.log	/home/seunghyun/ycsb/results/chiplet_ycsb_256mib_madracks-mnode5_20260314T060453Z_1429430/runs/elasticsearch/chiplet_x6
2026-03-14T07:09:47Z	madracks-mnode5	amd	elasticsearch	embedded	NO_RETIRED_INST_CYCLES	user	chiplet_x6	72	45	52	CLEANUP	1	48752.0	48736.0	48767.0	48767.0	48767.0	48767.0	48767.0	48767.0	ok	/home/seunghyun/ycsb/results/chiplet_ycsb_256mib_madracks-mnode5_20260314T060453Z_1429430/runs/elasticsearch/chiplet_x6/inst45/run.stdout.log	/home/seunghyun/ycsb/results/chiplet_ycsb_256mib_madracks-mnode5_20260314T060453Z_1429430/runs/elasticsearch/chiplet_x6
2026-03-14T07:09:47Z	madracks-mnode5	amd	elasticsearch	embedded	NO_RETIRED_INST_CYCLES	user	chiplet_x6	72	46	53	READ	10000	274.0003	43.0	27583.0	100.0	417.0	5395.0	8207.0	10447.0	ok	/home/seunghyun/ycsb/results/chiplet_ycsb_256mib_madracks-mnode5_20260314T060453Z_1429430/runs/elasticsearch/chiplet_x6/inst46/run.stdout.log	/home/seunghyun/ycsb/results/chiplet_ycsb_256mib_madracks-mnode5_20260314T060453Z_1429430/runs/elasticsearch/chiplet_x6
2026-03-14T07:09:47Z	madracks-mnode5	amd	elasticsearch	embedded	NO_RETIRED_INST_CYCLES	user	chiplet_x6	72	46	53	CLEANUP	1	50864.0	50848.0	50879.0	50879.0	50879.0	50879.0	50879.0	50879.0	ok	/home/seunghyun/ycsb/results/chiplet_ycsb_256mib_madracks-mnode5_20260314T060453Z_1429430/runs/elasticsearch/chiplet_x6/inst46/run.stdout.log	/home/seunghyun/ycsb/results/chiplet_ycsb_256mib_madracks-mnode5_20260314T060453Z_1429430/runs/elasticsearch/chiplet_x6
2026-03-14T07:09:47Z	madracks-mnode5	amd	elasticsearch	embedded	NO_RETIRED_INST_CYCLES	user	chiplet_x6	72	47	54	READ	10000	314.8916	38.0	26335.0	121.0	592.0	5723.0	7967.0	9631.0	ok	/home/seunghyun/ycsb/results/chiplet_ycsb_256mib_madracks-mnode5_20260314T060453Z_1429430/runs/elasticsearch/chiplet_x6/inst47/run.stdout.log	/home/seunghyun/ycsb/results/chiplet_ycsb_256mib_madracks-mnode5_20260314T060453Z_1429430/runs/elasticsearch/chiplet_x6
2026-03-14T07:09:47Z	madracks-mnode5	amd	elasticsearch	embedded	NO_RETIRED_INST_CYCLES	user	chiplet_x6	72	47	54	CLEANUP	1	62768.0	62752.0	62783.0	62783.0	62783.0	62783.0	62783.0	62783.0	ok	/home/seunghyun/ycsb/results/chiplet_ycsb_256mib_madracks-mnode5_20260314T060453Z_1429430/runs/elasticsearch/chiplet_x6/inst47/run.stdout.log	/home/seunghyun/ycsb/results/chiplet_ycsb_256mib_madracks-mnode5_20260314T060453Z_1429430/runs/elasticsearch/chiplet_x6
2026-03-14T07:09:47Z	madracks-mnode5	amd	elasticsearch	embedded	NO_RETIRED_INST_CYCLES	user	chiplet_x6	72	48	56	READ	10000	310.9985	40.0	20143.0	128.0	543.0	5703.0	8103.0	10863.0	ok	/home/seunghyun/ycsb/results/chiplet_ycsb_256mib_madracks-mnode5_20260314T060453Z_1429430/runs/elasticsearch/chiplet_x6/inst48/run.stdout.log	/home/seunghyun/ycsb/results/chiplet_ycsb_256mib_madracks-mnode5_20260314T060453Z_1429430/runs/elasticsearch/chiplet_x6
2026-03-14T07:09:47Z	madracks-mnode5	amd	elasticsearch	embedded	NO_RETIRED_INST_CYCLES	user	chiplet_x6	72	48	56	CLEANUP	1	58320.0	58304.0	58335.0	58335.0	58335.0	58335.0	58335.0	58335.0	ok	/home/seunghyun/ycsb/results/chiplet_ycsb_256mib_madracks-mnode5_20260314T060453Z_1429430/runs/elasticsearch/chiplet_x6/inst48/run.stdout.log	/home/seunghyun/ycsb/results/chiplet_ycsb_256mib_madracks-mnode5_20260314T060453Z_1429430/runs/elasticsearch/chiplet_x6
2026-03-14T07:09:47Z	madracks-mnode5	amd	elasticsearch	embedded	NO_RETIRED_INST_CYCLES	user	chiplet_x6	72	49	57	READ	10000	276.2101	39.0	29455.0	108.0	479.0	5279.0	7671.0	12487.0	ok	/home/seunghyun/ycsb/results/chiplet_ycsb_256mib_madracks-mnode5_20260314T060453Z_1429430/runs/elasticsearch/chiplet_x6/inst49/run.stdout.log	/home/seunghyun/ycsb/results/chiplet_ycsb_256mib_madracks-mnode5_20260314T060453Z_1429430/runs/elasticsearch/chiplet_x6
2026-03-14T07:09:47Z	madracks-mnode5	amd	elasticsearch	embedded	NO_RETIRED_INST_CYCLES	user	chiplet_x6	72	49	57	CLEANUP	1	53392.0	53376.0	53407.0	53407.0	53407.0	53407.0	53407.0	53407.0	ok	/home/seunghyun/ycsb/results/chiplet_ycsb_256mib_madracks-mnode5_20260314T060453Z_1429430/runs/elasticsearch/chiplet_x6/inst49/run.stdout.log	/home/seunghyun/ycsb/results/chiplet_ycsb_256mib_madracks-mnode5_20260314T060453Z_1429430/runs/elasticsearch/chiplet_x6
2026-03-14T07:09:47Z	madracks-mnode5	amd	elasticsearch	embedded	NO_RETIRED_INST_CYCLES	user	chiplet_x6	72	50	58	READ	10000	282.9338	43.0	37023.0	112.0	451.0	5311.0	8287.0	11151.0	ok	/home/seunghyun/ycsb/results/chiplet_ycsb_256mib_madracks-mnode5_20260314T060453Z_1429430/runs/elasticsearch/chiplet_x6/inst50/run.stdout.log	/home/seunghyun/ycsb/results/chiplet_ycsb_256mib_madracks-mnode5_20260314T060453Z_1429430/runs/elasticsearch/chiplet_x6
2026-03-14T07:09:47Z	madracks-mnode5	amd	elasticsearch	embedded	NO_RETIRED_INST_CYCLES	user	chiplet_x6	72	50	58	CLEANUP	1	57712.0	57696.0	57727.0	57727.0	57727.0	57727.0	57727.0	57727.0	ok	/home/seunghyun/ycsb/results/chiplet_ycsb_256mib_madracks-mnode5_20260314T060453Z_1429430/runs/elasticsearch/chiplet_x6/inst50/run.stdout.log	/home/seunghyun/ycsb/results/chiplet_ycsb_256mib_madracks-mnode5_20260314T060453Z_1429430/runs/elasticsearch/chiplet_x6
2026-03-14T07:09:47Z	madracks-mnode5	amd	elasticsearch	embedded	NO_RETIRED_INST_CYCLES	user	chiplet_x6	72	51	59	READ	10000	265.3234	38.0	19551.0	98.0	403.0	5255.0	8671.0	10775.0	ok	/home/seunghyun/ycsb/results/chiplet_ycsb_256mib_madracks-mnode5_20260314T060453Z_1429430/runs/elasticsearch/chiplet_x6/inst51/run.stdout.log	/home/seunghyun/ycsb/results/chiplet_ycsb_256mib_madracks-mnode5_20260314T060453Z_1429430/runs/elasticsearch/chiplet_x6
2026-03-14T07:09:47Z	madracks-mnode5	amd	elasticsearch	embedded	NO_RETIRED_INST_CYCLES	user	chiplet_x6	72	51	59	CLEANUP	1	58032.0	58016.0	58047.0	58047.0	58047.0	58047.0	58047.0	58047.0	ok	/home/seunghyun/ycsb/results/chiplet_ycsb_256mib_madracks-mnode5_20260314T060453Z_1429430/runs/elasticsearch/chiplet_x6/inst51/run.stdout.log	/home/seunghyun/ycsb/results/chiplet_ycsb_256mib_madracks-mnode5_20260314T060453Z_1429430/runs/elasticsearch/chiplet_x6
2026-03-14T07:09:47Z	madracks-mnode5	amd	elasticsearch	embedded	NO_RETIRED_INST_CYCLES	user	chiplet_x6	72	52	60	READ	10000	297.4451	44.0	23423.0	121.0	516.0	5259.0	8767.0	10287.0	ok	/home/seunghyun/ycsb/results/chiplet_ycsb_256mib_madracks-mnode5_20260314T060453Z_1429430/runs/elasticsearch/chiplet_x6/inst52/run.stdout.log	/home/seunghyun/ycsb/results/chiplet_ycsb_256mib_madracks-mnode5_20260314T060453Z_1429430/runs/elasticsearch/chiplet_x6
2026-03-14T07:09:47Z	madracks-mnode5	amd	elasticsearch	embedded	NO_RETIRED_INST_CYCLES	user	chiplet_x6	72	52	60	CLEANUP	1	51760.0	51744.0	51775.0	51775.0	51775.0	51775.0	51775.0	51775.0	ok	/home/seunghyun/ycsb/results/chiplet_ycsb_256mib_madracks-mnode5_20260314T060453Z_1429430/runs/elasticsearch/chiplet_x6/inst52/run.stdout.log	/home/seunghyun/ycsb/results/chiplet_ycsb_256mib_madracks-mnode5_20260314T060453Z_1429430/runs/elasticsearch/chiplet_x6
2026-03-14T07:09:47Z	madracks-mnode5	amd	elasticsearch	embedded	NO_RETIRED_INST_CYCLES	user	chiplet_x6	72	53	61	READ	10000	315.0897	46.0	33407.0	127.0	612.0	5503.0	8495.0	12079.0	ok	/home/seunghyun/ycsb/results/chiplet_ycsb_256mib_madracks-mnode5_20260314T060453Z_1429430/runs/elasticsearch/chiplet_x6/inst53/run.stdout.log	/home/seunghyun/ycsb/results/chiplet_ycsb_256mib_madracks-mnode5_20260314T060453Z_1429430/runs/elasticsearch/chiplet_x6
2026-03-14T07:09:47Z	madracks-mnode5	amd	elasticsearch	embedded	NO_RETIRED_INST_CYCLES	user	chiplet_x6	72	53	61	CLEANUP	1	52368.0	52352.0	52383.0	52383.0	52383.0	52383.0	52383.0	52383.0	ok	/home/seunghyun/ycsb/results/chiplet_ycsb_256mib_madracks-mnode5_20260314T060453Z_1429430/runs/elasticsearch/chiplet_x6/inst53/run.stdout.log	/home/seunghyun/ycsb/results/chiplet_ycsb_256mib_madracks-mnode5_20260314T060453Z_1429430/runs/elasticsearch/chiplet_x6
2026-03-14T07:09:47Z	madracks-mnode5	amd	elasticsearch	embedded	NO_RETIRED_INST_CYCLES	user	chiplet_x6	72	54	63	READ	10000	285.4833	39.0	24079.0	109.0	448.0	5291.0	8543.0	11735.0	ok	/home/seunghyun/ycsb/results/chiplet_ycsb_256mib_madracks-mnode5_20260314T060453Z_1429430/runs/elasticsearch/chiplet_x6/inst54/run.stdout.log	/home/seunghyun/ycsb/results/chiplet_ycsb_256mib_madracks-mnode5_20260314T060453Z_1429430/runs/elasticsearch/chiplet_x6
2026-03-14T07:09:47Z	madracks-mnode5	amd	elasticsearch	embedded	NO_RETIRED_INST_CYCLES	user	chiplet_x6	72	54	63	CLEANUP	1	46064.0	46048.0	46079.0	46079.0	46079.0	46079.0	46079.0	46079.0	ok	/home/seunghyun/ycsb/results/chiplet_ycsb_256mib_madracks-mnode5_20260314T060453Z_1429430/runs/elasticsearch/chiplet_x6/inst54/run.stdout.log	/home/seunghyun/ycsb/results/chiplet_ycsb_256mib_madracks-mnode5_20260314T060453Z_1429430/runs/elasticsearch/chiplet_x6
2026-03-14T07:09:47Z	madracks-mnode5	amd	elasticsearch	embedded	NO_RETIRED_INST_CYCLES	user	chiplet_x6	72	55	64	READ	10000	315.0227	44.0	39935.0	125.0	623.0	5435.0	9111.0	15999.0	ok	/home/seunghyun/ycsb/results/chiplet_ycsb_256mib_madracks-mnode5_20260314T060453Z_1429430/runs/elasticsearch/chiplet_x6/inst55/run.stdout.log	/home/seunghyun/ycsb/results/chiplet_ycsb_256mib_madracks-mnode5_20260314T060453Z_1429430/runs/elasticsearch/chiplet_x6
2026-03-14T07:09:47Z	madracks-mnode5	amd	elasticsearch	embedded	NO_RETIRED_INST_CYCLES	user	chiplet_x6	72	55	64	CLEANUP	1	51312.0	51296.0	51327.0	51327.0	51327.0	51327.0	51327.0	51327.0	ok	/home/seunghyun/ycsb/results/chiplet_ycsb_256mib_madracks-mnode5_20260314T060453Z_1429430/runs/elasticsearch/chiplet_x6/inst55/run.stdout.log	/home/seunghyun/ycsb/results/chiplet_ycsb_256mib_madracks-mnode5_20260314T060453Z_1429430/runs/elasticsearch/chiplet_x6
2026-03-14T07:09:47Z	madracks-mnode5	amd	elasticsearch	embedded	NO_RETIRED_INST_CYCLES	user	chiplet_x6	72	56	65	READ	10000	298.2908	40.0	33023.0	122.0	525.0	5323.0	7439.0	10687.0	ok	/home/seunghyun/ycsb/results/chiplet_ycsb_256mib_madracks-mnode5_20260314T060453Z_1429430/runs/elasticsearch/chiplet_x6/inst56/run.stdout.log	/home/seunghyun/ycsb/results/chiplet_ycsb_256mib_madracks-mnode5_20260314T060453Z_1429430/runs/elasticsearch/chiplet_x6
2026-03-14T07:09:47Z	madracks-mnode5	amd	elasticsearch	embedded	NO_RETIRED_INST_CYCLES	user	chiplet_x6	72	56	65	CLEANUP	1	63024.0	63008.0	63039.0	63039.0	63039.0	63039.0	63039.0	63039.0	ok	/home/seunghyun/ycsb/results/chiplet_ycsb_256mib_madracks-mnode5_20260314T060453Z_1429430/runs/elasticsearch/chiplet_x6/inst56/run.stdout.log	/home/seunghyun/ycsb/results/chiplet_ycsb_256mib_madracks-mnode5_20260314T060453Z_1429430/runs/elasticsearch/chiplet_x6
2026-03-14T07:09:47Z	madracks-mnode5	amd	elasticsearch	embedded	NO_RETIRED_INST_CYCLES	user	chiplet_x6	72	57	66	READ	10000	282.9877	42.0	23359.0	108.0	446.0	5447.0	7523.0	12903.0	ok	/home/seunghyun/ycsb/results/chiplet_ycsb_256mib_madracks-mnode5_20260314T060453Z_1429430/runs/elasticsearch/chiplet_x6/inst57/run.stdout.log	/home/seunghyun/ycsb/results/chiplet_ycsb_256mib_madracks-mnode5_20260314T060453Z_1429430/runs/elasticsearch/chiplet_x6
2026-03-14T07:09:47Z	madracks-mnode5	amd	elasticsearch	embedded	NO_RETIRED_INST_CYCLES	user	chiplet_x6	72	57	66	CLEANUP	1	58032.0	58016.0	58047.0	58047.0	58047.0	58047.0	58047.0	58047.0	ok	/home/seunghyun/ycsb/results/chiplet_ycsb_256mib_madracks-mnode5_20260314T060453Z_1429430/runs/elasticsearch/chiplet_x6/inst57/run.stdout.log	/home/seunghyun/ycsb/results/chiplet_ycsb_256mib_madracks-mnode5_20260314T060453Z_1429430/runs/elasticsearch/chiplet_x6
2026-03-14T07:09:47Z	madracks-mnode5	amd	elasticsearch	embedded	NO_RETIRED_INST_CYCLES	user	chiplet_x6	72	58	67	READ	10000	298.8692	39.0	22575.0	118.0	474.0	5635.0	9143.0	10687.0	ok	/home/seunghyun/ycsb/results/chiplet_ycsb_256mib_madracks-mnode5_20260314T060453Z_1429430/runs/elasticsearch/chiplet_x6/inst58/run.stdout.log	/home/seunghyun/ycsb/results/chiplet_ycsb_256mib_madracks-mnode5_20260314T060453Z_1429430/runs/elasticsearch/chiplet_x6
2026-03-14T07:09:47Z	madracks-mnode5	amd	elasticsearch	embedded	NO_RETIRED_INST_CYCLES	user	chiplet_x6	72	58	67	CLEANUP	1	49136.0	49120.0	49151.0	49151.0	49151.0	49151.0	49151.0	49151.0	ok	/home/seunghyun/ycsb/results/chiplet_ycsb_256mib_madracks-mnode5_20260314T060453Z_1429430/runs/elasticsearch/chiplet_x6/inst58/run.stdout.log	/home/seunghyun/ycsb/results/chiplet_ycsb_256mib_madracks-mnode5_20260314T060453Z_1429430/runs/elasticsearch/chiplet_x6
2026-03-14T07:09:47Z	madracks-mnode5	amd	elasticsearch	embedded	NO_RETIRED_INST_CYCLES	user	chiplet_x6	72	59	68	READ	10000	267.5242	38.0	17135.0	108.0	421.0	5319.0	9087.0	10767.0	ok	/home/seunghyun/ycsb/results/chiplet_ycsb_256mib_madracks-mnode5_20260314T060453Z_1429430/runs/elasticsearch/chiplet_x6/inst59/run.stdout.log	/home/seunghyun/ycsb/results/chiplet_ycsb_256mib_madracks-mnode5_20260314T060453Z_1429430/runs/elasticsearch/chiplet_x6
2026-03-14T07:09:47Z	madracks-mnode5	amd	elasticsearch	embedded	NO_RETIRED_INST_CYCLES	user	chiplet_x6	72	59	68	CLEANUP	1	53072.0	53056.0	53087.0	53087.0	53087.0	53087.0	53087.0	53087.0	ok	/home/seunghyun/ycsb/results/chiplet_ycsb_256mib_madracks-mnode5_20260314T060453Z_1429430/runs/elasticsearch/chiplet_x6/inst59/run.stdout.log	/home/seunghyun/ycsb/results/chiplet_ycsb_256mib_madracks-mnode5_20260314T060453Z_1429430/runs/elasticsearch/chiplet_x6
2026-03-14T07:09:47Z	madracks-mnode5	amd	elasticsearch	embedded	NO_RETIRED_INST_CYCLES	user	chiplet_x6	72	60	70	READ	10000	302.3968	44.0	29791.0	122.0	536.0	5511.0	7311.0	9599.0	ok	/home/seunghyun/ycsb/results/chiplet_ycsb_256mib_madracks-mnode5_20260314T060453Z_1429430/runs/elasticsearch/chiplet_x6/inst60/run.stdout.log	/home/seunghyun/ycsb/results/chiplet_ycsb_256mib_madracks-mnode5_20260314T060453Z_1429430/runs/elasticsearch/chiplet_x6
2026-03-14T07:09:47Z	madracks-mnode5	amd	elasticsearch	embedded	NO_RETIRED_INST_CYCLES	user	chiplet_x6	72	60	70	CLEANUP	1	52848.0	52832.0	52863.0	52863.0	52863.0	52863.0	52863.0	52863.0	ok	/home/seunghyun/ycsb/results/chiplet_ycsb_256mib_madracks-mnode5_20260314T060453Z_1429430/runs/elasticsearch/chiplet_x6/inst60/run.stdout.log	/home/seunghyun/ycsb/results/chiplet_ycsb_256mib_madracks-mnode5_20260314T060453Z_1429430/runs/elasticsearch/chiplet_x6
2026-03-14T07:09:47Z	madracks-mnode5	amd	elasticsearch	embedded	NO_RETIRED_INST_CYCLES	user	chiplet_x6	72	61	71	READ	10000	304.4079	41.0	36127.0	131.0	570.0	5319.0	7151.0	9999.0	ok	/home/seunghyun/ycsb/results/chiplet_ycsb_256mib_madracks-mnode5_20260314T060453Z_1429430/runs/elasticsearch/chiplet_x6/inst61/run.stdout.log	/home/seunghyun/ycsb/results/chiplet_ycsb_256mib_madracks-mnode5_20260314T060453Z_1429430/runs/elasticsearch/chiplet_x6
2026-03-14T07:09:47Z	madracks-mnode5	amd	elasticsearch	embedded	NO_RETIRED_INST_CYCLES	user	chiplet_x6	72	61	71	CLEANUP	1	63920.0	63904.0	63935.0	63935.0	63935.0	63935.0	63935.0	63935.0	ok	/home/seunghyun/ycsb/results/chiplet_ycsb_256mib_madracks-mnode5_20260314T060453Z_1429430/runs/elasticsearch/chiplet_x6/inst61/run.stdout.log	/home/seunghyun/ycsb/results/chiplet_ycsb_256mib_madracks-mnode5_20260314T060453Z_1429430/runs/elasticsearch/chiplet_x6
2026-03-14T07:09:47Z	madracks-mnode5	amd	elasticsearch	embedded	NO_RETIRED_INST_CYCLES	user	chiplet_x6	72	62	72	READ	10000	288.6251	41.0	24767.0	114.0	474.0	5535.0	7131.0	10935.0	ok	/home/seunghyun/ycsb/results/chiplet_ycsb_256mib_madracks-mnode5_20260314T060453Z_1429430/runs/elasticsearch/chiplet_x6/inst62/run.stdout.log	/home/seunghyun/ycsb/results/chiplet_ycsb_256mib_madracks-mnode5_20260314T060453Z_1429430/runs/elasticsearch/chiplet_x6
2026-03-14T07:09:47Z	madracks-mnode5	amd	elasticsearch	embedded	NO_RETIRED_INST_CYCLES	user	chiplet_x6	72	62	72	CLEANUP	1	52112.0	52096.0	52127.0	52127.0	52127.0	52127.0	52127.0	52127.0	ok	/home/seunghyun/ycsb/results/chiplet_ycsb_256mib_madracks-mnode5_20260314T060453Z_1429430/runs/elasticsearch/chiplet_x6/inst62/run.stdout.log	/home/seunghyun/ycsb/results/chiplet_ycsb_256mib_madracks-mnode5_20260314T060453Z_1429430/runs/elasticsearch/chiplet_x6
2026-03-14T07:09:47Z	madracks-mnode5	amd	elasticsearch	embedded	NO_RETIRED_INST_CYCLES	user	chiplet_x6	72	63	73	READ	10000	294.1094	42.0	37055.0	113.0	545.0	5655.0	7851.0	10815.0	ok	/home/seunghyun/ycsb/results/chiplet_ycsb_256mib_madracks-mnode5_20260314T060453Z_1429430/runs/elasticsearch/chiplet_x6/inst63/run.stdout.log	/home/seunghyun/ycsb/results/chiplet_ycsb_256mib_madracks-mnode5_20260314T060453Z_1429430/runs/elasticsearch/chiplet_x6
2026-03-14T07:09:47Z	madracks-mnode5	amd	elasticsearch	embedded	NO_RETIRED_INST_CYCLES	user	chiplet_x6	72	63	73	CLEANUP	1	55888.0	55872.0	55903.0	55903.0	55903.0	55903.0	55903.0	55903.0	ok	/home/seunghyun/ycsb/results/chiplet_ycsb_256mib_madracks-mnode5_20260314T060453Z_1429430/runs/elasticsearch/chiplet_x6/inst63/run.stdout.log	/home/seunghyun/ycsb/results/chiplet_ycsb_256mib_madracks-mnode5_20260314T060453Z_1429430/runs/elasticsearch/chiplet_x6
2026-03-14T07:09:47Z	madracks-mnode5	amd	elasticsearch	embedded	NO_RETIRED_INST_CYCLES	user	chiplet_x6	72	64	74	READ	10000	275.7837	40.0	29263.0	102.0	418.0	5503.0	8075.0	10855.0	ok	/home/seunghyun/ycsb/results/chiplet_ycsb_256mib_madracks-mnode5_20260314T060453Z_1429430/runs/elasticsearch/chiplet_x6/inst64/run.stdout.log	/home/seunghyun/ycsb/results/chiplet_ycsb_256mib_madracks-mnode5_20260314T060453Z_1429430/runs/elasticsearch/chiplet_x6
2026-03-14T07:09:47Z	madracks-mnode5	amd	elasticsearch	embedded	NO_RETIRED_INST_CYCLES	user	chiplet_x6	72	64	74	CLEANUP	1	57712.0	57696.0	57727.0	57727.0	57727.0	57727.0	57727.0	57727.0	ok	/home/seunghyun/ycsb/results/chiplet_ycsb_256mib_madracks-mnode5_20260314T060453Z_1429430/runs/elasticsearch/chiplet_x6/inst64/run.stdout.log	/home/seunghyun/ycsb/results/chiplet_ycsb_256mib_madracks-mnode5_20260314T060453Z_1429430/runs/elasticsearch/chiplet_x6
2026-03-14T07:09:47Z	madracks-mnode5	amd	elasticsearch	embedded	NO_RETIRED_INST_CYCLES	user	chiplet_x6	72	65	75	READ	10000	264.6374	40.0	19599.0	99.0	397.0	5299.0	7683.0	10447.0	ok	/home/seunghyun/ycsb/results/chiplet_ycsb_256mib_madracks-mnode5_20260314T060453Z_1429430/runs/elasticsearch/chiplet_x6/inst65/run.stdout.log	/home/seunghyun/ycsb/results/chiplet_ycsb_256mib_madracks-mnode5_20260314T060453Z_1429430/runs/elasticsearch/chiplet_x6
2026-03-14T07:09:47Z	madracks-mnode5	amd	elasticsearch	embedded	NO_RETIRED_INST_CYCLES	user	chiplet_x6	72	65	75	CLEANUP	1	41360.0	41344.0	41375.0	41375.0	41375.0	41375.0	41375.0	41375.0	ok	/home/seunghyun/ycsb/results/chiplet_ycsb_256mib_madracks-mnode5_20260314T060453Z_1429430/runs/elasticsearch/chiplet_x6/inst65/run.stdout.log	/home/seunghyun/ycsb/results/chiplet_ycsb_256mib_madracks-mnode5_20260314T060453Z_1429430/runs/elasticsearch/chiplet_x6
2026-03-14T07:09:47Z	madracks-mnode5	amd	elasticsearch	embedded	NO_RETIRED_INST_CYCLES	user	chiplet_x6	72	66	77	READ	10000	266.3666	39.0	22127.0	107.0	429.0	5059.0	7403.0	9175.0	ok	/home/seunghyun/ycsb/results/chiplet_ycsb_256mib_madracks-mnode5_20260314T060453Z_1429430/runs/elasticsearch/chiplet_x6/inst66/run.stdout.log	/home/seunghyun/ycsb/results/chiplet_ycsb_256mib_madracks-mnode5_20260314T060453Z_1429430/runs/elasticsearch/chiplet_x6
2026-03-14T07:09:47Z	madracks-mnode5	amd	elasticsearch	embedded	NO_RETIRED_INST_CYCLES	user	chiplet_x6	72	66	77	CLEANUP	1	56560.0	56544.0	56575.0	56575.0	56575.0	56575.0	56575.0	56575.0	ok	/home/seunghyun/ycsb/results/chiplet_ycsb_256mib_madracks-mnode5_20260314T060453Z_1429430/runs/elasticsearch/chiplet_x6/inst66/run.stdout.log	/home/seunghyun/ycsb/results/chiplet_ycsb_256mib_madracks-mnode5_20260314T060453Z_1429430/runs/elasticsearch/chiplet_x6
2026-03-14T07:09:47Z	madracks-mnode5	amd	elasticsearch	embedded	NO_RETIRED_INST_CYCLES	user	chiplet_x6	72	67	78	READ	10000	304.8389	39.0	27999.0	122.0	561.0	5579.0	8115.0	10023.0	ok	/home/seunghyun/ycsb/results/chiplet_ycsb_256mib_madracks-mnode5_20260314T060453Z_1429430/runs/elasticsearch/chiplet_x6/inst67/run.stdout.log	/home/seunghyun/ycsb/results/chiplet_ycsb_256mib_madracks-mnode5_20260314T060453Z_1429430/runs/elasticsearch/chiplet_x6
2026-03-14T07:09:47Z	madracks-mnode5	amd	elasticsearch	embedded	NO_RETIRED_INST_CYCLES	user	chiplet_x6	72	67	78	CLEANUP	1	56624.0	56608.0	56639.0	56639.0	56639.0	56639.0	56639.0	56639.0	ok	/home/seunghyun/ycsb/results/chiplet_ycsb_256mib_madracks-mnode5_20260314T060453Z_1429430/runs/elasticsearch/chiplet_x6/inst67/run.stdout.log	/home/seunghyun/ycsb/results/chiplet_ycsb_256mib_madracks-mnode5_20260314T060453Z_1429430/runs/elasticsearch/chiplet_x6
2026-03-14T07:09:47Z	madracks-mnode5	amd	elasticsearch	embedded	NO_RETIRED_INST_CYCLES	user	chiplet_x6	72	68	79	READ	10000	309.2613	40.0	39519.0	119.0	542.0	5495.0	8027.0	10671.0	ok	/home/seunghyun/ycsb/results/chiplet_ycsb_256mib_madracks-mnode5_20260314T060453Z_1429430/runs/elasticsearch/chiplet_x6/inst68/run.stdout.log	/home/seunghyun/ycsb/results/chiplet_ycsb_256mib_madracks-mnode5_20260314T060453Z_1429430/runs/elasticsearch/chiplet_x6
2026-03-14T07:09:47Z	madracks-mnode5	amd	elasticsearch	embedded	NO_RETIRED_INST_CYCLES	user	chiplet_x6	72	68	79	CLEANUP	1	53104.0	53088.0	53119.0	53119.0	53119.0	53119.0	53119.0	53119.0	ok	/home/seunghyun/ycsb/results/chiplet_ycsb_256mib_madracks-mnode5_20260314T060453Z_1429430/runs/elasticsearch/chiplet_x6/inst68/run.stdout.log	/home/seunghyun/ycsb/results/chiplet_ycsb_256mib_madracks-mnode5_20260314T060453Z_1429430/runs/elasticsearch/chiplet_x6
2026-03-14T07:09:47Z	madracks-mnode5	amd	elasticsearch	embedded	NO_RETIRED_INST_CYCLES	user	chiplet_x6	72	69	80	READ	10000	299.2104	45.0	24207.0	121.0	548.0	5299.0	8099.0	14871.0	ok	/home/seunghyun/ycsb/results/chiplet_ycsb_256mib_madracks-mnode5_20260314T060453Z_1429430/runs/elasticsearch/chiplet_x6/inst69/run.stdout.log	/home/seunghyun/ycsb/results/chiplet_ycsb_256mib_madracks-mnode5_20260314T060453Z_1429430/runs/elasticsearch/chiplet_x6
2026-03-14T07:09:47Z	madracks-mnode5	amd	elasticsearch	embedded	NO_RETIRED_INST_CYCLES	user	chiplet_x6	72	69	80	CLEANUP	1	48240.0	48224.0	48255.0	48255.0	48255.0	48255.0	48255.0	48255.0	ok	/home/seunghyun/ycsb/results/chiplet_ycsb_256mib_madracks-mnode5_20260314T060453Z_1429430/runs/elasticsearch/chiplet_x6/inst69/run.stdout.log	/home/seunghyun/ycsb/results/chiplet_ycsb_256mib_madracks-mnode5_20260314T060453Z_1429430/runs/elasticsearch/chiplet_x6
2026-03-14T07:09:47Z	madracks-mnode5	amd	elasticsearch	embedded	NO_RETIRED_INST_CYCLES	user	chiplet_x6	72	70	81	READ	10000	309.7926	42.0	21807.0	122.0	541.0	5595.0	8775.0	10839.0	ok	/home/seunghyun/ycsb/results/chiplet_ycsb_256mib_madracks-mnode5_20260314T060453Z_1429430/runs/elasticsearch/chiplet_x6/inst70/run.stdout.log	/home/seunghyun/ycsb/results/chiplet_ycsb_256mib_madracks-mnode5_20260314T060453Z_1429430/runs/elasticsearch/chiplet_x6
2026-03-14T07:09:47Z	madracks-mnode5	amd	elasticsearch	embedded	NO_RETIRED_INST_CYCLES	user	chiplet_x6	72	70	81	CLEANUP	1	57616.0	57600.0	57631.0	57631.0	57631.0	57631.0	57631.0	57631.0	ok	/home/seunghyun/ycsb/results/chiplet_ycsb_256mib_madracks-mnode5_20260314T060453Z_1429430/runs/elasticsearch/chiplet_x6/inst70/run.stdout.log	/home/seunghyun/ycsb/results/chiplet_ycsb_256mib_madracks-mnode5_20260314T060453Z_1429430/runs/elasticsearch/chiplet_x6
2026-03-14T07:09:47Z	madracks-mnode5	amd	elasticsearch	embedded	NO_RETIRED_INST_CYCLES	user	chiplet_x6	72	71	82	READ	10000	264.5061	41.0	27503.0	100.0	403.0	5199.0	7547.0	10519.0	ok	/home/seunghyun/ycsb/results/chiplet_ycsb_256mib_madracks-mnode5_20260314T060453Z_1429430/runs/elasticsearch/chiplet_x6/inst71/run.stdout.log	/home/seunghyun/ycsb/results/chiplet_ycsb_256mib_madracks-mnode5_20260314T060453Z_1429430/runs/elasticsearch/chiplet_x6
2026-03-14T07:09:47Z	madracks-mnode5	amd	elasticsearch	embedded	NO_RETIRED_INST_CYCLES	user	chiplet_x6	72	71	82	CLEANUP	1	48496.0	48480.0	48511.0	48511.0	48511.0	48511.0	48511.0	48511.0	ok	/home/seunghyun/ycsb/results/chiplet_ycsb_256mib_madracks-mnode5_20260314T060453Z_1429430/runs/elasticsearch/chiplet_x6/inst71/run.stdout.log	/home/seunghyun/ycsb/results/chiplet_ycsb_256mib_madracks-mnode5_20260314T060453Z_1429430/runs/elasticsearch/chiplet_x6
2026-03-14T07:22:00Z	madracks-mnode5	amd	elasticsearch	embedded	NO_RETIRED_INST_CYCLES	user	chiplet_x7	84	0	0	READ	10000	267.6193	43.0	20015.0	98.0	410.0	5303.0	8551.0	10871.0	ok	/home/seunghyun/ycsb/results/chiplet_ycsb_256mib_madracks-mnode5_20260314T060453Z_1429430/runs/elasticsearch/chiplet_x7/inst00/run.stdout.log	/home/seunghyun/ycsb/results/chiplet_ycsb_256mib_madracks-mnode5_20260314T060453Z_1429430/runs/elasticsearch/chiplet_x7
2026-03-14T07:22:00Z	madracks-mnode5	amd	elasticsearch	embedded	NO_RETIRED_INST_CYCLES	user	chiplet_x7	84	0	0	CLEANUP	1	51504.0	51488.0	51519.0	51519.0	51519.0	51519.0	51519.0	51519.0	ok	/home/seunghyun/ycsb/results/chiplet_ycsb_256mib_madracks-mnode5_20260314T060453Z_1429430/runs/elasticsearch/chiplet_x7/inst00/run.stdout.log	/home/seunghyun/ycsb/results/chiplet_ycsb_256mib_madracks-mnode5_20260314T060453Z_1429430/runs/elasticsearch/chiplet_x7
2026-03-14T07:22:00Z	madracks-mnode5	amd	elasticsearch	embedded	NO_RETIRED_INST_CYCLES	user	chiplet_x7	84	1	1	READ	10000	265.0431	39.0	26335.0	96.0	396.0	5403.0	8919.0	11679.0	ok	/home/seunghyun/ycsb/results/chiplet_ycsb_256mib_madracks-mnode5_20260314T060453Z_1429430/runs/elasticsearch/chiplet_x7/inst01/run.stdout.log	/home/seunghyun/ycsb/results/chiplet_ycsb_256mib_madracks-mnode5_20260314T060453Z_1429430/runs/elasticsearch/chiplet_x7
2026-03-14T07:22:00Z	madracks-mnode5	amd	elasticsearch	embedded	NO_RETIRED_INST_CYCLES	user	chiplet_x7	84	1	1	CLEANUP	1	50480.0	50464.0	50495.0	50495.0	50495.0	50495.0	50495.0	50495.0	ok	/home/seunghyun/ycsb/results/chiplet_ycsb_256mib_madracks-mnode5_20260314T060453Z_1429430/runs/elasticsearch/chiplet_x7/inst01/run.stdout.log	/home/seunghyun/ycsb/results/chiplet_ycsb_256mib_madracks-mnode5_20260314T060453Z_1429430/runs/elasticsearch/chiplet_x7
2026-03-14T07:22:00Z	madracks-mnode5	amd	elasticsearch	embedded	NO_RETIRED_INST_CYCLES	user	chiplet_x7	84	2	2	READ	10000	286.7691	45.0	34079.0	106.0	486.0	5463.0	9503.0	13159.0	ok	/home/seunghyun/ycsb/results/chiplet_ycsb_256mib_madracks-mnode5_20260314T060453Z_1429430/runs/elasticsearch/chiplet_x7/inst02/run.stdout.log	/home/seunghyun/ycsb/results/chiplet_ycsb_256mib_madracks-mnode5_20260314T060453Z_1429430/runs/elasticsearch/chiplet_x7
2026-03-14T07:22:00Z	madracks-mnode5	amd	elasticsearch	embedded	NO_RETIRED_INST_CYCLES	user	chiplet_x7	84	2	2	CLEANUP	1	57552.0	57536.0	57567.0	57567.0	57567.0	57567.0	57567.0	57567.0	ok	/home/seunghyun/ycsb/results/chiplet_ycsb_256mib_madracks-mnode5_20260314T060453Z_1429430/runs/elasticsearch/chiplet_x7/inst02/run.stdout.log	/home/seunghyun/ycsb/results/chiplet_ycsb_256mib_madracks-mnode5_20260314T060453Z_1429430/runs/elasticsearch/chiplet_x7
2026-03-14T07:22:00Z	madracks-mnode5	amd	elasticsearch	embedded	NO_RETIRED_INST_CYCLES	user	chiplet_x7	84	3	3	READ	10000	270.222	47.0	19951.0	102.0	459.0	5171.0	8431.0	10863.0	ok	/home/seunghyun/ycsb/results/chiplet_ycsb_256mib_madracks-mnode5_20260314T060453Z_1429430/runs/elasticsearch/chiplet_x7/inst03/run.stdout.log	/home/seunghyun/ycsb/results/chiplet_ycsb_256mib_madracks-mnode5_20260314T060453Z_1429430/runs/elasticsearch/chiplet_x7
2026-03-14T07:22:00Z	madracks-mnode5	amd	elasticsearch	embedded	NO_RETIRED_INST_CYCLES	user	chiplet_x7	84	3	3	CLEANUP	1	49744.0	49728.0	49759.0	49759.0	49759.0	49759.0	49759.0	49759.0	ok	/home/seunghyun/ycsb/results/chiplet_ycsb_256mib_madracks-mnode5_20260314T060453Z_1429430/runs/elasticsearch/chiplet_x7/inst03/run.stdout.log	/home/seunghyun/ycsb/results/chiplet_ycsb_256mib_madracks-mnode5_20260314T060453Z_1429430/runs/elasticsearch/chiplet_x7
2026-03-14T07:22:00Z	madracks-mnode5	amd	elasticsearch	embedded	NO_RETIRED_INST_CYCLES	user	chiplet_x7	84	4	4	READ	10000	299.1738	45.0	24175.0	115.0	484.0	5403.0	8179.0	9999.0	ok	/home/seunghyun/ycsb/results/chiplet_ycsb_256mib_madracks-mnode5_20260314T060453Z_1429430/runs/elasticsearch/chiplet_x7/inst04/run.stdout.log	/home/seunghyun/ycsb/results/chiplet_ycsb_256mib_madracks-mnode5_20260314T060453Z_1429430/runs/elasticsearch/chiplet_x7
2026-03-14T07:22:00Z	madracks-mnode5	amd	elasticsearch	embedded	NO_RETIRED_INST_CYCLES	user	chiplet_x7	84	4	4	CLEANUP	1	55696.0	55680.0	55711.0	55711.0	55711.0	55711.0	55711.0	55711.0	ok	/home/seunghyun/ycsb/results/chiplet_ycsb_256mib_madracks-mnode5_20260314T060453Z_1429430/runs/elasticsearch/chiplet_x7/inst04/run.stdout.log	/home/seunghyun/ycsb/results/chiplet_ycsb_256mib_madracks-mnode5_20260314T060453Z_1429430/runs/elasticsearch/chiplet_x7
2026-03-14T07:22:00Z	madracks-mnode5	amd	elasticsearch	embedded	NO_RETIRED_INST_CYCLES	user	chiplet_x7	84	5	5	READ	10000	308.0311	42.0	29343.0	119.0	566.0	5631.0	7839.0	10615.0	ok	/home/seunghyun/ycsb/results/chiplet_ycsb_256mib_madracks-mnode5_20260314T060453Z_1429430/runs/elasticsearch/chiplet_x7/inst05/run.stdout.log	/home/seunghyun/ycsb/results/chiplet_ycsb_256mib_madracks-mnode5_20260314T060453Z_1429430/runs/elasticsearch/chiplet_x7
2026-03-14T07:22:00Z	madracks-mnode5	amd	elasticsearch	embedded	NO_RETIRED_INST_CYCLES	user	chiplet_x7	84	5	5	CLEANUP	1	395136.0	395008.0	395263.0	395263.0	395263.0	395263.0	395263.0	395263.0	ok	/home/seunghyun/ycsb/results/chiplet_ycsb_256mib_madracks-mnode5_20260314T060453Z_1429430/runs/elasticsearch/chiplet_x7/inst05/run.stdout.log	/home/seunghyun/ycsb/results/chiplet_ycsb_256mib_madracks-mnode5_20260314T060453Z_1429430/runs/elasticsearch/chiplet_x7
2026-03-14T07:22:00Z	madracks-mnode5	amd	elasticsearch	embedded	NO_RETIRED_INST_CYCLES	user	chiplet_x7	84	6	6	READ	10000	284.4982	48.0	34399.0	111.0	482.0	5187.0	8051.0	10687.0	ok	/home/seunghyun/ycsb/results/chiplet_ycsb_256mib_madracks-mnode5_20260314T060453Z_1429430/runs/elasticsearch/chiplet_x7/inst06/run.stdout.log	/home/seunghyun/ycsb/results/chiplet_ycsb_256mib_madracks-mnode5_20260314T060453Z_1429430/runs/elasticsearch/chiplet_x7
2026-03-14T07:22:00Z	madracks-mnode5	amd	elasticsearch	embedded	NO_RETIRED_INST_CYCLES	user	chiplet_x7	84	6	6	CLEANUP	1	59184.0	59168.0	59199.0	59199.0	59199.0	59199.0	59199.0	59199.0	ok	/home/seunghyun/ycsb/results/chiplet_ycsb_256mib_madracks-mnode5_20260314T060453Z_1429430/runs/elasticsearch/chiplet_x7/inst06/run.stdout.log	/home/seunghyun/ycsb/results/chiplet_ycsb_256mib_madracks-mnode5_20260314T060453Z_1429430/runs/elasticsearch/chiplet_x7
2026-03-14T07:22:00Z	madracks-mnode5	amd	elasticsearch	embedded	NO_RETIRED_INST_CYCLES	user	chiplet_x7	84	7	7	READ	10000	273.5166	40.0	27535.0	101.0	424.0	5615.0	8495.0	9575.0	ok	/home/seunghyun/ycsb/results/chiplet_ycsb_256mib_madracks-mnode5_20260314T060453Z_1429430/runs/elasticsearch/chiplet_x7/inst07/run.stdout.log	/home/seunghyun/ycsb/results/chiplet_ycsb_256mib_madracks-mnode5_20260314T060453Z_1429430/runs/elasticsearch/chiplet_x7
2026-03-14T07:22:00Z	madracks-mnode5	amd	elasticsearch	embedded	NO_RETIRED_INST_CYCLES	user	chiplet_x7	84	7	7	CLEANUP	1	52720.0	52704.0	52735.0	52735.0	52735.0	52735.0	52735.0	52735.0	ok	/home/seunghyun/ycsb/results/chiplet_ycsb_256mib_madracks-mnode5_20260314T060453Z_1429430/runs/elasticsearch/chiplet_x7/inst07/run.stdout.log	/home/seunghyun/ycsb/results/chiplet_ycsb_256mib_madracks-mnode5_20260314T060453Z_1429430/runs/elasticsearch/chiplet_x7
2026-03-14T07:22:00Z	madracks-mnode5	amd	elasticsearch	embedded	NO_RETIRED_INST_CYCLES	user	chiplet_x7	84	8	8	READ	10000	267.9388	42.0	21423.0	104.0	450.0	5275.0	7863.0	11063.0	ok	/home/seunghyun/ycsb/results/chiplet_ycsb_256mib_madracks-mnode5_20260314T060453Z_1429430/runs/elasticsearch/chiplet_x7/inst08/run.stdout.log	/home/seunghyun/ycsb/results/chiplet_ycsb_256mib_madracks-mnode5_20260314T060453Z_1429430/runs/elasticsearch/chiplet_x7
2026-03-14T07:22:00Z	madracks-mnode5	amd	elasticsearch	embedded	NO_RETIRED_INST_CYCLES	user	chiplet_x7	84	8	8	CLEANUP	1	47696.0	47680.0	47711.0	47711.0	47711.0	47711.0	47711.0	47711.0	ok	/home/seunghyun/ycsb/results/chiplet_ycsb_256mib_madracks-mnode5_20260314T060453Z_1429430/runs/elasticsearch/chiplet_x7/inst08/run.stdout.log	/home/seunghyun/ycsb/results/chiplet_ycsb_256mib_madracks-mnode5_20260314T060453Z_1429430/runs/elasticsearch/chiplet_x7
2026-03-14T07:22:00Z	madracks-mnode5	amd	elasticsearch	embedded	NO_RETIRED_INST_CYCLES	user	chiplet_x7	84	9	9	READ	10000	300.8256	40.0	22847.0	109.0	506.0	5535.0	7947.0	10847.0	ok	/home/seunghyun/ycsb/results/chiplet_ycsb_256mib_madracks-mnode5_20260314T060453Z_1429430/runs/elasticsearch/chiplet_x7/inst09/run.stdout.log	/home/seunghyun/ycsb/results/chiplet_ycsb_256mib_madracks-mnode5_20260314T060453Z_1429430/runs/elasticsearch/chiplet_x7
2026-03-14T07:22:00Z	madracks-mnode5	amd	elasticsearch	embedded	NO_RETIRED_INST_CYCLES	user	chiplet_x7	84	9	9	CLEANUP	1	63088.0	63072.0	63103.0	63103.0	63103.0	63103.0	63103.0	63103.0	ok	/home/seunghyun/ycsb/results/chiplet_ycsb_256mib_madracks-mnode5_20260314T060453Z_1429430/runs/elasticsearch/chiplet_x7/inst09/run.stdout.log	/home/seunghyun/ycsb/results/chiplet_ycsb_256mib_madracks-mnode5_20260314T060453Z_1429430/runs/elasticsearch/chiplet_x7
2026-03-14T07:22:00Z	madracks-mnode5	amd	elasticsearch	embedded	NO_RETIRED_INST_CYCLES	user	chiplet_x7	84	10	10	READ	10000	295.3052	43.0	35583.0	106.0	494.0	5647.0	9087.0	10839.0	ok	/home/seunghyun/ycsb/results/chiplet_ycsb_256mib_madracks-mnode5_20260314T060453Z_1429430/runs/elasticsearch/chiplet_x7/inst10/run.stdout.log	/home/seunghyun/ycsb/results/chiplet_ycsb_256mib_madracks-mnode5_20260314T060453Z_1429430/runs/elasticsearch/chiplet_x7
2026-03-14T07:22:00Z	madracks-mnode5	amd	elasticsearch	embedded	NO_RETIRED_INST_CYCLES	user	chiplet_x7	84	10	10	CLEANUP	1	52624.0	52608.0	52639.0	52639.0	52639.0	52639.0	52639.0	52639.0	ok	/home/seunghyun/ycsb/results/chiplet_ycsb_256mib_madracks-mnode5_20260314T060453Z_1429430/runs/elasticsearch/chiplet_x7/inst10/run.stdout.log	/home/seunghyun/ycsb/results/chiplet_ycsb_256mib_madracks-mnode5_20260314T060453Z_1429430/runs/elasticsearch/chiplet_x7
2026-03-14T07:22:00Z	madracks-mnode5	amd	elasticsearch	embedded	NO_RETIRED_INST_CYCLES	user	chiplet_x7	84	11	11	READ	10000	257.463	34.0	17007.0	101.0	410.0	5139.0	7195.0	10583.0	ok	/home/seunghyun/ycsb/results/chiplet_ycsb_256mib_madracks-mnode5_20260314T060453Z_1429430/runs/elasticsearch/chiplet_x7/inst11/run.stdout.log	/home/seunghyun/ycsb/results/chiplet_ycsb_256mib_madracks-mnode5_20260314T060453Z_1429430/runs/elasticsearch/chiplet_x7
2026-03-14T07:22:00Z	madracks-mnode5	amd	elasticsearch	embedded	NO_RETIRED_INST_CYCLES	user	chiplet_x7	84	11	11	CLEANUP	1	46640.0	46624.0	46655.0	46655.0	46655.0	46655.0	46655.0	46655.0	ok	/home/seunghyun/ycsb/results/chiplet_ycsb_256mib_madracks-mnode5_20260314T060453Z_1429430/runs/elasticsearch/chiplet_x7/inst11/run.stdout.log	/home/seunghyun/ycsb/results/chiplet_ycsb_256mib_madracks-mnode5_20260314T060453Z_1429430/runs/elasticsearch/chiplet_x7
2026-03-14T07:22:00Z	madracks-mnode5	amd	elasticsearch	embedded	NO_RETIRED_INST_CYCLES	user	chiplet_x7	84	12	12	READ	10000	271.911	46.0	23167.0	101.0	509.0	5187.0	8383.0	11127.0	ok	/home/seunghyun/ycsb/results/chiplet_ycsb_256mib_madracks-mnode5_20260314T060453Z_1429430/runs/elasticsearch/chiplet_x7/inst12/run.stdout.log	/home/seunghyun/ycsb/results/chiplet_ycsb_256mib_madracks-mnode5_20260314T060453Z_1429430/runs/elasticsearch/chiplet_x7
2026-03-14T07:22:00Z	madracks-mnode5	amd	elasticsearch	embedded	NO_RETIRED_INST_CYCLES	user	chiplet_x7	84	12	12	CLEANUP	1	41424.0	41408.0	41439.0	41439.0	41439.0	41439.0	41439.0	41439.0	ok	/home/seunghyun/ycsb/results/chiplet_ycsb_256mib_madracks-mnode5_20260314T060453Z_1429430/runs/elasticsearch/chiplet_x7/inst12/run.stdout.log	/home/seunghyun/ycsb/results/chiplet_ycsb_256mib_madracks-mnode5_20260314T060453Z_1429430/runs/elasticsearch/chiplet_x7
2026-03-14T07:22:00Z	madracks-mnode5	amd	elasticsearch	embedded	NO_RETIRED_INST_CYCLES	user	chiplet_x7	84	13	13	READ	10000	275.9309	40.0	31711.0	105.0	407.0	5347.0	8399.0	11023.0	ok	/home/seunghyun/ycsb/results/chiplet_ycsb_256mib_madracks-mnode5_20260314T060453Z_1429430/runs/elasticsearch/chiplet_x7/inst13/run.stdout.log	/home/seunghyun/ycsb/results/chiplet_ycsb_256mib_madracks-mnode5_20260314T060453Z_1429430/runs/elasticsearch/chiplet_x7
2026-03-14T07:22:00Z	madracks-mnode5	amd	elasticsearch	embedded	NO_RETIRED_INST_CYCLES	user	chiplet_x7	84	13	13	CLEANUP	1	55088.0	55072.0	55103.0	55103.0	55103.0	55103.0	55103.0	55103.0	ok	/home/seunghyun/ycsb/results/chiplet_ycsb_256mib_madracks-mnode5_20260314T060453Z_1429430/runs/elasticsearch/chiplet_x7/inst13/run.stdout.log	/home/seunghyun/ycsb/results/chiplet_ycsb_256mib_madracks-mnode5_20260314T060453Z_1429430/runs/elasticsearch/chiplet_x7
2026-03-14T07:22:00Z	madracks-mnode5	amd	elasticsearch	embedded	NO_RETIRED_INST_CYCLES	user	chiplet_x7	84	14	14	READ	10000	272.1725	42.0	20543.0	104.0	421.0	5519.0	8599.0	11919.0	ok	/home/seunghyun/ycsb/results/chiplet_ycsb_256mib_madracks-mnode5_20260314T060453Z_1429430/runs/elasticsearch/chiplet_x7/inst14/run.stdout.log	/home/seunghyun/ycsb/results/chiplet_ycsb_256mib_madracks-mnode5_20260314T060453Z_1429430/runs/elasticsearch/chiplet_x7
2026-03-14T07:22:00Z	madracks-mnode5	amd	elasticsearch	embedded	NO_RETIRED_INST_CYCLES	user	chiplet_x7	84	14	14	CLEANUP	1	63440.0	63424.0	63455.0	63455.0	63455.0	63455.0	63455.0	63455.0	ok	/home/seunghyun/ycsb/results/chiplet_ycsb_256mib_madracks-mnode5_20260314T060453Z_1429430/runs/elasticsearch/chiplet_x7/inst14/run.stdout.log	/home/seunghyun/ycsb/results/chiplet_ycsb_256mib_madracks-mnode5_20260314T060453Z_1429430/runs/elasticsearch/chiplet_x7
2026-03-14T07:22:00Z	madracks-mnode5	amd	elasticsearch	embedded	NO_RETIRED_INST_CYCLES	user	chiplet_x7	84	15	15	READ	10000	263.6129	40.0	29631.0	97.0	415.0	5435.0	7259.0	10647.0	ok	/home/seunghyun/ycsb/results/chiplet_ycsb_256mib_madracks-mnode5_20260314T060453Z_1429430/runs/elasticsearch/chiplet_x7/inst15/run.stdout.log	/home/seunghyun/ycsb/results/chiplet_ycsb_256mib_madracks-mnode5_20260314T060453Z_1429430/runs/elasticsearch/chiplet_x7
2026-03-14T07:22:00Z	madracks-mnode5	amd	elasticsearch	embedded	NO_RETIRED_INST_CYCLES	user	chiplet_x7	84	15	15	CLEANUP	1	47120.0	47104.0	47135.0	47135.0	47135.0	47135.0	47135.0	47135.0	ok	/home/seunghyun/ycsb/results/chiplet_ycsb_256mib_madracks-mnode5_20260314T060453Z_1429430/runs/elasticsearch/chiplet_x7/inst15/run.stdout.log	/home/seunghyun/ycsb/results/chiplet_ycsb_256mib_madracks-mnode5_20260314T060453Z_1429430/runs/elasticsearch/chiplet_x7
2026-03-14T07:22:00Z	madracks-mnode5	amd	elasticsearch	embedded	NO_RETIRED_INST_CYCLES	user	chiplet_x7	84	16	16	READ	10000	288.5571	43.0	34559.0	113.0	485.0	5239.0	7771.0	8623.0	ok	/home/seunghyun/ycsb/results/chiplet_ycsb_256mib_madracks-mnode5_20260314T060453Z_1429430/runs/elasticsearch/chiplet_x7/inst16/run.stdout.log	/home/seunghyun/ycsb/results/chiplet_ycsb_256mib_madracks-mnode5_20260314T060453Z_1429430/runs/elasticsearch/chiplet_x7
2026-03-14T07:22:00Z	madracks-mnode5	amd	elasticsearch	embedded	NO_RETIRED_INST_CYCLES	user	chiplet_x7	84	16	16	CLEANUP	1	57808.0	57792.0	57823.0	57823.0	57823.0	57823.0	57823.0	57823.0	ok	/home/seunghyun/ycsb/results/chiplet_ycsb_256mib_madracks-mnode5_20260314T060453Z_1429430/runs/elasticsearch/chiplet_x7/inst16/run.stdout.log	/home/seunghyun/ycsb/results/chiplet_ycsb_256mib_madracks-mnode5_20260314T060453Z_1429430/runs/elasticsearch/chiplet_x7
2026-03-14T07:22:00Z	madracks-mnode5	amd	elasticsearch	embedded	NO_RETIRED_INST_CYCLES	user	chiplet_x7	84	17	17	READ	10000	274.0314	42.0	30431.0	102.0	447.0	5295.0	8463.0	10599.0	ok	/home/seunghyun/ycsb/results/chiplet_ycsb_256mib_madracks-mnode5_20260314T060453Z_1429430/runs/elasticsearch/chiplet_x7/inst17/run.stdout.log	/home/seunghyun/ycsb/results/chiplet_ycsb_256mib_madracks-mnode5_20260314T060453Z_1429430/runs/elasticsearch/chiplet_x7
2026-03-14T07:22:00Z	madracks-mnode5	amd	elasticsearch	embedded	NO_RETIRED_INST_CYCLES	user	chiplet_x7	84	17	17	CLEANUP	1	61392.0	61376.0	61407.0	61407.0	61407.0	61407.0	61407.0	61407.0	ok	/home/seunghyun/ycsb/results/chiplet_ycsb_256mib_madracks-mnode5_20260314T060453Z_1429430/runs/elasticsearch/chiplet_x7/inst17/run.stdout.log	/home/seunghyun/ycsb/results/chiplet_ycsb_256mib_madracks-mnode5_20260314T060453Z_1429430/runs/elasticsearch/chiplet_x7
2026-03-14T07:22:00Z	madracks-mnode5	amd	elasticsearch	embedded	NO_RETIRED_INST_CYCLES	user	chiplet_x7	84	18	18	READ	10000	275.8933	47.0	20543.0	110.0	445.0	5219.0	7779.0	10823.0	ok	/home/seunghyun/ycsb/results/chiplet_ycsb_256mib_madracks-mnode5_20260314T060453Z_1429430/runs/elasticsearch/chiplet_x7/inst18/run.stdout.log	/home/seunghyun/ycsb/results/chiplet_ycsb_256mib_madracks-mnode5_20260314T060453Z_1429430/runs/elasticsearch/chiplet_x7
2026-03-14T07:22:00Z	madracks-mnode5	amd	elasticsearch	embedded	NO_RETIRED_INST_CYCLES	user	chiplet_x7	84	18	18	CLEANUP	1	48304.0	48288.0	48319.0	48319.0	48319.0	48319.0	48319.0	48319.0	ok	/home/seunghyun/ycsb/results/chiplet_ycsb_256mib_madracks-mnode5_20260314T060453Z_1429430/runs/elasticsearch/chiplet_x7/inst18/run.stdout.log	/home/seunghyun/ycsb/results/chiplet_ycsb_256mib_madracks-mnode5_20260314T060453Z_1429430/runs/elasticsearch/chiplet_x7
2026-03-14T07:22:00Z	madracks-mnode5	amd	elasticsearch	embedded	NO_RETIRED_INST_CYCLES	user	chiplet_x7	84	19	19	READ	10000	260.7433	36.0	23519.0	100.0	417.0	5171.0	7523.0	10719.0	ok	/home/seunghyun/ycsb/results/chiplet_ycsb_256mib_madracks-mnode5_20260314T060453Z_1429430/runs/elasticsearch/chiplet_x7/inst19/run.stdout.log	/home/seunghyun/ycsb/results/chiplet_ycsb_256mib_madracks-mnode5_20260314T060453Z_1429430/runs/elasticsearch/chiplet_x7
2026-03-14T07:22:00Z	madracks-mnode5	amd	elasticsearch	embedded	NO_RETIRED_INST_CYCLES	user	chiplet_x7	84	19	19	CLEANUP	1	54768.0	54752.0	54783.0	54783.0	54783.0	54783.0	54783.0	54783.0	ok	/home/seunghyun/ycsb/results/chiplet_ycsb_256mib_madracks-mnode5_20260314T060453Z_1429430/runs/elasticsearch/chiplet_x7/inst19/run.stdout.log	/home/seunghyun/ycsb/results/chiplet_ycsb_256mib_madracks-mnode5_20260314T060453Z_1429430/runs/elasticsearch/chiplet_x7
2026-03-14T07:22:00Z	madracks-mnode5	amd	elasticsearch	embedded	NO_RETIRED_INST_CYCLES	user	chiplet_x7	84	20	20	READ	10000	285.2672	39.0	34207.0	96.0	488.0	5603.0	9983.0	14831.0	ok	/home/seunghyun/ycsb/results/chiplet_ycsb_256mib_madracks-mnode5_20260314T060453Z_1429430/runs/elasticsearch/chiplet_x7/inst20/run.stdout.log	/home/seunghyun/ycsb/results/chiplet_ycsb_256mib_madracks-mnode5_20260314T060453Z_1429430/runs/elasticsearch/chiplet_x7
2026-03-14T07:22:00Z	madracks-mnode5	amd	elasticsearch	embedded	NO_RETIRED_INST_CYCLES	user	chiplet_x7	84	20	20	CLEANUP	1	56304.0	56288.0	56319.0	56319.0	56319.0	56319.0	56319.0	56319.0	ok	/home/seunghyun/ycsb/results/chiplet_ycsb_256mib_madracks-mnode5_20260314T060453Z_1429430/runs/elasticsearch/chiplet_x7/inst20/run.stdout.log	/home/seunghyun/ycsb/results/chiplet_ycsb_256mib_madracks-mnode5_20260314T060453Z_1429430/runs/elasticsearch/chiplet_x7
2026-03-14T07:22:00Z	madracks-mnode5	amd	elasticsearch	embedded	NO_RETIRED_INST_CYCLES	user	chiplet_x7	84	21	21	READ	10000	279.4557	35.0	26399.0	105.0	429.0	5371.0	7891.0	10359.0	ok	/home/seunghyun/ycsb/results/chiplet_ycsb_256mib_madracks-mnode5_20260314T060453Z_1429430/runs/elasticsearch/chiplet_x7/inst21/run.stdout.log	/home/seunghyun/ycsb/results/chiplet_ycsb_256mib_madracks-mnode5_20260314T060453Z_1429430/runs/elasticsearch/chiplet_x7
2026-03-14T07:22:00Z	madracks-mnode5	amd	elasticsearch	embedded	NO_RETIRED_INST_CYCLES	user	chiplet_x7	84	21	21	CLEANUP	1	39088.0	39072.0	39103.0	39103.0	39103.0	39103.0	39103.0	39103.0	ok	/home/seunghyun/ycsb/results/chiplet_ycsb_256mib_madracks-mnode5_20260314T060453Z_1429430/runs/elasticsearch/chiplet_x7/inst21/run.stdout.log	/home/seunghyun/ycsb/results/chiplet_ycsb_256mib_madracks-mnode5_20260314T060453Z_1429430/runs/elasticsearch/chiplet_x7
2026-03-14T07:22:00Z	madracks-mnode5	amd	elasticsearch	embedded	NO_RETIRED_INST_CYCLES	user	chiplet_x7	84	22	22	READ	10000	270.9137	42.0	31071.0	100.0	392.0	5387.0	8519.0	11455.0	ok	/home/seunghyun/ycsb/results/chiplet_ycsb_256mib_madracks-mnode5_20260314T060453Z_1429430/runs/elasticsearch/chiplet_x7/inst22/run.stdout.log	/home/seunghyun/ycsb/results/chiplet_ycsb_256mib_madracks-mnode5_20260314T060453Z_1429430/runs/elasticsearch/chiplet_x7
2026-03-14T07:22:00Z	madracks-mnode5	amd	elasticsearch	embedded	NO_RETIRED_INST_CYCLES	user	chiplet_x7	84	22	22	CLEANUP	1	54224.0	54208.0	54239.0	54239.0	54239.0	54239.0	54239.0	54239.0	ok	/home/seunghyun/ycsb/results/chiplet_ycsb_256mib_madracks-mnode5_20260314T060453Z_1429430/runs/elasticsearch/chiplet_x7/inst22/run.stdout.log	/home/seunghyun/ycsb/results/chiplet_ycsb_256mib_madracks-mnode5_20260314T060453Z_1429430/runs/elasticsearch/chiplet_x7
2026-03-14T07:22:00Z	madracks-mnode5	amd	elasticsearch	embedded	NO_RETIRED_INST_CYCLES	user	chiplet_x7	84	23	23	READ	10000	284.1825	41.0	28479.0	103.0	549.0	5259.0	8151.0	15703.0	ok	/home/seunghyun/ycsb/results/chiplet_ycsb_256mib_madracks-mnode5_20260314T060453Z_1429430/runs/elasticsearch/chiplet_x7/inst23/run.stdout.log	/home/seunghyun/ycsb/results/chiplet_ycsb_256mib_madracks-mnode5_20260314T060453Z_1429430/runs/elasticsearch/chiplet_x7
2026-03-14T07:22:00Z	madracks-mnode5	amd	elasticsearch	embedded	NO_RETIRED_INST_CYCLES	user	chiplet_x7	84	23	23	CLEANUP	1	60432.0	60416.0	60447.0	60447.0	60447.0	60447.0	60447.0	60447.0	ok	/home/seunghyun/ycsb/results/chiplet_ycsb_256mib_madracks-mnode5_20260314T060453Z_1429430/runs/elasticsearch/chiplet_x7/inst23/run.stdout.log	/home/seunghyun/ycsb/results/chiplet_ycsb_256mib_madracks-mnode5_20260314T060453Z_1429430/runs/elasticsearch/chiplet_x7
2026-03-14T07:22:00Z	madracks-mnode5	amd	elasticsearch	embedded	NO_RETIRED_INST_CYCLES	user	chiplet_x7	84	24	24	READ	10000	253.7488	43.0	29391.0	93.0	366.0	5263.0	7475.0	12471.0	ok	/home/seunghyun/ycsb/results/chiplet_ycsb_256mib_madracks-mnode5_20260314T060453Z_1429430/runs/elasticsearch/chiplet_x7/inst24/run.stdout.log	/home/seunghyun/ycsb/results/chiplet_ycsb_256mib_madracks-mnode5_20260314T060453Z_1429430/runs/elasticsearch/chiplet_x7
2026-03-14T07:22:00Z	madracks-mnode5	amd	elasticsearch	embedded	NO_RETIRED_INST_CYCLES	user	chiplet_x7	84	24	24	CLEANUP	1	46544.0	46528.0	46559.0	46559.0	46559.0	46559.0	46559.0	46559.0	ok	/home/seunghyun/ycsb/results/chiplet_ycsb_256mib_madracks-mnode5_20260314T060453Z_1429430/runs/elasticsearch/chiplet_x7/inst24/run.stdout.log	/home/seunghyun/ycsb/results/chiplet_ycsb_256mib_madracks-mnode5_20260314T060453Z_1429430/runs/elasticsearch/chiplet_x7
2026-03-14T07:22:00Z	madracks-mnode5	amd	elasticsearch	embedded	NO_RETIRED_INST_CYCLES	user	chiplet_x7	84	25	25	READ	10000	264.9413	43.0	27727.0	99.0	379.0	5323.0	8343.0	10351.0	ok	/home/seunghyun/ycsb/results/chiplet_ycsb_256mib_madracks-mnode5_20260314T060453Z_1429430/runs/elasticsearch/chiplet_x7/inst25/run.stdout.log	/home/seunghyun/ycsb/results/chiplet_ycsb_256mib_madracks-mnode5_20260314T060453Z_1429430/runs/elasticsearch/chiplet_x7
2026-03-14T07:22:00Z	madracks-mnode5	amd	elasticsearch	embedded	NO_RETIRED_INST_CYCLES	user	chiplet_x7	84	25	25	CLEANUP	1	50896.0	50880.0	50911.0	50911.0	50911.0	50911.0	50911.0	50911.0	ok	/home/seunghyun/ycsb/results/chiplet_ycsb_256mib_madracks-mnode5_20260314T060453Z_1429430/runs/elasticsearch/chiplet_x7/inst25/run.stdout.log	/home/seunghyun/ycsb/results/chiplet_ycsb_256mib_madracks-mnode5_20260314T060453Z_1429430/runs/elasticsearch/chiplet_x7
2026-03-14T07:22:00Z	madracks-mnode5	amd	elasticsearch	embedded	NO_RETIRED_INST_CYCLES	user	chiplet_x7	84	26	26	READ	10000	278.9537	44.0	24895.0	109.0	473.0	5167.0	9391.0	11239.0	ok	/home/seunghyun/ycsb/results/chiplet_ycsb_256mib_madracks-mnode5_20260314T060453Z_1429430/runs/elasticsearch/chiplet_x7/inst26/run.stdout.log	/home/seunghyun/ycsb/results/chiplet_ycsb_256mib_madracks-mnode5_20260314T060453Z_1429430/runs/elasticsearch/chiplet_x7
2026-03-14T07:22:00Z	madracks-mnode5	amd	elasticsearch	embedded	NO_RETIRED_INST_CYCLES	user	chiplet_x7	84	26	26	CLEANUP	1	57296.0	57280.0	57311.0	57311.0	57311.0	57311.0	57311.0	57311.0	ok	/home/seunghyun/ycsb/results/chiplet_ycsb_256mib_madracks-mnode5_20260314T060453Z_1429430/runs/elasticsearch/chiplet_x7/inst26/run.stdout.log	/home/seunghyun/ycsb/results/chiplet_ycsb_256mib_madracks-mnode5_20260314T060453Z_1429430/runs/elasticsearch/chiplet_x7
2026-03-14T07:22:00Z	madracks-mnode5	amd	elasticsearch	embedded	NO_RETIRED_INST_CYCLES	user	chiplet_x7	84	27	27	READ	10000	302.9233	40.0	36959.0	115.0	547.0	5455.0	8815.0	10887.0	ok	/home/seunghyun/ycsb/results/chiplet_ycsb_256mib_madracks-mnode5_20260314T060453Z_1429430/runs/elasticsearch/chiplet_x7/inst27/run.stdout.log	/home/seunghyun/ycsb/results/chiplet_ycsb_256mib_madracks-mnode5_20260314T060453Z_1429430/runs/elasticsearch/chiplet_x7
2026-03-14T07:22:00Z	madracks-mnode5	amd	elasticsearch	embedded	NO_RETIRED_INST_CYCLES	user	chiplet_x7	84	27	27	CLEANUP	1	62384.0	62368.0	62399.0	62399.0	62399.0	62399.0	62399.0	62399.0	ok	/home/seunghyun/ycsb/results/chiplet_ycsb_256mib_madracks-mnode5_20260314T060453Z_1429430/runs/elasticsearch/chiplet_x7/inst27/run.stdout.log	/home/seunghyun/ycsb/results/chiplet_ycsb_256mib_madracks-mnode5_20260314T060453Z_1429430/runs/elasticsearch/chiplet_x7
2026-03-14T07:22:00Z	madracks-mnode5	amd	elasticsearch	embedded	NO_RETIRED_INST_CYCLES	user	chiplet_x7	84	28	28	READ	10000	288.256	37.0	22735.0	109.0	487.0	5583.0	8051.0	9607.0	ok	/home/seunghyun/ycsb/results/chiplet_ycsb_256mib_madracks-mnode5_20260314T060453Z_1429430/runs/elasticsearch/chiplet_x7/inst28/run.stdout.log	/home/seunghyun/ycsb/results/chiplet_ycsb_256mib_madracks-mnode5_20260314T060453Z_1429430/runs/elasticsearch/chiplet_x7
2026-03-14T07:22:00Z	madracks-mnode5	amd	elasticsearch	embedded	NO_RETIRED_INST_CYCLES	user	chiplet_x7	84	28	28	CLEANUP	1	55792.0	55776.0	55807.0	55807.0	55807.0	55807.0	55807.0	55807.0	ok	/home/seunghyun/ycsb/results/chiplet_ycsb_256mib_madracks-mnode5_20260314T060453Z_1429430/runs/elasticsearch/chiplet_x7/inst28/run.stdout.log	/home/seunghyun/ycsb/results/chiplet_ycsb_256mib_madracks-mnode5_20260314T060453Z_1429430/runs/elasticsearch/chiplet_x7
2026-03-14T07:22:00Z	madracks-mnode5	amd	elasticsearch	embedded	NO_RETIRED_INST_CYCLES	user	chiplet_x7	84	29	29	READ	10000	275.125	43.0	26527.0	108.0	507.0	5103.0	7523.0	10367.0	ok	/home/seunghyun/ycsb/results/chiplet_ycsb_256mib_madracks-mnode5_20260314T060453Z_1429430/runs/elasticsearch/chiplet_x7/inst29/run.stdout.log	/home/seunghyun/ycsb/results/chiplet_ycsb_256mib_madracks-mnode5_20260314T060453Z_1429430/runs/elasticsearch/chiplet_x7
2026-03-14T07:22:00Z	madracks-mnode5	amd	elasticsearch	embedded	NO_RETIRED_INST_CYCLES	user	chiplet_x7	84	29	29	CLEANUP	1	48464.0	48448.0	48479.0	48479.0	48479.0	48479.0	48479.0	48479.0	ok	/home/seunghyun/ycsb/results/chiplet_ycsb_256mib_madracks-mnode5_20260314T060453Z_1429430/runs/elasticsearch/chiplet_x7/inst29/run.stdout.log	/home/seunghyun/ycsb/results/chiplet_ycsb_256mib_madracks-mnode5_20260314T060453Z_1429430/runs/elasticsearch/chiplet_x7
2026-03-14T07:22:00Z	madracks-mnode5	amd	elasticsearch	embedded	NO_RETIRED_INST_CYCLES	user	chiplet_x7	84	30	30	READ	10000	315.4207	48.0	21487.0	118.0	593.0	5547.0	8175.0	10255.0	ok	/home/seunghyun/ycsb/results/chiplet_ycsb_256mib_madracks-mnode5_20260314T060453Z_1429430/runs/elasticsearch/chiplet_x7/inst30/run.stdout.log	/home/seunghyun/ycsb/results/chiplet_ycsb_256mib_madracks-mnode5_20260314T060453Z_1429430/runs/elasticsearch/chiplet_x7
2026-03-14T07:22:00Z	madracks-mnode5	amd	elasticsearch	embedded	NO_RETIRED_INST_CYCLES	user	chiplet_x7	84	30	30	CLEANUP	1	58800.0	58784.0	58815.0	58815.0	58815.0	58815.0	58815.0	58815.0	ok	/home/seunghyun/ycsb/results/chiplet_ycsb_256mib_madracks-mnode5_20260314T060453Z_1429430/runs/elasticsearch/chiplet_x7/inst30/run.stdout.log	/home/seunghyun/ycsb/results/chiplet_ycsb_256mib_madracks-mnode5_20260314T060453Z_1429430/runs/elasticsearch/chiplet_x7
2026-03-14T07:22:00Z	madracks-mnode5	amd	elasticsearch	embedded	NO_RETIRED_INST_CYCLES	user	chiplet_x7	84	31	31	READ	10000	265.1257	40.0	21391.0	103.0	400.0	5543.0	8391.0	13543.0	ok	/home/seunghyun/ycsb/results/chiplet_ycsb_256mib_madracks-mnode5_20260314T060453Z_1429430/runs/elasticsearch/chiplet_x7/inst31/run.stdout.log	/home/seunghyun/ycsb/results/chiplet_ycsb_256mib_madracks-mnode5_20260314T060453Z_1429430/runs/elasticsearch/chiplet_x7
2026-03-14T07:22:00Z	madracks-mnode5	amd	elasticsearch	embedded	NO_RETIRED_INST_CYCLES	user	chiplet_x7	84	31	31	CLEANUP	1	40848.0	40832.0	40863.0	40863.0	40863.0	40863.0	40863.0	40863.0	ok	/home/seunghyun/ycsb/results/chiplet_ycsb_256mib_madracks-mnode5_20260314T060453Z_1429430/runs/elasticsearch/chiplet_x7/inst31/run.stdout.log	/home/seunghyun/ycsb/results/chiplet_ycsb_256mib_madracks-mnode5_20260314T060453Z_1429430/runs/elasticsearch/chiplet_x7
2026-03-14T07:22:00Z	madracks-mnode5	amd	elasticsearch	embedded	NO_RETIRED_INST_CYCLES	user	chiplet_x7	84	32	32	READ	10000	293.7485	40.0	38271.0	115.0	552.0	5459.0	8159.0	10639.0	ok	/home/seunghyun/ycsb/results/chiplet_ycsb_256mib_madracks-mnode5_20260314T060453Z_1429430/runs/elasticsearch/chiplet_x7/inst32/run.stdout.log	/home/seunghyun/ycsb/results/chiplet_ycsb_256mib_madracks-mnode5_20260314T060453Z_1429430/runs/elasticsearch/chiplet_x7
2026-03-14T07:22:00Z	madracks-mnode5	amd	elasticsearch	embedded	NO_RETIRED_INST_CYCLES	user	chiplet_x7	84	32	32	CLEANUP	1	57136.0	57120.0	57151.0	57151.0	57151.0	57151.0	57151.0	57151.0	ok	/home/seunghyun/ycsb/results/chiplet_ycsb_256mib_madracks-mnode5_20260314T060453Z_1429430/runs/elasticsearch/chiplet_x7/inst32/run.stdout.log	/home/seunghyun/ycsb/results/chiplet_ycsb_256mib_madracks-mnode5_20260314T060453Z_1429430/runs/elasticsearch/chiplet_x7
2026-03-14T07:22:00Z	madracks-mnode5	amd	elasticsearch	embedded	NO_RETIRED_INST_CYCLES	user	chiplet_x7	84	33	33	READ	10000	272.6037	44.0	25103.0	105.0	457.0	5299.0	8543.0	10775.0	ok	/home/seunghyun/ycsb/results/chiplet_ycsb_256mib_madracks-mnode5_20260314T060453Z_1429430/runs/elasticsearch/chiplet_x7/inst33/run.stdout.log	/home/seunghyun/ycsb/results/chiplet_ycsb_256mib_madracks-mnode5_20260314T060453Z_1429430/runs/elasticsearch/chiplet_x7
2026-03-14T07:22:00Z	madracks-mnode5	amd	elasticsearch	embedded	NO_RETIRED_INST_CYCLES	user	chiplet_x7	84	33	33	CLEANUP	1	53680.0	53664.0	53695.0	53695.0	53695.0	53695.0	53695.0	53695.0	ok	/home/seunghyun/ycsb/results/chiplet_ycsb_256mib_madracks-mnode5_20260314T060453Z_1429430/runs/elasticsearch/chiplet_x7/inst33/run.stdout.log	/home/seunghyun/ycsb/results/chiplet_ycsb_256mib_madracks-mnode5_20260314T060453Z_1429430/runs/elasticsearch/chiplet_x7
2026-03-14T07:22:00Z	madracks-mnode5	amd	elasticsearch	embedded	NO_RETIRED_INST_CYCLES	user	chiplet_x7	84	34	34	READ	10000	262.9967	44.0	35871.0	97.0	390.0	5291.0	7439.0	10679.0	ok	/home/seunghyun/ycsb/results/chiplet_ycsb_256mib_madracks-mnode5_20260314T060453Z_1429430/runs/elasticsearch/chiplet_x7/inst34/run.stdout.log	/home/seunghyun/ycsb/results/chiplet_ycsb_256mib_madracks-mnode5_20260314T060453Z_1429430/runs/elasticsearch/chiplet_x7
2026-03-14T07:22:00Z	madracks-mnode5	amd	elasticsearch	embedded	NO_RETIRED_INST_CYCLES	user	chiplet_x7	84	34	34	CLEANUP	1	50096.0	50080.0	50111.0	50111.0	50111.0	50111.0	50111.0	50111.0	ok	/home/seunghyun/ycsb/results/chiplet_ycsb_256mib_madracks-mnode5_20260314T060453Z_1429430/runs/elasticsearch/chiplet_x7/inst34/run.stdout.log	/home/seunghyun/ycsb/results/chiplet_ycsb_256mib_madracks-mnode5_20260314T060453Z_1429430/runs/elasticsearch/chiplet_x7
2026-03-14T07:22:00Z	madracks-mnode5	amd	elasticsearch	embedded	NO_RETIRED_INST_CYCLES	user	chiplet_x7	84	35	35	READ	10000	278.1931	42.0	29279.0	108.0	488.0	5099.0	8115.0	17935.0	ok	/home/seunghyun/ycsb/results/chiplet_ycsb_256mib_madracks-mnode5_20260314T060453Z_1429430/runs/elasticsearch/chiplet_x7/inst35/run.stdout.log	/home/seunghyun/ycsb/results/chiplet_ycsb_256mib_madracks-mnode5_20260314T060453Z_1429430/runs/elasticsearch/chiplet_x7
2026-03-14T07:22:00Z	madracks-mnode5	amd	elasticsearch	embedded	NO_RETIRED_INST_CYCLES	user	chiplet_x7	84	35	35	CLEANUP	1	49584.0	49568.0	49599.0	49599.0	49599.0	49599.0	49599.0	49599.0	ok	/home/seunghyun/ycsb/results/chiplet_ycsb_256mib_madracks-mnode5_20260314T060453Z_1429430/runs/elasticsearch/chiplet_x7/inst35/run.stdout.log	/home/seunghyun/ycsb/results/chiplet_ycsb_256mib_madracks-mnode5_20260314T060453Z_1429430/runs/elasticsearch/chiplet_x7
2026-03-14T07:22:00Z	madracks-mnode5	amd	elasticsearch	embedded	NO_RETIRED_INST_CYCLES	user	chiplet_x7	84	36	36	READ	10000	289.3303	45.0	29855.0	111.0	470.0	5567.0	8031.0	10127.0	ok	/home/seunghyun/ycsb/results/chiplet_ycsb_256mib_madracks-mnode5_20260314T060453Z_1429430/runs/elasticsearch/chiplet_x7/inst36/run.stdout.log	/home/seunghyun/ycsb/results/chiplet_ycsb_256mib_madracks-mnode5_20260314T060453Z_1429430/runs/elasticsearch/chiplet_x7
2026-03-14T07:22:00Z	madracks-mnode5	amd	elasticsearch	embedded	NO_RETIRED_INST_CYCLES	user	chiplet_x7	84	36	36	CLEANUP	1	61424.0	61408.0	61439.0	61439.0	61439.0	61439.0	61439.0	61439.0	ok	/home/seunghyun/ycsb/results/chiplet_ycsb_256mib_madracks-mnode5_20260314T060453Z_1429430/runs/elasticsearch/chiplet_x7/inst36/run.stdout.log	/home/seunghyun/ycsb/results/chiplet_ycsb_256mib_madracks-mnode5_20260314T060453Z_1429430/runs/elasticsearch/chiplet_x7
2026-03-14T07:22:00Z	madracks-mnode5	amd	elasticsearch	embedded	NO_RETIRED_INST_CYCLES	user	chiplet_x7	84	37	37	READ	10000	287.2031	47.0	33311.0	107.0	509.0	5655.0	7747.0	11439.0	ok	/home/seunghyun/ycsb/results/chiplet_ycsb_256mib_madracks-mnode5_20260314T060453Z_1429430/runs/elasticsearch/chiplet_x7/inst37/run.stdout.log	/home/seunghyun/ycsb/results/chiplet_ycsb_256mib_madracks-mnode5_20260314T060453Z_1429430/runs/elasticsearch/chiplet_x7
2026-03-14T07:22:00Z	madracks-mnode5	amd	elasticsearch	embedded	NO_RETIRED_INST_CYCLES	user	chiplet_x7	84	37	37	CLEANUP	1	54512.0	54496.0	54527.0	54527.0	54527.0	54527.0	54527.0	54527.0	ok	/home/seunghyun/ycsb/results/chiplet_ycsb_256mib_madracks-mnode5_20260314T060453Z_1429430/runs/elasticsearch/chiplet_x7/inst37/run.stdout.log	/home/seunghyun/ycsb/results/chiplet_ycsb_256mib_madracks-mnode5_20260314T060453Z_1429430/runs/elasticsearch/chiplet_x7
2026-03-14T07:22:00Z	madracks-mnode5	amd	elasticsearch	embedded	NO_RETIRED_INST_CYCLES	user	chiplet_x7	84	38	38	READ	10000	255.2147	40.0	19999.0	93.0	389.0	5203.0	8543.0	10823.0	ok	/home/seunghyun/ycsb/results/chiplet_ycsb_256mib_madracks-mnode5_20260314T060453Z_1429430/runs/elasticsearch/chiplet_x7/inst38/run.stdout.log	/home/seunghyun/ycsb/results/chiplet_ycsb_256mib_madracks-mnode5_20260314T060453Z_1429430/runs/elasticsearch/chiplet_x7
2026-03-14T07:22:00Z	madracks-mnode5	amd	elasticsearch	embedded	NO_RETIRED_INST_CYCLES	user	chiplet_x7	84	38	38	CLEANUP	1	44688.0	44672.0	44703.0	44703.0	44703.0	44703.0	44703.0	44703.0	ok	/home/seunghyun/ycsb/results/chiplet_ycsb_256mib_madracks-mnode5_20260314T060453Z_1429430/runs/elasticsearch/chiplet_x7/inst38/run.stdout.log	/home/seunghyun/ycsb/results/chiplet_ycsb_256mib_madracks-mnode5_20260314T060453Z_1429430/runs/elasticsearch/chiplet_x7
2026-03-14T07:22:00Z	madracks-mnode5	amd	elasticsearch	embedded	NO_RETIRED_INST_CYCLES	user	chiplet_x7	84	39	39	READ	10000	267.2035	45.0	31519.0	103.0	399.0	5451.0	8479.0	10903.0	ok	/home/seunghyun/ycsb/results/chiplet_ycsb_256mib_madracks-mnode5_20260314T060453Z_1429430/runs/elasticsearch/chiplet_x7/inst39/run.stdout.log	/home/seunghyun/ycsb/results/chiplet_ycsb_256mib_madracks-mnode5_20260314T060453Z_1429430/runs/elasticsearch/chiplet_x7
2026-03-14T07:22:00Z	madracks-mnode5	amd	elasticsearch	embedded	NO_RETIRED_INST_CYCLES	user	chiplet_x7	84	39	39	CLEANUP	1	47120.0	47104.0	47135.0	47135.0	47135.0	47135.0	47135.0	47135.0	ok	/home/seunghyun/ycsb/results/chiplet_ycsb_256mib_madracks-mnode5_20260314T060453Z_1429430/runs/elasticsearch/chiplet_x7/inst39/run.stdout.log	/home/seunghyun/ycsb/results/chiplet_ycsb_256mib_madracks-mnode5_20260314T060453Z_1429430/runs/elasticsearch/chiplet_x7
2026-03-14T07:22:00Z	madracks-mnode5	amd	elasticsearch	embedded	NO_RETIRED_INST_CYCLES	user	chiplet_x7	84	40	40	READ	10000	277.2403	42.0	31359.0	110.0	435.0	5355.0	8087.0	10639.0	ok	/home/seunghyun/ycsb/results/chiplet_ycsb_256mib_madracks-mnode5_20260314T060453Z_1429430/runs/elasticsearch/chiplet_x7/inst40/run.stdout.log	/home/seunghyun/ycsb/results/chiplet_ycsb_256mib_madracks-mnode5_20260314T060453Z_1429430/runs/elasticsearch/chiplet_x7
2026-03-14T07:22:00Z	madracks-mnode5	amd	elasticsearch	embedded	NO_RETIRED_INST_CYCLES	user	chiplet_x7	84	40	40	CLEANUP	1	51440.0	51424.0	51455.0	51455.0	51455.0	51455.0	51455.0	51455.0	ok	/home/seunghyun/ycsb/results/chiplet_ycsb_256mib_madracks-mnode5_20260314T060453Z_1429430/runs/elasticsearch/chiplet_x7/inst40/run.stdout.log	/home/seunghyun/ycsb/results/chiplet_ycsb_256mib_madracks-mnode5_20260314T060453Z_1429430/runs/elasticsearch/chiplet_x7
2026-03-14T07:22:00Z	madracks-mnode5	amd	elasticsearch	embedded	NO_RETIRED_INST_CYCLES	user	chiplet_x7	84	41	41	READ	10000	263.5901	40.0	20287.0	100.0	427.0	5179.0	8919.0	16719.0	ok	/home/seunghyun/ycsb/results/chiplet_ycsb_256mib_madracks-mnode5_20260314T060453Z_1429430/runs/elasticsearch/chiplet_x7/inst41/run.stdout.log	/home/seunghyun/ycsb/results/chiplet_ycsb_256mib_madracks-mnode5_20260314T060453Z_1429430/runs/elasticsearch/chiplet_x7
2026-03-14T07:22:00Z	madracks-mnode5	amd	elasticsearch	embedded	NO_RETIRED_INST_CYCLES	user	chiplet_x7	84	41	41	CLEANUP	1	51280.0	51264.0	51295.0	51295.0	51295.0	51295.0	51295.0	51295.0	ok	/home/seunghyun/ycsb/results/chiplet_ycsb_256mib_madracks-mnode5_20260314T060453Z_1429430/runs/elasticsearch/chiplet_x7/inst41/run.stdout.log	/home/seunghyun/ycsb/results/chiplet_ycsb_256mib_madracks-mnode5_20260314T060453Z_1429430/runs/elasticsearch/chiplet_x7
2026-03-14T07:22:00Z	madracks-mnode5	amd	elasticsearch	embedded	NO_RETIRED_INST_CYCLES	user	chiplet_x7	84	42	42	READ	10000	273.7651	45.0	23807.0	101.0	438.0	5523.0	8199.0	12967.0	ok	/home/seunghyun/ycsb/results/chiplet_ycsb_256mib_madracks-mnode5_20260314T060453Z_1429430/runs/elasticsearch/chiplet_x7/inst42/run.stdout.log	/home/seunghyun/ycsb/results/chiplet_ycsb_256mib_madracks-mnode5_20260314T060453Z_1429430/runs/elasticsearch/chiplet_x7
2026-03-14T07:22:00Z	madracks-mnode5	amd	elasticsearch	embedded	NO_RETIRED_INST_CYCLES	user	chiplet_x7	84	42	42	CLEANUP	1	50640.0	50624.0	50655.0	50655.0	50655.0	50655.0	50655.0	50655.0	ok	/home/seunghyun/ycsb/results/chiplet_ycsb_256mib_madracks-mnode5_20260314T060453Z_1429430/runs/elasticsearch/chiplet_x7/inst42/run.stdout.log	/home/seunghyun/ycsb/results/chiplet_ycsb_256mib_madracks-mnode5_20260314T060453Z_1429430/runs/elasticsearch/chiplet_x7
2026-03-14T07:22:00Z	madracks-mnode5	amd	elasticsearch	embedded	NO_RETIRED_INST_CYCLES	user	chiplet_x7	84	43	43	READ	10000	287.2182	36.0	25215.0	112.0	449.0	5451.0	8223.0	12183.0	ok	/home/seunghyun/ycsb/results/chiplet_ycsb_256mib_madracks-mnode5_20260314T060453Z_1429430/runs/elasticsearch/chiplet_x7/inst43/run.stdout.log	/home/seunghyun/ycsb/results/chiplet_ycsb_256mib_madracks-mnode5_20260314T060453Z_1429430/runs/elasticsearch/chiplet_x7
2026-03-14T07:22:00Z	madracks-mnode5	amd	elasticsearch	embedded	NO_RETIRED_INST_CYCLES	user	chiplet_x7	84	43	43	CLEANUP	1	50864.0	50848.0	50879.0	50879.0	50879.0	50879.0	50879.0	50879.0	ok	/home/seunghyun/ycsb/results/chiplet_ycsb_256mib_madracks-mnode5_20260314T060453Z_1429430/runs/elasticsearch/chiplet_x7/inst43/run.stdout.log	/home/seunghyun/ycsb/results/chiplet_ycsb_256mib_madracks-mnode5_20260314T060453Z_1429430/runs/elasticsearch/chiplet_x7
2026-03-14T07:22:00Z	madracks-mnode5	amd	elasticsearch	embedded	NO_RETIRED_INST_CYCLES	user	chiplet_x7	84	44	44	READ	10000	262.2179	40.0	20559.0	100.0	364.0	5315.0	7531.0	10095.0	ok	/home/seunghyun/ycsb/results/chiplet_ycsb_256mib_madracks-mnode5_20260314T060453Z_1429430/runs/elasticsearch/chiplet_x7/inst44/run.stdout.log	/home/seunghyun/ycsb/results/chiplet_ycsb_256mib_madracks-mnode5_20260314T060453Z_1429430/runs/elasticsearch/chiplet_x7
2026-03-14T07:22:00Z	madracks-mnode5	amd	elasticsearch	embedded	NO_RETIRED_INST_CYCLES	user	chiplet_x7	84	44	44	CLEANUP	1	44848.0	44832.0	44863.0	44863.0	44863.0	44863.0	44863.0	44863.0	ok	/home/seunghyun/ycsb/results/chiplet_ycsb_256mib_madracks-mnode5_20260314T060453Z_1429430/runs/elasticsearch/chiplet_x7/inst44/run.stdout.log	/home/seunghyun/ycsb/results/chiplet_ycsb_256mib_madracks-mnode5_20260314T060453Z_1429430/runs/elasticsearch/chiplet_x7
2026-03-14T07:22:00Z	madracks-mnode5	amd	elasticsearch	embedded	NO_RETIRED_INST_CYCLES	user	chiplet_x7	84	45	45	READ	10000	258.5178	42.0	17967.0	97.0	396.0	5295.0	8163.0	10095.0	ok	/home/seunghyun/ycsb/results/chiplet_ycsb_256mib_madracks-mnode5_20260314T060453Z_1429430/runs/elasticsearch/chiplet_x7/inst45/run.stdout.log	/home/seunghyun/ycsb/results/chiplet_ycsb_256mib_madracks-mnode5_20260314T060453Z_1429430/runs/elasticsearch/chiplet_x7
2026-03-14T07:22:00Z	madracks-mnode5	amd	elasticsearch	embedded	NO_RETIRED_INST_CYCLES	user	chiplet_x7	84	45	45	CLEANUP	1	52464.0	52448.0	52479.0	52479.0	52479.0	52479.0	52479.0	52479.0	ok	/home/seunghyun/ycsb/results/chiplet_ycsb_256mib_madracks-mnode5_20260314T060453Z_1429430/runs/elasticsearch/chiplet_x7/inst45/run.stdout.log	/home/seunghyun/ycsb/results/chiplet_ycsb_256mib_madracks-mnode5_20260314T060453Z_1429430/runs/elasticsearch/chiplet_x7
2026-03-14T07:22:00Z	madracks-mnode5	amd	elasticsearch	embedded	NO_RETIRED_INST_CYCLES	user	chiplet_x7	84	46	46	READ	10000	268.9774	40.0	23311.0	99.0	439.0	5267.0	8103.0	10807.0	ok	/home/seunghyun/ycsb/results/chiplet_ycsb_256mib_madracks-mnode5_20260314T060453Z_1429430/runs/elasticsearch/chiplet_x7/inst46/run.stdout.log	/home/seunghyun/ycsb/results/chiplet_ycsb_256mib_madracks-mnode5_20260314T060453Z_1429430/runs/elasticsearch/chiplet_x7
2026-03-14T07:22:00Z	madracks-mnode5	amd	elasticsearch	embedded	NO_RETIRED_INST_CYCLES	user	chiplet_x7	84	46	46	CLEANUP	1	50672.0	50656.0	50687.0	50687.0	50687.0	50687.0	50687.0	50687.0	ok	/home/seunghyun/ycsb/results/chiplet_ycsb_256mib_madracks-mnode5_20260314T060453Z_1429430/runs/elasticsearch/chiplet_x7/inst46/run.stdout.log	/home/seunghyun/ycsb/results/chiplet_ycsb_256mib_madracks-mnode5_20260314T060453Z_1429430/runs/elasticsearch/chiplet_x7
2026-03-14T07:22:00Z	madracks-mnode5	amd	elasticsearch	embedded	NO_RETIRED_INST_CYCLES	user	chiplet_x7	84	47	47	READ	10000	268.0711	45.0	25151.0	96.0	401.0	5287.0	7959.0	9871.0	ok	/home/seunghyun/ycsb/results/chiplet_ycsb_256mib_madracks-mnode5_20260314T060453Z_1429430/runs/elasticsearch/chiplet_x7/inst47/run.stdout.log	/home/seunghyun/ycsb/results/chiplet_ycsb_256mib_madracks-mnode5_20260314T060453Z_1429430/runs/elasticsearch/chiplet_x7
2026-03-14T07:22:00Z	madracks-mnode5	amd	elasticsearch	embedded	NO_RETIRED_INST_CYCLES	user	chiplet_x7	84	47	47	CLEANUP	1	41872.0	41856.0	41887.0	41887.0	41887.0	41887.0	41887.0	41887.0	ok	/home/seunghyun/ycsb/results/chiplet_ycsb_256mib_madracks-mnode5_20260314T060453Z_1429430/runs/elasticsearch/chiplet_x7/inst47/run.stdout.log	/home/seunghyun/ycsb/results/chiplet_ycsb_256mib_madracks-mnode5_20260314T060453Z_1429430/runs/elasticsearch/chiplet_x7
2026-03-14T07:22:00Z	madracks-mnode5	amd	elasticsearch	embedded	NO_RETIRED_INST_CYCLES	user	chiplet_x7	84	48	48	READ	10000	274.5184	38.0	27535.0	98.0	468.0	5455.0	7803.0	10391.0	ok	/home/seunghyun/ycsb/results/chiplet_ycsb_256mib_madracks-mnode5_20260314T060453Z_1429430/runs/elasticsearch/chiplet_x7/inst48/run.stdout.log	/home/seunghyun/ycsb/results/chiplet_ycsb_256mib_madracks-mnode5_20260314T060453Z_1429430/runs/elasticsearch/chiplet_x7
2026-03-14T07:22:00Z	madracks-mnode5	amd	elasticsearch	embedded	NO_RETIRED_INST_CYCLES	user	chiplet_x7	84	48	48	CLEANUP	1	50224.0	50208.0	50239.0	50239.0	50239.0	50239.0	50239.0	50239.0	ok	/home/seunghyun/ycsb/results/chiplet_ycsb_256mib_madracks-mnode5_20260314T060453Z_1429430/runs/elasticsearch/chiplet_x7/inst48/run.stdout.log	/home/seunghyun/ycsb/results/chiplet_ycsb_256mib_madracks-mnode5_20260314T060453Z_1429430/runs/elasticsearch/chiplet_x7
2026-03-14T07:22:00Z	madracks-mnode5	amd	elasticsearch	embedded	NO_RETIRED_INST_CYCLES	user	chiplet_x7	84	49	49	READ	10000	278.9618	43.0	21167.0	104.0	433.0	5515.0	7131.0	10863.0	ok	/home/seunghyun/ycsb/results/chiplet_ycsb_256mib_madracks-mnode5_20260314T060453Z_1429430/runs/elasticsearch/chiplet_x7/inst49/run.stdout.log	/home/seunghyun/ycsb/results/chiplet_ycsb_256mib_madracks-mnode5_20260314T060453Z_1429430/runs/elasticsearch/chiplet_x7
2026-03-14T07:22:00Z	madracks-mnode5	amd	elasticsearch	embedded	NO_RETIRED_INST_CYCLES	user	chiplet_x7	84	49	49	CLEANUP	1	57328.0	57312.0	57343.0	57343.0	57343.0	57343.0	57343.0	57343.0	ok	/home/seunghyun/ycsb/results/chiplet_ycsb_256mib_madracks-mnode5_20260314T060453Z_1429430/runs/elasticsearch/chiplet_x7/inst49/run.stdout.log	/home/seunghyun/ycsb/results/chiplet_ycsb_256mib_madracks-mnode5_20260314T060453Z_1429430/runs/elasticsearch/chiplet_x7
2026-03-14T07:22:00Z	madracks-mnode5	amd	elasticsearch	embedded	NO_RETIRED_INST_CYCLES	user	chiplet_x7	84	50	50	READ	10000	290.9592	34.0	35327.0	111.0	484.0	5503.0	8383.0	10583.0	ok	/home/seunghyun/ycsb/results/chiplet_ycsb_256mib_madracks-mnode5_20260314T060453Z_1429430/runs/elasticsearch/chiplet_x7/inst50/run.stdout.log	/home/seunghyun/ycsb/results/chiplet_ycsb_256mib_madracks-mnode5_20260314T060453Z_1429430/runs/elasticsearch/chiplet_x7
2026-03-14T07:22:00Z	madracks-mnode5	amd	elasticsearch	embedded	NO_RETIRED_INST_CYCLES	user	chiplet_x7	84	50	50	CLEANUP	1	60272.0	60256.0	60287.0	60287.0	60287.0	60287.0	60287.0	60287.0	ok	/home/seunghyun/ycsb/results/chiplet_ycsb_256mib_madracks-mnode5_20260314T060453Z_1429430/runs/elasticsearch/chiplet_x7/inst50/run.stdout.log	/home/seunghyun/ycsb/results/chiplet_ycsb_256mib_madracks-mnode5_20260314T060453Z_1429430/runs/elasticsearch/chiplet_x7
2026-03-14T07:22:00Z	madracks-mnode5	amd	elasticsearch	embedded	NO_RETIRED_INST_CYCLES	user	chiplet_x7	84	51	51	READ	10000	305.1434	40.0	34623.0	116.0	501.0	5683.0	8791.0	13831.0	ok	/home/seunghyun/ycsb/results/chiplet_ycsb_256mib_madracks-mnode5_20260314T060453Z_1429430/runs/elasticsearch/chiplet_x7/inst51/run.stdout.log	/home/seunghyun/ycsb/results/chiplet_ycsb_256mib_madracks-mnode5_20260314T060453Z_1429430/runs/elasticsearch/chiplet_x7
2026-03-14T07:22:00Z	madracks-mnode5	amd	elasticsearch	embedded	NO_RETIRED_INST_CYCLES	user	chiplet_x7	84	51	51	CLEANUP	1	55024.0	55008.0	55039.0	55039.0	55039.0	55039.0	55039.0	55039.0	ok	/home/seunghyun/ycsb/results/chiplet_ycsb_256mib_madracks-mnode5_20260314T060453Z_1429430/runs/elasticsearch/chiplet_x7/inst51/run.stdout.log	/home/seunghyun/ycsb/results/chiplet_ycsb_256mib_madracks-mnode5_20260314T060453Z_1429430/runs/elasticsearch/chiplet_x7
2026-03-14T07:22:00Z	madracks-mnode5	amd	elasticsearch	embedded	NO_RETIRED_INST_CYCLES	user	chiplet_x7	84	52	52	READ	10000	302.9302	40.0	35391.0	116.0	583.0	5419.0	8131.0	10751.0	ok	/home/seunghyun/ycsb/results/chiplet_ycsb_256mib_madracks-mnode5_20260314T060453Z_1429430/runs/elasticsearch/chiplet_x7/inst52/run.stdout.log	/home/seunghyun/ycsb/results/chiplet_ycsb_256mib_madracks-mnode5_20260314T060453Z_1429430/runs/elasticsearch/chiplet_x7
2026-03-14T07:22:00Z	madracks-mnode5	amd	elasticsearch	embedded	NO_RETIRED_INST_CYCLES	user	chiplet_x7	84	52	52	CLEANUP	1	65296.0	65280.0	65311.0	65311.0	65311.0	65311.0	65311.0	65311.0	ok	/home/seunghyun/ycsb/results/chiplet_ycsb_256mib_madracks-mnode5_20260314T060453Z_1429430/runs/elasticsearch/chiplet_x7/inst52/run.stdout.log	/home/seunghyun/ycsb/results/chiplet_ycsb_256mib_madracks-mnode5_20260314T060453Z_1429430/runs/elasticsearch/chiplet_x7
2026-03-14T07:22:00Z	madracks-mnode5	amd	elasticsearch	embedded	NO_RETIRED_INST_CYCLES	user	chiplet_x7	84	53	53	READ	10000	263.0081	37.0	21855.0	95.0	431.0	5163.0	8143.0	10799.0	ok	/home/seunghyun/ycsb/results/chiplet_ycsb_256mib_madracks-mnode5_20260314T060453Z_1429430/runs/elasticsearch/chiplet_x7/inst53/run.stdout.log	/home/seunghyun/ycsb/results/chiplet_ycsb_256mib_madracks-mnode5_20260314T060453Z_1429430/runs/elasticsearch/chiplet_x7
2026-03-14T07:22:00Z	madracks-mnode5	amd	elasticsearch	embedded	NO_RETIRED_INST_CYCLES	user	chiplet_x7	84	53	53	CLEANUP	1	61712.0	61696.0	61727.0	61727.0	61727.0	61727.0	61727.0	61727.0	ok	/home/seunghyun/ycsb/results/chiplet_ycsb_256mib_madracks-mnode5_20260314T060453Z_1429430/runs/elasticsearch/chiplet_x7/inst53/run.stdout.log	/home/seunghyun/ycsb/results/chiplet_ycsb_256mib_madracks-mnode5_20260314T060453Z_1429430/runs/elasticsearch/chiplet_x7
2026-03-14T07:22:00Z	madracks-mnode5	amd	elasticsearch	embedded	NO_RETIRED_INST_CYCLES	user	chiplet_x7	84	54	54	READ	10000	264.9343	39.0	18943.0	98.0	414.0	5543.0	7595.0	10727.0	ok	/home/seunghyun/ycsb/results/chiplet_ycsb_256mib_madracks-mnode5_20260314T060453Z_1429430/runs/elasticsearch/chiplet_x7/inst54/run.stdout.log	/home/seunghyun/ycsb/results/chiplet_ycsb_256mib_madracks-mnode5_20260314T060453Z_1429430/runs/elasticsearch/chiplet_x7
2026-03-14T07:22:00Z	madracks-mnode5	amd	elasticsearch	embedded	NO_RETIRED_INST_CYCLES	user	chiplet_x7	84	54	54	CLEANUP	1	52080.0	52064.0	52095.0	52095.0	52095.0	52095.0	52095.0	52095.0	ok	/home/seunghyun/ycsb/results/chiplet_ycsb_256mib_madracks-mnode5_20260314T060453Z_1429430/runs/elasticsearch/chiplet_x7/inst54/run.stdout.log	/home/seunghyun/ycsb/results/chiplet_ycsb_256mib_madracks-mnode5_20260314T060453Z_1429430/runs/elasticsearch/chiplet_x7
2026-03-14T07:22:00Z	madracks-mnode5	amd	elasticsearch	embedded	NO_RETIRED_INST_CYCLES	user	chiplet_x7	84	55	55	READ	10000	287.6496	37.0	30911.0	108.0	493.0	5479.0	7795.0	11695.0	ok	/home/seunghyun/ycsb/results/chiplet_ycsb_256mib_madracks-mnode5_20260314T060453Z_1429430/runs/elasticsearch/chiplet_x7/inst55/run.stdout.log	/home/seunghyun/ycsb/results/chiplet_ycsb_256mib_madracks-mnode5_20260314T060453Z_1429430/runs/elasticsearch/chiplet_x7
2026-03-14T07:22:00Z	madracks-mnode5	amd	elasticsearch	embedded	NO_RETIRED_INST_CYCLES	user	chiplet_x7	84	55	55	CLEANUP	1	53424.0	53408.0	53439.0	53439.0	53439.0	53439.0	53439.0	53439.0	ok	/home/seunghyun/ycsb/results/chiplet_ycsb_256mib_madracks-mnode5_20260314T060453Z_1429430/runs/elasticsearch/chiplet_x7/inst55/run.stdout.log	/home/seunghyun/ycsb/results/chiplet_ycsb_256mib_madracks-mnode5_20260314T060453Z_1429430/runs/elasticsearch/chiplet_x7
2026-03-14T07:22:00Z	madracks-mnode5	amd	elasticsearch	embedded	NO_RETIRED_INST_CYCLES	user	chiplet_x7	84	56	56	READ	10000	272.8073	43.0	26335.0	103.0	433.0	5435.0	8527.0	10295.0	ok	/home/seunghyun/ycsb/results/chiplet_ycsb_256mib_madracks-mnode5_20260314T060453Z_1429430/runs/elasticsearch/chiplet_x7/inst56/run.stdout.log	/home/seunghyun/ycsb/results/chiplet_ycsb_256mib_madracks-mnode5_20260314T060453Z_1429430/runs/elasticsearch/chiplet_x7
2026-03-14T07:22:00Z	madracks-mnode5	amd	elasticsearch	embedded	NO_RETIRED_INST_CYCLES	user	chiplet_x7	84	56	56	CLEANUP	1	44656.0	44640.0	44671.0	44671.0	44671.0	44671.0	44671.0	44671.0	ok	/home/seunghyun/ycsb/results/chiplet_ycsb_256mib_madracks-mnode5_20260314T060453Z_1429430/runs/elasticsearch/chiplet_x7/inst56/run.stdout.log	/home/seunghyun/ycsb/results/chiplet_ycsb_256mib_madracks-mnode5_20260314T060453Z_1429430/runs/elasticsearch/chiplet_x7
2026-03-14T07:22:00Z	madracks-mnode5	amd	elasticsearch	embedded	NO_RETIRED_INST_CYCLES	user	chiplet_x7	84	57	57	READ	10000	298.614	46.0	24111.0	114.0	492.0	5551.0	8823.0	17567.0	ok	/home/seunghyun/ycsb/results/chiplet_ycsb_256mib_madracks-mnode5_20260314T060453Z_1429430/runs/elasticsearch/chiplet_x7/inst57/run.stdout.log	/home/seunghyun/ycsb/results/chiplet_ycsb_256mib_madracks-mnode5_20260314T060453Z_1429430/runs/elasticsearch/chiplet_x7
2026-03-14T07:22:00Z	madracks-mnode5	amd	elasticsearch	embedded	NO_RETIRED_INST_CYCLES	user	chiplet_x7	84	57	57	CLEANUP	1	56144.0	56128.0	56159.0	56159.0	56159.0	56159.0	56159.0	56159.0	ok	/home/seunghyun/ycsb/results/chiplet_ycsb_256mib_madracks-mnode5_20260314T060453Z_1429430/runs/elasticsearch/chiplet_x7/inst57/run.stdout.log	/home/seunghyun/ycsb/results/chiplet_ycsb_256mib_madracks-mnode5_20260314T060453Z_1429430/runs/elasticsearch/chiplet_x7
2026-03-14T07:22:00Z	madracks-mnode5	amd	elasticsearch	embedded	NO_RETIRED_INST_CYCLES	user	chiplet_x7	84	58	58	READ	10000	269.3695	39.0	18559.0	101.0	394.0	5255.0	7655.0	9279.0	ok	/home/seunghyun/ycsb/results/chiplet_ycsb_256mib_madracks-mnode5_20260314T060453Z_1429430/runs/elasticsearch/chiplet_x7/inst58/run.stdout.log	/home/seunghyun/ycsb/results/chiplet_ycsb_256mib_madracks-mnode5_20260314T060453Z_1429430/runs/elasticsearch/chiplet_x7
2026-03-14T07:22:00Z	madracks-mnode5	amd	elasticsearch	embedded	NO_RETIRED_INST_CYCLES	user	chiplet_x7	84	58	58	CLEANUP	1	54384.0	54368.0	54399.0	54399.0	54399.0	54399.0	54399.0	54399.0	ok	/home/seunghyun/ycsb/results/chiplet_ycsb_256mib_madracks-mnode5_20260314T060453Z_1429430/runs/elasticsearch/chiplet_x7/inst58/run.stdout.log	/home/seunghyun/ycsb/results/chiplet_ycsb_256mib_madracks-mnode5_20260314T060453Z_1429430/runs/elasticsearch/chiplet_x7
2026-03-14T07:22:00Z	madracks-mnode5	amd	elasticsearch	embedded	NO_RETIRED_INST_CYCLES	user	chiplet_x7	84	59	59	READ	10000	275.1433	45.0	21983.0	104.0	498.0	5179.0	7963.0	10719.0	ok	/home/seunghyun/ycsb/results/chiplet_ycsb_256mib_madracks-mnode5_20260314T060453Z_1429430/runs/elasticsearch/chiplet_x7/inst59/run.stdout.log	/home/seunghyun/ycsb/results/chiplet_ycsb_256mib_madracks-mnode5_20260314T060453Z_1429430/runs/elasticsearch/chiplet_x7
2026-03-14T07:22:00Z	madracks-mnode5	amd	elasticsearch	embedded	NO_RETIRED_INST_CYCLES	user	chiplet_x7	84	59	59	CLEANUP	1	56976.0	56960.0	56991.0	56991.0	56991.0	56991.0	56991.0	56991.0	ok	/home/seunghyun/ycsb/results/chiplet_ycsb_256mib_madracks-mnode5_20260314T060453Z_1429430/runs/elasticsearch/chiplet_x7/inst59/run.stdout.log	/home/seunghyun/ycsb/results/chiplet_ycsb_256mib_madracks-mnode5_20260314T060453Z_1429430/runs/elasticsearch/chiplet_x7
2026-03-14T07:22:00Z	madracks-mnode5	amd	elasticsearch	embedded	NO_RETIRED_INST_CYCLES	user	chiplet_x7	84	60	60	READ	10000	301.0049	44.0	35359.0	115.0	535.0	5515.0	7919.0	11847.0	ok	/home/seunghyun/ycsb/results/chiplet_ycsb_256mib_madracks-mnode5_20260314T060453Z_1429430/runs/elasticsearch/chiplet_x7/inst60/run.stdout.log	/home/seunghyun/ycsb/results/chiplet_ycsb_256mib_madracks-mnode5_20260314T060453Z_1429430/runs/elasticsearch/chiplet_x7
2026-03-14T07:22:00Z	madracks-mnode5	amd	elasticsearch	embedded	NO_RETIRED_INST_CYCLES	user	chiplet_x7	84	60	60	CLEANUP	1	65328.0	65312.0	65343.0	65343.0	65343.0	65343.0	65343.0	65343.0	ok	/home/seunghyun/ycsb/results/chiplet_ycsb_256mib_madracks-mnode5_20260314T060453Z_1429430/runs/elasticsearch/chiplet_x7/inst60/run.stdout.log	/home/seunghyun/ycsb/results/chiplet_ycsb_256mib_madracks-mnode5_20260314T060453Z_1429430/runs/elasticsearch/chiplet_x7
2026-03-14T07:22:00Z	madracks-mnode5	amd	elasticsearch	embedded	NO_RETIRED_INST_CYCLES	user	chiplet_x7	84	61	61	READ	10000	270.5598	39.0	23935.0	107.0	448.0	5139.0	7635.0	11807.0	ok	/home/seunghyun/ycsb/results/chiplet_ycsb_256mib_madracks-mnode5_20260314T060453Z_1429430/runs/elasticsearch/chiplet_x7/inst61/run.stdout.log	/home/seunghyun/ycsb/results/chiplet_ycsb_256mib_madracks-mnode5_20260314T060453Z_1429430/runs/elasticsearch/chiplet_x7
2026-03-14T07:22:00Z	madracks-mnode5	amd	elasticsearch	embedded	NO_RETIRED_INST_CYCLES	user	chiplet_x7	84	61	61	CLEANUP	1	52496.0	52480.0	52511.0	52511.0	52511.0	52511.0	52511.0	52511.0	ok	/home/seunghyun/ycsb/results/chiplet_ycsb_256mib_madracks-mnode5_20260314T060453Z_1429430/runs/elasticsearch/chiplet_x7/inst61/run.stdout.log	/home/seunghyun/ycsb/results/chiplet_ycsb_256mib_madracks-mnode5_20260314T060453Z_1429430/runs/elasticsearch/chiplet_x7
2026-03-14T07:22:00Z	madracks-mnode5	amd	elasticsearch	embedded	NO_RETIRED_INST_CYCLES	user	chiplet_x7	84	62	62	READ	10000	272.0855	39.0	22783.0	100.0	421.0	5347.0	7675.0	11959.0	ok	/home/seunghyun/ycsb/results/chiplet_ycsb_256mib_madracks-mnode5_20260314T060453Z_1429430/runs/elasticsearch/chiplet_x7/inst62/run.stdout.log	/home/seunghyun/ycsb/results/chiplet_ycsb_256mib_madracks-mnode5_20260314T060453Z_1429430/runs/elasticsearch/chiplet_x7
2026-03-14T07:22:00Z	madracks-mnode5	amd	elasticsearch	embedded	NO_RETIRED_INST_CYCLES	user	chiplet_x7	84	62	62	CLEANUP	1	51440.0	51424.0	51455.0	51455.0	51455.0	51455.0	51455.0	51455.0	ok	/home/seunghyun/ycsb/results/chiplet_ycsb_256mib_madracks-mnode5_20260314T060453Z_1429430/runs/elasticsearch/chiplet_x7/inst62/run.stdout.log	/home/seunghyun/ycsb/results/chiplet_ycsb_256mib_madracks-mnode5_20260314T060453Z_1429430/runs/elasticsearch/chiplet_x7
2026-03-14T07:22:00Z	madracks-mnode5	amd	elasticsearch	embedded	NO_RETIRED_INST_CYCLES	user	chiplet_x7	84	63	63	READ	10000	282.7477	40.0	29807.0	104.0	437.0	5531.0	8359.0	10631.0	ok	/home/seunghyun/ycsb/results/chiplet_ycsb_256mib_madracks-mnode5_20260314T060453Z_1429430/runs/elasticsearch/chiplet_x7/inst63/run.stdout.log	/home/seunghyun/ycsb/results/chiplet_ycsb_256mib_madracks-mnode5_20260314T060453Z_1429430/runs/elasticsearch/chiplet_x7
2026-03-14T07:22:00Z	madracks-mnode5	amd	elasticsearch	embedded	NO_RETIRED_INST_CYCLES	user	chiplet_x7	84	63	63	CLEANUP	1	50448.0	50432.0	50463.0	50463.0	50463.0	50463.0	50463.0	50463.0	ok	/home/seunghyun/ycsb/results/chiplet_ycsb_256mib_madracks-mnode5_20260314T060453Z_1429430/runs/elasticsearch/chiplet_x7/inst63/run.stdout.log	/home/seunghyun/ycsb/results/chiplet_ycsb_256mib_madracks-mnode5_20260314T060453Z_1429430/runs/elasticsearch/chiplet_x7
2026-03-14T07:22:00Z	madracks-mnode5	amd	elasticsearch	embedded	NO_RETIRED_INST_CYCLES	user	chiplet_x7	84	64	64	READ	10000	302.8604	39.0	24239.0	119.0	514.0	5451.0	8631.0	11871.0	ok	/home/seunghyun/ycsb/results/chiplet_ycsb_256mib_madracks-mnode5_20260314T060453Z_1429430/runs/elasticsearch/chiplet_x7/inst64/run.stdout.log	/home/seunghyun/ycsb/results/chiplet_ycsb_256mib_madracks-mnode5_20260314T060453Z_1429430/runs/elasticsearch/chiplet_x7
2026-03-14T07:22:00Z	madracks-mnode5	amd	elasticsearch	embedded	NO_RETIRED_INST_CYCLES	user	chiplet_x7	84	64	64	CLEANUP	1	58288.0	58272.0	58303.0	58303.0	58303.0	58303.0	58303.0	58303.0	ok	/home/seunghyun/ycsb/results/chiplet_ycsb_256mib_madracks-mnode5_20260314T060453Z_1429430/runs/elasticsearch/chiplet_x7/inst64/run.stdout.log	/home/seunghyun/ycsb/results/chiplet_ycsb_256mib_madracks-mnode5_20260314T060453Z_1429430/runs/elasticsearch/chiplet_x7
2026-03-14T07:22:00Z	madracks-mnode5	amd	elasticsearch	embedded	NO_RETIRED_INST_CYCLES	user	chiplet_x7	84	65	65	READ	10000	292.9445	44.0	20415.0	111.0	494.0	5467.0	7471.0	11015.0	ok	/home/seunghyun/ycsb/results/chiplet_ycsb_256mib_madracks-mnode5_20260314T060453Z_1429430/runs/elasticsearch/chiplet_x7/inst65/run.stdout.log	/home/seunghyun/ycsb/results/chiplet_ycsb_256mib_madracks-mnode5_20260314T060453Z_1429430/runs/elasticsearch/chiplet_x7
2026-03-14T07:22:00Z	madracks-mnode5	amd	elasticsearch	embedded	NO_RETIRED_INST_CYCLES	user	chiplet_x7	84	65	65	CLEANUP	1	62832.0	62816.0	62847.0	62847.0	62847.0	62847.0	62847.0	62847.0	ok	/home/seunghyun/ycsb/results/chiplet_ycsb_256mib_madracks-mnode5_20260314T060453Z_1429430/runs/elasticsearch/chiplet_x7/inst65/run.stdout.log	/home/seunghyun/ycsb/results/chiplet_ycsb_256mib_madracks-mnode5_20260314T060453Z_1429430/runs/elasticsearch/chiplet_x7
2026-03-14T07:22:00Z	madracks-mnode5	amd	elasticsearch	embedded	NO_RETIRED_INST_CYCLES	user	chiplet_x7	84	66	66	READ	10000	274.66	43.0	26095.0	104.0	434.0	5495.0	8447.0	10431.0	ok	/home/seunghyun/ycsb/results/chiplet_ycsb_256mib_madracks-mnode5_20260314T060453Z_1429430/runs/elasticsearch/chiplet_x7/inst66/run.stdout.log	/home/seunghyun/ycsb/results/chiplet_ycsb_256mib_madracks-mnode5_20260314T060453Z_1429430/runs/elasticsearch/chiplet_x7
2026-03-14T07:22:00Z	madracks-mnode5	amd	elasticsearch	embedded	NO_RETIRED_INST_CYCLES	user	chiplet_x7	84	66	66	CLEANUP	1	61776.0	61760.0	61791.0	61791.0	61791.0	61791.0	61791.0	61791.0	ok	/home/seunghyun/ycsb/results/chiplet_ycsb_256mib_madracks-mnode5_20260314T060453Z_1429430/runs/elasticsearch/chiplet_x7/inst66/run.stdout.log	/home/seunghyun/ycsb/results/chiplet_ycsb_256mib_madracks-mnode5_20260314T060453Z_1429430/runs/elasticsearch/chiplet_x7
2026-03-14T07:22:00Z	madracks-mnode5	amd	elasticsearch	embedded	NO_RETIRED_INST_CYCLES	user	chiplet_x7	84	67	67	READ	10000	254.404	41.0	22591.0	96.0	408.0	5183.0	8099.0	10767.0	ok	/home/seunghyun/ycsb/results/chiplet_ycsb_256mib_madracks-mnode5_20260314T060453Z_1429430/runs/elasticsearch/chiplet_x7/inst67/run.stdout.log	/home/seunghyun/ycsb/results/chiplet_ycsb_256mib_madracks-mnode5_20260314T060453Z_1429430/runs/elasticsearch/chiplet_x7
2026-03-14T07:22:00Z	madracks-mnode5	amd	elasticsearch	embedded	NO_RETIRED_INST_CYCLES	user	chiplet_x7	84	67	67	CLEANUP	1	46736.0	46720.0	46751.0	46751.0	46751.0	46751.0	46751.0	46751.0	ok	/home/seunghyun/ycsb/results/chiplet_ycsb_256mib_madracks-mnode5_20260314T060453Z_1429430/runs/elasticsearch/chiplet_x7/inst67/run.stdout.log	/home/seunghyun/ycsb/results/chiplet_ycsb_256mib_madracks-mnode5_20260314T060453Z_1429430/runs/elasticsearch/chiplet_x7
2026-03-14T07:22:00Z	madracks-mnode5	amd	elasticsearch	embedded	NO_RETIRED_INST_CYCLES	user	chiplet_x7	84	68	68	READ	10000	261.2382	39.0	22207.0	96.0	403.0	5471.0	7827.0	9279.0	ok	/home/seunghyun/ycsb/results/chiplet_ycsb_256mib_madracks-mnode5_20260314T060453Z_1429430/runs/elasticsearch/chiplet_x7/inst68/run.stdout.log	/home/seunghyun/ycsb/results/chiplet_ycsb_256mib_madracks-mnode5_20260314T060453Z_1429430/runs/elasticsearch/chiplet_x7
2026-03-14T07:22:00Z	madracks-mnode5	amd	elasticsearch	embedded	NO_RETIRED_INST_CYCLES	user	chiplet_x7	84	68	68	CLEANUP	1	50768.0	50752.0	50783.0	50783.0	50783.0	50783.0	50783.0	50783.0	ok	/home/seunghyun/ycsb/results/chiplet_ycsb_256mib_madracks-mnode5_20260314T060453Z_1429430/runs/elasticsearch/chiplet_x7/inst68/run.stdout.log	/home/seunghyun/ycsb/results/chiplet_ycsb_256mib_madracks-mnode5_20260314T060453Z_1429430/runs/elasticsearch/chiplet_x7
2026-03-14T07:22:00Z	madracks-mnode5	amd	elasticsearch	embedded	NO_RETIRED_INST_CYCLES	user	chiplet_x7	84	69	69	READ	10000	271.3364	44.0	31167.0	98.0	409.0	5379.0	7375.0	11815.0	ok	/home/seunghyun/ycsb/results/chiplet_ycsb_256mib_madracks-mnode5_20260314T060453Z_1429430/runs/elasticsearch/chiplet_x7/inst69/run.stdout.log	/home/seunghyun/ycsb/results/chiplet_ycsb_256mib_madracks-mnode5_20260314T060453Z_1429430/runs/elasticsearch/chiplet_x7
2026-03-14T07:22:00Z	madracks-mnode5	amd	elasticsearch	embedded	NO_RETIRED_INST_CYCLES	user	chiplet_x7	84	69	69	CLEANUP	1	52560.0	52544.0	52575.0	52575.0	52575.0	52575.0	52575.0	52575.0	ok	/home/seunghyun/ycsb/results/chiplet_ycsb_256mib_madracks-mnode5_20260314T060453Z_1429430/runs/elasticsearch/chiplet_x7/inst69/run.stdout.log	/home/seunghyun/ycsb/results/chiplet_ycsb_256mib_madracks-mnode5_20260314T060453Z_1429430/runs/elasticsearch/chiplet_x7
2026-03-14T07:22:00Z	madracks-mnode5	amd	elasticsearch	embedded	NO_RETIRED_INST_CYCLES	user	chiplet_x7	84	70	70	READ	10000	294.257	43.0	32527.0	112.0	497.0	5591.0	7931.0	9663.0	ok	/home/seunghyun/ycsb/results/chiplet_ycsb_256mib_madracks-mnode5_20260314T060453Z_1429430/runs/elasticsearch/chiplet_x7/inst70/run.stdout.log	/home/seunghyun/ycsb/results/chiplet_ycsb_256mib_madracks-mnode5_20260314T060453Z_1429430/runs/elasticsearch/chiplet_x7
2026-03-14T07:22:00Z	madracks-mnode5	amd	elasticsearch	embedded	NO_RETIRED_INST_CYCLES	user	chiplet_x7	84	70	70	CLEANUP	1	66208.0	66176.0	66239.0	66239.0	66239.0	66239.0	66239.0	66239.0	ok	/home/seunghyun/ycsb/results/chiplet_ycsb_256mib_madracks-mnode5_20260314T060453Z_1429430/runs/elasticsearch/chiplet_x7/inst70/run.stdout.log	/home/seunghyun/ycsb/results/chiplet_ycsb_256mib_madracks-mnode5_20260314T060453Z_1429430/runs/elasticsearch/chiplet_x7
2026-03-14T07:22:00Z	madracks-mnode5	amd	elasticsearch	embedded	NO_RETIRED_INST_CYCLES	user	chiplet_x7	84	71	71	READ	10000	298.7452	43.0	22351.0	116.0	592.0	5639.0	7771.0	10263.0	ok	/home/seunghyun/ycsb/results/chiplet_ycsb_256mib_madracks-mnode5_20260314T060453Z_1429430/runs/elasticsearch/chiplet_x7/inst71/run.stdout.log	/home/seunghyun/ycsb/results/chiplet_ycsb_256mib_madracks-mnode5_20260314T060453Z_1429430/runs/elasticsearch/chiplet_x7
2026-03-14T07:22:00Z	madracks-mnode5	amd	elasticsearch	embedded	NO_RETIRED_INST_CYCLES	user	chiplet_x7	84	71	71	CLEANUP	1	57744.0	57728.0	57759.0	57759.0	57759.0	57759.0	57759.0	57759.0	ok	/home/seunghyun/ycsb/results/chiplet_ycsb_256mib_madracks-mnode5_20260314T060453Z_1429430/runs/elasticsearch/chiplet_x7/inst71/run.stdout.log	/home/seunghyun/ycsb/results/chiplet_ycsb_256mib_madracks-mnode5_20260314T060453Z_1429430/runs/elasticsearch/chiplet_x7
2026-03-14T07:22:00Z	madracks-mnode5	amd	elasticsearch	embedded	NO_RETIRED_INST_CYCLES	user	chiplet_x7	84	72	72	READ	10000	278.4565	41.0	23743.0	108.0	462.0	5367.0	8519.0	10207.0	ok	/home/seunghyun/ycsb/results/chiplet_ycsb_256mib_madracks-mnode5_20260314T060453Z_1429430/runs/elasticsearch/chiplet_x7/inst72/run.stdout.log	/home/seunghyun/ycsb/results/chiplet_ycsb_256mib_madracks-mnode5_20260314T060453Z_1429430/runs/elasticsearch/chiplet_x7
2026-03-14T07:22:00Z	madracks-mnode5	amd	elasticsearch	embedded	NO_RETIRED_INST_CYCLES	user	chiplet_x7	84	72	72	CLEANUP	1	47184.0	47168.0	47199.0	47199.0	47199.0	47199.0	47199.0	47199.0	ok	/home/seunghyun/ycsb/results/chiplet_ycsb_256mib_madracks-mnode5_20260314T060453Z_1429430/runs/elasticsearch/chiplet_x7/inst72/run.stdout.log	/home/seunghyun/ycsb/results/chiplet_ycsb_256mib_madracks-mnode5_20260314T060453Z_1429430/runs/elasticsearch/chiplet_x7
2026-03-14T07:22:00Z	madracks-mnode5	amd	elasticsearch	embedded	NO_RETIRED_INST_CYCLES	user	chiplet_x7	84	73	73	READ	10000	268.9412	34.0	21279.0	101.0	434.0	5459.0	8999.0	14303.0	ok	/home/seunghyun/ycsb/results/chiplet_ycsb_256mib_madracks-mnode5_20260314T060453Z_1429430/runs/elasticsearch/chiplet_x7/inst73/run.stdout.log	/home/seunghyun/ycsb/results/chiplet_ycsb_256mib_madracks-mnode5_20260314T060453Z_1429430/runs/elasticsearch/chiplet_x7
2026-03-14T07:22:00Z	madracks-mnode5	amd	elasticsearch	embedded	NO_RETIRED_INST_CYCLES	user	chiplet_x7	84	73	73	CLEANUP	1	55184.0	55168.0	55199.0	55199.0	55199.0	55199.0	55199.0	55199.0	ok	/home/seunghyun/ycsb/results/chiplet_ycsb_256mib_madracks-mnode5_20260314T060453Z_1429430/runs/elasticsearch/chiplet_x7/inst73/run.stdout.log	/home/seunghyun/ycsb/results/chiplet_ycsb_256mib_madracks-mnode5_20260314T060453Z_1429430/runs/elasticsearch/chiplet_x7
2026-03-14T07:22:00Z	madracks-mnode5	amd	elasticsearch	embedded	NO_RETIRED_INST_CYCLES	user	chiplet_x7	84	74	74	READ	10000	285.6156	41.0	24591.0	104.0	498.0	5519.0	8591.0	15847.0	ok	/home/seunghyun/ycsb/results/chiplet_ycsb_256mib_madracks-mnode5_20260314T060453Z_1429430/runs/elasticsearch/chiplet_x7/inst74/run.stdout.log	/home/seunghyun/ycsb/results/chiplet_ycsb_256mib_madracks-mnode5_20260314T060453Z_1429430/runs/elasticsearch/chiplet_x7
2026-03-14T07:22:00Z	madracks-mnode5	amd	elasticsearch	embedded	NO_RETIRED_INST_CYCLES	user	chiplet_x7	84	74	74	CLEANUP	1	58288.0	58272.0	58303.0	58303.0	58303.0	58303.0	58303.0	58303.0	ok	/home/seunghyun/ycsb/results/chiplet_ycsb_256mib_madracks-mnode5_20260314T060453Z_1429430/runs/elasticsearch/chiplet_x7/inst74/run.stdout.log	/home/seunghyun/ycsb/results/chiplet_ycsb_256mib_madracks-mnode5_20260314T060453Z_1429430/runs/elasticsearch/chiplet_x7
2026-03-14T07:22:00Z	madracks-mnode5	amd	elasticsearch	embedded	NO_RETIRED_INST_CYCLES	user	chiplet_x7	84	75	75	READ	10000	272.2507	41.0	20943.0	103.0	393.0	5443.0	8655.0	10815.0	ok	/home/seunghyun/ycsb/results/chiplet_ycsb_256mib_madracks-mnode5_20260314T060453Z_1429430/runs/elasticsearch/chiplet_x7/inst75/run.stdout.log	/home/seunghyun/ycsb/results/chiplet_ycsb_256mib_madracks-mnode5_20260314T060453Z_1429430/runs/elasticsearch/chiplet_x7
2026-03-14T07:22:00Z	madracks-mnode5	amd	elasticsearch	embedded	NO_RETIRED_INST_CYCLES	user	chiplet_x7	84	75	75	CLEANUP	1	56496.0	56480.0	56511.0	56511.0	56511.0	56511.0	56511.0	56511.0	ok	/home/seunghyun/ycsb/results/chiplet_ycsb_256mib_madracks-mnode5_20260314T060453Z_1429430/runs/elasticsearch/chiplet_x7/inst75/run.stdout.log	/home/seunghyun/ycsb/results/chiplet_ycsb_256mib_madracks-mnode5_20260314T060453Z_1429430/runs/elasticsearch/chiplet_x7
2026-03-14T07:22:00Z	madracks-mnode5	amd	elasticsearch	embedded	NO_RETIRED_INST_CYCLES	user	chiplet_x7	84	76	76	READ	10000	291.5817	43.0	21439.0	110.0	497.0	5603.0	8575.0	10487.0	ok	/home/seunghyun/ycsb/results/chiplet_ycsb_256mib_madracks-mnode5_20260314T060453Z_1429430/runs/elasticsearch/chiplet_x7/inst76/run.stdout.log	/home/seunghyun/ycsb/results/chiplet_ycsb_256mib_madracks-mnode5_20260314T060453Z_1429430/runs/elasticsearch/chiplet_x7
2026-03-14T07:22:00Z	madracks-mnode5	amd	elasticsearch	embedded	NO_RETIRED_INST_CYCLES	user	chiplet_x7	84	76	76	CLEANUP	1	59856.0	59840.0	59871.0	59871.0	59871.0	59871.0	59871.0	59871.0	ok	/home/seunghyun/ycsb/results/chiplet_ycsb_256mib_madracks-mnode5_20260314T060453Z_1429430/runs/elasticsearch/chiplet_x7/inst76/run.stdout.log	/home/seunghyun/ycsb/results/chiplet_ycsb_256mib_madracks-mnode5_20260314T060453Z_1429430/runs/elasticsearch/chiplet_x7
2026-03-14T07:22:00Z	madracks-mnode5	amd	elasticsearch	embedded	NO_RETIRED_INST_CYCLES	user	chiplet_x7	84	77	77	READ	10000	264.8534	42.0	33311.0	97.0	372.0	5323.0	9263.0	12287.0	ok	/home/seunghyun/ycsb/results/chiplet_ycsb_256mib_madracks-mnode5_20260314T060453Z_1429430/runs/elasticsearch/chiplet_x7/inst77/run.stdout.log	/home/seunghyun/ycsb/results/chiplet_ycsb_256mib_madracks-mnode5_20260314T060453Z_1429430/runs/elasticsearch/chiplet_x7
2026-03-14T07:22:00Z	madracks-mnode5	amd	elasticsearch	embedded	NO_RETIRED_INST_CYCLES	user	chiplet_x7	84	77	77	CLEANUP	1	51984.0	51968.0	51999.0	51999.0	51999.0	51999.0	51999.0	51999.0	ok	/home/seunghyun/ycsb/results/chiplet_ycsb_256mib_madracks-mnode5_20260314T060453Z_1429430/runs/elasticsearch/chiplet_x7/inst77/run.stdout.log	/home/seunghyun/ycsb/results/chiplet_ycsb_256mib_madracks-mnode5_20260314T060453Z_1429430/runs/elasticsearch/chiplet_x7
2026-03-14T07:22:00Z	madracks-mnode5	amd	elasticsearch	embedded	NO_RETIRED_INST_CYCLES	user	chiplet_x7	84	78	78	READ	10000	274.3473	44.0	33567.0	107.0	459.0	5383.0	7975.0	9959.0	ok	/home/seunghyun/ycsb/results/chiplet_ycsb_256mib_madracks-mnode5_20260314T060453Z_1429430/runs/elasticsearch/chiplet_x7/inst78/run.stdout.log	/home/seunghyun/ycsb/results/chiplet_ycsb_256mib_madracks-mnode5_20260314T060453Z_1429430/runs/elasticsearch/chiplet_x7
2026-03-14T07:22:00Z	madracks-mnode5	amd	elasticsearch	embedded	NO_RETIRED_INST_CYCLES	user	chiplet_x7	84	78	78	CLEANUP	1	57712.0	57696.0	57727.0	57727.0	57727.0	57727.0	57727.0	57727.0	ok	/home/seunghyun/ycsb/results/chiplet_ycsb_256mib_madracks-mnode5_20260314T060453Z_1429430/runs/elasticsearch/chiplet_x7/inst78/run.stdout.log	/home/seunghyun/ycsb/results/chiplet_ycsb_256mib_madracks-mnode5_20260314T060453Z_1429430/runs/elasticsearch/chiplet_x7
2026-03-14T07:22:00Z	madracks-mnode5	amd	elasticsearch	embedded	NO_RETIRED_INST_CYCLES	user	chiplet_x7	84	79	79	READ	10000	268.0938	42.0	21935.0	107.0	429.0	5391.0	8367.0	10999.0	ok	/home/seunghyun/ycsb/results/chiplet_ycsb_256mib_madracks-mnode5_20260314T060453Z_1429430/runs/elasticsearch/chiplet_x7/inst79/run.stdout.log	/home/seunghyun/ycsb/results/chiplet_ycsb_256mib_madracks-mnode5_20260314T060453Z_1429430/runs/elasticsearch/chiplet_x7
2026-03-14T07:22:00Z	madracks-mnode5	amd	elasticsearch	embedded	NO_RETIRED_INST_CYCLES	user	chiplet_x7	84	79	79	CLEANUP	1	50320.0	50304.0	50335.0	50335.0	50335.0	50335.0	50335.0	50335.0	ok	/home/seunghyun/ycsb/results/chiplet_ycsb_256mib_madracks-mnode5_20260314T060453Z_1429430/runs/elasticsearch/chiplet_x7/inst79/run.stdout.log	/home/seunghyun/ycsb/results/chiplet_ycsb_256mib_madracks-mnode5_20260314T060453Z_1429430/runs/elasticsearch/chiplet_x7
2026-03-14T07:22:00Z	madracks-mnode5	amd	elasticsearch	embedded	NO_RETIRED_INST_CYCLES	user	chiplet_x7	84	80	80	READ	10000	288.3291	44.0	27647.0	103.0	467.0	5523.0	8375.0	11111.0	ok	/home/seunghyun/ycsb/results/chiplet_ycsb_256mib_madracks-mnode5_20260314T060453Z_1429430/runs/elasticsearch/chiplet_x7/inst80/run.stdout.log	/home/seunghyun/ycsb/results/chiplet_ycsb_256mib_madracks-mnode5_20260314T060453Z_1429430/runs/elasticsearch/chiplet_x7
2026-03-14T07:22:00Z	madracks-mnode5	amd	elasticsearch	embedded	NO_RETIRED_INST_CYCLES	user	chiplet_x7	84	80	80	CLEANUP	1	54672.0	54656.0	54687.0	54687.0	54687.0	54687.0	54687.0	54687.0	ok	/home/seunghyun/ycsb/results/chiplet_ycsb_256mib_madracks-mnode5_20260314T060453Z_1429430/runs/elasticsearch/chiplet_x7/inst80/run.stdout.log	/home/seunghyun/ycsb/results/chiplet_ycsb_256mib_madracks-mnode5_20260314T060453Z_1429430/runs/elasticsearch/chiplet_x7
2026-03-14T07:22:00Z	madracks-mnode5	amd	elasticsearch	embedded	NO_RETIRED_INST_CYCLES	user	chiplet_x7	84	81	81	READ	10000	285.9822	42.0	27343.0	110.0	500.0	5463.0	8047.0	10863.0	ok	/home/seunghyun/ycsb/results/chiplet_ycsb_256mib_madracks-mnode5_20260314T060453Z_1429430/runs/elasticsearch/chiplet_x7/inst81/run.stdout.log	/home/seunghyun/ycsb/results/chiplet_ycsb_256mib_madracks-mnode5_20260314T060453Z_1429430/runs/elasticsearch/chiplet_x7
2026-03-14T07:22:00Z	madracks-mnode5	amd	elasticsearch	embedded	NO_RETIRED_INST_CYCLES	user	chiplet_x7	84	81	81	CLEANUP	1	64496.0	64480.0	64511.0	64511.0	64511.0	64511.0	64511.0	64511.0	ok	/home/seunghyun/ycsb/results/chiplet_ycsb_256mib_madracks-mnode5_20260314T060453Z_1429430/runs/elasticsearch/chiplet_x7/inst81/run.stdout.log	/home/seunghyun/ycsb/results/chiplet_ycsb_256mib_madracks-mnode5_20260314T060453Z_1429430/runs/elasticsearch/chiplet_x7
2026-03-14T07:22:00Z	madracks-mnode5	amd	elasticsearch	embedded	NO_RETIRED_INST_CYCLES	user	chiplet_x7	84	82	82	READ	10000	264.5508	36.0	24207.0	94.0	428.0	5363.0	7859.0	9583.0	ok	/home/seunghyun/ycsb/results/chiplet_ycsb_256mib_madracks-mnode5_20260314T060453Z_1429430/runs/elasticsearch/chiplet_x7/inst82/run.stdout.log	/home/seunghyun/ycsb/results/chiplet_ycsb_256mib_madracks-mnode5_20260314T060453Z_1429430/runs/elasticsearch/chiplet_x7
2026-03-14T07:22:00Z	madracks-mnode5	amd	elasticsearch	embedded	NO_RETIRED_INST_CYCLES	user	chiplet_x7	84	82	82	CLEANUP	1	55248.0	55232.0	55263.0	55263.0	55263.0	55263.0	55263.0	55263.0	ok	/home/seunghyun/ycsb/results/chiplet_ycsb_256mib_madracks-mnode5_20260314T060453Z_1429430/runs/elasticsearch/chiplet_x7/inst82/run.stdout.log	/home/seunghyun/ycsb/results/chiplet_ycsb_256mib_madracks-mnode5_20260314T060453Z_1429430/runs/elasticsearch/chiplet_x7
2026-03-14T07:22:00Z	madracks-mnode5	amd	elasticsearch	embedded	NO_RETIRED_INST_CYCLES	user	chiplet_x7	84	83	83	READ	10000	268.2874	42.0	20415.0	98.0	454.0	5143.0	7479.0	10215.0	ok	/home/seunghyun/ycsb/results/chiplet_ycsb_256mib_madracks-mnode5_20260314T060453Z_1429430/runs/elasticsearch/chiplet_x7/inst83/run.stdout.log	/home/seunghyun/ycsb/results/chiplet_ycsb_256mib_madracks-mnode5_20260314T060453Z_1429430/runs/elasticsearch/chiplet_x7
2026-03-14T07:22:00Z	madracks-mnode5	amd	elasticsearch	embedded	NO_RETIRED_INST_CYCLES	user	chiplet_x7	84	83	83	CLEANUP	1	49776.0	49760.0	49791.0	49791.0	49791.0	49791.0	49791.0	49791.0	ok	/home/seunghyun/ycsb/results/chiplet_ycsb_256mib_madracks-mnode5_20260314T060453Z_1429430/runs/elasticsearch/chiplet_x7/inst83/run.stdout.log	/home/seunghyun/ycsb/results/chiplet_ycsb_256mib_madracks-mnode5_20260314T060453Z_1429430/runs/elasticsearch/chiplet_x7
